S02B00002E2E2F2E2E2F737265632F6C656F6E332F73706172726F775F636865636B5F6C656F6E332E737061B5
S31540000000881000000910000581C1229C01000000F3
S3154000001091D0200001000000010000000100000016
S3154000002091D0200001000000010000000100000006
S3154000003091D02000010000000100000001000000F6
S3154000004091D02000010000000100000001000000E6
S31540000050A14800002910000581C5232C010000009D
S31540000060A14800002910000581C5237C010000003D
S3154000007091D02000010000000100000001000000B6
S3154000008091D02000010000000100000001000000A6
S3154000009091D0200001000000010000000100000096
S315400000A091D0200001000000010000000100000086
S315400000B091D0200001000000010000000100000076
S315400000C091D0200001000000010000000100000066
S315400000D091D0200001000000010000000100000056
S315400000E091D0200001000000010000000100000046
S315400000F091D0200001000000010000000100000036
S3154000010091D0200001000000010000000100000025
S31540000110A14800002910000581C523E0A610200152
S31540000120A14800002910000581C523E0A610200241
S31540000130A14800002910000581C523E0A610200330
S31540000140A14800002910000581C523E0A61020041F
S31540000150A14800002910000581C523E0A61020050E
S31540000160A14800002910000581C523E0A6102006FD
S31540000170A14800002910000581C523E0A6102007EC
S31540000180A14800002910000581C523E0A6102008DB
S31540000190A14800002910000581C523E0A6102009CA
S315400001A0A14800002910000581C523E0A610200AB9
S315400001B0A14800002910000581C523E0A610200BA8
S315400001C0A14800002910000581C523E0A610200C97
S315400001D0A14800002910000581C523E0A610200D86
S315400001E0A14800002910000581C523E0A610200E75
S315400001F0A14800002910000581C523E0A610200F64
S3154000020091D0200001000000010000000100000024
S3154000021091D0200001000000010000000100000014
S3154000022091D0200001000000010000000100000004
S3154000023091D02000010000000100000001000000F4
S3154000024091D02000010000000100000001000000E4
S3154000025091D02000010000000100000001000000D4
S3154000026091D02000010000000100000001000000C4
S3154000027091D02000010000000100000001000000B4
S3154000028091D02000010000000100000001000000A4
S3154000029091D0200001000000010000000100000094
S315400002A091D0200001000000010000000100000084
S315400002B091D0200001000000010000000100000074
S315400002C091D0200001000000010000000100000064
S315400002D091D0200001000000010000000100000054
S315400002E091D0200001000000010000000100000044
S315400002F091D0200001000000010000000100000034
S3154000030091D0200001000000010000000100000023
S3154000031091D0200001000000010000000100000013
S3154000032091D0200001000000010000000100000003
S3154000033091D02000010000000100000001000000F3
S3154000034091D02000010000000100000001000000E3
S3154000035091D02000010000000100000001000000D3
S3154000036091D02000010000000100000001000000C3
S3154000037091D02000010000000100000001000000B3
S3154000038091D02000010000000100000001000000A3
S3154000039091D0200001000000010000000100000093
S315400003A091D0200001000000010000000100000083
S315400003B091D0200001000000010000000100000073
S315400003C091D0200001000000010000000100000063
S315400003D091D0200001000000010000000100000053
S315400003E091D0200001000000010000000100000043
S315400003F091D0200001000000010000000100000033
S3154000040091D0200001000000010000000100000022
S3154000041091D0200001000000010000000100000012
S3154000042091D0200001000000010000000100000002
S3154000043091D02000010000000100000001000000F2
S3154000044091D02000010000000100000001000000E2
S3154000045091D02000010000000100000001000000D2
S3154000046091D02000010000000100000001000000C2
S3154000047091D02000010000000100000001000000B2
S3154000048091D02000010000000100000001000000A2
S3154000049091D0200001000000010000000100000092
S315400004A091D0200001000000010000000100000082
S315400004B091D0200001000000010000000100000072
S315400004C091D0200001000000010000000100000062
S315400004D091D0200001000000010000000100000052
S315400004E091D0200001000000010000000100000042
S315400004F091D0200001000000010000000100000032
S3154000050091D0200001000000010000000100000021
S3154000051091D0200001000000010000000100000011
S3154000052091D0200001000000010000000100000001
S3154000053091D02000010000000100000001000000F1
S3154000054091D02000010000000100000001000000E1
S3154000055091D02000010000000100000001000000D1
S3154000056091D02000010000000100000001000000C1
S3154000057091D02000010000000100000001000000B1
S3154000058091D02000010000000100000001000000A1
S3154000059091D0200001000000010000000100000091
S315400005A091D0200001000000010000000100000081
S315400005B091D0200001000000010000000100000071
S315400005C091D0200001000000010000000100000061
S315400005D091D0200001000000010000000100000051
S315400005E091D0200001000000010000000100000041
S315400005F091D0200001000000010000000100000031
S3154000060091D0200001000000010000000100000020
S3154000061091D0200001000000010000000100000010
S3154000062091D0200001000000010000000100000000
S3154000063091D02000010000000100000001000000F0
S3154000064091D02000010000000100000001000000E0
S3154000065091D02000010000000100000001000000D0
S3154000066091D02000010000000100000001000000C0
S3154000067091D02000010000000100000001000000B0
S3154000068091D02000010000000100000001000000A0
S3154000069091D0200001000000010000000100000090
S315400006A091D0200001000000010000000100000080
S315400006B091D0200001000000010000000100000070
S315400006C091D0200001000000010000000100000060
S315400006D091D0200001000000010000000100000050
S315400006E091D0200001000000010000000100000040
S315400006F091D0200001000000010000000100000030
S3154000070091D020000100000001000000010000001F
S3154000071091D020000100000001000000010000000F
S3154000072091D02000010000000100000001000000FF
S3154000073091D02000010000000100000001000000EF
S3154000074091D02000010000000100000001000000DF
S3154000075091D02000010000000100000001000000CF
S3154000076091D02000010000000100000001000000BF
S3154000077091D02000010000000100000001000000AF
S3154000078091D020000100000001000000010000009F
S3154000079091D020000100000001000000010000008F
S315400007A091D020000100000001000000010000007F
S315400007B091D020000100000001000000010000006F
S315400007C091D020000100000001000000010000005F
S315400007D091D020000100000001000000010000004F
S315400007E091D020000100000001000000010000003F
S315400007F091D020000100000001000000010000002F
S3154000080091D020000100000001000000010000001E
S3154000081091D020000100000001000000010000000E
S3154000082091D02000010000000100000001000000FE
S31540000830A14800002910000681C5218C0100000056
S3154000084091D02000010000000100000001000000DE
S3154000085091D02000010000000100000001000000CE
S3154000086091D02000010000000100000001000000BE
S3154000087091D02000010000000100000001000000AE
S3154000088091D020000100000001000000010000009E
S31540000890A14800002910000681C52214010000006D
S315400008A091D020000100000001000000010000007E
S315400008B091D020000100000001000000010000006E
S315400008C091D020000100000001000000010000005E
S315400008D091D020000100000001000000010000004E
S315400008E091D020000100000001000000010000003E
S315400008F091D020000100000001000000010000002E
S3154000090091D020000100000001000000010000001D
S3154000091091D020000100000001000000010000000D
S3154000092091D02000010000000100000001000000FD
S3154000093091D02000010000000100000001000000ED
S3154000094091D02000010000000100000001000000DD
S3154000095091D02000010000000100000001000000CD
S3154000096091D02000010000000100000001000000BD
S3154000097091D02000010000000100000001000000AD
S3154000098091D020000100000001000000010000009D
S3154000099091D020000100000001000000010000008D
S315400009A091D020000100000001000000010000007D
S315400009B091D020000100000001000000010000006D
S315400009C091D020000100000001000000010000005D
S315400009D091D020000100000001000000010000004D
S315400009E091D020000100000001000000010000003D
S315400009F091D020000100000001000000010000002D
S31540000A0091D020000100000001000000010000001C
S31540000A1091D020000100000001000000010000000C
S31540000A2091D02000010000000100000001000000FC
S31540000A3091D02000010000000100000001000000EC
S31540000A4091D02000010000000100000001000000DC
S31540000A5091D02000010000000100000001000000CC
S31540000A6091D02000010000000100000001000000BC
S31540000A7091D02000010000000100000001000000AC
S31540000A8091D020000100000001000000010000009C
S31540000A9091D020000100000001000000010000008C
S31540000AA091D020000100000001000000010000007C
S31540000AB091D020000100000001000000010000006C
S31540000AC091D020000100000001000000010000005C
S31540000AD091D020000100000001000000010000004C
S31540000AE091D020000100000001000000010000003C
S31540000AF091D020000100000001000000010000002C
S31540000B0091D020000100000001000000010000001B
S31540000B1091D020000100000001000000010000000B
S31540000B2091D02000010000000100000001000000FB
S31540000B3091D02000010000000100000001000000EB
S31540000B4091D02000010000000100000001000000DB
S31540000B5091D02000010000000100000001000000CB
S31540000B6091D02000010000000100000001000000BB
S31540000B7091D02000010000000100000001000000AB
S31540000B8091D020000100000001000000010000009B
S31540000B9091D020000100000001000000010000008B
S31540000BA091D020000100000001000000010000007B
S31540000BB091D020000100000001000000010000006B
S31540000BC091D020000100000001000000010000005B
S31540000BD091D020000100000001000000010000004B
S31540000BE091D020000100000001000000010000003B
S31540000BF091D020000100000001000000010000002B
S31540000C0091D020000100000001000000010000001A
S31540000C1091D020000100000001000000010000000A
S31540000C2091D02000010000000100000001000000FA
S31540000C3091D02000010000000100000001000000EA
S31540000C4091D02000010000000100000001000000DA
S31540000C5091D02000010000000100000001000000CA
S31540000C6091D02000010000000100000001000000BA
S31540000C7091D02000010000000100000001000000AA
S31540000C8091D020000100000001000000010000009A
S31540000C9091D020000100000001000000010000008A
S31540000CA091D020000100000001000000010000007A
S31540000CB091D020000100000001000000010000006A
S31540000CC091D020000100000001000000010000005A
S31540000CD091D020000100000001000000010000004A
S31540000CE091D020000100000001000000010000003A
S31540000CF091D020000100000001000000010000002A
S31540000D0091D0200001000000010000000100000019
S31540000D1091D0200001000000010000000100000009
S31540000D2091D02000010000000100000001000000F9
S31540000D3091D02000010000000100000001000000E9
S31540000D4091D02000010000000100000001000000D9
S31540000D5091D02000010000000100000001000000C9
S31540000D6091D02000010000000100000001000000B9
S31540000D7091D02000010000000100000001000000A9
S31540000D8091D0200001000000010000000100000099
S31540000D9091D0200001000000010000000100000089
S31540000DA091D0200001000000010000000100000079
S31540000DB091D0200001000000010000000100000069
S31540000DC091D0200001000000010000000100000059
S31540000DD091D0200001000000010000000100000049
S31540000DE091D0200001000000010000000100000039
S31540000DF091D0200001000000010000000100000029
S31540000E0091D0200001000000010000000100000018
S31540000E1091D0200001000000010000000100000008
S31540000E2091D02000010000000100000001000000F8
S31540000E3091D02000010000000100000001000000E8
S31540000E4091D02000010000000100000001000000D8
S31540000E5091D02000010000000100000001000000C8
S31540000E6091D02000010000000100000001000000B8
S31540000E7091D02000010000000100000001000000A8
S31540000E8091D0200001000000010000000100000098
S31540000E9091D0200001000000010000000100000088
S31540000EA091D0200001000000010000000100000078
S31540000EB091D0200001000000010000000100000068
S31540000EC091D0200001000000010000000100000058
S31540000ED091D0200001000000010000000100000048
S31540000EE091D0200001000000010000000100000038
S31540000EF091D0200001000000010000000100000028
S31540000F0091D0200001000000010000000100000017
S31540000F1091D0200001000000010000000100000007
S31540000F2091D02000010000000100000001000000F7
S31540000F3091D02000010000000100000001000000E7
S31540000F4091D02000010000000100000001000000D7
S31540000F5091D02000010000000100000001000000C7
S31540000F6091D02000010000000100000001000000B7
S31540000F7091D02000010000000100000001000000A7
S31540000F8091D0200001000000010000000100000097
S31540000F9091D0200001000000010000000100000087
S31540000FA091D0200001000000010000000100000077
S31540000FB091D0200001000000010000000100000067
S31540000FC091D0200001000000010000000100000057
S31540000FD091D0200001000000010000000100000047
S31540000FE091D0200001000000010000000100000037
S31540000FF091D0200001000000010000000100000027
S315400010004000029001000000A00BBFF09C2420602D
S31540001010BC100000BE10000019000000981320000C
S3154000102080A30000128000091110005B901220106E
S315400010301510005B9412A1D0962280089332E003EB
S31540001040400002A8010000002310005BE02460106D
S31540001050400002AF010000004000027A010000009B
S315400010604000027A010000004000033E01000000FB
S315400010704000035001000000400002CE0100000085
S3154000108011100054901220204000054D0100000030
S3154000109040004FDC010000004000026A01000000F1
S315400010A02110005BD00420D023100059D2046228BE
S315400010B04000013494100000400005480100000043
S315400010C08210200291D020019DE3BFA01110005B49
S315400010D00310005B901220108210601080A0400820
S315400010E002800008030000008210600080A06000BB
S315400010F002800004010000009FC040000100000083
S3154000110081C7E00881E800009DE3BFA00310005BB3
S315400011101110005B9210601090122010922240082D
S31540001120833A60029332601F92024001933A600113
S3154000113080A2600002800008030000008210600068
S3154000114080A0600002800004010000009FC04000B3
S315400011500100000081C7E00881E800009DE3BFA0D0
S315400011603510005BC20EA01480A0600012800025DE
S3154000117003100053821063F43B10005B3910005398
S3154000118005100053B81723F8B610A3F4B82700018A
S31540001190C2076018B93F2002B8073FFF80A0401C35
S315400011A01A80000C82006001BA1760188528600218
S315400011B0C2274000C206C0029FC040000100000096
S315400011C0C207400080A0401C0ABFFFF982006001B0
S315400011D07FFFFFBE01000000030000008210600098
S315400011E080A060000280000682102001111000538A
S315400011F06FFFFB849012238082102001C22EA01420
S3154000120081C7E00881E800009DE3BFA081C7E008F0
S3154000121081E800009DE3BFA003000000821060004B
S3154000122080A06000028000061310005B111000537E
S315400012309212601C6FFFFB73901223807FFFFFB3F7
S3154000124081E800009DE3BFA081C7E00881E8000077
S315400012508048000081C3E00801000000924A440033
S3154000126081C3E008D2228000924A460081C3E0084A
S31540001270D2228000924A540081C3E008D2228000E4
S31540001280924A560081C3E008D2228000924A480022
S3154000129081C3E008D2228000924A4A0081C3E00816
S315400012A0D2228000924A4C0081C3E008D2228000BC
S315400012B0924A4E0081C3E008D2228000924A5800EA
S315400012C081C3E008D2228000924A5C0081C3E008D4
S315400012D0D2228000924A002981C3E008D2228000AF
S315400012E0924A004981C3E008D2228000924A0069AE
S315400012F081C3E008D2228000924A08A981C3E0084F
S31540001300D2228000924A0CC981C3E008D2228000D2
S31540001310924A102981C3E008D2228000924A10499D
S3154000132081C3E008D2228000924A106981C3E00856
S31540001330D2228000924A008981C3E008D2228000EE
S31540001340924A108981C3E008D2228000924A00E97D
S3154000135081C3E008D2228000924A010981C3E00895
S31540001360D2228000924A012981C3E008D22280001D
S31540001370924A014981C3E008D2228000924A01691B
S3154000138081C3E008D2228000924A116981C3E008F5
S31540001390D2228000924A01E981C3E008D22280002D
S315400013A0924A022981C3E008D2228000924A024929
S315400013B081C3E008D2228000924A026981C3E008D4
S315400013C0D2228000924A0AA981C3E008D222800034
S315400013D0924A0EC981C3E008D2228000924A12295D
S315400013E081C3E008D2228000924A124981C3E008B4
S315400013F0D2228000924A126981C3E008D22280003C
S31540001400924A028981C3E008D2228000924A128918
S3154000141081C3E008D2228000924A02E981C3E008F3
S31540001420D2228000924A030981C3E008D22280007A
S31540001430924A032981C3E008D2228000924A034996
S3154000144081C3E008D2228000924A03E981C3E008C2
S31540001450D2228000924A046981C3E008D2228000E9
S31540001460924A066981C3E008D2228000924A056901
S3154000147081C3E008D22280009DE3BF98C6062010B3
S31540001480C406200C80A0C00232800004C623A0609F
S3154000149081C7E00891E80019C423A05C960620188D
S315400014A0DA062008D8062004D4060000905E61F4CF
S315400014B0131000549006800892126040400005A820
S315400014C0B206600181C7E00891E80019033FFFD9E1
S315400014D0821063189DE38001033FFFD93B100055FE
S315400014E0B6106378BA176364821063A8B2076EA019
S315400014F0B8102000B607801BB40780014000002CBE
S315400015009010001D9210001D94102030400004429F
S315400015109010001B9210001C9410001A7FFFFFD7FA
S315400015209010001BBA07603080A6401D12BFFFF422
S31540001530B8100008921000089410204E1110005464
S31540001540400004BD9012208880A720000480000B34
S3154000155037100054BA102000B616E0C09210001A98
S31540001560400004B59010001BBA07600180A7401CDC
S3154000157012BFFFFBB406A1F481C7E00881E8000072
S315400015809DE3BFA01110005440000513901220C8DF
S315400015907FFFFFCFB0102000111000544000050E11
S315400015A09012210081C7E00881E800009DE3BFA0BA
S315400015B0F027A0440310005982106204C200400084
S315400015C08410600F0310005982106204C42040004A
S315400015D0C207A044C2086014832860188338601884
S315400015E082107FF0051000598410A204C4008000C8
S315400015F082084002841000010310005982106204E0
S31540001600C42040000310005982106204C20040000A
S31540001610841060100310005982106204C4204000F8
S31540001620C207A044C2086015832860188338601832
S315400016308328600482107FEF051000598410A204AD
S31540001640C400800082084002841000010310005943
S3154000165082106204C4204000C207A044C200602C2D
S31540001660C407A044C600A004C407A044C800A008FC
S31540001670C407A0448400A0109410000292100004F5
S31540001680901000039FC040000100000001000000D0
S3154000169081E8000081C3E00801000000400000E945
S315400016A00100000083480000833060188208600F04
S315400016B080A06003028000070100000080A0600552
S315400016C002800004010000001080000901000000B3
S315400016D0834440000500000882284002A3800001A0
S315400016E0010000000100000001000000031000009E
S315400016F08210600081980001819020028810000EBF
S315400017008348000086102F3F842840038188A0200C
S315400017100100000001000000010000009C100004D0
S315400017200310000481C060000100000081E0000059
S31540001730E03BA00021100059A014221CE43BA00865
S31540001740E2040000E83BA010A7500000EC3BA018C4
S31540001750A52CC011F03BA020A734E001F43BA02803
S315400017608194C012F83BA03001000000FC3BA03839
S3154000177081E8000081C4400081CC80002D100059D2
S31540001780AC15A21CEE058000A7500000A92CE00174
S31540001790AB34C01781950015010000000100000020
S315400017A00100000081E8000081E80000E01BA00085
S315400017B0E41BA008E81BA010EC1BA018F01BA020FF
S315400017C0F41BA028F81BA030FC1BA03881E00000C9
S315400017D081E0000081C4400081CC8000A625A01095
S315400017E0A8100002AA100003855000008730801020
S315400017F080A0E0011280001107100059C600E21CCB
S31540001800872880038530A0018410800381E0000092
S31540001810E03BA00081900002E43BA008E83BA0101A
S31540001820EC3BA018F03BA020F43BA028F83BA030AE
S31540001830FC3BA03881E800009C27A018C223A004E6
S31540001840E83BA00883400000C823A010C223A000A4
S3154000185029100059A8152208962C2F00D20D0013E6
S31540001860952A60089012C00AEA0D0000AC05600196
S31540001870EC2D00009C23A060818A202001000000FE
S315400018800100000001000000400000B89010001365
S3154000189080A2000002800010AC1000080310005B1C
S315400018A08210604C852A2002E600400280A4C000D7
S315400018B00280000992100016C804E00801000000EA
S315400018C0D004E00C9FC100000100000010BFFFF8EB
S315400018D0E604E000818800100100000001000000DD
S315400018E0010000009C03A060EA2D0000C203A00096
S315400018F081800001C803A010C41BA008C203A00435
S31540001900A9500000AC042001AC0DA01F2B100059BB
S31540001910EE05622080A5801736800002AC102000BC
S31540001920AB35001680A5600112800013010000004F
S31540001930AE25E001AB350017A92D20018195001594
S3154000194001000000010000000100000081E80000E5
S31540001950E01BA000E41BA008E81BA010EC1BA0188D
S31540001960F01BA020F41BA028F81BA030FC1BA038BD
S3154000197081E00000818800100100000001000000A5
S315400019800100000081C4400081CC80002910005B2A
S31540001990A8152038C43D0000E4252010E03D20086D
S315400019A081E8000007100059C600E21C8548000087
S315400019B08410AF008188A020010000008620E0014D
S315400019C08410000381E0000080A0C00012BFFFFE2B
S315400019D08620E00181E8000080A0800012BFFFFE63
S315400019E08420A00181E000002910005BA815203862
S315400019F0C41D0000E01D2008E40520108188001069
S31540001A0001000000010000000100000081C48000C8
S31540001A1081CCA004B12E2008AA2C2F00AA1540186C
S31540001A20818800150100000001000000010000004F
S31540001A30A60C2F00B134E00881C4800081CCA004FC
S31540001A4081C3E0080100000091480000933220184D
S31540001A50900A600F80A22003028000070100000068
S31540001A6080A2200502800004010000001280000AC6
S31540001A7001000000934440009332600095444000CA
S31540001A80173C0000940A800B9532A01C108000077A
S31540001A90010000009010200215200000D602A0246C
S31540001AA09332E01494102000920A601F980260015D
S31540001AB0171000599612E218D022E000D222E00414
S31540001AC0D822E008D422E00C81C3E00801000000DF
S31540001AD003100059D000622481C3E00801000000D1
S31540001AE0821000008810000080A1000902800006D4
S31540001AF08529200386020002C038C00010BFFFFBC4
S31540001B008801200181C3E008010000001B10005538
S31540001B10091000559A1363608811236080A340041E
S31540001B20028000100310005B8210601080A100014B
S31540001B301A80000C84007FFF8210200084208004DD
S31540001B408408BFFC8400A004C6034001C6210001EE
S31540001B508200600480A0400232BFFFFDC603400100
S31540001B6081C3E008010000000310005BC20060DC96
S31540001B7080A04008028000040310005981C3E00899
S31540001B80010000000510005BC2006224C400A0E012
S31540001B908200603083286002C20080018288601F14
S31540001BA002BFFFF70100000081C3E008901000016A
S31540001BB09DE3BF883B10005BC20760E080A06000E9
S31540001BC00280000E0510005BF000A0DC80A620001D
S31540001BD01280000801000000C200601083306010CF
S31540001BE08208600FC220A0DC81C7E00881E80000BF
S31540001BF081C7E00891E820008207BFF01B1000096A
S31540001C00C223A05C9A1361489810200496102004C1
S31540001C109410200D92102001113FFC004000023E1E
S31540001C20B010200180A2200002800029010000009F
S31540001C30C4022020033C00008088800112800026D8
S31540001C40031000590510005BC2022010D02760E047
S31540001C50833060108208600FC220A0DCC407BFF842
S31540001C6080A0A300088000320310005BC40223005A
S31540001C70C202220086380001C6222300C602220084
S31540001C8080A040031280003201000000823800022A
S31540001C90C2222300C602230080A0800302800004E3
S31540001CA082102000C4222300821020010510005B10
S31540001CB0C220A0D8C20221040510005B8330601BFD
S31540001CC0C220A0D481C7E00891E8200081C7E0087F
S31540001CD081E80000C200622485306003823800013A
S31540001CE08400A008872860028528A002840200029A
S31540001CF0C200A004833040038208600F8328600C32
S31540001D000510005B90020001C2022010D02760E05F
S31540001D10833060108208600FC220A0DCC407BFF881
S31540001D2080A0A30018BFFFD20310005BC02060D87C
S31540001D3080A0A10018BFFFE0821020000510005BC4
S31540001D40C220A0D481C7E00891E82000C222220028
S31540001D500510005B8210200010BFFFD7C220A0D81C
S31540001D609DE3BF983B10005BC20760E480A0600023
S31540001D701280000EB0102000C023A05C98102004F2
S31540001D80961020049410200C921020011B1000097C
S31540001D90113FFC00400001E09A13614880A0000812
S31540001DA0D02760E4B0603FFF81C7E00881E80000CB
S31540001DB09DE3BF883B10005BC20760EC80A06000DB
S31540001DC002800004B010200081C7E00881E80000CE
S31540001DD08207BFF01B100009C223A05C9A1361481A
S31540001DE0981020049610200494102011921020017F
S31540001DF0400001C9113FFC00D02760EC80A22000C2
S31540001E0002BFFFF2B0102001C40FBFF10310005B08
S31540001E10C42060E881C7E00891E8200080A2600005
S31540001E200280008080A2A000028000A8010000007D
S31540001E30C4024000D222A0348330A0058408A01FEB
S31540001E408608601F82086060C62A800082104002B1
S31540001E50C22AA001C202601080A060002280004C0D
S31540001E6082102000852860108608600F8408800153
S31540001E70093FFC0080A0E0030280008B84088004B8
S31540001E80833060048328601480A0000188602000AD
S31540001E9082290001C62AA00CC222A008C422A0049E
S31540001EA0C202601480A0600022800043821020009D
S31540001EB0852860108608600F84088001093FFC0071
S31540001EC080A0E0030280006F8408800483306004B1
S31540001ED08328601480A000018860200082290001C8
S31540001EE0C62AA018C222A014C422A010C20260189A
S31540001EF080A060002280003A821020008528601071
S31540001F008608600F84088001093FFC0080A0E0033A
S31540001F100280005384088004833060048328601460
S31540001F2080A000018860200082290001C62AA024E2
S31540001F30C222A020C422A01CC202601C80A0600055
S31540001F402280003182102000852860108608600FAC
S31540001F5084088001093FFC0080A0E0030280003332
S31540001F608408800483306004C422A0288328601437
S31540001F70C62AA03080A00001901020008860200072
S31540001F808229000181C3E008C222A02C84102000CF
S31540001F9086102000C222A008C62AA00CC422A00493
S31540001FA0C202601480A0600012BFFFC38528601083
S31540001FB0821020008410200086102000C222A01427
S31540001FC0C62AA018C422A010C202601880A06000D1
S31540001FD012BFFFCC8528601082102000841020009C
S31540001FE086102000C222A020C62AA024C422A01CFB
S31540001FF0C202601C80A0600012BFFFD58528601019
S31540002000821020008410200086102000C422A028C0
S31540002010C222A02CC62AA03081C3E008901020001E
S3154000202081C3E008901020018530A00C8238000161
S315400020308412000283286004090003FFC422A028FA
S3154000204088112300C62AA030820840049010200040
S31540002050821060FF81C3E008C222A02C8530A00C0C
S3154000206082380001090003FF832860048811230099
S31540002070841200028208400410BFFFAD821060FF48
S315400020808530A00C82380001090003FF83286004D4
S3154000209088112300841200028208400410BFFF9179
S315400020A0821060FF8530A00C82380001090003FFD2
S315400020B083286004881123008412000282084004A9
S315400020C010BFFF75821060FF81C3E00890102002A8
S315400020D09DE3BF50F627BFBCF027BFB8EC07A05C16
S315400020E0808EE00102800035EA07A06080A00019DA
S315400020F0A4603FFF80A0001A210003FCA6603FFFBA
S31540002100A016001080A00016AE100018A2042800E9
S3154000211010800006A8402000A004202080A40011C2
S3154000212002800027C207BFB8C2040000B130601861
S315400021308330600CB6086FFF8096001B22BFFFF805
S31540002140A004202080A4A00012800005821EC01A90
S3154000215080A6001932BFFFF2A004202080A0000113
S3154000216082603FFF8094C00102BFFFEC92100010D6
S315400021709407BFC880A5200002BFFFE89010001753
S315400021807FFFFF27010000009A1000159810001CE1
S31540002190961020019410001B921000189FC58000D5
S315400021A09007BFC880A2200002BFFFDDA004202008
S315400021B081C7E00891E80008C207BFB880A00019AF
S315400021C0210003FEA0104010C207BFBCA608600253
S315400021D082086004A4603FFFC227BFC480A00016E7
S315400021E08607200182402000EC27A05CA804280036
S315400021F0C227BFC0A2100015AC100003F6040000B1
S3154000220080A4E000B136E00CB736E0180280000A40
S31540002210AA0E2FFF8096C0152280006DA0042020B4
S3154000222080A4A0001280007080A6401B0280006F30
S3154000223080A0001A80A7001D1A800064821EE0015B
S3154000224080A00001B00E2FFB9E603FFFB01E204BCA
S3154000225080A00018841D602082603FFF80A000029D
S3154000226084603FFF8210400280A0600002800086AA
S31540002270B010000180A6E00132800055A004202065
S31540002280D004200880A2200012800072C207A05C01
S31540002290C207BFC480A060002280004DA004202059
S315400022A080A5600612800049808E20FF028000478C
S315400022B080A0001AC2042010AF286010370003FC2B
S315400022C0AE0DC001AA603FFF033FFC00AE0DC0014A
S315400022D0B615C01B10800006B006E080B606E008C2
S315400022E080A6001B2280003AA0042020C206C0001F
S315400022F0933060189530600C940AAFFF8092400A84
S3154000230022BFFFF8B606E00880A4A00012800005B0
S31540002310841E800A80A6400932BFFFF2B606E00856
S3154000232080A0000284603FFF8095400202BFFFEC20
S31540002330873060058408E01F8608E0608208601FD9
S315400023409A1000118210C00198100016C607BFC02F
S315400023509610200480A0E00002BFFFE19007BFC8AE
S31540002360C22FBFC9C42FBFC8C406E0048728A00433
S315400023708330A00C8410000382084003070003FF4B
S315400023808810E3008610E3FF840880048208400436
S315400023908418800382104017F627BFD4C227BFCCCB
S315400023A0C427BFD0C207A05C9FC040000100000008
S315400023B080A2200012BFFF7FB606E00880A6001B61
S315400023C032BFFFCCC206C000A004202080A4001467
S315400023D032BFFF8CF60400009010200081C7E00851
S315400023E091E8000880A0001A821E801584603FFF95
S315400023F080A0000182603FFF8090800102BFFF8E77
S31540002400C207BFC080A0600002BFFF8C80A7001D2E
S31540002410921000109407BFC87FFFFE81D007BFB857
S315400024209A1000119810001C961020029410001566
S315400024309210001BC207A05C9FC040009007BFC817
S3154000244080A2200002BFFF7D80A7001D30BFFF593C
S31540002450E223A060C223A05C9A10001D98100016CB
S31540002460D607BFBC9410001A7FFFFF1A92100019BE
S3154000247080A2200002BFFF88C207BFC481C7E00810
S3154000248091E8000810BFFF83B010000F80A26000E3
S315400024900280001C80A2A0000280001D030003FFF2
S315400024A0C802400087312005981063008408E01F69
S315400024B09A09201FC42A8000881063FF8608E060BE
S315400024C08610C00DC62AA001C2026004D222A00C0A
S315400024D08530600C9B286004861020008408800D9F
S315400024E0820B400C8408800C8218400484108008BB
S315400024F0C222A008C422A00481C3E00890100003B1
S315400025008610200181C3E0089010000310BFFFFB36
S31540002510861020029DE3BF98C207A05CFA23A05C08
S31540002520C223A0609A10001C981020009610001B31
S315400025309410001A921000197FFFFEE690100018C2
S3154000254081C7E00891E800089DE3BFA080A760002E
S315400025500280000780A6E00402800008B606FFFF5E
S3154000256080A6E0010880001092100018F0062004B2
S3154000257081C7E00881E80000C2060000C22740008B
S31540002580C2062004C2276004C2062008C22760088B
S31540002590C206200CF0062004C227600C81C7E00862
S315400025A081E80000941020384000001B9010001D68
S315400025B0F006200481C7E00881E800009210000878
S315400025C09610200094102000901020008213C00026
S315400025D0400018B09E1040009DE3BFA0921020001E
S315400025E0400019029010001803100054D0006110EA
S315400025F0C202202880A06000028000040100000082
S315400026009FC0400001000000400040D590100018D7
S31540002610010000009DE3BFA080A6A00F0880003205
S315400026208210001882164018808860031280005974
S31540002630B806BFFF9E06BFF0841000199E0BFFF040
S31540002640821000189E03E010B606000F820060104C
S31540002650F800A004C800A008C600A00CFA0080003C
S31540002660F8207FF4FA207FF0C8207FF8C6207FFC50
S3154000267080A6C00112BFFFF68400A010B206400F2C
S31540002680808EA00C02800045860EA00FC406400036
S31540002690C42040008400FFFC80A0A00308800008FE
S315400026A08600FFF8C806600480A0E00308800004A6
S315400026B0C8206004C6066008C6206008B40EA003A1
S315400026C08408BFFCB806BFFF8400A00480A6A00013
S315400026D08200400212800007B206400281C7E0082D
S315400026E081E8000080A6A00002BFFFFDB806BFFF3C
S315400026F0841640018088A0031280002A80A7200704
S3154000270008800022841020018088A0FF02800025D6
S3154000271086073FFDB60720018730E002841020007F
S315400027208600E00188102000FA064002FA204002A6
S315400027308801200180A0C00418BFFFFC8400A004CB
S315400027408728E002840040038806400380A6C00331
S3154000275002BFFFE3B8270003FA0E400380A720001C
S3154000276002BFFFDFFA284003C209200180A72001EB
S3154000277002BFFFDBC228A001C2092002C228A00274
S3154000278081C7E00881E8000010BFFFE08410200008
S3154000279010BFFFD88210001810BFFFD3B41000033B
S315400027A084102000C60E4002C628400280A70002C0
S315400027B012BFFFFD8400A00181C7E00881E8000048
S315400027C09DE3BF98F427A04CF627A050F827A054C5
S315400027D080A6200002800006FA27A058C2062018CC
S315400027E080A060000280000A010000009607A04C0D
S315400027F0D206200894100019D627BFFC40000C8F43
S315400028009010001881C7E00891E800084000212692
S31540002810901000189607A04CD20620089410001974
S31540002820D627BFFC40000C859010001881C7E008F1
S3154000283091E800089DE3BF90F227A048F427A04CFA
S31540002840F627A050F827A054FA27A058031000599D
S31540002850D000622C80A22000028000069607A04885
S31540002860C202201880A0600002800008010000001B
S3154000287094100018D627BFFC40000C70D2022008E6
S3154000288081C7E00891E8000840002107D027BFF43F
S31540002890D007BFF49607A04894100018D627BFFC6F
S315400028A040000C66D202200881C7E00891E8000883
S315400028B09DE3BF78400000C39010001903100054F8
S315400028C082106118C227BFF882102001C227BFFCC0
S315400028D08207BFF084022001C227BFE4F227BFF07F
S315400028E082102002D027BFF4C427BFEC80A6200068
S315400028F002800028C227BFE8C206201880A06000D8
S315400029000280002201000000D20620080310005475
S315400029108210621C80A240012280000BD206200455
S3154000292003100054821061FC80A2400102800028FE
S3154000293003100054821061DC80A240012280000214
S31540002940D206200CC212600C050000088088800167
S31540002950128000079407BFE482104002C6026060FE
S31540002960C232600C8228C002C2226060400021D67A
S315400029709010001880A00008B0602000B016200A11
S3154000298081C7E00881E80000400020C79010001889
S31540002990C206201880A0600012BFFFDDD2062008C4
S315400029A0D227BFDC400020C090100018D207BFDC01
S315400029B0031000548210621C80A2400112BFFFDA4D
S315400029C00310005410BFFFE0D206200410BFFFDE04
S315400029D0D20620089DE3BF780310005990100018D6
S315400029E040000078FA00622C0310005482106118EF
S315400029F0C227BFF882102001C227BFFC8207BFF062
S31540002A0084022001C227BFE4F027BFF082102002D3
S31540002A10D027BFF4C427BFEC80A7600002800028FF
S31540002A20C227BFE8C207601880A06000028000226B
S31540002A3001000000D2076008031000548210621C97
S31540002A4080A240012280000BD2076004031000548C
S31540002A50821061FC80A240010280002803100054CD
S31540002A60821061DC80A2400122800002D207600C05
S31540002A70C212600C050000088088800112800007A1
S31540002A809407BFE482104002C6026060C232600C06
S31540002A908228C002C22260604000218B9010001D37
S31540002AA080A00008B0602000B016200A81C7E00868
S31540002AB081E800004000207C9010001DC20760188D
S31540002AC080A0600012BFFFDDD2076008D227BFDCBE
S31540002AD0400020759010001DD207BFDC0310005443
S31540002AE08210621C80A2400112BFFFDA031000541C
S31540002AF010BFFFE0D207600410BFFFDED2076008B8
S31540002B009DE3BF38031FFFFF821063FFC227BFA4A8
S31540002B10C227BFB00300823F821063FF9607A050D2
S31540002B20C227BFA890100018F627A050F827A05437
S31540002B30FA27A058F227BF9CF227BFACD627BF98EA
S31540002B409410001A400000A59207BF9CC207BF9C84
S31540002B50C028400081C7E00891E800089DE3BF38DF
S31540002B60031FFFFF821063FFC227BFA4C227BFB067
S31540002B700300823F821063FFC227BFA8031000599B
S31540002B809607A04CF027BF9CF027BFACF427A04C7B
S31540002B90F627A050F827A054FA27A058D627BF9862
S31540002BA0941000199207BF9C4000008CD000622C04
S31540002BB0C207BF9CC028400081C7E00891E80008D2
S31540002BC0808A200312800007821000081080000BC4
S31540002BD0C40040008088600322800008C400400092
S31540002BE0C448400080A0A00032BFFFFB82006001C5
S31540002BF081C3E008902040081B3FBFBF092020202A
S31540002C009A1362FF881120808600800D8428C002B6
S31540002C108088800432800011C4484000C4006004AB
S31540002C208600800D8428C002808880041280000AB5
S31540002C3082006004C40060048600800D8428C002BF
S31540002C408088800402BFFFF6820060041080000383
S31540002C50C4484000C448400080A0A00032BFFFFEE8
S31540002C608200600181C3E00890204008400037FCA4
S31540002C7040002FC840002FC8400037EC40002FC806
S31540002C8040002FC840002FC84000316840002FC880
S31540002C9040002FC8400037C0400037B040002FC822
S31540002CA0400037A04000374C40002FC84000373C1A
S31540002CB040002F8840002F8840002F8840002F88F2
S31540002CC040002F8840002F8840002F8840002F88E2
S31540002CD040002F8840002FC840002FC840002FC812
S31540002CE040002FC840002FC840002FC840002FC8C2
S31540002CF04000334C40002FC840003614400031CCD1
S31540002D004000334C4000334C4000334C40002FC809
S31540002D1040002FC840002FC840002FC84000363022
S31540002D2040002FC840002FC84000323440002FC812
S31540002D3040002FC840002FC8400035A840002FC88B
S31540002D404000364040002FC840002FC84000424453
S31540002D5040002FC840002FC840002FC840002FC851
S31540002D6040002FC840002FC840002FC840002FC841
S31540002D704000334C40002FC840003614400031D04C
S31540002D804000334C4000334C4000334C4000371C2D
S31540002D90400031D0400031BC40002FC8400036FCD6
S31540002DA040002FC8400036B44000323840003674E8
S31540002DB0400031BC40002FC8400035A8400031B02B
S31540002DC0400041CC40002FC840002FC8400041D4AD
S31540002DD040002FC8400031B09DE3BE18F027BEAC7E
S31540002DE04000222F90100018C2020000C227BEA445
S31540002DF07FFFFF7490100001F227BEB0F627BEDCBD
S31540002E00D027BEA8C216600C80886080028000066B
S31540002E10AA10001AC206601080A060000280050F4A
S31540002E20921020408207BF5888100001C227BF4C2D
S31540002E300310000B8210606C31100C00C227BED804
S31540002E400310005482106198B2102000C227BEE8D9
S31540002E50F03FBE8803100054B01000158210618800
S31540002E60C027BF54C027BF50C027BEC8C027BEB862
S31540002E70C027BEB4C027BEA0C027BE9CC027BE98F0
S31540002E80C027BE94C027BE90C027BEE4C227BEEC72
S31540002E90BA100004E807BEACEA07BEB0C40E000094
S31540002EA08528A0188738A01880A0E0250280002138
S31540002EB0B810001880A0E0000280001F80A0A0008B
S31540002EC0B610001CB8072001C40F00008528A018C2
S31540002ED080A0A000028000058338A01880A060254D
S31540002EE032BFFFF9B610001CB4A7001802800011CB
S31540002EF0C607BF54C407BF508600C01A8400A0014D
S31540002F00F0274000F4276004C627BF54C427BF50AB
S31540002F1080A0A007148000F0BA076008C207BEE48C
S31540002F20C40EE0018200401A8528A018C227BEE4DC
S31540002F3080A0A0000280072DB0072001F60F2001D7
S31540002F40C02FBEF7B8103FFFB4102000A0102000DD
S31540002F50B72EE018A210202BAC102020B00620017E
S31540002F60B73EE0188206FFE080A0605A188000183D
S31540002F7080A6E00083286002C407BED8C200800154
S31540002F8081C0400001000000B41020008606FFD03A
S31540002F90832EA002B00620018200401AF64E3FFF63
S31540002FA083286001B400C0018606FFD080A0E009F6
S31540002FB008BFFFF9832EA0028206FFE080A0605A78
S31540002FC028BFFFEE8328600280A6E0000280070843
S31540002FD0C207BF54F62FBF98C02FBEF7A2102001DC
S31540002FE09E102000C027BEE0AC102001B810200083
S31540002FF0C027BEBCC027BEC0C027BED0AE07BF9844
S315400030009F2BE01880A0000FA2400011988C200250
S3154000301032800002A2046002828C2084C227BED481
S3154000302012800006C407BF548626801180A0E000A7
S31540003030148002E280A0E01080A3E0000280000F2E
S3154000304080A320009E07BEF7C607BF50DE2740007C
S315400030508600E0018400A0019E102001C427BF54D1
S31540003060DE276004C627BF5080A0E0071480030512
S31540003070BA07600880A320000280000FC207BED4B2
S315400030809E07BEF8C607BF50DE2740008600E00117
S315400030908400A0029E102002C427BF54DE2760048D
S315400030A0C627BF5080A0E00714800301BA07600816
S315400030B0C207BED480A0608002800223862680118B
S315400030C0B827001680A720001480025A80A7201037
S315400030D0808C2100128001D180A6E065C607BF50D2
S315400030E0840080168600E001EE274000EC2760044D
S315400030F0C427BF5480A0E00714800108C627BF50EC
S31540003100BA076008808C20040280000780A68011E0
S31540003110B826801180A72000148002EE80A72010D8
S3154000312080A6801126800002B4100011C207BEE4BA
S315400031308200401A80A0A00012800070C227BEE420
S31540003140C027BF50C207BEE080A0600002BFFF5448
S31540003150BA07BF589210000140001F189010001483
S3154000316010BFFF50C40E00004000214D90100014C7
S31540003170C2022004C227BE907FFFFE92901000013B
S315400031808210000890100014B6100001400021443F
S31540003190C227BE948296E000C20220080280000543
S315400031A0C227BE9880A06000128003E6841000010A
S315400031B0C20E000010BFFF6AB7286018C20E00009A
S315400031C0A014202010BFFF66B7286018A014201056
S315400031D0808C2020028000DAC207BEDC92100001FB
S315400031E082006008941020089007BF187FFFFD0AF0
S315400031F0C227BEDCC407BF18E607BF1CA4100002E6
S3154000320080A0A0000680038F80A73FFF028002E1D6
S3154000321080A72000128002DFA00C3F7F809480139D
S31540003220328002DDA2100010AC1020001080002079
S31540003230AE07BFFCA0142010808C2020028000CE58
S31540003240C207BEDC9210000182006008941020087C
S315400032509007BF307FFFFCF0C227BEDCA20C3BFFCD
S31540003260E41FBF3084102000C02FBEF780A73FFF69
S31540003270028002238094801312800220A00C7F7F5C
S3154000328080A720001280021D8088A0FF12BFFFE7A2
S31540003290B8102000AC8C600102800005AE07BFFC70
S315400032A084102030AE07BFFBC42FBFFBDE0FBEF736
S315400032B080A7001616800003A210001CA21000165C
S315400032C0C027BEE0C027BEBCC027BEC010BFFF4D52
S315400032D0C027BED09407BF4C9210001540002CC3A7
S315400032E09010001480A2200012800011BA07BF5827
S315400032F010BFFF0CC207BEE49407BF4C92100015E6
S3154000330040002CBA9010001480A2200022BFFF8EED
S31540003310C027BF50C207BEE080A060000280000404
S315400033209210000140001EA5D007BEACC207BEB039
S31540003330C210600C80886040128008B582103FFF42
S31540003340F007BEE481C7E00881E80000D207BEDC92
S3154000335082026008C227BED4808C20081280037186
S31540003360941020087FFFFCAC9007BF28C207BF28F7
S31540003370C227BEB8C207BF2CC227BEB4AE100001DA
S3154000338023200000F207BEB8151FFBFFA22E4011F6
S315400033909412A3FF96103FFF90100011400044CCBA
S315400033A09210001780A2200012800521151FFBFFF6
S315400033B096103FFF9412A3FF90100011400044AEB8
S315400033C09210001780A22000048005199410200056
S315400033D0961020009010001940004491921000175A
S315400033E080A22000068006E08410202DDE0FBEF766
S315400033F080A6E047048006160910005409100054C0
S31540003400AE112128A00C3F7FC207BED4A2102003D4
S31540003410C227BEDCC027BEE0AC102003B810200097
S31540003420C027BEBCC027BEC010BFFEF6C027BED058
S31540003430AC00A001B800E00184102001EE27400056
S31540003440C4276004EC27BF54F827BF50C207BEC844
S3154000345080A06001048002C7B607600880A72007E5
S31540003460148003099407BF4CB8072001C207BEA8C1
S31540003470C407BEA4AC058001C426C000C226E00431
S31540003480EC27BF54F827BF5080A72007148002F4CA
S31540003490B606E0089410200096102000D007BEB86B
S315400034A040004433D207BEB484072001C207BEC8D9
S315400034B08610000282007FFF80A22000028002B4B4
S315400034C0BA06E0088805E001AC058001C826C000C0
S315400034D0C226E004EC27BF5480A0A0071480042233
S315400034E0C427BF508406E01086072002B610001D90
S315400034F0BA100002C207BE9C8807BF088400401667
S31540003500C826C000C226E004C427BF5480A0E007F6
S3154000351004BFFEFDC627BF509407BF4C921000154E
S3154000352040002C329010001480A2200012BFFF7A77
S31540003530C407BF5410BFFEF4BA07BF58808C201092
S31540003540128002E984006004808C2040028002E4FC
S31540003550808C2200C6004000C427BEDC8528E010CF
S315400035608738A01FA738A010A410000310BFFF255E
S3154000357084100003808C2010128002D284006004E4
S31540003580808C2040028002CD808C2200E4106002B4
S31540003590C427BEDCA6100012A20C3BFFA4102000DC
S315400035A010BFFF3284102000C207BEDCC02FBEF71A
S315400035B0EE0040008200600480A5E0000280057EA7
S315400035C0C227BEDC80A73FFF0280032F9410001C59
S315400035D092102000400022C39010001780A22000C5
S315400035E002800796D027BEE0AC220017DE0FBEF75A
S315400035F0A2380016C027BEE0A33C601FB8102000CA
S31540003600A20D8011C027BEBCC027BEC010BFFE7D24
S31540003610C027BED0C207BEDCC02FBEF7C4004000E4
S3154000362082006004C42FBF9810BFFE6DC227BEDC67
S31540003630C20E0000A014200810BFFE49B72860182B
S31540003640A2142010808C602002800272C207BEDC69
S315400036509210000182006008941020089007BF383D
S315400036607FFFFBEDC227BEDC8410200110BFFEFFAA
S31540003670E41FBF380500000C8410A078C207BEDCEA
S31540003680C437BEF8E40040000510005482006004D0
S31540003690A6100012C227BEDCA41020008210A14052
S315400036A0A2142002C227BEA08410200210BFFEEF43
S315400036B0B6102078C207BEDCC40040008200600419
S315400036C0808C2020128002A6C227BEDC808C20106F
S315400036D012800537C207BEE4808C204032BFFDF021
S315400036E0C2308000808C220022BFFDEDC2208000C7
S315400036F0C207BEE410BFFDEAC2288000C20E000029
S31540003700B7286018833EE01880A0606C228002A82B
S31540003710C20E200110BFFE12A0142010C20E0000DF
S31540003720B7286018833EE01880A06068228002A413
S31540003730C20E200110BFFE0AA0142040C20E000097
S31540003740A014208010BFFE06B7286018F64E000071
S3154000375080A6E02A0280083E840620018606FFD025
S31540003760B010000280A0E00918BFFDFFB81020008D
S31540003770832F2002B00620018200401CF64E3FFFF8
S3154000378083286001B80040038606FFD080A0E00988
S3154000379028BFFFF9832F200210BFFDF48206FFE009
S315400037A0C20E0000A014200410BFFDEDB72860181B
S315400037B0C20E0000E22FBEF710BFFDE9B728601821
S315400037C0C407BEDCF40080008400A004C427BEDC2D
S315400037D0C20E000080A6A00016BFFDE1B728601803
S315400037E0B420001A10BFFDDEA0142004C20E000053
S315400037F0A014200110BFFDDAB7286018C20E0000E1
S31540003800C44FBEF780A0A00012BFFDD5B7286018F0
S3154000381010BFFDD3EC2FBEF704BFFF06C607BF504F
S31540003820C427BED49410200096102000D007BEB8FE
S3154000383040004339D207BEB480A220001280016006
S31540003840C407BED40910005488112178C607BF505A
S31540003850C82740008600E0018400A00188102001AE
S31540003860C427BF54C8276004C627BF5080A0E007BE
S31540003870148004AFBA076008C607BF00C207BEC8B7
S3154000388080A0C00116800209808C2001C207BEA814
S31540003890C607BF50840080018600E001C807BEA469
S315400038A0C2276004C8274000C427BF54C627BF505C
S315400038B080A0E00714800235BA076008C207BEC878
S315400038C0B8007FFF80A7200004BFFE10808C200434
S315400038D080A720100480049FC607BF5010800006B2
S315400038E0B6102010B8073FF080A720100480049A35
S315400038F0C207BEEC8600E0018400A010C207BEEC01
S31540003900F6276004C2274000C427BF54C627BF50CD
S3154000391080A0E00704BFFFF4BA0760089407BF4CD5
S315400039209210001540002B319010001480A2200008
S3154000393012BFFE79C407BF54C607BF5010BFFFEA87
S31540003940BA07BF5880A0E00024BFFDDFB8270016A5
S3154000395080A0E01004800021DE07BF509A1020109E
S3154000396010800006B2100003B2067FF080A66010F9
S315400039700480001A861000199E03E0018400A010FE
S31540003980C207BEECDA276004C2274000C427BF54F2
S31540003990DE27BF5080A3E00704BFFFF4BA076008E4
S315400039A09407BF4C9210001540002B109010001445
S315400039B080A2200012BFFE58B2067FF0C407BF5453
S315400039C0DE07BF50BA07BF5880A6601014BFFFEB92
S315400039D09A102010861000199E03E001840080038F
S315400039E0C207BEECC6276004C2274000C427BF54A6
S315400039F0DE27BF5080A3E00704BFFDB2BA076008C8
S31540003A009407BF4C9210001540002AF890100014FD
S31540003A1080A2200012BFFE40B8270016C407BF543C
S31540003A2080A7200004BFFDABBA07BF5880A720106F
S31540003A300480001FC607BF50108000069A10201051
S31540003A40B8073FF080A720102480001A8600E001C6
S31540003A508600E0018400A010C207BEECDA276004AD
S31540003A60C2274000C427BF54C627BF5080A0E007E6
S31540003A7004BFFFF4BA0760089407BF4C92100015C4
S31540003A8040002ADA9010001480A2200012BFFE22C5
S31540003A90B8073FF0C407BF54C607BF50BA07BF5860
S31540003AA080A7201014BFFFEB9A1020108600E0017B
S31540003AB08400801CC207BEECF8276004C227400081
S31540003AC0C427BF54C627BF5080A0E00704BFFD816E
S31540003AD0BA0760089407BF4C9210001540002AC3ED
S31540003AE09010001480A2200012BFFE0BC407BF54E2
S31540003AF010BFFD78BA07BF58A21000108408A0FF77
S31540003B0080A0A001028000A4AC07BFFC80A0A00258
S31540003B1012800011AE100016C807BEA0820CE00F3E
S31540003B20AE05FFFFC2090001C22DC000852CA01CB6
S31540003B308734A0048334E004A61080018090C0132B
S31540003B4012BFFFF7A4100003AC25801710BFFDD8A5
S31540003B50A010001198100017840CE007AE05FFFF77
S31540003B608400A030C42DC000872CA01D8934A0033A
S31540003B708334E003A610C0018091001312BFFFF604
S31540003B80A41000048408A07F80A0A03002BFFFEFED
S31540003B90808C600122BFFFEEAC25801798033FFE64
S31540003BA084102030AC25800CC42DFFFFA0100011DE
S31540003BB010BFFDBFAE10000C04800025DE07BF50CD
S31540003BC0E43FBE809A102010B210000C1080000610
S31540003BD0A4100003A404BFF080A4A0100480001A1F
S31540003BE0861000129E03E0018400A010C207BEE8C2
S31540003BF0DA276004C2274000C427BF54DE27BF50DF
S31540003C0080A3E00704BFFFF4BA0760089407BF4CDF
S31540003C109210001540002A759010001480A22000D2
S31540003C2012BFFDBDC407BF54A404BFF0DE07BF509A
S31540003C30BA07BF5880A4A01014BFFFEB9A102010FB
S31540003C408610001298100019E41FBE809E03E00102
S31540003C5084008003C207BEE8C6276004C22740002E
S31540003C60C427BF5480A3E007148002BADE27BF50A2
S31540003C70DE0FBEF7BA07600810BFFCF09F2BE018B6
S31540003C80D827BE809407BF4C9210001540002A5793
S31540003C909010001480A2200012BFFD9FC407BF549D
S31540003CA0BA07BF5810BFFCF4D807BE809407BF4C74
S31540003CB09210001540002A4D9010001480A220005A
S31540003CC012BFFD95C407BF5410BFFCFABA07BF58D0
S31540003CD00480001EC607BF5010800006B610201094
S31540003CE0B8073FF080A72010248000198600E00125
S31540003CF08600E0018400A010C207BEE8F6276004F3
S31540003D00C2274000C427BF54C627BF5080A0E00743
S31540003D1004BFFFF4BA0760089407BF4C9210001521
S31540003D2040002A329010001480A2200012BFFD7A73
S31540003D30B8073FF0C407BF54C607BF5080A720103E
S31540003D4014BFFFECBA07BF588600E0018400801C10
S31540003D50C207BEE8F8276004C2274000C427BF5404
S31540003D6080A0E00704BFFCEFC627BF509407BF4CB6
S31540003D709210001540002A1D9010001480A22000C9
S31540003D8012BFFD65C407BF5410BFFCE780A6801173
S31540003D90A210001080A4A000128001CA80A4E009ED
S31540003DA0188001C88404E030A0100011C42FBFFB66
S31540003DB0AC10200110BFFD3EAE07BFFBF807BF00A9
S31540003DC080A7200004800270C207BED0C607BEC8C6
S31540003DD080A04003148000E7B810000180A72000AF
S31540003DE00480000E8638001CC607BF508400801C25
S31540003DF08600E001EE274000F8276004C427BF5440
S31540003E00C627BF5080A0E00714800470BA07600838
S31540003E108638001CC207BED08738E01F860F0003D5
S31540003E20B820400380A720001480012480A72010DA
S31540003E30C207BED0808C24001280013CAC05C00174
S31540003E40F807BF00C207BEC880A70001268000064B
S31540003E50C207BEA8808C2001028004658620401CD3
S31540003E60C207BEA8F607BF5084008001B606E0012F
S31540003E70C607BEA4C2276004C6274000C427BF5455
S31540003E80F627BF5080A6E00714800562BA0760088F
S31540003E90C207BEC88620401C8805C001882100167E
S31540003EA080A0C00404800003B6100003B6100004CE
S31540003EB080A6E0000480000BC807BF508400801B2A
S31540003EC088012001EC274000F6276004C427BF5430
S31540003ED0C827BF5080A1200714800592BA07600802
S31540003EE0B838001BB93F201FB80EC01CB820C01CF4
S31540003EF080A7200004BFFC85808C200480A720106A
S31540003F0004800314C607BF5010800006B610201068
S31540003F10B8073FF080A720100480030FC207BEEC0D
S31540003F208600E0018400A010C207BEECF6276004BC
S31540003F30C2274000C427BF54C627BF5080A0E00711
S31540003F4004BFFFF4BA0760089407BF4C92100015EF
S31540003F50400029A69010001480A2200012BFFCEE5B
S31540003F60C407BF54C607BF5010BFFFEABA07BF58C1
S31540003F70808C200112BFFD3B80A720071480017A68
S31540003F808600E00210BFFD5CBA07601080A06000AA
S31540003F9024BFFD5AC207BE9C80A06010048006154F
S31540003FA0B2100001BA10201010800007B8100002AD
S31540003FB0B2067FF080A660100480031782100019B5
S31540003FC0B8072001AC05A010C207BEECFA26E004F3
S31540003FD0C226C000EC27BF54F827BF5080A7200751
S31540003FE004BFFFF4B606E0089407BF4C92100015D4
S31540003FF04000297E9010001480A2200012BFFCC60B
S31540004000EC07BF54F807BF5010BFFFEAB607BF58CA
S31540004010808C60101280003D86006004808C604079
S3154000402002800038808C6200E41060028410200117
S31540004030A6100012C627BEDC10BFFC8CA4102000C0
S315400040408410202DA6A00013C42FBEF7A460001232
S31540004050A210001010BFFC86841020019407BF4CAC
S3154000406092100015400029619010001480A2200093
S3154000407012BFFCA9EC07BF54F807BF5010BFFD069E
S31540004080B607BF58921000154000295890100014EA
S3154000409080A2200012BFFCA0EC07BF54F807BF5017
S315400040A010BFFCF2B607BF5802BFFC18808C200434
S315400040B010BFFDF8C207BEA8328003DFE4086003E4
S315400040C0E4004000A20C3BFFC427BEDCA610001251
S315400040D08410200010BFFC65A4102000328003CF5E
S315400040E0C6004000C8004000C427BEDC8739201FF8
S315400040F0A61000048410000310BFFC42A410000365
S31540004100328003D3E4086003E400400084102001B9
S31540004110A6100012C627BEDC10BFFC54A410200017
S315400041207FFFF93D9007BF20C207BF20C227BEB818
S31540004130C207BF24C227BEB410BFFC92AE10000116
S31540004140C20E0000C448800080A0A00002BFFB84CD
S31540004150B728601810BFFB82A0142400C207BEE433
S315400041608738601FC220A00410BFFB4DC6208000C8
S31540004170B810000380A7200034BFFF1DC607BF50FC
S3154000418010BFFF258638001C9407BF4C92100015BF
S31540004190400029169010001480A2200012BFFC5E39
S315400041A0C407BF5410BFFDC6BA07BF58A01420208D
S315400041B0B006200110BFFB6AB7286018A014220081
S315400041C0B006200110BFFB66B728601810BFFD1E61
S315400041D0A210001005100054A21020788210A140B1
S315400041E0C227BEA0808C2020028000D4C207BEDC3D
S315400041F09210000182006008941020089007BF408A
S315400042007FFFF905C227BEDCE41FBF4080948013C0
S3154000421002800004808C200132800005841020300A
S31540004220A20C3BFF10BFFC1184102002E22FBEF906
S31540004230C42FBEF8A01420028410200210BFFC0B2D
S31540004240A20C3BFF05100054A21020588210A15822
S3154000425010BFFFE5C227BEA040001DADD007BEACD3
S31540004260C207BEB0D020400080A220000280058751
S31540004270D0206010841000018210204010BFFAEA5E
S31540004280C220A014901000177FFFFA4EC027BEE050
S31540004290DE0FBEF7A2380008AC100008A33C601F32
S315400042A0B8102000C027BEBCC027BEC0A20A00115D
S315400042B010BFFB54C027BED004800318C607BF50AA
S315400042C010800006B6102010B8073FF080A72010D7
S315400042D0248003138600E0018600E0018400A010DC
S315400042E0C207BEECF6276004C2274000C427BF546D
S315400042F0C627BF5080A0E00704BFFFF4BA07600896
S315400043009407BF4C92100015400028B89010001436
S3154000431080A2200012BFFC00C407BF54C607BF508E
S3154000432010BFFFEABA07BF58C207BEBC80A06000F4
S315400043301480000CC207BEC080A060001480000A32
S31540004340C207BEC88205C0018610000180A5800351
S3154000435038BFFEBCAC10000310BFFEBBF807BF0061
S31540004360C207BEC8F427BED0B805C001F407BEC018
S31540004370F207BEBCE43FBEC0E227BEBC8210001DB1
S31540004380F027BE80B6102010E027BED4E407BE98C2
S31540004390FA07BE94A2100016F007BE9080A66000F1
S315400043A012800034C607BF508400801D8600E0019D
S315400043B0F0204000FA206004C427BF54C627BF50EF
S315400043C0A404BFFFB406BFFF80A0E00714800034FA
S315400043D08200600896270011C60C8000A010001CC1
S315400043E08728E0189F38E01880A3C00B048000039C
S315400043F0AC10000FAC10000B80A5A000048000108C
S3154000440096380016C607BF50840080168600E00125
S31540004410E2204000EC206004C427BF5480A0E0079F
S31540004420148001D7C627BF50C60C800082006008A2
S315400044308728E0189F38E01896380016973AE01F0C
S31540004440880D800BAC23C00480A5A00014800059C1
S3154000445080A5A0108738E01880A6A00014BFFFD022
S31540004460A204400380A660002480036AE427BE9825
S31540004470C607BF508400801D8600E001F020400042
S31540004480FA206004C427BF54C627BF50B2067FFF38
S3154000449080A0E00704BFFFD0820060089407BF4CAD
S315400044A092100015400028519010001480A2200060
S315400044B012BFFB99C407BF5410BFFFC78207BF583E
S315400044C0808C64001280026FAC07BFFCAE100016F1
S315400044D0941020009610200A9010001240003C1CB8
S315400044E09210001382026030901000129210001356
S315400044F0941020009610200A40003B40C22DFFFF3A
S31540004500AE05FFFF8410001380A4A0008625801707
S31540004510A410000812BFFFEFA610000980A0A00952
S3154000452018BFFFED94102000C627BEC8AC258017E3
S3154000453010BFFB5FA0100011808C20101280001865
S3154000454084006004808C204002800013808C22000E
S31540004550E4106002C427BEDCA610001210BFFF2C78
S31540004560A41020009407BF4C921000154000281F4D
S315400045709010001480A2200012BFFB67C607BF50F0
S31540004580EC07BF548600E001BA07BF6010BFFBDAF4
S31540004590B607BF583280029DE4086003E40040003D
S315400045A0C427BEDCA610001210BFFF19A4102000BD
S315400045B004800492C607BF508600E001C807BEECDF
S315400045C0F6206004C82040008400A010C627BF50D3
S315400045D0C427BF5480A0E0071480026682006008AA
S315400045E09E05BFF080A3E0100480004DC807BEECD6
S315400045F08600E001F6206004C82040008400A01038
S31540004600C627BF50C427BF5480A0E0071480033D8F
S31540004610820060089E05BFE080A3E0100480004051
S31540004620C807BEEC8600E001F6206004C8204000C2
S315400046308400A010C627BF50C427BF5480A0E007FF
S3154000464014800353820060089E05BFD080A3E0100B
S3154000465004800033C807BEEC8600E001F620600403
S31540004660C82040008400A010C627BF50C427BF54AE
S3154000467080A0E00714800350820060089E05BFC0FA
S3154000468080A3E01004800026C807BEEC8600E00147
S31540004690F6206004C82040008400A010C627BF5002
S315400046A0C427BF5480A0E0071480037682006008C8
S315400046B09E05BFB080A3E01004800019C807BEEC79
S315400046C08600E001F6206004C82040008400A01067
S315400046D0C627BF50C427BF5480A0E0071480035F9D
S315400046E0820060089E05BFA080A3E0100480000CF5
S315400046F0C807BEEC8600E0018400A010F6206004E6
S31540004700C8204000C427BF54C627BF5080A0E0073A
S3154000471014800254820060089E05BF908600E00126
S315400047208400800FC807BEECDE206004C82040002D
S31540004730C427BF5480A0E0071480032BC627BF5070
S31540004740C60C80008200600810BFFF438728E0182F
S31540004750D827BE809407BF4C92100015400027A36F
S315400047609010001480A2200012BFFAEBDE0FBEF7B5
S31540004770C407BF54BA07BF589F2BE01810BFFA2F83
S31540004780D807BE8037100054B616E178C607BF502A
S31540004790F62740008600E0018400A001B610200103
S315400047A0C427BF54F6276004C627BF5080A0E00741
S315400047B0148001FABA076008C207BEC88090401C40
S315400047C0028002DAC207BEA8C607BF508400400274
S315400047D08600E001C807BEA4C2276004C82740007F
S315400047E0C427BF54C627BF5080A0E007148002DD0F
S315400047F0BA07600880A720000680035680A73FF0CE
S315400048008600E001C207BEC8EE2740008400400291
S31540004810C2276004C427BF5480A0E00704BFFA390A
S31540004820C627BF5010BFFB3E9407BF4CC207BEB859
S315400048309410000190100001C207BEB4961000010A
S3154000484040003FA39210000180A22000128003DDA9
S31540004850820EFFDF80A06041128000FFC227BEDCCF
S3154000486084102030C42FBEF880A6E0610280000389
S315400048708410207884102058C42FBEF9C027BEE08B
S3154000488080A7206314800203AE07BF98C407BEB852
S3154000489080A0A000168001FDC607BEB4C207BEB800
S315400048A005200000841840028210202DC22FBE80B1
S315400048B090100002921000034000260D9407BF009E
S315400048C0150FF00040003DCD9610200084100008E2
S315400048D086100009941020009610200040003F0EDC
S315400048E0C43FBEC880A220001280000480A6E061BA
S315400048F084102001C427BF00028003C20510005463
S315400049008210A158C227BED0B2100001AC073FFFAB
S31540004910E43FBEC0E827BE9CA4100016B81000179E
S31540004920AC100015FA27BEBCE81FBEC8F027BEC8AB
S31540004930B010001A10800009B410001B0310005478
S31540004940A404BFFF40003F0AD418618080A2200023
S315400049500280001A84100014D41FBE8890100014E0
S3154000496040003DA692100015AA10000940003F9F46
S31540004970A810000840003F69A210000894100008E3
S31540004980961000099010001440003CB59210001596
S31540004990B610001CC80E4011C82F0000B8072001F1
S315400049A0A8100008AA10000980A4BFFF12BFFFE4A8
S315400049B0BA1000128410001486100015E41FBEC001
S315400049C0B210001DF627BEC0150FF800B610001A2B
S315400049D096102000B410001890100002F007BEC8D0
S315400049E092100003C43FBEC840003EF7FA07BEBC63
S315400049F0E807BE9C80A2200014800347AA10001638
S31540004A00150FF8009610200040003EC3D01FBEC8C8
S31540004A1080A220001280000680A66000808C600183
S31540004A201280033EC207BEC080A660000680003AE0
S31540004A3086067FFF8420001C9E06600180A66005D6
S31540004A40048003A18408A00380A0A0000280001176
S31540004A509A10001CC607BEC098102030D82F000000
S31540004A609A00E00280A0A0010280000A86067FFE2E
S31540004A70D82F20019A07200280A0A00312800005AB
S31540004A8086067FFD9A072003D82F200286067FFCE4
S31540004A909823C002170C0C0C84070002940B3FFCB1
S31540004AA09612E03094028002D62080008400A00452
S31540004AB080A2800232BFFFFED6208000960B3FFCCC
S31540004AC08403400B80A2C00C028000128620C00BDB
S31540004AD09A10203080A0E0000680000EDA28800080
S31540004AE00480000CDA28A00180A0E00104800009BF
S31540004AF0DA28A00280A0E00204800006DA28A0039B
S31540004B0080A0E00304800003DA28A004DA28A00588
S31540004B10B807000F82270017A0142002C227BEC87C
S31540004B20C207BF001080008AC227BED09407BF4C80
S31540004B3092100015400026AD9010001480A220006F
S31540004B4012BFF9F5C407BF5410BFFB4CBA07BF5894
S31540004B50C207BEECF8276004C22740008600E00189
S31540004B608400801CC627BF5080A0E00704BFF965BB
S31540004B70C427BF5410BFFA6A9407BF4C9407BF4C72
S31540004B8092100015400026999010001480A2200033
S31540004B9012BFF9E1C407BF54C60C80008728E0184D
S31540004BA08207BF5810BFFE259F38E01810BFF8BCDB
S31540004BB0C220800080A7200618800102A210001C97
S31540004BC009100054C027BEE0AC1000119E10200012
S31540004BD0B8102000C027BEBCC027BEC0C027BED06C
S31540004BE010BFF908AE112170C207BF5480A0600003
S31540004BF022BFF9D0C207BEB0FA07BEB09407BF4C79
S31540004C009210001D40002679D007BEAC10BFF9CAED
S31540004C10C217600C860720018406E008AC058001B7
S31540004C20C807BEECC226E004C826C000EC27BF5425
S31540004C3080A0E00714BFFE4CC627BF508600E001A7
S31540004C40BA00A00810BFFA2CB610000210BFF9EE49
S31540004C50AE11212080A73FFF0280011680A72000C9
S31540004C601280011580A0604712800113E207BEB88A
S31540004C708214210080A46000068002CAB21000019E
S31540004C80C807BEB4C02FBE80B8102001AC102001AA
S31540004C908407BF10C423A0608407BF04C827BEE0B2
S31540004CA094100004C423A05C9A07BF009810001615
S31540004CB096102002901000144000107C92100011B3
S31540004CC0C207BEDCAE10000880A060471280020713
S31540004CD0C807BEE0808C20013280011DAC05C0169D
S31540004CE0C407BF1082208017C227BEC8C207BF00B4
S31540004CF0C227BED0C407BEDC80A0A0471280016A8E
S31540004D0080A0A04680A700010680000384102001F1
S31540004D10841020008088A0FF12800009C207BED000
S31540004D2080A07FFD068000038410200184102000AF
S31540004D308088A0FF22800144C407BEC8B606FFFE95
S31540004D40C027BEE0820EFFDFC227BEDCC207BED050
S31540004D50B8007FFFF827BF00C207BEDC80A06041D5
S31540004D60128000038410001B8406E00FC42FBF0886
S31540004D7080A72000168000068410202BB810200142
S31540004D80C207BED08410202DB827000180A7200975
S31540004D9004800253C42FBF09AC07BF17B2100016D8
S31540004DA09210200A4000386B9010001C820220307E
S31540004DB09210200AC22E7FFF400037BA9010001C86
S31540004DC08210001CA2100019B810000880A0606371
S31540004DD014BFFFF4B2067FFFB802203084047FFE82
S31540004DE080A080161A8002B4F82E7FFF8607BF0A7D
S31540004DF0C2088000C228C0008400A00180A080169E
S31540004E0012BFFFFC8600E0018207BF0A8407BF1974
S31540004E1084208011840040028607BF0882208003D8
S31540004E20C227BE9C84100001C207BEC880A0600194
S31540004E30048000F3AC008001C207BEA8AC05800127
S31540004E40A00C3BFFA2380016A0142100A33C601F13
S31540004E50C027BEBCA20D8011C027BEC0C027BED091
S31540004E60C20FBE80808860FF12800120C207BED478
S31540004E70DE0FBEF7C227BEDC10BFF862B8102000B6
S31540004E80B2102000AE100016E007BE989410200025
S31540004E909610200A90100012400039AD921000136F
S31540004EA082026030C22DFFFFB2066001C24C000094
S31540004EB080A0607F02800005AE05FFFF80A04019FC
S31540004EC00280000D80A4A000941020009610200AB5
S31540004ED090100012400038C99210001380A4A00020
S31540004EE0028000C280A4E009A410000810BFFFE8B9
S31540004EF0A6100009128000AB80A4E009188000AA21
S31540004F00C207BE94E027BE98F227BEC8AC258017DC
S31540004F1010BFF8E7A01000118600E0018400801C55
S31540004F20C207BEECF8276004C2274000C427BF541E
S31540004F30C627BF5080A0E00704BFFBBEBA07600883
S31540004F409407BF4C92100015400025A890100014FD
S31540004F5080A2200012BFF8F0C407BF5410BFFBB5B3
S31540004F60BA07BF589E10202D10BFF922C42FBEF796
S31540004F709407BF4C921000154000259C90100014D9
S31540004F8080A2200012BFF8E4C407BF54C607BF5032
S31540004F9010BFFD948207BF589407BF4C921000156E
S31540004FA0400025929010001480A2200012BFF8DA2B
S31540004FB0F807BF00C407BF5410BFFE00BA07BF586A
S31540004FC010BFFF00A21020069407BF4C9210001598
S31540004FD0400025869010001480A2200012BFF8CE13
S31540004FE0C407BF5410BFFB8BBA07BF588805C00122
S31540004FF0AE21001680A0C01704BFFBBAB61000034E
S3154000500010BFFBB8B6100017C427BEDCA6100012AE
S3154000501010BFFC7FA4102000C427BEDC8528E01802
S315400050208738A01FA738A018A410000310BFF87532
S3154000503084100003C427BEDCA6100012A20C3BFF5E
S31540005040A410200010BFF88984102000841020018D
S31540005050A6100012C627BEDC10BFF884A41020009C
S315400050609407BF4C92100015400025609010001424
S3154000507080A2200012BFF8A8C407BF54C607BF507D
S3154000508010BFFDA68207BF5810BFFE0AC02FBE80C4
S315400050909207200140001A1E90100014AE92200084
S315400050A022800200C607BEB010BFFDF9EE27BEE063
S315400050B0B8102006E207BEB88214210080A4600022
S315400050C0068001B9B2100001C807BEB4C02FBE8029
S315400050D0C207BEDC80A06046128000F48407BF1081
S315400050E0C423A0608407BF04C827BEE0C423A05CD5
S315400050F0941000049A07BF009810001C96102003D5
S315400051009010001440000F6992100011C807BEE0CD
S31540005110C44A000080A0A0301280000AAE100008E9
S3154000512092100004941020009610200040003D107C
S315400051309010001180A220001280003FC807BEE0F8
S31540005140C407BF008200801CAC05C001941020003B
S31540005150961020009010001140003CEF9210000481
S3154000516080A2200002BFFEE084100016C407BF10D4
S3154000517080A080161ABFFEDC9E1020308200A0015F
S31540005180C227BF10DE288000C407BF1080A580025A
S3154000519038BFFFFC8200A00110BFFED482208017DA
S315400051A0C207BE94D207BE9094100001AE25C0013E
S315400051B04000244890100017C24C200180A00001F6
S315400051C09010001292100013941020009610200A9E
S315400051D0A040001040003809B2102000A41000087A
S315400051E010BFFF2BA610000928BFFF48E027BE9836
S315400051F0A410000810BFFF26A6100009808C2001CD
S3154000520022BFFF11A00C3BFF10BFFF0DC207BEA877
S3154000521086100010AC100011E007BED4F407BED0D3
S31540005220E41FBEC0BA100001E207BEBC10BFFC4876
S31540005230F007BE80841020018420801C10BFFFC26E
S31540005240C427BF00C207BED080A08001348000A919
S3154000525082100002808C200102800004AC10000104
S31540005260C407BEA8AC004002808C24000280000522
S31540005270C207BED080A06000348000E7B610206729
S31540005280A2380016B6102067A33C601FA20D8011FD
S31540005290A0100019C027BEE0C027BEBC10BFFEF15B
S315400052A0C027BEC012800175C207BED0840C200143
S315400052B080A06000048001588410801C80A0A0005B
S315400052C012800134C407BEA8AC100001B610206697
S315400052D0808C2400128000D0A2380016A33C601FA8
S315400052E010BFFFECA20D80118410202DC227BEDC1A
S315400052F0C42FBEF79E10202D10BFF742B8102000D5
S315400053009407BF4C92100015400024B8901000142A
S3154000531080A2200012BFF800C407BF54C607BF5082
S3154000532010BFFCBD8207BF58808C200102BFF777B3
S31540005330808C2004C207BEA8C607BF508400400226
S315400053408600E001C807BEA4C2276004C827400003
S31540005350C427BF5480A0E00704800021C627BF5061
S315400053609407BF4C92100015400024A090100014E2
S3154000537080A2200012BFF7E8F807BF00C407BF5459
S31540005380C607BF5010BFFD1CBA07BF589407BF4C95
S3154000539092100015400024959010001480A2200021
S315400053A012BFF7DDC407BF54C607BF5010BFFCA7E6
S315400053B08207BF589407BF4C921000154000248BBB
S315400053C09010001480A2200012BFF7D3C407BF5428
S315400053D0C607BF5010BFFCAA8207BF5810BFFD09C1
S315400053E0BA0760089407BF4C921000154000247F0E
S315400053F09010001480A2200012BFF7C7C407BF5404
S31540005400C60C80008207BF5810BFFC138728E018DF
S315400054109407BF4C9210001540002474901000145D
S3154000542080A2200012BFF7BCF807BF00C407BF54D4
S3154000543010BFFA98BA07BF58A210001CAC10001C47
S31540005440DE0FBEF7B8102000C027BEBCC027BEC0C6
S3154000545010BFF6ECC027BED09407BF4C9210001583
S31540005460400024629010001480A2200012BFF7AAC8
S31540005470C407BF54C607BF5010BFFC9B8207BF5826
S315400054809407BF4C92100015400024589010001409
S3154000549080A2200012BFF7A0C407BF54C607BF5062
S315400054A010BFFC848207BF5880A06045128000F57B
S315400054B094100004C423A0608407BF04C827BEE03C
S315400054C0AC072001C423A05C9A07BF0098100016C1
S315400054D0961020029010001440000E749210001195
S315400054E0C807BEE0AE10000810BFFF19AC05C016D5
S315400054F0C407BEA8AC004002C207BED080A0600070
S3154000550014BFFF74B6102067AC258001AC05A0011E
S31540005510A2380016A33C601F10BFFF5EA20D80118B
S315400055209407BF4C92100015400024309010001490
S3154000553080A2200012BFF778C607BF00C207BEC8C8
S31540005540C407BF548620400310BFFA66BA07BF5847
S315400055501680001CB620001C10800006B8102010D3
S31540005560B606FFF080A6E010248000178600E00112
S315400055708600E0018400A010C207BEECF827600454
S31540005580C2274000C427BF54C627BF5080A0E007AB
S3154000559004BFFFF4BA0760089407BF4C9210001589
S315400055A0400024129010001480A2200012BFF75A27
S315400055B0C407BF54C607BF5010BFFFEABA07BF585B
S315400055C08600E0018400801BC207BEECF62760041B
S315400055D0C2274000C427BF5480A0E00704BFFF8015
S315400055E0C627BF509407BF4C92100015400023FFBA
S315400055F09010001480A2200012BFF747C407BF5482
S31540005600C607BF5010BFFC7FBA07BF5810BFF74D43
S31540005610C227BEE4C027BEBCC027BEC0C807BE98CE
S31540005620C40900008528A0188738A01880A0E07F0C
S3154000563002800015C607BED08338A01880A040035C
S3154000564036800010C827BE98C40920018620C001B4
S315400056508528A0188338A01880A0600022800016F4
S31540005660C207BEBCF807BEC0B8072001F827BEC0B7
S3154000567080A0607F12BFFFF288012001C827BE9834
S31540005680C627BED0C207BEC0C407BEBCD207BE94A2
S315400056909000400240003547A0100019C027BEE0E8
S315400056A0AC020016A2380016A33C601F10BFFDEDE9
S315400056B0A20D801182006001C227BEBCC409000051
S315400056C08528A0188338A01880A0607F12BFFFDD10
S315400056D080A0400310BFFFEBC827BE98C207BEDCC0
S315400056E080A06041028000058407BF0A86102030F2
S315400056F08407BF0BC62FBF0A8620801EB8072030FE
S315400057008200E0F9F8288000C227BE9C10BFFDC782
S3154000571084100001C207BEC0C227BF10C207BED058
S31540005720DE48600FC40F3FFF8728A0189938E0185D
S3154000573080A3000F1280000D9E10001C9610203092
S31540005740D62BFFFFDE07BF108203FFFFC227BF1025
S31540005750C40BFFFF8728A0188338E01880A30001F8
S3154000576022BFFFF9D62BFFFF8738E01880A0E0392B
S31540005770028000048400A00110BFFCE7C42BFFFF99
S31540005780C207BED0C408600A10BFFCE3C42BFFFFAB
S31540005790B6102066AC00400210BFFECEAC05801CA1
S315400057A0B8102001C207BEB823200000C807BEB407
S315400057B0A21840118210202D10BFFE46C22FBE8077
S315400057C080A6E047048000070910005409100054E1
S315400057D0A00C3F7FAE11213810BFF70CDE0FBEF78D
S315400057E0A00C3F7FAE11213010BFF708DE0FBEF789
S315400057F010BFFD0B8410001D10BFFBC99E10001684
S31540005800051000548210A140C227BED010BFFC40F4
S31540005810B210000180A0A00012800006C207BEA8F8
S31540005820A2102001B610206610BFFE9AAC102001CF
S31540005830B6102066AC006001AC05801CA23800168C
S31540005840A33C601F10BFFE93A20D8011C207BEDCB1
S31540005850F80040008200600480A720001680000304
S31540005860C227BEDCB8103FFFC20E2001B0100002B6
S3154000587010BFF5BBB728601810BFFD35C027BEE086
S3154000588010BFFD04AC10001C82103FFFC407BEAC25
S31540005890C227BEE48210200C10BFF6AAC2208000A8
S315400058A0C210E00C841060408210000210BFF6A2C5
S315400058B0C430E00C82102002C227BE9C10BFFD5BA4
S315400058C08410000110BFFC838410001C400063F468
S315400058D040005C6040005C60400063E440005C6007
S315400058E040005C6040005C604000605040005C608E
S315400058F040005C60400063B8400063A840005C60C4
S31540005900400063984000634440005C60400063345C
S3154000591040005E0040005E0040005E0040005E00C9
S3154000592040005E0040005E0040005E0040005E00B9
S3154000593040005E0040005C6040005C6040005C608F
S3154000594040005C6040005C6040005C6040005C6021
S3154000595040005E3840005C6040006110400060A836
S3154000596040005E3840005E3840005E3840005C6073
S3154000597040005C6040005C6040005C604000641039
S3154000598040005C6040005C604000619840005C60A4
S3154000599040005C6040005C604000612C40005C6000
S315400059A04000630040005C6040005C6040006FACBB
S315400059B040005C6040005C6040005C6040005C60B1
S315400059C040005C6040005C6040005C6040005C60A1
S315400059D040005E3840005C6040006110400060ACB2
S315400059E040005E3840005E3840005E38400062E06D
S315400059F0400060AC4000609840005C60400062C07F
S31540005A0040005C60400062384000619C400062801B
S31540005A104000609840005C604000612C4000608C13
S31540005A2040006FA440005C6040005C6040006F3402
S31540005A3040005C604000608C9DE3BE184000171833
S31540005A4090100018C2020000C227BEAC7FFFF45D72
S31540005A5090100001F627BEDCD027BEB0A610001875
S31540005A60A410001980A6200002800006AA10001A81
S31540005A70C206201880A060000280016B0100000071
S31540005A80031000548210621C80A480012280000B07
S31540005A90E404E00403100054821061FC80A48001F9
S31540005AA00280016A03100054821061DC80A48001E8
S31540005AB022800002E404E00CC214A00C0500000899
S31540005AC080888001128000088088600882108001EA
S31540005AD0C604A060C234A00C8428C002C424A060BE
S31540005AE0808860080280039792100012C404A010B8
S31540005AF080A0A000028003938208601A80A0600AFA
S31540005B002280039BC254A00E8207BF588810000112
S31540005B10C227BF4C03100016821060CC31100C0017
S31540005B20C227BED803100054821061B8B2102000BC
S31540005B30C227BEE8F03FBE9003100054C027BF54B2
S31540005B40821061A8C027BF50C027BEC8C027BEB8B4
S31540005B50C027BEB4C027BEA8C027BEA4C027BEA0CB
S31540005B60C027BE9CC027BE98C027BEE4C227BEEC55
S31540005B70BA100004B0100015C40E00008528A01805
S31540005B808738A01880A0E02502800021B8100018B0
S31540005B9080A0E0000280001F80A0A000B610001C7C
S31540005BA0B8072001C40F00008528A01880A0A000D7
S31540005BB0028000058338A01880A0602532BFFFF917
S31540005BC0B610001CB4A7001802800011C607BF54C7
S31540005BD0C407BF508600C01A8400A001F0274000C9
S31540005BE0F4276004C627BF54C427BF5080A0A0072F
S31540005BF014800305BA076008C207BEE4C40EE0017C
S31540005C008200401A8528A018C227BEE480A0A000C2
S31540005C100280066DB0072001F60F2001C02FBEF7A7
S31540005C20B8103FFFB4102000A8102000B72EE0188F
S31540005C30AA10202BAC102020B0062001B73EE01859
S31540005C408206FFE080A0605A188000068328600222
S31540005C50C407BED8C200800181C0400001000000D8
S31540005C6080A6E00002800659C207BF54F62FBF98AF
S31540005C70C02FBEF7AC1020019E102000C027BEE00A
S31540005C80AE102001B8102000C027BEBCC027BEC041
S31540005C90C027BED0AA07BF989F2BE01880A0000F50
S31540005CA0AC400016988D200232800002AC05A0025E
S31540005CB0828D2084C227BED412800006C407BF54FA
S31540005CC08626801680A0E000148002D880A0E010CE
S31540005CD080A3E0000280000F80A320009E07BEF74D
S31540005CE0C607BF50DE2740008600E0018400A001C1
S31540005CF09E102001C427BF54DE276004C627BF502C
S31540005D0080A0E007148002FBBA07600880A3200049
S31540005D100280000FC207BED49E07BEF8C607BF501A
S31540005D20DE2740008600E0018400A0029E1020028B
S31540005D30C427BF54DE276004C627BF5080A0E007B3
S31540005D40148002F7BA076008C207BED480A06080FC
S31540005D50028001FF86268016B827001780A72000FC
S31540005D601480023380A72010808D2100128001AD5F
S31540005D7080A6E065C607BF50840080178600E00114
S31540005D80EA274000EE276004C427BF5480A0E007FE
S31540005D901480009CC627BF50BA076008808D200437
S31540005DA00280000780A68016B826801680A72000AD
S31540005DB0148002F780A7201080A680162680000255
S31540005DC0B4100016C207BEE48200401A80A0A000AC
S31540005DD012800279C227BEE4C027BF50C207BEE088
S31540005DE080A0600002BFFF65BA07BF58921000014D
S31540005DF0400013F29010001310BFFF61C40E000064
S31540005E00B41020008606FFD0832EA002B0062001E3
S31540005E108200401AF64E3FFF83286001B400C0015D
S31540005E208606FFD080A0E00928BFFFF9832EA00296
S31540005E3010BFFF858206FFE0D207BEDC8202600803
S31540005E40C227BED4808D2008128003FC94102008FF
S31540005E507FFFF1F19007BF28C207BF28C227BEB80F
S31540005E60C207BF2CC227BEB4AE1000012B200000D3
S31540005E70F207BEB8151FFBFFAA2E40159412A3FFCA
S31540005E8096103FFF9010001540003A1192100017EF
S31540005E9080A2200012800504151FFBFF96103FFFCD
S31540005EA09412A3FF90100015400039F3921000178A
S31540005EB080A22000048004FC94102000961020004C
S31540005EC090100019400039D69210001780A2200089
S31540005ED0068006998410202DDE0FBEF780A6E04787
S31540005EE0048005D00910005409100054AA11212835
S31540005EF0A80D3F7FC207BED4AC102003C227BEDC2C
S31540005F00C027BEE0AE102003B8102000C027BEBC9C
S31540005F10C027BEC010BFFF61C027BED0AE00A001E3
S31540005F20B800E00184102001EA274000C42760043D
S31540005F30EE27BF54F827BF50C207BEC880A06001F5
S31540005F400480033BB607600880A720071480047AC4
S31540005F50B8072001C207BEB0C407BEACAE05C0013B
S31540005F60C426C000C226E004EE27BF54F827BF501F
S31540005F7080A7200714800484B606E0089410200009
S31540005F8096102000D007BEB840003979D207BEB47B
S31540005F909E072001C207BEC88610000F84007FFFFF
S31540005FA080A2200002800329BA06E0088805600125
S31540005FB0AE05C002C826C000C426E004EE27BF5482
S31540005FC080A3E007148003B5DE27BF508406E010A7
S31540005FD086072002B610001DBA100002C207BEA4F2
S31540005FE08807BF0884004017C826C000C226E004C0
S31540005FF0C427BF5480A0E00704BFFF69C627BF502F
S315400060009407BF4C92100012400026A9901000132E
S3154000601080A22000128001EFC407BF5410BFFF606A
S31540006020BA07BF58400013209010001803100054C0
S315400060308210621C80A4800112BFFE980310005497
S3154000604010BFFE9EE404E00410BFFE9CE404E0089A
S315400060504000159390100013C2022004C227BE9838
S315400060607FFFF2D8901000018210000890100013B4
S31540006070B61000014000158AC227BE9C8296E000F9
S31540006080C202200812800340C227BEA0C20E0000F2
S3154000609010BFFEEAB7286018C20E0000A8152020DF
S315400060A010BFFEE6B7286018A8152010808D202066
S315400060B002800320C207BEDC921000018200600805
S315400060C0941020089007BF187FFFF153C227BEDC0B
S315400060D0C407BF18E207BF1CA010000280A0A000A2
S315400060E00680032280A73FFF0280025980A7200036
S315400060F012800257A80D3F7F8094001132800255CE
S31540006100AC100014AE10200010800042AA07BFFC5D
S31540006110C207BEDCC02FBEF7C40040008200600448
S31540006120C42FBF9810BFFED4C227BEDCC207BEDC58
S31540006130C02FBEF7EA0040008200600480A56000E0
S31540006140028003A0C227BEDC80A73FFF028005284D
S315400061509410001C92102000400017E29010001589
S3154000616080A220000280081ED027BEE0AE22001585
S31540006170DE0FBEF7AC380017C027BEE0AD3DA01F0E
S31540006180B8102000AC0DC016C027BEBCC027BEC08C
S3154000619010BFFEC2C027BED0A8152010808D20207B
S315400061A0028002D7C207BEDC92100001820060085E
S315400061B0941020089007BF307FFFF117C227BEDC3E
S315400061C0AC0D3BFFE01FBF3084102000C02FBEF750
S315400061D080A73FFF0280014980940011128001464A
S315400061E0A80DBF7F80A72000128001438088A0FFB2
S315400061F012BFFFC5B8102000AE8DA0010280000579
S31540006200AA07BFFC84102030AA07BFFBC42FBFFBE0
S31540006210DE0FBEF780A7001716800003AC10001CE7
S31540006220AC100017C027BEE0C027BEBCC027BEC00A
S3154000623010BFFE9AC027BED0C207BEDCC4004000D5
S3154000624082006004808D2020128002F7C227BEDCC7
S31540006250808D2010128004DAC207BEE4808D204073
S3154000626032BFFE46C2308000808D220022BFFE43F0
S31540006270C2208000C207BEE410BFFE40C228800094
S315400062800500000C8410A078C207BEDCC437BEF8F7
S31540006290E00040000510005482006004A210001087
S315400062A0C227BEDCA01020008210A140AC152002FF
S315400062B0C227BEA88410200210BFFFC5B6102078A2
S315400062C0C20E0000B7286018833EE01880A0606CBC
S315400062D022800308C20E200110BFFE58A8152010C8
S315400062E0C20E0000B7286018833EE01880A06068A0
S315400062F022800304C20E200110BFFE50A815204084
S31540006300AC152010808DA02002800271C207BEDC31
S315400063109210000182006008941020089007BF3850
S315400063207FFFF0BDC227BEDC8410200110BFFFA84E
S31540006330E01FBF38C20E0000A815208010BFFE3FE8
S31540006340B7286018F64E000080A6E02A028008931F
S31540006350840620018606FFD0B010000280A0E00926
S3154000636018BFFE38B8102000832F2002B006200147
S315400063708200401CF64E3FFF83286001B800400370
S315400063808606FFD080A0E00928BFFFF9832F2002B0
S3154000639010BFFE2D8206FFE0C20E0000A8152004A5
S315400063A010BFFE26B7286018C20E0000EA2FBEF7BF
S315400063B010BFFE22B7286018C407BEDCF400800078
S315400063C08400A004C427BEDCC20E000080A6A00044
S315400063D016BFFE1AB7286018B420001A10BFFE1761
S315400063E0A8152004C20E0000A815200110BFFE13F8
S315400063F0B7286018C20E0000C44FBEF780A0A000A8
S3154000640012BFFE0EB728601810BFFE0CEC2FBEF769
S31540006410C20E0000A815200810BFFE08B728601855
S3154000642004BFFEBFC607BF50C427BED49410200089
S3154000643096102000D007BEB840003837D207BEB409
S3154000644080A220001280018DC407BED409100054DA
S3154000645088112178C607BF50C82740008600E00152
S315400064608400A00188102001C427BF54C8276004B7
S31540006470C627BF5080A0E00714800448BA076008CA
S31540006480C607BF00C207BEC880A0C001168002482A
S31540006490808D2001C207BEB0C607BF508400800170
S315400064A08600E001C807BEACC2276004C82740008A
S315400064B0C427BF54C627BF5080A0E007148002956A
S315400064C0BA076008C207BEC8B8007FFF80A7200091
S315400064D004BFFE34808D200480A720100480030072
S315400064E0C607BF5010800006B6102010B8073FF010
S315400064F080A72010048002FBC207BEEC8600E001A4
S315400065008400A010C207BEECF6276004C2274000F4
S31540006510C427BF54C627BF5080A0E00704BFFFF47E
S31540006520BA0760089407BF4C9210001240002560DD
S315400065309010001380A22000128000A6C407BF540A
S31540006540C607BF5010BFFFEABA07BF5880A0E00099
S3154000655024BFFE03B827001780A0E0100480002166
S31540006560DE07BF509A10201010800006B2100003BC
S31540006570B2067FF080A660100480001A86100019CB
S315400065809E03E0018400A010C207BEECDA27600437
S31540006590C2274000C427BF54DE27BF5080A3E00770
S315400065A004BFFFF4BA0760089407BF4C921000126C
S315400065B04000253F9010001380A2200012800085E5
S315400065C0B2067FF0C407BF54DE07BF50BA07BF58B4
S315400065D080A6601014BFFFEB9A1020108610001999
S315400065E09E03E00184008003C207BEECC627600418
S315400065F0C2274000C427BF54DE27BF5080A3E00710
S3154000660004BFFDD6BA0760089407BF4C921000122B
S31540006610400025279010001380A220001280006DB4
S31540006620C407BF5410BFFDCDBA07BF580480001F32
S31540006630C607BF50108000069A102010B8073FF0DA
S3154000664080A720102480001A8600E0018600E00121
S315400066508400A010C207BEECDA276004C2274000BF
S31540006660C427BF54C627BF5080A0E00704BFFFF42D
S31540006670BA0760089407BF4C921000124000250CE0
S315400066809010001380A2200012800052B8073FF0FD
S31540006690C407BF54C607BF50BA07BF5880A72010CB
S315400066A014BFFFEB9A1020108600E0018400801C86
S315400066B0C207BEECF8276004C2274000C427BF5477
S315400066C0C627BF5080A0E00704BFFDA8BA076008F0
S315400066D09407BF4C92100012400024F5901000130E
S315400066E080A220001280003BC407BF5410BFFD9F0C
S315400066F0BA07BF58AC1000148408A0FF80A0A001C0
S31540006700028000D4AE07BFFC80A0A0021280001118
S31540006710AA100017C807BEA8820C600FAA057FFF03
S31540006720C2090001C22D4000852C201C873420045C
S3154000673083346004A21080018090C01112BFFFF71D
S31540006740A0100003AE25C01510BFFEB2A81000165B
S3154000675098100015840C6007AA057FFF8400A030BE
S31540006760C42D4000872C201D8934200383346003C8
S31540006770A210C0018091001112BFFFF6A0100004C4
S315400067808408A07F80A0A03002BFFFEF808DA001CB
S3154000679022BFFFEEAE25C01598033FFE8410203081
S315400067A0AE25C00CC42D7FFFA810001610BFFE9961
S315400067B0AA10000C9407BF4C92100012400024BC53
S315400067C09010001380A2200022BFFD85C027BF5035
S315400067D0C207BEE080A06000028000049210000163
S315400067E04000117690100013C214A00C80886040BF
S315400067F0128006C782103FFFF007BEE481C7E0085B
S3154000680081E800009407BF4C92100012400024A873
S315400068109010001380A2200012BFFFF4BA07BF58A1
S3154000682010BFFCF7C207BEE404800025DE07BF5058
S31540006830E03FBE889A102010B210000C108000066F
S31540006840A0100003A0043FF080A420100480001A8A
S31540006850861000109E03E0018400A010C207BEE827
S31540006860DA276004C2274000C427BF54DE27BF5042
S3154000687080A3E00704BFFFF4BA0760089407BF4C43
S31540006880921000124000248A9010001380A220002B
S3154000689012BFFFD0C407BF54A0043FF0DE07BF506D
S315400068A0BA07BF5880A4201014BFFFEB9A102010DF
S315400068B08610001098100019E01FBE889E03E00164
S315400068C084008003C207BEE8C6276004C227400092
S315400068D0C427BF5480A3E0071480023CDE27BF5084
S315400068E0DE0FBEF7BA07600810BFFCFA9F2BE01810
S315400068F0D827BE889407BF4C921000124000246CE3
S315400069009010001380A2200012BFFFB2C407BF54EC
S31540006910BA07BF5810BFFCFED807BE889407BF4CC5
S3154000692092100012400024629010001380A22000B2
S3154000693012BFFFA8C407BF5410BFFD04BA07BF5813
S31540006940400007639010001380A22000128006705A
S3154000695082103FFFC214A00C8208601A80A0600A11
S3154000696012BFFC6B8207BF58C254A00E80A06000C5
S3154000697006BFFC678207BF58F607BEDCB410001599
S31540006980B21000124000072691E800130480001E52
S31540006990C607BF5010800006B6102010B8073FF05B
S315400069A080A72010248000198600E0018600E001BF
S315400069B08400A010C207BEE8F6276004C227400044
S315400069C0C427BF54C627BF5080A0E00704BFFFF4CA
S315400069D0BA0760089407BF4C921000124000243456
S315400069E09010001380A2200012BFFF7AB8073FF034
S315400069F0C407BF54C607BF5080A7201014BFFFEC82
S31540006A00BA07BF588600E0018400801CC207BEE872
S31540006A10F8276004C2274000C427BF5480A0E0077F
S31540006A2004BFFCE6C627BF509407BF4C9210001225
S31540006A304000241F9010001380A2200012BFFF6563
S31540006A40C407BF5410BFFCDE80A68016AC100014ED
S31540006A5080A420001280018480A4600918800182ED
S31540006A6084046030A8100016C42FBFFBAE1020016E
S31540006A7010BFFDE8AA07BFFBF807BF0080A72000AC
S31540006A80048001DFC207BED0C607BEC880A040034F
S31540006A90148000F2B810000180A720000480000E88
S31540006AA08638001CC607BF508400801C8600E00163
S31540006AB0EA274000F8276004C427BF54C627BF50C2
S31540006AC080A0E00714800481BA0760088638001C5D
S31540006AD0C207BED08738E01F860F0003B8204003A8
S31540006AE080A720001480014480A72010C207BED092
S31540006AF0808D240012800393AE054001F807BF0045
S31540006B00C207BEC880A7000126800006C207BEB0E5
S31540006B10808D2001028004768620401CC207BEB0CC
S31540006B20F607BF5084008001B606E001C607BEAC3A
S31540006B30C2276004C6274000C427BF54F627BF506B
S31540006B4080A6E00714800571BA076008C207BEC870
S31540006B508620401C880540018821001780A0C0047B
S31540006B6004800003B6100003B610000480A6E000BF
S31540006B700480000BC807BF508400801B8801200199
S31540006B80EE274000F6276004C427BF54C827BF50ED
S31540006B9080A12007148005A6BA076008B838001BF4
S31540006BA0B93F201FB80EC01CB820C01C80A72000CB
S31540006BB004BFFC7C808D200480A7201004800148FF
S31540006BC0C607BF5010800006B6102010B8073FF029
S31540006BD080A7201004800143C207BEEC8600E00176
S31540006BE08400A010C207BEECF6276004C22740000E
S31540006BF0C427BF54C627BF5080A0E00704BFFFF498
S31540006C00BA0760089407BF4C92100012400023A8B0
S31540006C109010001380A2200012BFFEEEC407BF549E
S31540006C20C607BF5010BFFFEABA07BF58808D200184
S31540006C3012BFFCC780A72007148000988600E00298
S31540006C4010BFFCE7BA07601080A0A00004BFFCE5B7
S31540006C50C207BEA480A0A0100480063EB210000267
S31540006C60BA10201010800007B810000FB2067FF04F
S31540006C7080A660100480007F84100019B8072001A8
S31540006C80AE05E010C207BEECFA26E004C226C000FC
S31540006C90EE27BF54F827BF5080A7200704BFFFF454
S31540006CA0B606E0089407BF4C9210001240002380BD
S31540006CB09010001380A2200012BFFEC6EE07BF54FC
S31540006CC0F807BF5010BFFFEAB607BF58808DA01027
S31540006CD01280003D86006004808DA040028000380E
S31540006CE0808DA200E010600284102001A2100010E6
S31540006CF0C627BEDC10BFFD36A0102000808D2010B8
S31540006D001280004284006004808D20400280003D55
S31540006D10808D2200E0106002C427BEDCA210001065
S31540006D20AC0D3BFFA010200010BFFD2984102000B1
S31540006D30808D20101280002C84006004808D2040BD
S31540006D4002800027808D2200C6004000C427BEDC9A
S31540006D508528E0108738A01FA338A010A010000394
S31540006D6010BFFCDF841000038410202DA2A0001168
S31540006D70C42FBEF7A0600010AC10001410BFFD1564
S31540006D808410200180A0600002BFFCC18410000175
S31540006D90C20E0000C448800080A0A00002BFFBA72E
S31540006DA0B728601810BFFBA5A815240002BFFBFD3D
S31540006DB0808D200410BFFDB9C207BEB0328003E407
S31540006DC0E0086003E000400084102001A21000109B
S31540006DD0C627BEDC10BFFCFEA0102000328003CBCD
S31540006DE0C6004000C8004000C427BEDC8739201FCB
S31540006DF0A21000048410000310BFFCB9A0100003C9
S31540006E00328003CDE0086003E0004000AC0D3BFF5C
S31540006E10C427BEDCA21000108410200010BFFCEC7A
S31540006E20A0102000C207BEE48738601FC220A0041D
S31540006E3010BFFB52C62080007FFFEDF79007BF20B2
S31540006E40C207BF20C227BEB8C207BF24C227BEB4EE
S31540006E5010BFFC07AE100001B810000380A7200049
S31540006E6034BFFF12C607BF5010BFFF1A8638001C3A
S31540006E70860720018806E008AE05C002C207BEECC0
S31540006E80C426E004C226C000EE27BF5480A0E00717
S31540006E9004800388C627BF509407BF4C9210001247
S31540006EA0400023039010001380A2200012BFFE4929
S31540006EB0EE07BF54C607BF50B607BF588600E0016D
S31540006EC0C207BEA48807BF0884004017C826C00072
S31540006ED0C226E004C427BF54C627BF5080A0E0079F
S31540006EE004BFFBAFBA07BF6010BFFC479407BF4C57
S31540006EF0A8152020B006200110BFFB50B728601807
S31540006F00A8152200B006200110BFFB4CB728601818
S31540006F109407BF4C92100012400022E590100013D7
S31540006F2080A2200012BFFE2BC407BF5410BFFD66CF
S31540006F30BA07BF5805100054AA1020788210A14005
S31540006F40C227BEA8808D202002800070C207BEDC0A
S31540006F509210000182006008941020089007BF40FC
S31540006F607FFFEDADC227BEDCE01FBF40809400111D
S31540006F7002800004808D200132800005841020307C
S31540006F80AC0D3BFF10BFFC9284102002A8152002D6
S31540006F90C42FBEF8EA2FBEF9AC0D3BFF10BFFC8CE8
S31540006FA08410200210BFFCD8AC1000140510005409
S31540006FB0AA1020588210A15810BFFFE3C227BEA8CE
S31540006FC080A720061880033FAC10001C091000540F
S31540006FD0C027BEE0AE1000169E102000B81020005C
S31540006FE0C027BEBCC027BEC0C027BED010BFFB2B2B
S31540006FF0AA11217004800217C607BF5010800006F0
S31540007000B6102010B8073FF080A720102480021247
S315400070108600E0018600E0018400A010C207BEECB5
S31540007020F6276004C2274000C427BF54C627BF5076
S3154000703080A0E00704BFFFF4BA0760089407BF4C7E
S31540007040921000124000229A9010001380A2200055
S3154000705012BFFDE0C407BF54C607BF5010BFFFEACA
S31540007060BA07BF58808DA4001280020DAE07BFFC40
S31540007070AA100017941020009610200A90100010B5
S31540007080400031339210001182026030901000109F
S3154000709092100011941020009610200A400030579C
S315400070A0C22D7FFFAA057FFF8410001180A4200017
S315400070B08625C015A010000812BFFFEFA2100009D8
S315400070C080A0A00918BFFFED94102000C627BEC8B7
S315400070D0AE25C01510BFFC4FA8100016C207BEEC67
S315400070E0F8276004C22740008600E0018400801C27
S315400070F0C627BF5080A0E00704BFFB28C427BF5463
S3154000710010BFFBC19407BF4C808D20101280002A0F
S3154000711084006004808D204002800025808D2200FE
S31540007120E0106002C427BEDCA210001010BFFF9022
S31540007130A01020009407BF4C921000124000225C21
S315400071409010001380A2200012BFFDA2B607BF58C0
S31540007150EE07BF54F807BF50C207BEB0B8072001BC
S31540007160AE05C001C407BEACC226E004C426C000BA
S31540007170EE27BF54F827BF5080A7200704BFFB80E7
S31540007180B606E0089407BF4C921000124000224811
S315400071909010001380A2200012BFFD8EEE07BF5450
S315400071A0F807BF5010BFFB76B607BF58328002DEE5
S315400071B0E0086003E0004000C427BEDCA2100010D7
S315400071C010BFFF6BA0102000D827BE889407BF4C85
S315400071D092100012400022369010001380A2200028
S315400071E012BFFD7CDE0FBEF7C407BF54BA07BF58B7
S315400071F09F2BE01810BFFAB7D807BE883710005447
S31540007200B616E178C607BF50F62740008600E00173
S315400072108400A001B6102001C427BF54F62760049D
S31540007220C627BF5080A0E00714800381BA076008D4
S31540007230C207BEC88090401C0280039BC207BEB0F6
S31540007240C607BF50840040028600E001C807BEACB6
S31540007250C2276004C8274000C427BF54C627BF5072
S3154000726080A0E0071480039EBA07600880A720002C
S31540007270068003FB80A73FF08600E001C207BEC838
S31540007280EA27400084004002C2276004C427BF5456
S3154000729080A0E00704BFFAC1C627BF5010BFFB5A03
S315400072A09407BF4CC207BEB894100001901000016D
S315400072B0C207BEB496100001400035059210000189
S315400072C080A220001280045F820EFFDF80A0604112
S315400072D0128000D6C227BEDC84102030C42FBEF8F0
S315400072E080A6E06102800003841020788410205834
S315400072F0C42FBEF9C027BEE080A72063148002A534
S31540007300AA07BF98C407BEB880A0A0001680029FF7
S31540007310C607BEB4C207BEB80520000084184002A6
S315400073208210202DC22FBE889010000292100003BA
S3154000733040001B6F9407BF00150FF0004000332F2D
S315400073409610200094102000AC100008AE100009E2
S31540007350400034719610200080A220001280000464
S3154000736080A6E06184102001C427BF00028004711A
S31540007370051000548210A158C227BED09A073FFF7D
S31540007380E03FBEC8E427BEBCF027BEA4A410001D43
S31540007390F627BEC0B2100015A010000DFA07BED0E9
S315400073A010800009B010001A03100054A0043FFFDB
S315400073B04000346FD418618080A220002280001AD9
S315400073C0F227BE84D41FBE90901000164000330BA7
S315400073D092100017AE10000940003504AC100008AA
S315400073E0400034CEB81000089410000896100009EA
S315400073F0901000164000321A92100017B61000196D
S31540007400C20F401CC22E4000B2066001AC100008FC
S31540007410AE10000980A43FFF12BFFFE4B410001075
S31540007420F227BE84E01FBEC8150FF800F427BEC879
S3154000743096102000901000164000346392100017FA
S31540007440BA100012B4100018B210001BE407BEBCFC
S31540007450F607BEC0F007BEA480A22000148004092F
S31540007460C607BE84C627BEC0150FF800961020007A
S3154000747090100016400034289210001780A2200079
S3154000748012800005C607BEC0808F2001328003FEF1
S31540007490F227BF10C207BEC880A060000680003930
S315400074A0B8007FFF842000039E00600180A0600535
S315400074B0048004518408A00380A0A000028000102C
S315400074C09A10000398102030D828C0009A0660020F
S315400074D080A0A0010280000AB8007FFED828E00103
S315400074E09A00E00280A0A00312800005B8007FFD4C
S315400074F09A00E003D828E002B8007FFC9823C00237
S31540007500170C0C0C8400C002940B3FFC9612E03022
S3154000751094028002D62080008400A00480A28002CB
S3154000752032BFFFFED6208000960B3FFC8403400B03
S3154000753080A2C00C02800012B827000B9A1020309F
S3154000754080A720000680000EDA2880000480000C08
S31540007550DA28A00180A7200104800009DA28A002C9
S3154000756080A7200204800006DA28A00380A7200313
S3154000757004800003DA28A004DA28A0058600C00F9C
S315400075808220C015A8152002C227BEC8C207BF0068
S3154000759010800063C227BED09407BF4C92100012E1
S315400075A0400021439010001380A2200012BFFC89A6
S315400075B0C407BF5410BFFBB3BA07BF5810BFF96F1B
S315400075C0C2208000C207BF5480A0600022BFFC8852
S315400075D0C214A00C9407BF4C9210001240002134F4
S315400075E09010001310BFFC82C214A00C901000151E
S315400075F07FFFED74C027BEE0DE0FBEF7AC38000853
S31540007600AE100008AD3DA01FB8102000C027BEBC7C
S31540007610C027BEC0AC0A001610BFF9A0C027BED016
S3154000762010BFFA34AA11212080A73FFF028001E152
S3154000763080A72000128001E080A06047128001DE12
S31540007640EC07BEB88215210080A5A0000680038500
S31540007650B2100001EE07BEB4C02FBE88B81020019C
S31540007660981020018407BF10C423A0608407BF047C
S31540007670D827BEE0C423A05C9A07BF00961020021C
S315400076809010001392100016400006089410001740
S31540007690C207BEDCAA10000880A06047128001E93C
S315400076A0D807BEE0808D2001328001E79805400C66
S315400076B0C607BF108220C015C227BEC8C207BF007A
S315400076C0C227BED0C407BEDC80A0A04712800225D8
S315400076D080A0A04680A700010680000384102001F8
S315400076E0841020008088A0FF12800009C207BED007
S315400076F080A07FFD068000038410200184102000B6
S315400077008088A0FF2280022CC407BEC8B606FFFEB2
S31540007710C027BEE0820EFFDFC227BEDCC207BED056
S31540007720B8007FFFF827BF00C207BEDC80A06041DB
S31540007730128000038410001B8406E00FC42FBF088C
S3154000774080A72000168000068410202BB810200148
S31540007750C207BED08410202DB827000180A720097B
S3154000776004800366C42FBF09AE07BF17B2100017C7
S315400077709210200A40002DF79010001C8202203003
S315400077809210200AC22E7FFF40002D469010001C0A
S315400077908210001CAC100019B810000880A060636D
S315400077A014BFFFF4B2067FFFB80220308405BFFE47
S315400077B080A080171A80038CF82E7FFF8607BF0AA9
S315400077C0C2088000C228C0008400A00180A08017A3
S315400077D012BFFFFC8600E0018207BF0A8407BF197B
S315400077E084208016840040028607BF0882208003DA
S315400077F0C227BEA484100001C207BEC880A0600193
S31540007800048001BFAE008001C207BEB0AE05C00114
S31540007810A80D3BFFAC380017A8152100AD3DA01FB1
S31540007820C027BEBCAC0DC016C027BEC0C027BED048
S31540007830C20FBE88808860FF128001C4C207BED4D2
S31540007840DE0FBEF7C227BEDC10BFF914B810200009
S315400078508600E0018400801CC207BEECF827600465
S31540007860C2274000C427BF54C627BF5080A0E007A8
S3154000787004BFFC9FBA0760089407BF4C92100012E1
S315400078804000208B9010001380A2200012BFFBD135
S31540007890C407BF5410BFFC96BA07BF58B2102000A9
S315400078A0AA100017E807BEA0941020009610200AE0
S315400078B09010001040002F26921000118202603076
S315400078C0C22D7FFFB2066001C24D000080A0607FDE
S315400078D002800005AA057FFF80A040190280000DA6
S315400078E080A42000941020009610200A90100010CA
S315400078F040002E429210001180A4200002800169AF
S3154000790080A46009A010000810BFFFE8A21000097B
S315400079101280016980A4600918800168C207BE9C74
S31540007920E827BEA0F227BEC8AE25C01510BFFA395B
S31540007930A81000169E10202D10BFF969C42FBEF75F
S31540007940C207BEBC80A060001480000CC207BEC047
S3154000795080A060001480000AC207BEC882054001AC
S315400079608610000180A5C00338BFFC65AE10000339
S3154000797010BFFC64F807BF00C207BEC8EA27BED4E2
S31540007980B8054001E827BED0F427BE88F207BEBC42
S31540007990F407BEC08210001DE03FBEC0A81000170D
S315400079A0F027BEBCB6102010E007BEA0FA07BE9C6A
S315400079B0AE100016AA100012F007BE9880A660000E
S315400079C012800034C607BF508400801D8600E00147
S315400079D0F0204000FA206004C427BF54C627BF5099
S315400079E0A0043FFFB406BFFF80A0E0071480003428
S315400079F08200600896270014C60C0000A410001CE4
S31540007A008728E0189F38E01880A3C00B0480000345
S31540007A10AC10000FAC10000B80A5A0000480001035
S31540007A2096380016C607BF50840080168600E001CF
S31540007A30E8204000EC206004C427BF5480A0E00743
S31540007A4014800090C627BF50C60C00008200600814
S31540007A508728E0189F38E01896380016973AE01FB6
S31540007A60880D800BAC23C00480A5A0001480001DA7
S31540007A7080A5A0108738E01880A6A00014BFFFD0CC
S31540007A80A805000380A6600024800122E027BEA04E
S31540007A90C607BF508400801D8600E001F0204000EC
S31540007AA0FA206004C427BF54C627BF50B2067FFFE2
S31540007AB080A0E00704BFFFD0820060089407BF4C57
S31540007AC09210001540001FFA9010001380A220006B
S31540007AD012800224C407BF5410BFFFC78207BF5895
S31540007AE0048002ACC607BF508600E001C807BEEC62
S31540007AF0F6206004C82040008400A010C627BF506E
S31540007B00C427BF5480A0E0071480013F820060086C
S31540007B109E05BFF080A3E0100480004DC807BEEC70
S31540007B208600E001F6206004C82040008400A010D2
S31540007B30C627BF50C427BF5480A0E0071480014623
S31540007B40820060089E05BFE080A3E01004800040EC
S31540007B50C807BEEC8600E001F6206004C82040005D
S31540007B608400A010C627BF50C427BF5480A0E0079A
S31540007B7014800143820060089E05BFD080A3E010B8
S31540007B8004800033C807BEEC8600E001F62060049E
S31540007B90C82040008400A010C627BF50C427BF5449
S31540007BA080A0E00714800165820060089E05BFC082
S31540007BB080A3E01004800026C807BEEC8600E001E2
S31540007BC0F6206004C82040008400A010C627BF509D
S31540007BD0C427BF5480A0E007148001778200600864
S31540007BE09E05BFB080A3E01004800019C807BEEC14
S31540007BF08600E001F6206004C82040008400A01002
S31540007C00C627BF50C427BF5480A0E0071480016038
S31540007C10820060089E05BFA080A3E0100480000C8F
S31540007C20C807BEEC8600E0018400A010F620600480
S31540007C30C8204000C427BF54C627BF5080A0E007D5
S31540007C4014800048820060089E05BF908600E001CF
S31540007C508400800FC807BEECDE206004C8204000C8
S31540007C60C427BF5480A0E0071480013EC627BF50FA
S31540007C70C60C00008200600810BFFF7F8728E0180E
S31540007C809407BF4C9210001540001F8990100013B6
S31540007C9080A22000128001B3C407BF54C60C000066
S31540007CA08728E0188207BF5810BFFF6C9F38E0183E
S31540007CB08600E001BA01200810BFF8C9B6100004DA
S31540007CC010BFFCC3AC1020069407BF4C92100012A4
S31540007CD040001F779010001380A2200012BFFABD0B
S31540007CE0C407BF5410BFFB7ABA07BF588805400186
S31540007CF09A21001780A0C00D04BFFBA9B61000034F
S31540007D0010BFFBA7B610000DC427BEDC8528E018BF
S31540007D108738A01FA338A018A010000310BFF8F0A2
S31540007D2084100003C427BEDCA210001010BFFC90D4
S31540007D30A0102000C427BEDCA2100010AC0D3BFFF3
S31540007D40A010200010BFF9228410200084102001CA
S31540007D50A2100010C627BEDC10BFF91DA0102000DF
S31540007D609407BF4C9210001540001F51901000130D
S31540007D7080A220001280017BC407BF54C607BF50B3
S31540007D8010BFFFB28207BF5810BFFD68C02FBE8824
S31540007D909207200140000EDE90100013AA922000A8
S31540007DA02280020BC214A00C10BFFD57EA27BEE08A
S31540007DB0B8102006EC07BEB88215210080A5A000A9
S31540007DC0068001A9B2100001EE07BEB4C02FBE88DE
S31540007DD0C207BEDC80A060461280013D8407BF100A
S31540007DE0C423A0608407BF049A07BF00C423A05CD5
S31540007DF09810001C96102003901000139210001645
S31540007E004000042A94100017C44A000080A0A03005
S31540007E101280000AAA100008941020009610200034
S31540007E2090100016400031D29210001780A2200018
S31540007E301280004384102001C407BF009800801CB4
S31540007E409805400C94102000D827BEE096102000DC
S31540007E5090100016400031B092100017D807BEE0CF
S31540007E6080A2200002BFFE148610000CC607BF1079
S31540007E7080A0C00C1ABFFE109E1020308200E00188
S31540007E80C227BF10DE28C000C607BF1080A300036C
S31540007E9038BFFFFC8200E00110BFFE088220C015FB
S31540007EA028BFFEA1E827BEA0A010000810BFFE7F95
S31540007EB0A2100009C207BE9CD207BE9894100001CA
S31540007EC0AA2540014000190390100015C24D20011B
S31540007ED080A0000190100010921000119410200014
S31540007EE09610200AA840001440002CC4B21020006E
S31540007EF0A010000810BFFE6DA2100009808D200161
S31540007F0022BFFE45A80D3BFF10BFFE41C207BEB0D3
S31540007F1086100012AC100017A4100015AE10001405
S31540007F20F407BE88E01FBEC0BA100001E807BED005
S31540007F30EA07BED410BFFE8CF007BEBC8420801C6E
S31540007F4010BFFFBFC427BF008410202DC227BEDC50
S31540007F50C42FBEF79E10202D10BFF750B81020003A
S31540007F601280019FC207BED0840D200180A0600010
S31540007F700480017A8410801C80A0A0001280012D0C
S31540007F80C407BEB0AE100001B6102066808D240036
S31540007F90128000F6AC380017AD3DA01FAC0DC016E0
S31540007FA0A8100019C027BEE0C027BEBC10BFFE21E6
S31540007FB0C027BEC0C207BED080A0800134800090DA
S31540007FC082100002808D200102800004AE10000164
S31540007FD0C407BEB0AE004002808D2400028000057A
S31540007FE0C207BED080A06000348000E0B610206793
S31540007FF0AC380017B6102067AD3DA01F10BFFFE993
S31540008000AC0DC0169407BF4C9210001540001EA838
S315400080109010001380A22000128000D2C407BF54E3
S31540008020C607BF5010BFFEBB8207BF589407BF4C60
S315400080309210001240001E9E9010001380A2200055
S3154000804012BFF9E4F807BF00C407BF5410BFFC795C
S31540008050BA07BF589407BF4C9210001540001E94B3
S315400080609010001380A22000128000BEC407BF54A7
S31540008070C607BF5010BFFEB48207BF589407BF4C17
S315400080809210001540001E8A9010001380A2200016
S31540008090128000B4C407BF54C607BF5010BFFEB716
S315400080A08207BF58808D200102BFF73E808D200495
S315400080B0C207BEB0C607BF50840040028600E0013A
S315400080C0C807BEACC2276004C8274000C427BF54B7
S315400080D080A0E00704800017C627BF509407BF4C16
S315400080E09210001240001E729010001380A22000D1
S315400080F012BFF9B8F807BF00C407BF54C607BF5040
S3154000810010BFFC5BBA07BF589407BF4C92100012D1
S3154000811040001E679010001380A2200012BFF9ADE8
S31540008120F807BF00C407BF5410BFFA89BA07BF5843
S3154000813010BFFC52BA0760089407BF4C9210001556
S3154000814040001E5B9010001380A220001280008524
S31540008150C407BF54C607BF5010BFFE958207BF581D
S315400081609407BF4C9210001540001E51901000130A
S3154000817080A220001280007BC407BF54C60C0000BA
S315400081808207BF5810BFFE3C8728E0189407BF4CB3
S315400081909210001540001E469010001380A2200049
S315400081A012800070C407BF54C607BF5010BFFE9A66
S315400081B08207BF589407BF4C9210001540001E3CE2
S315400081C09010001380A2200012800066C407BF549E
S315400081D0C607BF5010BFFE838207BF58AC10001CB5
S315400081E0AE10001CDE0FBEF7B8102000C027BEBC84
S315400081F0C027BEC010BFF6A9C027BED0C407BEB0B8
S31540008200AE004002C207BED080A0600014BFFF602F
S31540008210B6102067AE25C001AE05E001AC380017A8
S31540008220AD3DA01F10BFFF5FAC0DC0169407BF4CFD
S315400082309210001240001E1E9010001380A22000D3
S3154000824012BFF964C607BF00C207BEC8C407BF5401
S315400082508620400310BFFA52BA07BF581680002E38
S31540008260B620001C10800006B8102010B606FFF09D
S3154000827080A6E010248000298600E0018600E00107
S315400082808400A010C207BEECF8276004C227400055
S31540008290C427BF54C627BF5080A0E00704BFFFF4E1
S315400082A0BA0760089407BF4C9210001240001E00A7
S315400082B09010001380A2200012BFF946C407BF5495
S315400082C0C607BF5010BFFFEABA07BF5880A0604537
S315400082D0128000BD9A07BF00C423A0608407BF0474
S315400082E098072001C423A05CD827BEE09610200240
S315400082F09010001392100016400002EC94100017E4
S31540008300D807BEE010BFFECFAA10000810BFF93B49
S31540008310C227BEE48600E0018400801BC207BEEC93
S31540008320F6276004C2274000C427BF5480A0E00758
S3154000833004BFFF80C627BF509407BF4C921000125F
S3154000834040001DDB9010001380A2200012BFF921CF
S31540008350C407BF54C607BF5010BFFBC8BA07BF58B3
S3154000836010BFF91CA4100015C027BEBCC027BEC054
S31540008370C807BEA0C40900008528A0188738A018E1
S3154000838080A0E07F02800015C607BED08338A018C3
S3154000839080A0400336800010C827BEA0C409200133
S315400083A08620C0018528A0188338A01880A06000C8
S315400083B022800016C207BEBCF807BEC0B80720011F
S315400083C0F827BEC080A0607F12BFFFF2880120015F
S315400083D0C827BEA0C627BED0C207BEC0C407BEBC03
S315400083E0D207BE9C90004002400029F2A810001916
S315400083F0C027BEE0AE020017AC380017AD3DA01F47
S3154000840010BFFD0CAC0DC01682006001C227BEBC79
S31540008410C40900008528A0188338A01880A0607F72
S3154000842012BFFFDD80A0400310BFFFEBC827BEA0F0
S31540008430B6102066AE00400210BFFED5AE05C01C89
S3154000844080A6E0470480003F0910005409100054FC
S31540008450A80D3F7FAA11213810BFF6A7DE0FBEF741
S31540008460B8102001C207BEB82D200000EE07BEB4EA
S31540008470AC1840168210202D10BFFE56C22FBE8863
S31540008480F227BF10C207BED0DE48600FC408FFFF08
S31540008490B928A018993F201880A3000F1280000D1C
S315400084A09E10000396102030D62BFFFFDE07BF102C
S315400084B08203FFFFC227BF10C40BFFFFB928A018D5
S315400084C0833F201880A3000122BFFFF9D62BFFFF70
S315400084D0B93F201880A72039028000048400A001FB
S315400084E010BFFC28C42BFFFFC207BED0C408600AD9
S315400084F010BFFC24C42BFFFFC207BEDC80A0604136
S31540008500028000058407BF0A861020308407BF0B0F
S31540008510C62FBF0A8620801EB80720308200E0F9A9
S31540008520F8288000C227BEA410BFFCB48410000106
S31540008530051000548210A14010BFFB91C227BED047
S31540008540A80D3F7FAA11213010BFF66BDE0FBEF794
S3154000855010BFFA4A8810001D80A0A00012800006B5
S31540008560C207BEB0AC102001B610206610BFFE8D0B
S31540008570AE102001B6102066AE006001AE05C01CEC
S31540008580AC380017AD3DA01F10BFFE86AC0DC0161F
S3154000859010BFFDAF9E100016C207BEDCF8004000BB
S315400085A08200600480A7200016800003C227BEDC3C
S315400085B0B8103FFFC20E2001B010000210BFF59F59
S315400085C0B728601810BFFC289810001C8410604023
S315400085D08210000210BFF886C434A00C10BFFC50B5
S315400085E0C027BEE082102002C227BEA410BFFC8373
S315400085F08410000110BFFBD2841000039610000ABD
S31540008600031000599410000992100008D000622C03
S315400086108213C0007FFFF5099E1040009DE3BB38E2
S31540008620841024008607BC00C216600CDA0660601F
S3154000863082087FFDDE16600EC8066028F8066020B8
S3154000864090100018BA100018C237BBA8DA27BBFC36
S31540008650DE37BBAAF827BBBCC827BBC4C627BB9C12
S31540008660C627BBACC427BBA4C427BBB0C027BBB47A
S315400086709610001B9410001A7FFFF4F09207BB9CE3
S31540008680B09220003680000B9207BB9CC217BBA855
S31540008690808860400280000501000000C216600C20
S315400086A082106040C236600C81C7E00881E8000055
S315400086B0400008569010001D80A2200032BFFFF4F3
S315400086C0B0103FFF10BFFFF3C217BBA89DE3BFA08A
S315400086D003100059FA00622C80A760000280000651
S315400086E003100054C207601880A060000280002971
S315400086F0031000548210621C80A640012280002D87
S31540008700F207600403100054821061FC80A6400109
S315400087100280004A03100054821061DC80A64001AA
S3154000872022800002F207600CC216600C8088600846
S315400087300280002484100001C606601080A0E0007C
S315400087400280002D8808A2808088A0010280003621
S315400087508088A002C8066014C026600888200004ED
S31540008760C826601880A0E00002800004B0102000F7
S3154000877081C7E00881E800008088A08002BFFFFD35
S3154000878082106040C236600C81C7E00891E83FFF26
S31540008790400009459010001D031000548210621CD1
S315400087A080A6400112BFFFD903100054F2076004AF
S315400087B0C216600C8088600812BFFFE0841000017A
S315400087C0808860102280002E8410200980886004F2
S315400087D03280001CD2066034C606601084106008E1
S315400087E0C436600C80A0E00012BFFFD882100002A1
S315400087F08808A28080A1220002BFFFD58088A00100
S315400088009210001940000BBC90100018C216600C64
S31540008810841000018088A00112BFFFCFC6066010F9
S315400088208088A0021280000388102000C8066014C9
S3154000883010BFFFCDC826600810BFFFBCF207600816
S3154000884080A26000028000098406604480A2400243
S3154000885022800006C0266034400009589010001857
S31540008860C216600CC0266034C606601082087FDBE4
S31540008870C026600410BFFFDAC6264000C4260000AA
S3154000888082106040C236600C81C7E00891E83FFF25
S315400088909DE3BFA03910005BFA07217C80A76000EA
S315400088A02280003A3B10005BC207600480A0601F34
S315400088B00480001A80A620002110002EA01420DC7F
S315400088C080A420000280003A0100000040000C0411
S315400088D09010208CBA92200002800035C207217C7D
S315400088E0C2274000C0276004FA27217C80A62000CA
S315400088F012800031C0276088821020008410200139
S31540008900C42760048200600283286002F227400187
S3154000891081C7E00891E8200002BFFFFA84006001A9
S31540008920D00760882110002E80A2200002800022FD
S31540008930A01420DCC802210085286002F42200022F
S31540008940861020018728C0018810C004C822210053
S3154000895084020002F620A08080A6200212BFFFE912
S3154000896084006001C802210486110003C622210446
S31540008970C42760048200600283286002F227400117
S3154000898081C7E00891E82000BA1760F003000000B4
S315400089908410600080A0A00002BFFFC4FA27217C9B
S315400089A0C200600010BFFFC1C227608881C7E008CF
S315400089B091E83FFF80A4200002BFFFFD01000000B8
S315400089C040000BC79010210880A2200002BFFFF88C
S315400089D088102000C0222100C0222104D0276088B0
S315400089E010BFFFD6C20760049DE3BFA02310005B03
S315400089F02510002EA214617CA0102001A414A0F41E
S31540008A00F604400080A6E0000280004AAE10001145
S31540008A10F806E004BA873FFF0C800032E606E0889D
S31540008A2080A660000280005380A4E0000280002EF1
S31540008A3080A4A000B92F2002AA04E07CAC06E00482
S31540008A4010800006A804FFFCBA077FFF80A77FFFBF
S31540008A5002800024B8073FFCC205401C80A64001A6
S31540008A6032BFFFFBBA077FFFF406E0048406BFFF70
S31540008A7080A7400202800035C205801CC025801CAC
S31540008A8080A0600002BFFFF1852C001DC604E100F6
S31540008A90808880030280002901000000C604E104AA
S31540008AA0808880030280002CD205001C9FC04000B5
S31540008AB090100009C206E00480A6800132BFFFD2B2
S31540008AC0F6044000C205C00080A6C00112BFFFCD1B
S31540008AD0BA077FFF80A77FFF12BFFFE0B8073FFCC2
S31540008AE080A4A0000280006D01000000C406E004DE
S31540008AF080A0A0001280001CC206C00080A06000BA
S31540008B000280001980A4E00002800004C225C00053
S31540008B1040000B799010001340000B779010001B1B
S31540008B20F605C00080A6E00032BFFFBBF806E004B1
S31540008B3081C7E00881E800009FC0400001000000B6
S31540008B4010BFFFDEC206E004FA26E00410BFFFCDE8
S31540008B50B410001D9FC040009010001810BFFFD7F2
S31540008B60C206E004AE10001B10BFFFEFB6100001B6
S31540008B70B52F20021280001FB406C01A108000389C
S31540008B8084073FFFC026A00480A060000280001436
S31540008B90852C001DC604E1008088800302800037D2
S31540008BA0872F6002C804E104808880041280003761
S31540008BB0D204C0039FC0400090100018F806E0049D
S31540008BC080A5001C32BFFF90F6044000C205C000DD
S31540008BD080A6C00132BFFF8CF6044000BA077FFF73
S31540008BE080A77FFF02BFFFBFB406BFFCF806E004C4
S31540008BF084073FFFA810001C80A7400212BFFFE277
S31540008C00C206A004FA26E00410BFFFE0A810001D2B
S31540008C10C026A00480A060002280000CBA077FFF17
S31540008C209FC0400001000000F806E00480A7001441
S31540008C3032BFFF75F6044000C205C00080A0401B4D
S31540008C4012BFFF70BA077FFF80A77FFF02BFFFA555
S31540008C50B406BFFCF806E00484073FFFA810001CDA
S31540008C6080A7400212BFFFEBC206A004FA26E0042A
S31540008C7010BFFFE9A810001D9FC040000100000082
S31540008C8010BFFFD0F806E0049FC0400090100009D6
S31540008C9010BFFFCCF806E00481C7E00881E8000079
S31540008CA09DE3BF98C2062010A0100018F60660107B
S31540008CB080A0401B0680007BB0102000A8066014F0
S31540008CC0A2042014B606FFFFA72EE002EA044013D2
S31540008CD0FA05001390100015BA076001400027EF0F
S31540008CE09210001D82044013C227BFFCB405001336
S31540008CF080A5401D0A800039B81000083100003FA9
S31540008D00AC100014AA100011BA102000A4102000C4
S31540008D10B01623FFEE0580009210001C400027A5E8
S31540008D20900DC0189210001CBA02001D400027A1E9
S31540008D309135E01087376010BA0F40189002000353
S31540008D40BA24801D860A0018C4054000820880188F
S31540008D508530A0108207400184208003BB38601014
S31540008D60820840188400801D8728A0108210C00108
S31540008D70C2254000AA056004AC05A004BB32201001
S31540008D8080A680161ABFFFE4A538A010C20440137F
S31540008D9080A060001280001292100019C207BFFC2A
S31540008DA0A4007FFC80A440122A800008C2048000F0
S31540008DB01080000BF624201080A440121A80000672
S31540008DC0B606FFFFC204800080A0600022BFFFFB02
S31540008DD0A404BFFCF6242010921000194000109302
S31540008DE09010001080A220000680002D3300003F26
S31540008DF0B8072001BA10001182102000B21663FF96
S31540008E00C8050000C4074000B0090019860880194B
S31540008E10822040188530A0108600400389312010FA
S31540008E20822080048538E010BA0760048200400240
S31540008E308608C0198528601086108003C6277FFCE7
S31540008E40A805200480A680141ABFFFEE8338601060
S31540008E50832EE002C404400180A0A00012800010CE
S31540008E608204400182007FFC80A440012A800008E1
S31540008E70C40040001080000AF624201080A440015F
S31540008E801A800006B606FFFFC400400080A0A0007E
S31540008E9022BFFFFB82007FFCF6242010B010001C8E
S31540008EA081C7E00881E800009DE3BF40A01000199B
S31540008EB0A210001AF827BFD8FA27BFE4E03FBFF058
S31540008EC0C206202480A06000028002A501000000A6
S31540008ED0D200400080A260000280000CB810001052
S31540008EE0C40060048210200183284002C42260042A
S31540008EF0C222600840000DB990100018C206202416
S31540008F00C0204000B810001080A420001680000643
S31540008F10821020000520000082102001B82C00029B
S31540008F20F827BFF0C407A05CC2208000031FFC00E6
S31540008F30840F000180A0800102800173C41FBFF02E
S31540008F4094102000C43FBFD096102000901000021D
S31540008F5040002D719210000380A220001280000D67
S31540008F6082102001C407BFE4C2208000C207A0606F
S31540008F7080A060000280028239100054B81721791F
S31540008F80F8204000B8073FFF81C7E00891E8001C81
S31540008F90E41FBFD09807BFF89607BFFC9210001297
S31540008FA0941000134000114390100018B33720145A
S31540008FB080A6600012800166BA100008F407BFF868
S31540008FC0F207BFFCB20680198206643280A0602098
S31540008FD02480026FB82000018220000184066412BA
S31540008FE0B92F0001913440029017000840002E32FC
S31540008FF0B2067FFF8210200184100008C227BFC03E
S31540009000033F840090008001150FFE0040002B14A2
S3154000901096102000150FF4A11718DBD09412A3A7C1
S3154000902040002BF69612E361150FF1A21722D832B3
S315400090309412A22840002A229612E0B3A0100008FB
S31540009040A210000940002DB590100019150FF4D15B
S31540009050171427DE9412A01340002BE89612E1FB6A
S3154000906094100008961000099010001040002A1431
S3154000907092100011A010000840002DDCA21000093B
S315400090809410200096102000B8100008921000118D
S3154000909040002D639010001080A220003680000A08
S315400090A0B426801940002D9D9010001C941000108D
S315400090B040002D2F9610001180A00008B8672000B0
S315400090C0B42680198206BFFF80A720161880021892
S315400090D0C227BFE8832F2003051000548410A2A0A6
S315400090E082008001D01FBFD040002D4DD4184000D3
S315400090F080A22000168001EAC027BFC4C027BFE077
S315400091008206BFFF80A0600006800210B8073FFFBE
S3154000911080A72000168001E7C207BFE8C207BFE06C
S315400091208220401CF827BFECC227BFE08220001CEB
S31540009130C227BFC8B810200080A6E009188001E405
S31540009140F206202480A6E00504800004B410200125
S31540009150B606FFFCB410200080A6E004028003B0EF
S3154000916080A6E005028002C580A6E002128001E3E7
S31540009170C027BFCCC807BFD880A120000480031CED
S3154000918082102001C827BFBCC827BFDCC207BFDC8E
S31540009190C026600480A0600F8240200080A1201776
S315400091A0048004E8B408401A841020018210200488
S315400091B092100002832860018600601480A100039B
S315400091C01ABFFFFC8400A001D226600440000CCFE9
S315400091D090100018D0264000C2062024808EA0FFA2
S315400091E00280010DE6004000C607BFEC80A0E0000B
S315400091F0048002498208E00F05100054832860036A
S315400092008410A2A0B538E004820080018088E10085
S31540009210028002F4E018400003100054D01FBFD073
S31540009220D418629840002C3DB40EA00FB210200313
S31540009230A8100008AA10000980A6A000028000130A
S315400092409410001025100054A414A278808EA0011A
S315400092502280000AB53EA001901000109210001125
S31540009260D41C800040002B65B2066001A0100008A7
S31540009270A2100009B53EA00180A6A00012BFFFF4CF
S31540009280A404A00894100010961000119010001429
S3154000929040002C2292100015A0100008A2100009D0
S315400092A0C207BFC480A0600002800009150FFC0001
S315400092B0961020009010001040002CD992100011FA
S315400092C080A2200006800364C207BFDC40002D1345
S315400092D0901000199410001040002B489610001171
S315400092E0151007004000297696102000C207BFDC03
S315400092F0AA10000980A06000033F3000028000B140
S31540009300A8020001C207BFECC227BFACC207BFDC40
S31540009310C227BFB89210001140002D3490100010A3
S3154000932040002CFEB2100008941000089610000968
S315400093309010001040002A4A92100011C207BFB890
S31540009340AC10000882007FFFAE100009832860033E
S3154000935005100054EC3FBFB08410A2A082008001EB
S31540009360B2066030D4184000B404E001C207BFCC56
S3154000937080A06000028002A1A4100019110FF8001D
S3154000938040002BE6921020009410001440002A342E
S315400093909610001594100016A0100008A21000099F
S315400093A0F22CC00040002C889610001780A22000A6
S315400093B0148003EAB2102000F827BFA4F027BFA804
S315400093C0B01000132D0FFC00A610001DAE1020009B
S315400093D0F81FBFB029100900F627BFB0AA10200019
S315400093E010800024F607BFB8B206600180A6401B75
S315400093F0168003F6B406A00140002B0001000000D1
S315400094009410001496100015A0100008A210000930
S315400094109010001C40002AF99210001DBA10000955
S3154000942040002CF2B810000840002CBCA4100008E4
S3154000943094100008961000099010001C40002A085D
S315400094409210001D8204A030B8100008BA1000091E
S31540009450A4100001C22EBFFF9410001040002C70D3
S315400094609610001180A22000268003BABA1000137D
S315400094709410001C9610001D90100016400029F80C
S31540009480921000179410001040002C6596100011A1
S3154000949094100014821000089610001590100010C9
S315400094A080A0600016BFFFD192100011BA100013C1
S315400094B0A6100018C207BFACB810001382006001A6
S315400094C0F007BFA8C227BFEC10800007A610001AFD
S315400094D080A0801C02800371C207BFECE408BFFF76
S315400094E0A6100002832CA0188338601880A060392B
S315400094F002BFFFF88404FFFFA404A001108000DA35
S31540009500E428800003000009C407BFE48210630F0B
S31540009510C2208000033FFC00B82F00018097001155
S3154000952012800015C207A0603910005480A0600068
S3154000953002BFFE96B81721C882072008C407A0605C
S31540009540C220800081C7E00891E8001C053FFC006E
S31540009550821000129210001382284002B2067C014B
S31540009560050FFC00F407BFF89010400210BFFEA79D
S31540009570C027BFC03910005480A0600002BFFE83E0
S31540009580B81721D882072003C407A06010BFFFEE9A
S31540009590C220800040002C619010001994100010E9
S315400095A040002A969610001115100700400028C466
S315400095B096102000033F3000AA100009A8020001BF
S315400095C0151005009610200090100010400029A4A8
S315400095D09210001194100014A0100008A210000967
S315400095E040002BF99610001580A22000148002CA74
S315400095F0032000009010001092100011941840149F
S3154000960040002C079610001580A220002680026696
S31540009610B2102000C207BFFC80A06000068000098F
S31540009620C607BFEC80A0E00E048000038410200132
S31540009630841020008088A0FF12800162C407BFD832
S31540009640C407BFCC80A0A000228000D3F207BFC8C9
S3154000965080A6E0010480029CC407BFC8C207BFDCE5
S3154000966082007FFF80A0800116800006B220800124
S3154000967084204002B2102000B8070002C227BFC8AB
S31540009680C207BFDCC407BFE080A0600006800008B8
S31540009690A0208001C607BFE8A01000028600C001D6
S315400096A082008001C627BFE8C227BFE09210200192
S315400096B040000CB990100018B410000880A4200097
S315400096C00480000EC407BFE880A0A0000480000B01
S315400096D080A400021480020882100010C407BFE074
S315400096E084208001A0240001C427BFE0C407BFE84E
S315400096F082208001C227BFE8C207BFC880A06000A1
S315400097000280000BC207BFCC80A060000280027CB2
S3154000971080A66000148002269210001AC207BFC8B5
S3154000972094A04019128002309210001D9210200120
S3154000973040000C999010001880A720001480013E2C
S31540009740B210000880A6E00104800238A210200072
S3154000975080A720001280014082102001C607BFE882
S31540009760820040038288601F2280008E8210201C67
S31540009770841020208420800180A0A0040480036DF2
S315400097808410201C82208001C407BFE0A004000191
S31540009790840080018200C001C427BFE0C227BFE821
S315400097A0C207BFE080A0600024800008C207BFE86F
S315400097B09210001D9410000140000DAA9010001850
S315400097C0BA100008C207BFE880A060000480000805
S315400097D080A6E002921000199410000140000DA1ED
S315400097E090100018B210000880A6E0021480000312
S315400097F0B8102001B8102000C207BFC480A0600086
S315400098001280012192100019C207BFDC80A06000BF
S315400098101480006C808F20FF0280006BC207BFEC73
S31540009820C207BFDC80A06000028001B5921000191B
S31540009830C207BFD8B8100013B638000192100019FD
S3154000984040000B66901000188206E00180A6A0003A
S3154000985002800005C227BFEC9210001A40000B5F41
S31540009860901000189210001D40000B5C90100018DC
S31540009870C02CC000C207BFE4C407BFECC4204000F0
S31540009880C207A06080A0600002BFFDC001000000CA
S31540009890E620400081C7E00891E8001C8206BFFF31
S315400098A080A0600006800029C027BFE0C207BFE84D
S315400098B0F827BFEC8200401CC027BFC8C227BFE8BC
S315400098C080A6E00908BFFE20F2062024821020016F
S315400098D0B4102000C227BFCCB610200082103FFF34
S315400098E0C027BFD8C227BFDCC0266004C227BFBC82
S315400098F010BFFE379210200080A6E003328003138B
S31540009900C0266004C207BFD8C407BFEC820040022D
S31540009910C227BFBC820060018890600014BFFE1C55
S31540009920C227BFDC10BFFE1A88102001821020011A
S31540009930C027BFE0C227BFC48206BFFF80A0600029
S3154000994016BFFDF580A7200082102001C027BFE882
S315400099508220401A10BFFDEFC227BFE0400007E05B
S3154000996090102010D0262024C0222004C022200897
S31540009970C022000010BFFD64C022200C39100054E4
S31540009980B817217881C7E00891E8001C10BFFD9800
S31540009990912C401CE007BFE010BFFF49B4102000E7
S315400099A0C407BFE084008001A0040001C427BFE0D3
S315400099B0C407BFE88200800110BFFF7AC227BFE814
S315400099C0C207BFEC82006001C227BFECC207BFCC12
S315400099D080A06000028000C6B810200180A420004C
S315400099E00480000880A460009210001A94100010B1
S315400099F040000D1C90100018B410000880A46000B0
S31540009A0012800262A010001A8204FFFFC407BFDC66
S31540009A10A4100013AC004002E627BFF0C207BFF413
S31540009A20A8086001921000197FFFFC9E9010001D4F
S31540009A309210001AA210000840000D7C9010001DE4
S31540009A409210001994100010B810000840000D91B3
S31540009A5090100018A6046030C202200CAA1000081C
S31540009A6080A06000128001649210000840000D6FD3
S31540009A709010001D92100015AE10000840000AD745
S31540009A80901000188215C01B809500010280028547
S31540009A9080A7200006800211AA04A001B817001B67
S31540009AA08095001C0280020D80A5E00014800268AB
S31540009AB080A580120280026DE62C80009210001D67
S31540009AC0961020009410200A40000ADC90100018DE
S31540009AD09210001ABA100008961020009410200A1E
S31540009AE080A68010028001499010001840000AD3D9
S31540009AF0A410001592100010B41000089610200013
S31540009B009410200A40000ACD9010001810BFFFC6DE
S31540009B10A01000082280010CE01FBFD0A82000033F
S31540009B2005100054820D200F8410A2A083286003E4
S31540009B3082008001D01FBFD040002930D418400099
S31540009B40A93D2004AC100008AE100009A010001674
S31540009B5080A520000280026AA21000092B10005442
S31540009B6082102000AA156278B2102002808D200152
S31540009B702280000BA93D2001901000109210001188
S31540009B804000291ED41D4000B20660018210001A12
S31540009B90A0100008A2100009A93D200180A52000C0
S31540009BA012BFFFF3AA056008808860FF12BFFDBEA2
S31540009BB0C207BFC4A010001610BFFDBBA2100017FD
S31540009BC0C207BFEC80A0A0008328600305100054A4
S31540009BD08410A2A08200800116800159E01840003E
S31540009BE0C207BFDC80A060001480015694100010AC
S31540009BF0128000EC15100500961020009010001001
S31540009C00400028FE92100011B21020009410000867
S31540009C1096100009B410200040002A97D01FBFD0EC
S31540009C2080A2200024BFFF04C207BFD8108000C016
S31540009C3082102031921000089410001C40000C261F
S31540009C4090100018A210200080A6E001048000C0F9
S31540009C50B2100008C20660108200600383286002CA
S31540009C608206400140000AF1D000600482102020A4
S31540009C7010BFFEBB822040088210200110BFFF2289
S31540009C80C227BFCC40000CE99010001D80A22000E6
S31540009C9016BFFEDFC207BFDC9210001D96102000E3
S31540009CA09410200A40000A6590100018C407BFBCF3
S31540009CB0C607BFEC8200BFFFA400FFFF82108001F1
S31540009CC0BA1000088330601FC407BFCC80A0A00034
S31540009CD012800200B808401C80A72000128001EBC9
S31540009CE0C207BFBCC227BFDCB8102001B604FFFFC5
S31540009CF010800009E007BFDC9210001D961020007E
S31540009D009410200A9010001840000A4CB807200111
S31540009D10BA100008921000197FFFFBE29010001D58
S31540009D20AA02203080A7001006BFFFF4EA2EC01C0E
S31540009D30C207BFDC80A0600004800003B810200189
S31540009D40B8100001B804C01CB61020009210001DC7
S31540009D509410200140000C439010001892100019F6
S31540009D6040000CB2BA10000880A220001480000700
S31540009D70AE10001C3080013780A7001302800142DC
S31540009D80C207BFECAE10001CB8073FFFC24DFFFF35
S31540009D9080A0603902BFFFF9C40DFFFF8400A00117
S31540009DA0C42F00009210001940000A0C90100018B1
S31540009DB080A6A0000280012480A6E000028001DA8D
S31540009DC080A6C01A028001D89210001B901000187D
S31540009DD040000A02B810001310BFFEA0A6100017DC
S31540009DE0E81FBFD010BFFD15B2102002C227BFDC4E
S31540009DF010BFFEBEC227BFD8901000144000287F77
S31540009E0092100015F22CC000C207BFB8A810000877
S31540009E10AA100009B204C0012D100900AE1020009E
S31540009E2080A06001028001A9D01FBFB09410001627
S31540009E304000287296100017A210000940002A6BB5
S31540009E40A010000840002A35A4100008B406A0015E
S31540009E5094100008961000099010001092100011FE
S31540009E604000277FA404A03080A6801912BFFFF0CF
S31540009E70E42EBFFFD03FBFB0150FF800961020006C
S31540009E80901000144000268E92100015400029E4E0
S31540009E90D41FBFB080A22000068001369410001463
S31540009EA096100015110FF8004000276D9210200003
S31540009EB0400029C5D41FBFB080A2200004BFFDD7F3
S31540009EC0C207BFFC84100019B2067FFFC24E400095
S31540009ED080A0603022BFFFFD84100019B810001327
S31540009EE0C207BFACA61000028200600110BFFE5E32
S31540009EF0C227BFEC10BFFDFA821000029610200068
S31540009F0094102005400009CD90100018B2100008AA
S31540009F109010001D40000C459210001980A22000B0
S31540009F2004BFFE45C207BFD882102031B8100013C7
S31540009F30C22CC000C207BFECA604E00110BFFE4021
S31540009F40B600600110BFFCD7B2102002D81FBFF088
S31540009F508293600032BFFF41C2066010053FFC009D
S31540009F608610000C80A8C00212BFFF3B8210000C76
S31540009F70051FFC008088400202BFFDF6A2102000AB
S31540009F80C207BFE082006001A2102001C227BFE0E5
S31540009F90C207BFE88200600110BFFDEEC227BFE8DE
S31540009FA0B210200010BFFE23B410200094100019F8
S31540009FB040000B49901000189410001DB410000882
S31540009FC09010001840000AAC9210001A9210001D22
S31540009FD0BA100008400009819010001810BFFDD14A
S31540009FE0C207BFC840000B3C9010001810BFFDD000
S31540009FF0BA1000089010001840000978AE102001F1
S3154000A00010BFFEA580A720004000098CA4100015B3
S3154000A010B410000810BFFE84A01000088210200172
S3154000A02010BFFC55C227BFCCD81FBFF0829360003B
S3154000A03012BFFDC980A72000053FFC008610000C1A
S3154000A04080A8C00212BFFDC38210000C10BFFFCA19
S3154000A050051FFC0080A0600002BFFD4FF407BFBC97
S3154000A06080A6A00004BFFD6C1510090096102000C4
S3154000A07090100010400027E192100011A010000837
S3154000A080A2100009400029A5900660019410001016
S3154000A090400027DA96100011C207BFEC82007FFF0E
S3154000A0A015100700C227BFAC4000260596102000B9
S3154000A0B0033F3000F427BFB8AA10000910BFFC9632
S3154000A0C0A8020001C407BFC080A0A000028000789B
S3154000A0D0C407BFF8C407BFE082006433C607BFE8C1
S3154000A0E0A01000028600C001F207BFC882008001AE
S3154000A0F0C627BFE810BFFD6EC227BFE09210001D05
S3154000A100D407BFC840000AF49010001810BFFD885D
S3154000A110BA100008B210200010BFFF84B41020000F
S3154000A120C207BFECC427BFDC832860030510005478
S3154000A1308410A2A082008001E01840009410001014
S3154000A14096100011F41FBFD09010001A40002873DB
S3154000A1509210001B400029A5B204E0014000296F7F
S3154000A160B810000894100010400027A49610001163
S3154000A170A407203094100008961000099010001A89
S3154000A180400026B79210001BE42CC000EA07BFDC53
S3154000A19080A5600102800093A81020012D100900BF
S3154000A1A010800014AE1020004000285CB20660010A
S3154000A1B04000298EA805200140002958B810000803
S3154000A1C0941000104000278D96100011941000083E
S3154000A1D0961000099010001A9210001B400026A00D
S3154000A1E0A407203080A500150280007EE42E7FFF64
S3154000A1F09410001640002781961000170310005453
S3154000A200B4100008D4186180400028C3B610000975
S3154000A2109410001082100008961000119010001A39
S3154000A22080A0600012BFFFE19210001BC207BFEC86
S3154000A230B810001382006001A610001910BFFD8AF5
S3154000A240C227BFECB810001310BFFD87A610001739
S3154000A25012800006AE10001C808D600132BFFECC1D
S3154000A260B8073FFFAE10001CB8073FFFC24F0000C3
S3154000A27080A0603022BFFFFDAE10001C10BFFECB99
S3154000A2809210001982006001C227BFEC8210203173
S3154000A29010BFFEC5C22CC000A41020318200600150
S3154000A2A0E428800010BFFD70C227BFECC607BFE0A0
S3154000A2B082102036A010000382204002F207BFC859
S3154000A2C0C407BFE8840080018200C001C427BFE8FC
S3154000A2D010BFFCF7C227BFE0AC100017AE10001548
S3154000A2E080A5A000AA10001304800010E607BFF066
S3154000A2F09210001D9410200140000ADA90100018B8
S3154000A3009210001940000B49BA10000880A22000A4
S3154000A3100480007D0100000080A56039228000088D
S3154000A320B610001AAA046031B610001AEA2C800052
S3154000A33010BFFE9DB4100010B610001A82102039CE
S3154000A340B8100017C22C800010BFFE8FB41000104A
S3154000A350A6100018F007BFA8B8100013C207BFAC7C
S3154000A360A610001A8200600110BFFD3FC227BFEC55
S3154000A370B8100013C207BFACA610001982006001D6
S3154000A38010BFFC59C227BFECD206A0044000085FAC
S3154000A39090100018D406A010B81000089206A00C21
S3154000A3A09402A0029002200C7FFFE09B952AA00217
S3154000A3B0941020019210001C40000AAA9010001828
S3154000A3C010BFFD92A0100008BA100013F807BFA4F2
S3154000A3D0A6100018F607BFB010BFFC8FF007BFA845
S3154000A3E0941000084000253696100009941000107D
S3154000A3F0B4100008B61000094000287396100011EA
S3154000A400C207BFEC8200600180A2200014800022B7
S3154000A410C227BFEC94100010961000119010001A3D
S3154000A4204000283D9210001B80A220003280003C54
S3154000A430B8100013808F2001B810001312BFFC2AF9
S3154000A440A610001910BFFD099210001DAE10001590
S3154000A450AA10001380A5603902BFFFB8E607BFF017
S3154000A46010BFFFB2AA056001AE100015B610001A63
S3154000A470AA100013B8100017E607BFF010BFFE344D
S3154000A480B4100010C207BFBCE427BFEC10BFFCE508
S3154000A490C227BFDCB810001310BFFC13A61000196A
S3154000A4A0AA100013AE04A00180A5603902BFFFA325
S3154000A4B0E607BFF080A7200034BFFF9CAA046031A6
S3154000A4C010BFFF9BB610001A10BFFE6CB210001AE8
S3154000A4D09210001A961020009410200A4000085747
S3154000A4E09010001880A7200012BFFFE7B4100008A4
S3154000A4F0C207BFBC10BFFD3AC227BFDC10BFFB6915
S3154000A500B210200212BFFF89808D600112BFFF8406
S3154000A51080A5603910BFFF86B610001A10BFFCD266
S3154000A520A6100019B810001310BFFCCCA6100017D7
S3154000A53002BFFC9C8410203C10BFFD1A8220800183
S3154000A54010BFFB239210200092102000400007EF1E
S3154000A55090100018D0264000C4062024C207BFFC35
S3154000A56080A060000680000AE6008000C607BFECB7
S3154000A57080A0E00E04800003841020018410200097
S3154000A5808088A0FF12BFFEE784103FFF84103FFF84
S3154000A590C427BFBC84102001C027BFD8C427BFCC66
S3154000A5A084103FFF10BFFC2BC427BFDC9DE3BFA038
S3154000A5B0C216600C808860081280004CB6100018E5
S3154000A5C082106800C236600CC406600480A0A000F9
S3154000A5D024800067C4066040C406602C80A0A000AA
S3154000A5E00280006609000004FA06C000C026C000CA
S3154000A5F0861000018088400412800062D2066020E6
S3154000A60096102001941020009FC080009010001BDF
S3154000A61080A23FFF02800068B0100008C616600C9A
S3154000A620C406602CD20660208088E0040280000ABE
S3154000A63094100018C6066004C206603480A060000C
S3154000A64002800004B0260003C2066040B026000126
S3154000A65094100018961020009FC080009010001B98
S3154000A66080A23FFF12800049B0100008C606C00015
S3154000A67080A0E01D1880003AC216600C0508100044
S3154000A6808410A001853080038088A0012280003597
S3154000A69082106040820877FFC4066010C236600CA4
S3154000A6A0C426400005000004808840021280005005
S3154000A6B0C0266004FA26C000D206603480A260003C
S3154000A6C00280002E8206604480A24001228000055E
S3154000A6D0C0266034400001B99010001BC02660348B
S3154000A6E081C7E00891E82000F806601080A72000A6
S3154000A6F00280002280886003FA064000F826400067
S3154000A700BA27401C1280000384102000C40660143F
S3154000A71080A7600014800007C426600881C7E0084F
S3154000A72091E8200080A7600004800014B807000864
S3154000A7309610001D9410001CC2066028D2066020A8
S3154000A7409FC040009010001B80A2200034BFFFF63F
S3154000A750BA274008C216600CB0103FFF8210604016
S3154000A760C236600C81C7E00881E8000080A0A000E6
S3154000A77034BFFF9BC406602C81C7E00891E82000E7
S3154000A78010BFFFAAF0066054C216600CC4066010E3
S3154000A790820877FFC4264000C026600405000004F6
S3154000A7A08088400202BFFFC4C236600C10BFFFC2A1
S3154000A7B0F0266054C206C00080A0600022BFFF9908
S3154000A7C0C616600C80A0601D0280000E80A0601638
S3154000A7D022BFFFEAFA26C000C216600C8210604013
S3154000A7E0C236600C81C7E00881E8000080A0E00026
S3154000A7F022BFFFB1F026605410BFFFB0FA26C0005A
S3154000A80010BFFFDEFA26C0009DE3BFA0C20660105F
S3154000A81080A060000280001B80A620000280000706
S3154000A82003100054C206201880A060000280001960
S3154000A83001000000031000548210621C80A64001F3
S3154000A8400280001203100054821061FC80A6400171
S3154000A8500280001403100054821061DC80A640017F
S3154000A86022800002F206200CC256600C80A06000D6
S3154000A87002800004010000007FFFFF4D81E80000D8
S3154000A88081C7E00891E8200010BFFFF8F2062004D7
S3154000A890400001059010001810BFFFE80310005457
S3154000A8A010BFFFF2F20620089DE3BFA080A620005D
S3154000A8B00280003003100054C206201080A06000C1
S3154000A8C00280002103100059FA00622C80A7600024
S3154000A8D00280000603100054C207601880A0600082
S3154000A8E00280001B031000548210621C80A60001E7
S3154000A8F022800011F007600403100054821061FCAE
S3154000A90080A600010280001F03100054821061DC03
S3154000A91080A6000122800002F007600CC256200C7F
S3154000A92080A0600002800008B21000187FFFFF2060
S3154000A93091E8001DC256200C80A0600012BFFFFCAB
S3154000A940B210001881C7E00891E82000400000D608
S3154000A9509010001D031000548210621C80A6000156
S3154000A96012BFFFE70310005410BFFFF3F007600467
S3154000A9703310002AF00061104000032B93EE60086C
S3154000A98010BFFFE7F007600813100046921260CC34
S3154000A9908213C000400003249E1040009DE3BFA0E8
S3154000A9A094067FFF90100018BB2AA001BA07400A00
S3154000A9B0BB2F6003BA07400ABB2F6002400003D496
S3154000A9C092076070B0922000028000089006200C2A
S3154000A9D0C0260000F2262004D02620089407606492
S3154000A9E04000067D9210200081C7E00881E8000003
S3154000A9F09DE3BFA003100054F8006110C207201861
S3154000AA0080A060000280002B01000000B8072048AB
S3154000AA10B6102004C207200482807FFF1C800007F6
S3154000AA20FA0720081080001EFA07000080A07FFF6A
S3154000AA300280001ABA076064C457600C80A0A00068
S3154000AA4012BFFFFB82007FFF0300007F821063FF7F
S3154000AA50C0276060C0274000C0276004C027600848
S3154000AA60C0276010C0276014C227600CC02760183A
S3154000AA709410200892102000400006579007605816
S3154000AA80C0276034C0276038C0276048C027604C64
S3154000AA9081C7E00891E8001DFA07000080A7600022
S3154000AAA0028000089210219C10BFFFDBB810001DE9
S3154000AAB0400000169010001C10BFFFD6B807204873
S3154000AAC04000039390100018BA9220000280000BB9
S3154000AAD09007600CC0274000F6276004D027600826
S3154000AAE0941021904000063C92102000FA27000066
S3154000AAF010BFFFC9B810001DC02700008210200CEF
S3154000AB0010BFFFE4C22600009DE3BFA00310002A49
S3154000AB10C026204882106188C026204CC2262028A4
S3154000AB2003100054C200611080A600010280005448
S3154000AB30C02620507FFFFFAF9010001882100008FB
S3154000AB40901000187FFFFFABC22620048210000839
S3154000AB50901000187FFFFFA7C226200803000100BF
S3154000AB60D026200CFA06200494102008C227600C38
S3154000AB7092102000C0276060C0274000C0276004B4
S3154000AB80C0276008C0276010C0276014C02760181F
S3154000AB904000061190076058030002408210600191
S3154000ABA0FA276020941020089210200033100038B5
S3154000ABB035100038B21661BCB416A210F2276024D4
S3154000ABC0F42760283710003839100038B616E26C82
S3154000ABD0B81722C0F627602CF8276030FA062008FE
S3154000ABE0C227600CC0276060C0274000C0276004B1
S3154000ABF0C0276008C0276010C0276014C0276018AF
S3154000AC00400005F5900760580300048082106002FA
S3154000AC10FA276020F2276024F4276028F627602C64
S3154000AC20F827603094102008FA06200C9210200075
S3154000AC30C227600CC0276060C0274000C027600460
S3154000AC40C0276008C0276010C0276014C02760185E
S3154000AC50400005E190076058FA276020F2276024FB
S3154000AC60F4276028F627602CF827603082102001F0
S3154000AC70C226201881C7E00881E800008210200122
S3154000AC8010BFFFADC2262018031000541310004613
S3154000AC90D0006110921260CC8213C0004000026264
S3154000ACA09E104000C202201880A06000128000055D
S3154000ACB0010000008213C0007FFFFF949E104000F9
S3154000ACC081C3E008010000009DE3BFA04000060BE1
S3154000ACD09010001837100059B616E298C206E008E0
S3154000ACE0F8006004B80F3FFCBA270019BA076FEFA7
S3154000ACF0BA0F7000BA07700080A76FFF0480000982
S3154000AD009210200040000D1E90100018C206E00868
S3154000AD108200401C80A20001028000079220001D94
S3154000AD2090100018400005F7B010200081C7E008D9
S3154000AD3081E8000040000D129010001880A23FFFED
S3154000AD400280000E0510005BC606E008C200A18026
S3154000AD5090100018B827001DB0102001BA20401DE1
S3154000AD60B8172001FA20A180400005E6F820E0044B
S3154000AD7081C7E00881E800009210200040000D00E5
S3154000AD8090100018C406E0088222000280A0600FDE
S3154000AD9024BFFFE59010001882106001071000598B
S3154000ADA0C220A004C600E2900310005B902200037C
S3154000ADB010BFFFDCD02061809DE3BFA080A660006D
S3154000ADC00280004801000000400005CC90100018A9
S3154000ADD084067FF8F8067FFC09100059820F3FFE73
S3154000ADE088112298BA008001F6012008C60760043F
S3154000ADF080A6C01D0280006B8608FFFCC627600443
S3154000AE00808F200112800027B6074003F2067FF8A4
S3154000AE10F806E00484208019B4012008F600A00852
S3154000AE208200401980A6C01A02800051B80F200146
S3154000AE30F200A00CF226E00C80A720000280007BE6
S3154000AE40F626600886106001C620A004C22740008E
S3154000AE5080A061FF1880002A80A069FFFA012004C3
S3154000AE60B9306005861020018728C01C8610C01D99
S3154000AE7082087FF882006008FA010001C62120049A
S3154000AE80FA20A008860100018600FFF8C620A00C23
S3154000AE90C4210001C427600C4000059A81E80000E7
S3154000AEA0F806E004808F2001328000108610600191
S3154000AEB082004003B4012008C607600880A0C01A7B
S3154000AEC00280005FB8106001FA07600CFA20E00CBF
S3154000AED0C6276008F820A00410BFFFDEC22080010C
S3154000AEE081C7E00881E80000C6267FFC80A061FF9C
S3154000AEF008BFFFDBC227400080A069FF18800040E2
S3154000AF008730600987306006BA00E039B800E0381B
S3154000AF10872F6003BA010003C6010003BA077FF812
S3154000AF2080A740032280004EF6012004C800E004BA
S3154000AF3088093FFC80A1000128800007FA00E00C48
S3154000AF40C600E00880A7400332BFFFFAC800E0040D
S3154000AF50FA00E00CFA20A00CC620A008C42760081E
S3154000AF60C420E00C4000056781E8000080A720006F
S3154000AF703280005186106001C807600CFA076008ED
S3154000AF80C827600CFA2120088200C00186106001A3
S3154000AF90C620A004C22080014000055A81E8000076
S3154000AFA0808F20011280000982004003F8067FF856
S3154000AFB08420801CC600A00CFA00A008C627600C9E
S3154000AFC08200401CFA20E00886106001C620A004DA
S3154000AFD0C421200805100059C400A29480A0800115
S3154000AFE018BFFFAE0310005B901000187FFFFF37BD
S3154000AFF0D20061B04000054381E8000080A0E01423
S3154000B0000880000CBA00E05C80A0E0541880001A6A
S3154000B01080A0E1548730600CBA00E06FB800E06E63
S3154000B02010BFFFBD872F600310BFFFA482004003FF
S3154000B030B800E05B10BFFFB8872F6003C42120141F
S3154000B040C4212010F420A00CF420A008F820A0046D
S3154000B050C22080014000052B81E80000B93F200254
S3154000B06082102001B928401CB817001B10BFFFBA38
S3154000B070F82120041880000780A0E5548730600F2F
S3154000B080BA00E078B800E07710BFFFA3872F6003CF
S3154000B09038800007861023F887306012BA00E07DBA
S3154000B0A0B800E07C10BFFF9C872F600310BFFF9A5B
S3154000B0B0B810207EC620A004C227400040000511DB
S3154000B0C081E800009DE3BFA0C206A00880A0600002
S3154000B0D00280006301000000C216600C8088600890
S3154000B0E00280006192100019C406601080A0A00082
S3154000B0F00280005D0100000080886002028000241A
S3154000B100FA068000C2066028D2066020B6102000EB
S3154000B110B8102000211FFFFF9410001B80A72000BD
S3154000B120028000179010001880A7001008800003C6
S3154000B1309610001C961000109FC0400001000000B1
S3154000B14080A2200004800055B606C008C206A008AA
S3154000B15082204008C226A00880A0600002800040ED
S3154000B160B8270008C2066028D20660209410001B4B
S3154000B17080A7200012BFFFED90100018F607400090
S3154000B180F807600410BFFFE5BA07600880886001D1
S3154000B19002800055251FFFFFA410200090102000BC
S3154000B1A0A2102000A010200080A420002280004190
S3154000B1B0E007600480A22000028000439410001043
S3154000B1C08210001280A4000108800003B61000100F
S3154000B1D0B6100001D6066014F8066008D006400096
S3154000B1E0C206601080A040081A800009B802C01C40
S3154000B1F080A6C01C1480000382102001821020000B
S3154000B200808860FF128000C99410001C80A2C01B79
S3154000B210148000BB94100011C2066028D20660203C
S3154000B2209FC0400090100018B89220002480001C57
S3154000B230C216600CA4A4801C02800012901020014B
S3154000B240C206A0088220401CC226A008A204401CB8
S3154000B25080A0600012BFFFD5A024001C81C7E00873
S3154000B26091E820007FFFF51A9010001880A2200078
S3154000B270128000CF0100000010BFFFA0C216600C74
S3154000B280921000197FFFFD619010001880A22000E7
S3154000B29022BFFFEDC206A008C216600C82106040B5
S3154000B2A0C236600C81C7E00891E83FFFE0076004C2
S3154000B2B0E207400080A4200002BFFFFDBA076008F5
S3154000B2C0941000109210200A40000386901000113E
S3154000B2D080A22000028000AF9002200110BFFFB97B
S3154000B2E0A4220011E2066008A614A3FED006400080
S3154000B2F0A0102000B8102000A414A3FF80A72000AF
S3154000B30022800049E0074000808862002280004990
S3154000B310C206601080A4401C18800076A810001158
S3154000B3208408648080A0A000228000299410001424
S3154000B330F6066014D2066010872EE001A8220009A6
S3154000B3408600C01B84072001B730E01F84008014AC
S3154000B350B606C003B73EE00180A0801B088000040B
S3154000B3609410001BB61000029410000280886400FE
S3154000B3700280007B010000009210000A4000016438
S3154000B38090100018A29220000280008594100014AC
S3154000B3907FFFDCA1D2066010C216600C82087B7F5C
S3154000B3A082106080C236600C900440148226C0141D
S3154000B3B0E2266010D0264000F6266014A210001C3B
S3154000B3C0C2266008A810001C941000144000038395
S3154000B3D092100010C4066008C2064000B610001C59
S3154000B3E0A220801182004014B8102000E226600896
S3154000B3F0C2264000C206A0088220401BC226A008E2
S3154000B40080A0600002BFFF96A004001BC216600C1D
S3154000B410E206600880A7200012BFFFBCD0064000AD
S3154000B420E0074000F807600410BFFFB5BA076008A0
S3154000B43080A040080A80001980A4401CF6066014CB
S3154000B44080A6C01C1880001580A4401C80A700134D
S3154000B450088000039010001C9010001240001E113E
S3154000B4609210001B40001DD39210001BC20660289C
S3154000B4709610000894100010D20660209FC040002D
S3154000B48090100018B692200024BFFF85C216600CAB
S3154000B49010BFFFD9B827001B08800003B610001163
S3154000B4A0B610001C9410001B4000034C9210001074
S3154000B4B0C2066008C40640008220401B8400801BF0
S3154000B4C0C226600880A0600012BFFFF2C42640007A
S3154000B4D0921000197FFFFCCD9010001880A220002A
S3154000B4E032BFFF6FC216600C10BFFFC3B827001BE8
S3154000B4F0A210001C10BFFFB5A810001C9410001B22
S3154000B5004000033692100011C4066008C20640008F
S3154000B5108420801B8200401BB810001BC426600894
S3154000B52010BFFF45C22640004000032C9210001178
S3154000B530C20640008200401C92100019901000186C
S3154000B5407FFFFCB2C226400080A2200022BFFF3B04
S3154000B550A4A4801C10BFFF52C216600C400009A173
S3154000B56090100018A292200032BFFF919004401420
S3154000B570D20660107FFFFE1190100018C216600CB4
S3154000B5808410200C82087F7F10BFFF45C426000030
S3154000B5908204200110BFFF0CA4100001C216600CEB
S3154000B5A08410200C10BFFF3EC426000081C7E0086F
S3154000B5B091E83FFF9DE3BFA0B6062048B0102000AB
S3154000B5C0F806E004B8873FFF0C800011FA06E00851
S3154000B5D0C217600C80A060012880000AB8073FFFB0
S3154000B5E0C257600E80A07FFF22800006B8073FFF4B
S3154000B5F09FC640009010001DB0160008B8073FFFD8
S3154000B60080A73FFF12BFFFF3BA076064F606C0008B
S3154000B61080A6E00032BFFFECF806E00481C7E008F0
S3154000B62081E800009DE3BFA0B6102000B406204884
S3154000B630F806A004B8873FFF0C800011FA06A00860
S3154000B640C217600C80A060012880000AB8073FFF3F
S3154000B650C257600E80A07FFF028000059210001D39
S3154000B6609FC6400090100018B616C008B8073FFFA6
S3154000B67080A73FFF12BFFFF3BA076064F40680005D
S3154000B68080A6A00032BFFFECF806A00481C7E00800
S3154000B69091E8001B81C3E008900220F00310005996
S3154000B6A0C200622CD000602080A2200022800004CC
S3154000B6B01110005A81C3E008900220F0901222A097
S3154000B6C081C3E008900220F003100059C200622CAA
S3154000B6D0D000602080A22000228000041110005A71
S3154000B6E081C3E008900220F0901222A081C3E008B6
S3154000B6F0900220F09DE3BF60C216600C8088600215
S3154000B70022800009D256600E82066047C22640005B
S3154000B710C226601082102001C226601481C7E0084C
S3154000B72081E8000080A26000068000259407BFC023
S3154000B730400019819010001880A220000680001F4A
S3154000B7400500003CC217BFC8BA1028008208400254
S3154000B750B61024000500000892102400821840020A
S3154000B76080A00001B8603FFF4000006990100018BB
S3154000B77080A220002280001DC216600C0310002A01
S3154000B78082106188C2262028D0264000C216600C4E
S3154000B790D026601082106080F626601480A72000B4
S3154000B7A012800022C236600C82174001C236600CFD
S3154000B7B081C7E00881E80000C216600C808860807E
S3154000B7C002800016BA1020009210204090100018F7
S3154000B7D04000004FB610204080A2200012BFFFE874
S3154000B7E0B8102000C216600C8088620012BFFFCCE1
S3154000B7F082087FFC8210600284066047C236600C75
S3154000B800C426400082102001C4266010C22660145F
S3154000B81081C7E00881E80000B6102400B810200077
S3154000B82010BFFFD292102400D256600E400019532A
S3154000B8309010001880A2200002BFFFDCC216600CE8
S3154000B84082087FFC8210600182174001C236600C7C
S3154000B85081C7E00881E800009DE3BF60D256600ED4
S3154000B86080A26000068000129407BFC040001932D3
S3154000B8709010001880A220000680000D0500003CB4
S3154000B880C217BFC88208400205000008821840025D
S3154000B89080A0000182603FFFC226C00082102400C3
S3154000B8A0C226800081C7E00891E82800C216600CD5
S3154000B8B08088608002800006C026C000821020403A
S3154000B8C0C226800081C7E00891E82000821024004B
S3154000B8D0C226800081C7E00891E820009210000847
S3154000B8E003100059D000622C8213C00040000008AB
S3154000B8F09E1040009210000803100059D000622CA0
S3154000B9008213C0007FFFFD2D9E1040009DE3BFA027
S3154000B9108206600B80A060161880002180A060001F
S3154000B92080A66010188000CA8210200C400002F3E6
S3154000B93090100018B810201082102018881020028D
S3154000B94037100059B616E2988206C001FA00600424
S3154000B95084007FF880A74002228000C1FA00600C74
S3154000B960C2076004C407600CC6076008C420E00C28
S3154000B970C620A00882087FFC82074001C4006004FC
S3154000B9808410A00190100018C4206004400002DD1D
S3154000B990BA07600881C7E00891E8001D068000AB41
S3154000B9A0B8087FF880A700190A8000A98210200CE9
S3154000B9B0400002D29010001880A721F70880014D60
S3154000B9C0893720038337200980A06000228000ED5C
S3154000B9D08210220080A060041880012180A060149B
S3154000B9E08337200688006039B400603883292003F5
S3154000B9F037100059B616E2988206C00186007FF8D5
S3154000BA00FA00600480A0C01D3280000BC2076004AB
S3154000BA1010800097FA06E010368000DDC407600CFF
S3154000BA20FA07600C80A0C01D22800091FA06E01043
S3154000BA30C207600482087FFC8420401C80A0A00FBF
S3154000BA4004BFFFF680A0A000FA06E0109E06E008BC
S3154000BA5080A7400F1280008A8810001AC606E004AC
S3154000BA6083392002B4102001B52E800180A68003C0
S3154000BA70088000A5808E8003FA06E008C2076004AD
S3154000BA80B2087FFC8426401C80A0A00F04800003DF
S3154000BA9086102001861020008088E0FF1280000476
S3154000BAA080A6401C1A8000C5821720010310005B47
S3154000BAB027100059F40061B0A2074019C204E29071
S3154000BAC080A07FFF02800147B407001A13000004DC
S3154000BAD09212600FB4068009B40EB0009210001A9C
S3154000BAE0400009A79010001880A23FFF0280013055
S3154000BAF0A010000880A7401B0280000480A200110D
S3154000BB002A80012CFA06E0082510005BD204A180A9
S3154000BB109206800980A4401002800128D224A18088
S3154000BB20C204E29080A07FFF0280012CA224001173
S3154000BB3092044009D224A180828C2007028000060C
S3154000BB4013000004A024000192126008A0042008FB
S3154000BB5092224001B404001A90100018B40EAFFFB0
S3154000BB60B422401A400009869210001A80A23FFF74
S3154000BB700280013282102001822200108200401A87
S3154000BB8082106001E026E008D204A180C22420048D
S3154000BB909206800980A7401B0280012AD224A180F8
S3154000BBA080A6600F0880012982067FF4C4076004DE
S3154000BBB08408A00182087FF884108001C4276004AD
S3154000BBC08610200584074001C620A00480A0600F8F
S3154000BBD01880012FC620A008C2042004BA10001005
S3154000BBE00510005BC600A1AC80A0C0092A800002F7
S3154000BBF0D220A1AC0510005BC600A1A880A0C00958
S3154000BC002A800002D220A1A882087FFC80A0401C86
S3154000BC100A8000098420401C80A0A00F04800003F5
S3154000BC208210200182102000808860FF028000631D
S3154000BC30821720019010001840000232BA102000EE
S3154000BC4081C7E00891E8001D8210200CBA10200040
S3154000BC50C226000081C7E00891E8001D80A0401D73
S3154000BC6012BFFF4088012002FA06E0109E06E00857
S3154000BC7080A7400F22BFFF7BC606E004C2076004D0
S3154000BC8082087FFC8420401C80A0A00F1480009B6B
S3154000BC9080A0A000DE26E01416800040DE26E010DC
S3154000BCA080A061FF1880005080A069FFC406E004B0
S3154000BCB0B53060058610200182087FF88728C01AB3
S3154000BCC0820060088610C002F406C0018406C001E6
S3154000BCD0F4276008C626E0048400BFF8C427600C39
S3154000BCE0FA26C001FA26A00C83392002B41020019E
S3154000BCF0B52E800180A6800338BFFF61FA06E008B2
S3154000BD00808E8003128000089B29200388093FFC0F
S3154000BD10B52EA001808E800302BFFFFE880120045D
S3154000BD209B292003981000049A06C00DB210000DFE
S3154000BD301080000BC206600CBA1000018408BFFCDC
S3154000BD408620801C80A0E00F1480004FC200600C4B
S3154000BD5080A0E0003680005D8407400280A6400156
S3154000BD6032BFFFF6C400600498032001808B200395
S3154000BD7012BFFFF0B20660081080007B8089200366
S3154000BD808810204010BFFF1BB410203FC607600834
S3154000BD90C420E00CC620A00882074001C40060040D
S3154000BDA08410A00190100018C4206004400001D502
S3154000BDB0BA07600830BFFEF8C2276004B807401CC7
S3154000BDC08410A001F826E00890100018C42720042B
S3154000BDD0400001CCBA076008B010001D81C7E008DA
S3154000BDE081E80000088000538530600980A0A014D7
S3154000BDF01880008480A0A054B400A05C8600A05B9C
S3154000BE00852EA003B406C002C406C002B406BFF81D
S3154000BE1080A6800222800075F206E004C600A004D7
S3154000BE208608FFFC80A0C00128800007F400A00C13
S3154000BE30C400A00880A6800232BFFFFAC600A00454
S3154000BE40F400A00CC606E004F427600CC427600882
S3154000BE50FA26A00810BFFFA5FA20A00C0880003AD9
S3154000BE608800605C80A060541880006D80A061549A
S3154000BE708337200C8800606FB400606E10BFFEDD13
S3154000BE808329200388172001C8276004C807600853
S3154000BE90C221200CC8206008B807401CF826E014D0
S3154000BEA0F826E010DE27200CDE2720088210E0016D
S3154000BEB0C2272004C6274002901000184000019176
S3154000BEC0BA07600830BFFF64C600A0048610E001D0
S3154000BED0C620A004C4076008C220A00CC420600885
S3154000BEE09010001840000187BA07600830BFFF5A1B
S3154000BEF010BFFE948207200886172001C6276004DB
S3154000BF00B807401CF826E014F826E010DE27200C7F
S3154000BF10DE2720088610A001C6272004C42740013A
S3154000BF209010001840000177BA07600830BFFF4AFA
S3154000BF3085306006B400A0398600A03810BFFFB235
S3154000BF40852EA003B400605B10BFFEAA83292003A0
S3154000BF50C203600880A0400D1280006088013FFF48
S3154000BF608089200332BFFFFB9A037FF8C206E004B4
S3154000BF708228401AC226E004B486801A02BFFEBF59
S3154000BF8080A0401A1A800006808E800110BFFEBC39
S3154000BF90FA06E00898032004808E800122BFFFFE47
S3154000BFA0B52EA00110BFFF5F8810000CFA06E0080E
S3154000BFB010BFFF16C2076004808C6FFF32BFFEDAE7
S3154000BFC0C204E290FA06E0088206401A8210600136
S3154000BFD010BFFF04C227600410BFFED8E024E290E1
S3154000BFE010BFFEBFB406A0108338E00286102001C1
S3154000BFF08728C0018610C01910BFFF94C626E004EA
S3154000C0001880001580A0A1548530600CB400A06F44
S3154000C0108600A06E10BFFF7C852EA00318800015F9
S3154000C02080A065548337200F88006078B40060771D
S3154000C03010BFFE708329200310BFFED3B41020002A
S3154000C04010BFFEE8BA1000108210200110BFFEFAA1
S3154000C050C22420041880001580A0A5548530600FA6
S3154000C060B400A0788600A07710BFFF67852EA00396
S3154000C07038800015821023F8833720128800607DAF
S3154000C080B400607C10BFFE5B8329200392076008E2
S3154000C0907FFFFB4A90100018D204A180FA06E00800
S3154000C0A010BFFED0C20760043880000A841023F80F
S3154000C0B085306012B400A07D8600A07C10BFFF5280
S3154000C0C0852EA0038810207F10BFFE4AB410207E24
S3154000C0D010BFFF4D8610207E10BFFFA8C206E004A9
S3154000C0E0808A2003028000148810000980A2A000E4
S3154000C0F0028000188202BFFF10800009860A60FF96
S3154000C100808A20030280000E80A0600382007FFFA9
S3154000C11080A07FFF0280000F01000000C40A0000DB
S3154000C12080A0800332BFFFF79002200181C3E00860
S3154000C130010000008210000A80A0600338800012CF
S3154000C140920A60FF80A06000128000048202000113
S3154000C15081C3E0089010200010800005860920FF6A
S3154000C16080A2000102BFFFFB01000000C40A0000DC
S3154000C17080A0800332BFFFFB9002200181C3E0080C
S3154000C18001000000193FBFBF852A60081B20202000
S3154000C19084108009981322FF9328A0109A13608078
S3154000C1A092124002C4020000841A40028600800CAB
S3154000C1B08428C0028088800D32BFFFE882020001D9
S3154000C1C082007FFC80A0600318BFFFF79002200426
S3154000C1D010BFFFDE80A0600080A200090880001129
S3154000C1E080A2A00F8202400A80A200011A80000DA0
S3154000C1F080A2A00F80A2A000028000088202BFFF9A
S3154000C200C40A4001C42A000182007FFF80A07FFF4C
S3154000C21032BFFFFDC40A400181C3E00801000000AF
S3154000C22018800035821240088210000880A2A000C3
S3154000C23002BFFFFA9802BFFF841040098408A0039A
S3154000C24080A000028402600188603FFF8420400293
S3154000C25080A0A002188000038610200186102000CE
S3154000C260808900030280005280A3200818800003C2
S3154000C27084102001841020008088A0FF0280004C9A
S3154000C28086033FFD960320018730E002841020009C
S3154000C2908600E00188102000DA024002DA204002DF
S3154000C2A08801200180A0C00418BFFFFC8400A004C0
S3154000C2B08728E002840040038802400380A2C0032E
S3154000C2C002BFFFD698230003DA0A400380A320006A
S3154000C2D002BFFFD2DA284003C209200180A3200111
S3154000C2E002BFFFCEC228A001C209200281C3E008D6
S3154000C2F0C228A002808860031280002B9802BFFFEC
S3154000C3009A02BFF0841000099A0B7FF08210000851
S3154000C3109A0360108802000DC60080008400A010B9
S3154000C320C6204000C600BFF4C6206004C600BFF861
S3154000C330C6206008C600BFFCC620600C82006010A4
S3154000C34080A1000132BFFFF6C60080009202400D78
S3154000C350808AA00C0280001E860AA00FC4024000FC
S3154000C360C42040008400FFFC80A0A0030880000891
S3154000C3708600FFF8C802600480A0E003088000043D
S3154000C380C8206004C6026008C62060088408BFFC56
S3154000C390940AA0038400A0048200400210BFFFA4B8
S3154000C3A09202400210BFFFA58210000884102000B0
S3154000C3B0C60A4002C628400280A3000212BFFFFD03
S3154000C3C08400A00181C3E0080100000010BFFF986F
S3154000C3D094100003808A20030280004180A2A000BE
S3154000C3E08402BFFF861000091280000682100008F2
S3154000C3F03080003E80A0BFFF0280003C010000006C
S3154000C400C6284000820060018088600332BFFFFA80
S3154000C4108400BFFF80A0A0030880002880A0A00061
S3154000C420880A60FF8729200880A0A00F8810C004D2
S3154000C430872920100880002F8610C0048800BFF08E
S3154000C44088093FF08801201088004004C62040003B
S3154000C450C6206004C6206008C620600C82006010BA
S3154000C46080A1000132BFFFFBC62040009A08A00C05
S3154000C4708808A00F80A360000280000F841000048B
S3154000C48084013FFC80A0A00308800007C62040002E
S3154000C4909A013FF880A3600308800003C620600429
S3154000C4A0C62060088608BFFC840920038600E00495
S3154000C4B08200400380A0A0000280000C80A0A00162
S3154000C4C00280000AD228400080A0A0020280000715
S3154000C4D0D228600181C3E008D22860028210000899
S3154000C4E010BFFFCD8410000A81C3E00801000000A0
S3154000C4F010BFFFE48810000281C3E008010000007D
S3154000C50081C3E008010000009DE3BFA0FA06202495
S3154000C51080A760000280001101000000C207600C85
S3154000C52080A060000280001694102021852E6002B3
S3154000C530D000400280A220000280001C9210200100
S3154000C540C6020000C6204002C0222010C022200C95
S3154000C55081C7E00891E800087FFFFCE190102010B9
S3154000C560D0262024BA100008C0222004C022200869
S3154000C570C0220000C022200C9410202192102004DA
S3154000C5804000149A90100018D027600CC206202450
S3154000C590C200600C80A0600012BFFFE6852E6002DC
S3154000C5A010BFFFEC90102000BA1020019010001828
S3154000C5B0BB2F4019940760054000148C952AA002B1
S3154000C5C080A2200022BFFFE390102000F222200428
S3154000C5D010BFFFDEFA2220089DE3BFA0D00620242C
S3154000C5E080A220000280000D0100000080A66000AD
S3154000C5F00280000801000000C402200CC20660044C
S3154000C60083286002C6008001C6264000F2208001D1
S3154000C61081C7E00881E800007FFFFCB19010201040
S3154000C620D0262024C0222004C0222008C022000098
S3154000C63010BFFFEFC022200C9DE3BFA02500003FA6
S3154000C640E0066010BA066014B8102000A414A3FFD8
S3154000C650E20740009210001A40001956900C401212
S3154000C6609210001AB602001B400019529134601015
S3154000C6708336E010BA07600490020001B60EC0127D
S3154000C680832A2010B600401BF6277FFCB8072001FE
S3154000C69080A4001C14BFFFEFB732201080A6E00034
S3154000C6A00280000C01000000C206600880A0401015
S3154000C6B02480000AD2066004820420048328600293
S3154000C6C082064001F6206004A0042001E0266010A6
S3154000C6D081C7E00891E80019901000187FFFFF8B92
S3154000C6E092026001D4066010B81000089402A002BD
S3154000C6F09206600C952AA0027FFFD7C79002200CB5
S3154000C700FA06202480A760000280000A010000008B
S3154000C710FA07600CC206600483286002C407400121
S3154000C720C4264000F227400110BFFFE4B210001CAF
S3154000C7307FFFFC6B90102010D0262024C0222004BE
S3154000C740C0222008C022000010BFFFF3C022200CE8
S3154000C7509DE3BFA092102009400019529006E008C0
S3154000C76080A6E0090480002F82102001921020004C
S3154000C7708328600180A2000114BFFFFE920260017F
S3154000C7807FFFFF629010001882102001F8222014CB
S3154000C790C222201080A6A0090480001F9210000823
S3154000C7A0B8066009B206401ABA10001CD64F4000BF
S3154000C7B09410200A9602FFD07FFFFFA09010001829
S3154000C7C0BA07600180A6401D12BFFFF9921000080B
S3154000C7D0B206BFF8B207001980A6C01A0480000C42
S3154000C7E0B626C01AB606401BD64E40009410200A04
S3154000C7F09602FFD07FFFFF9190100018B2066001AD
S3154000C80080A6C01912BFFFF99210000881C7E00840
S3154000C81091E80009B206600A10BFFFF0B410200983
S3154000C82010BFFFD892102000053FFFC0808A00024B
S3154000C8301280001D82100008832A201086102018BE
S3154000C84090102010053FC0008088400212800004EE
S3154000C850053C000083286008901000038088400251
S3154000C86012800004053000009002200483286004F2
S3154000C870808840021280000580A06000900220025D
S3154000C8808328600280A06000068000050510000035
S3154000C89080884002028000079002200181C3E008A0
S3154000C8A0010000008610200810BFFFE7901020000E
S3154000C8B081C3E00890102020C202000080886007F3
S3154000C8C02280000C0500003F80886001128000072E
S3154000C8D084102000808860020280002A8410200193
S3154000C8E083306001C222000081C3E008901000023C
S3154000C8F08410A3FF808840022280001D8330601090
S3154000C9008610200884102000808860FF1280000571
S3154000C9108088600F83306008841000038088600F31
S3154000C92012800005808860038400A0048330600480
S3154000C9308088600312800005808860018400A00220
S3154000C940833060028088600132800007C222000086
S3154000C9508330600180A06000028000088400A0014E
S3154000C960C222000081C3E008901000028610201801
S3154000C97010BFFFE68410201010BFFFDC841020207B
S3154000C9808330600284102002C222000081C3E00886
S3154000C990901000029DE3BFA0FA06202480A7600005
S3154000C9A00280001201000000C207600C80A06000F7
S3154000C9B00280001794102021D000600480A220003D
S3154000C9C00280001E9410201CC4020000C420600493
S3154000C9D0C022200C82102001F2222014C2222010F4
S3154000C9E081C7E00891E800087FFFFBBD901020104A
S3154000C9F0D0262024BA100008C0222004C0222008D5
S3154000CA00C0220000C022200C941020219210200445
S3154000CA104000137690100018D027600CC2062024E0
S3154000CA20C200600C80A0600032BFFFE5D000600409
S3154000CA30C020201491D02005921020014000136B95
S3154000CA409010001880A2200002BFFFFA8210200139
S3154000CA50C222200482102002C022200CC2222008BA
S3154000CA60F222201482102001C222201081C7E00841
S3154000CA7091E800089DE3BF90E6066010F606A01018
S3154000CA8080A4C01B06800009A406C0138410001BA6
S3154000CA908210001AB6100013B4100019A610000236
S3154000CAA0B2100001A406C013C206A00880A040121E
S3154000CAB016800003D206A004920260017FFFFE9317
S3154000CAC090100018D027BFF4A2022014A12CA00277
S3154000CAD0A004401080A440101A8000078210001164
S3154000CAE0C02040008200600480A4000138BFFFFEE1
S3154000CAF0C02040008206A014C227BFF8B2066014C8
S3154000CB00B72EE002A72CE002A606401380A64013EB
S3154000CB101A80005BB600401B841020048206A015D4
S3154000CB2080A6C0011A800066C427BFFC3900003FBA
S3154000CB3010800009B81723FF80A6A0003280002E7F
S3154000CB40FA044000B206600480A4C0190880004C74
S3154000CB50A2046004F4064000AC8E801C02BFFFF7BE
S3154000CB60B536A010B0100011EE07BFF8BA1020007D
S3154000CB70E805C000921000164000180E900D001CEB
S3154000CB80F406000082100008880E801C82004004D3
S3154000CB9092100016BA00401D40001806913520102C
S3154000CBA083376010B0062004B536A010BA0F401C7B
S3154000CBB09002001A90020001832A2010BA10401DEC
S3154000CBC0FA263FFCAE05E00480A6C01718BFFFE971
S3154000CBD0BB322010C207BFFCFA244001F4064000D5
S3154000CBE0B536A01080A6A00022BFFFD8B2066004CA
S3154000CBF0FA044000A8100011AA10001DEE07BFF865
S3154000CC00B0102000D005C0009210001A400017E96D
S3154000CC10900A001CAD356010AC020016AC058018B9
S3154000CC20832DA010AE05E004BA0F401C9210001AE6
S3154000CC30BA10401DFA250000400017DED015FFFC53
S3154000CC40A8052004AD35A010EA05000080A6C0174F
S3154000CC50BA0D401CBA02001DBA07401618BFFFEABB
S3154000CC60B1376010C207BFFCFA244001B206600427
S3154000CC7080A4C01918BFFFB8A204600480A4A00015
S3154000CC8034800007A0043FFC1080000AC207BFF4AE
S3154000CC9002800008C207BFF4A0043FFCC2040000A3
S3154000CCA080A0600022BFFFFBA484BFFFC207BFF481
S3154000CCB0E420601081C7E00891E80001AA26C01A66
S3154000CCC0AA057FEBAA0D7FFC8205600410BFFF9882
S3154000CCD0C227BFFC9DE3BFA0828EA00332800044E2
S3154000CCE082007FFFB53EA00280A6A0000280002EF3
S3154000CCF0B8100019F806202480A7200002800046BC
S3154000CD0001000000FA07200880A760000280004B5F
S3154000CD1092102001808EA0011280000EB8100019DA
S3154000CD20B53EA00180A6A0000280001F01000000C1
S3154000CD30D007400080A220000280001D9410001DF4
S3154000CD40BA100008808EA00122BFFFF7B53EA001B1
S3154000CD509410001D9210001C7FFFFF479010001892
S3154000CD60C206202480A0600002800018B610000889
S3154000CD7080A7200022BFFFEBB810001BC400600C48
S3154000CD80C207200483286002C6008001C62700002F
S3154000CD90F8208001B53EA00180A6A00012BFFFE5A5
S3154000CDA0B810001B81C7E00891E8001C9210001DD6
S3154000CDB07FFFFF3190100018D0274000C0220000AE
S3154000CDC010BFFFE1BA1000087FFFFAC5901020108F
S3154000CDD0D026202482100008C0222008C02200004D
S3154000CDE0C022200C10BFFFE3C022200405100054CF
S3154000CDF0832860028410A2409210001996102000E9
S3154000CE00901000187FFFFE0DD400800110BFFFB6C2
S3154000CE10B21000087FFFFAB290102010D0262024CE
S3154000CE20B8100008C0222004C0222008C0220000FA
S3154000CE30C022200C921020017FFFFDB490100018F4
S3154000CE4082102271C222201482102001C222201098
S3154000CE50D0272008BA10000810BFFFAFC02200003C
S3154000CE609DE3BFA0E0066010BB3EA005C206600879
S3154000CE70A0074010A2100018B604200180A6C001E9
S3154000CE8004800006D20660048328600180A6C001A3
S3154000CE9014BFFFFE920260017FFFFD9C90100011BF
S3154000CEA080A76000B01000080480000D880220149E
S3154000CEB0BA07600582100004BB2F60028402001D81
S3154000CEC0C02040008200600480A0800132BFFFFE87
S3154000CED0C0204000BA077FEC8801001D820660141E
S3154000CEE0FA066010B48EA01FBB2F60020280002499
S3154000CEF0BA00401D9E102020B81000049E23C01A80
S3154000CF0086102000C4004000B80720048528801AF7
S3154000CF1084108003C4273FFC82006004C4007FFC69
S3154000CF2080A7400118BFFFF88730800F8406601540
S3154000CF3080A740021A8000348210200480A0E000BE
S3154000CF401280001DC6210001E0262010FA0460244C
S3154000CF5080A760000280001E01000000FA07600CF6
S3154000CF60C206600483286002C4074001C42640000C
S3154000CF70F227400181C7E00881E80000C400400074
S3154000CF80C42100008200600480A7400108BFFFEF73
S3154000CF9088012004C4004000C421000082006004CF
S3154000CFA080A7400118BFFFF68801200410BFFFE8A4
S3154000CFB0E0262010A010001BE0262010FA04602472
S3154000CFC080A7600032BFFFE7FA07600C7FFFFA4494
S3154000CFD090102010D0246024C0222008C0220000D7
S3154000CFE0C0222004C022200CC206600483286002AE
S3154000CFF0C4074001C4264000F227400181C7E0082B
S3154000D00081E800008227401982007FEB82087FFC7E
S3154000D0108200600480A0E00002BFFFCCC621000170
S3154000D02010BFFFE6A010001B88100008C202601067
S3154000D030D002201090A200011280001285286002C2
S3154000D04088012014920260148201000210800004BC
S3154000D050920240021A80000B0100000082007FFC11
S3154000D06092027FFCC6004000C402400080A0C0027D
S3154000D07022BFFFF980A100011A80000490103FFFF3
S3154000D08081C3E0080100000081C3E0089010200140
S3154000D0909DE3BFA0E2066010C406A010B806601467
S3154000D0A0A224400280A4600012800067A006A0145B
S3154000D0B08528A00282070002108000048404000232
S3154000D0C0088000759210200082007FFC8400BFFC1F
S3154000D0D0C8004000C600800080A1000322BFFFF9BF
S3154000D0E080A0401C0A80005B8410001CD2066004AD
S3154000D0F07FFFFD0690100018DE06A010F6066010B1
S3154000D1009F2BE002BB2EE0023500003FB010000826
S3154000D110E222200CBA07001D9E04000FB202201422
S3154000D1209A10200082102000B416A3FFC804000DF8
S3154000D130C407000D8608801A8530A0109809001A89
S3154000D1408600C001833120108620C00C82208001D9
S3154000D1508938E0108608C01A82004004852860108D
S3154000D16086108003C626400D9A0360048404000D91
S3154000D17080A3C00218BFFFEE8338601088042001E8
S3154000D18084102000A038001080A3C004A003C01063
S3154000D1901A80003AA13420028406400280A3C004CB
S3154000D1A01A800033B4102004B807001A80A7401C28
S3154000D1B00880001AB406401ABA077FFF3300003FC2
S3154000D1C0BA27401C88102000BB376002B21663FFA6
S3154000D1D09E0760019F2BE002C40700048608801961
S3154000D1E08530A0108600C0018338E0108608C0193B
S3154000D1F0820080018528601086108003C626800440
S3154000D2008801200480A3C00412BFFFF48338601055
S3154000D210852F60028406800280A0E00032800008EC
S3154000D220F62620108400BFFCC200800080A060006B
S3154000D23002BFFFFDB606FFFFF626201081C7E008B5
S3154000D24081E8000016BFFFAAA21020008410001C2F
S3154000D25082100019B8100010B210001AA010000277
S3154000D260B410000110BFFFA2A2102001A0042001AB
S3154000D27010BFFFCEB52C2002852C2002B41020040E
S3154000D28080A3C0040ABFFFC98406400210BFFFF94D
S3154000D290A00420017FFFFC9D901000188210200101
S3154000D2A0C2222010C022201481C7E00891E800085D
S3154000D2B0031FFC00820A0001113F30008200400833
S3154000D2C080A06000048000049010000181C3E00843
S3154000D2D092102000822000018338601480A06013E1
S3154000D2E03480000682007FEC050002009210200088
S3154000D2F081C3E008913880019010200080A0601E14
S3154000D300148000048410200105200000853080012F
S3154000D31081C3E008921000029DE3BFA0033FFFC017
S3154000D320BA062014C60620108728E0028607400366
S3154000D330C800FFFC808900011280002AB600FFFC6D
S3154000D34085292010B410201882102010393FC000C3
S3154000D3508088801C12800004393C00008528A00883
S3154000D3608210001A8088801C128000043930000028
S3154000D370820060048528A0048088801C12800005F5
S3154000D38080A0A000820060028528A00280A0A000A4
S3154000D39006800005391000008088801C0280002D20
S3154000D3A08200600184102020B820800180A0600A9D
S3154000D3B004800019F826400080A7401B1A80000D03
S3154000D3C082007FF580A0600012800037F800FFF8E9
S3154000D3D0030FFC00B011000181C7E00893E8001C70
S3154000D3E084100004B410200810BFFFD9821020001A
S3154000D3F080A0600002BFFFF7B8102000832900011B
S3154000D400B8102000050FFC00B010400281C7E008AC
S3154000D41093E8001C8410200B350FFC00842080010B
S3154000D420B81020009F31000280A7401B1A800004DC
S3154000D430B013C01AF800FFF8B93700028200601531
S3154000D44083290001B210401C81C7E00881E8000032
S3154000D450C026400080A7401B1ABFFFE98210201556
S3154000D460B600FFF8F800FFF88410200B8210201554
S3154000D470892900018737000280A7401B88110003D5
S3154000D480B92F0001030FFC001ABFFFD4B0110001F1
S3154000D490C206FFFC85304002B817000281C7E0088B
S3154000D4A093E8001CB600FFF810BFFFF2842080010D
S3154000D4B09DE3BFA08610001AF406202480A6A00093
S3154000D4C0028000B8BA100003C406A00C80A0A000D9
S3154000D4D0028000BD94102021D000A00480A220002C
S3154000D4E0028000C49410201CC6020000C620A0047E
S3154000D4F0C0222010C022200C85366014073FFC0055
S3154000D500B488A7FF02800004822E40030500040071
S3154000D51082104002849760000280003D8088600748
S3154000D5208088A0072280006E0700003F8088A00107
S3154000D530128000948088A002028000C78930A00231
S3154000D5408930A001BB28601F861020018811001D6C
S3154000D55083304003C822201480A00001C222201834
S3154000D560824020008200600180A6A0001280003721
S3154000D570C22220108600FBCEC626C0008528600247
S3154000D580073FFFC084020002C400A01080888003C9
S3154000D59012800072832860058528A010BA102018D2
S3154000D5A086102010093FC000808880041280000445
S3154000D5B0093C00008528A0088610001D808880044C
S3154000D5C012800004093000008600E0048528A0048B
S3154000D5D0808880041280000580A0A0008600E002BA
S3154000D5E08528A00280A0A000068000050910000042
S3154000D5F080888004028000678600E0018220400324
S3154000D600C227000081C7E00891E8000802800017A1
S3154000D6100500003F808860011280000786102020A8
S3154000D620808860022280008A8330600283306001F5
S3154000D63086102021C22220148210200180A6A0003C
S3154000D64002BFFFCDC22220108206BBCD820040031E
S3154000D650C226C0008210203586204003C62700001F
S3154000D66081C7E00891E800088410A3FF8088400243
S3154000D6700280003D89306010860860FF88100001F6
S3154000D680BA1020088410200080A0E0001280000517
S3154000D6908089200F893120088410001D8089200F41
S3154000D6A012800005808920038400A004893120046B
S3154000D6B08089200312800005808920018400A00211
S3154000D6C089312002808920012280005B8931200136
S3154000D6D08600A02010BFFFD8821000048610E3FF0A
S3154000D6E080888003028000248930A01088100002C0
S3154000D6F0BA10200886102000808920FF128000057D
S3154000D7008089200F893120088610001D8089200FCE
S3154000D71012800005808920038600E00489312004B8
S3154000D720808920031280003D8089200189312002B2
S3154000D73080892001128000068600E002893120019E
S3154000D74080A12000028000478600E001BA20000345
S3154000D75010BFFF7FBB28401DBA10200810BFFF92A4
S3154000D76086102000BA1020188610000410BFFFC78C
S3154000D77084102010BA10201810BFFFE08610201029
S3154000D780881000028610200010BFFF74C8222014A3
S3154000D790861020208220400310BFFF9BC227000036
S3154000D7A07FFFF84F90102010D0262024B410000898
S3154000D7B0C0222004C0222008C0220000C022200C23
S3154000D7C09410202192102004400010089010001858
S3154000D7D0D026A00CC4062024C400A00C80A0A00023
S3154000D7E032BFFF3FD000A00410BFFF44901020007E
S3154000D7F09210200140000FFD9010001880A22000DA
S3154000D80002BFFFFA84102001C422200484102002A3
S3154000D81010BFFF38C422200802BFFFC980A0E00025
S3154000D82012BFFFCCBA200003C822201410BFFF4B02
S3154000D8308610200080A1200002BFFF7F8610204076
S3154000D8408600A02110BFFF7C8210000410BFFF7A23
S3154000D85086102022BB28601E10BFFF3D8610200286
S3154000D860BA1000018810000210BFFF398610202030
S3154000D8709DE3BF98033FFFC0B4062014C6062010A0
S3154000D8808728E00286068003C800FFFC80890001E5
S3154000D8901280003F9E00FFFC85292010B8102018FA
S3154000D8A0821020103B3FC0008088801D12800004FB
S3154000D8B03B3C00008528A0088210001C8088801D03
S3154000D8C0128000043B300000820060048528A004DA
S3154000D8D08088801D1280000580A0A0008200600222
S3154000D8E08528A00280A0A000068000053B1000000D
S3154000D8F08088801D028000448200600184102020C0
S3154000D90080A0600A04800032B620800180A6800F85
S3154000D9101A80002382007FF580A0600012800044B8
S3154000D920DE00FFF8030FFC00B8110001BA10000F2B
S3154000D9309207BFFC7FFFFE7990100019C406601065
S3154000D940C20620109410000882204002961000095A
S3154000D950C407BFFC832860058426C0029010001CC3
S3154000D960820040029210001D80A0600004800012D8
S3154000D970832860148400401C40001A6890100002FE
S3154000D980B010000881C7E00893E80009841000043D
S3154000D990B810200810BFFFC48210200080A060008D
S3154000D9A01280001E9E102000030FFC0010BFFFE0F7
S3154000D9B0B8110001B422800140001A589410001A90
S3154000D9C0B010000881C7E00893E800098410200BD6
S3154000D9D0190FFC00842080019A1020009731000224
S3154000D9E080A6800F1A800004B812C00CDA00FFF837
S3154000D9F09B334002820060158329000110BFFFCD92
S3154000DA00BA10400D80A6800F0A8000179A00FFF8D2
S3154000DA1082102015B610200083290001050FFC0056
S3154000DA209E10200010BFFFC2B81040029A00FFF8B7
S3154000DA3084208001892900018733C00280A6800D99
S3154000DA40881100039F2BC001030FFC001ABFFFB8CB
S3154000DA50B8110001C2037FFC8530400210BFFFB4FD
S3154000DA609E13C002DE00FFF88410200BB610200083
S3154000DA7010BFFFF1821020159DE3BFA0110FFC00DF
S3154000DA80921020003910090080A620170480000B50
S3154000DA90BA1020009410001C400019589610001D22
S3154000DAA0B0863FFF12BFFFFD9410001CB010000867
S3154000DAB081C7E00893E80009B12E20030310005403
S3154000DAC0821062A082004018D0184000B0100008B2
S3154000DAD081C7E00893E800098202A01488027FFF0C
S3154000DAE0C602A010893920058728E0028801200156
S3154000DAF0860040038929200280A040031A80001333
S3154000DB008802000484100008DA004000DA20800011
S3154000DB108200600480A0C00118BFFFFC8400A004FE
S3154000DB208220C00A82007FEB82087FFC820060046C
S3154000DB309002000180A10008088000070100000053
S3154000DB40C02200009002200480A1000838BFFFFEDA
S3154000DB50C022000081C3E00801000000C20220107C
S3154000DB60853A600580A040021680000E8602201489
S3154000DB7083286002108000068200C001C400400075
S3154000DB8080A0A000128000150100000080A0400384
S3154000DB9018BFFFFB82007FFC81C3E0089010200085
S3154000DBA08528A00204BFFFFA8200C002928A601F45
S3154000DBB002BFFFF880A04003C800C00285310009BB
S3154000DBC09328800980A1000902BFFFF1901020012F
S3154000DBD081C3E0080100000081C3E00890102001E5
S3154000DBE09DE3BFA080A6600002800073A2100018CB
S3154000DBF07FFFFA4290100018C2067FFCBA06A00BBF
S3154000DC00A0067FF880A760161880004BB8087FFCF6
S3154000DC108410200086102010BA10201080A7401AC9
S3154000DC200A8000778088A0FF1280007580A70003D5
S3154000DC301680004BB604001C25100059A414A29867
S3154000DC40C804A00880A1001B02800092C406E0041C
S3154000DC508808BFFE8806C004C801200480892001C8
S3154000DC601280004E808860018408BFFC880700024D
S3154000DC7080A1000316800034808860011280001065
S3154000DC809210001AE6067FF8A6240013C204E004A8
S3154000DC9082087FFC84004002B000801C80A60003FE
S3154000DCA03680005BC206E00CB007000180A6000388
S3154000DCB03680005BC204E00C9210001A7FFFF71416
S3154000DCC090100011B09220000280001784063FF8A1
S3154000DCD0C2067FFC82087FFE8204000180A04002CB
S3154000DCE0028000A394073FFC80A2A024188000AEC7
S3154000DCF080A2A013188000A3C60640008210001818
S3154000DD0084100019C6204000C600A004C620600446
S3154000DD10C400A008C4206008921000197FFFF427B1
S3154000DD20901000117FFFF9F79010001181C7E008AD
S3154000DD3081E80000BA0F7FF88610001D10BFFFB8BB
S3154000DD408537601FC206E00CC406E008C220A00C5E
S3154000DD50C4206008B6040004B81000048427001DDF
S3154000DD60C204200480A0A00F18800015820860011C
S3154000DD7082170001C2242004C206E004821060011A
S3154000DD80B0100019C226E0047FFFF9DE90100011A2
S3154000DD9081C7E00881E8000012BFFFC99210001A4F
S3154000DDA0E6067FF8A6240013C204E00410BFFFBFB6
S3154000DDB082087FFC7FFFF6D693E8001A821740015F
S3154000DDC0C22420049204001D8410A001C4226004D1
S3154000DDD0C206E004821060019010001192026008B1
S3154000DDE07FFFF3F6C226E004B01000197FFFF9C5A5
S3154000DDF09010001181C7E00881E800008210200CD5
S3154000DE00C224400081C7E00891E82000C406E0082B
S3154000DE10C220A00CC4206008C204E00CC404E00880
S3154000DE20C220A00CC420600894073FFC9004E00880
S3154000DE3080A2A02418800060B604C018C406400022
S3154000DE4080A2A0130880000A82100008C424E008BB
S3154000DE50C206600480A2A01B18800076C224E00C93
S3154000DE60C40660088204E010B2066008C420400080
S3154000DE70C4066004B8100018C4206004A010001343
S3154000DE80C4066008B210000810BFFFB5C420600881
S3154000DE908408BFFCB00760108807000280A1001804
S3154000DEA0168000568088600112BFFF859210001AC6
S3154000DEB0E6067FF8A6240013C204E00482087FFC2D
S3154000DEC084004002B600801C80A6001B34BFFF7849
S3154000DED0B0070001C204E00CC404E008C220A00C54
S3154000DEE0C420600894073FFC80A2A0241880006AE2
S3154000DEF0B004E008C406400080A2A0130880000ACF
S3154000DF0082100018C424E008C206600480A2A01B48
S3154000DF1018800066C224E00CC40660088204E01043
S3154000DF20B2066008C4204000C4066004C4206004F1
S3154000DF30C4066008C42060088404C01D8226C01D33
S3154000DF40C424A00882106001C220A004C204E004D8
S3154000DF508208600190100011BA10401D7FFFF969D8
S3154000DF60FA24E00481C7E00881E80000C2063FFCCD
S3154000DF7082087FFCB807000110BFFF79B604001C79
S3154000DF80C6260000C206600480A2A01B18800011AD
S3154000DF90C2262004840660088206200810BFFF5A65
S3154000DFA0C60660087FFFF88D9210001910BFFF5C0F
S3154000DFB09210001992100019B8100018B2100008FB
S3154000DFC07FFFF886A010001310BFFF668427001D50
S3154000DFD0C2066008C2262008C206600C80A2A024A1
S3154000DFE00280001EC226200C840660108206201085
S3154000DFF010BFFF45C6066010A004001D8221001D0B
S3154000E000E024A00882106001C2242004C2067FFCDE
S3154000E01082086001B0100019BA10401D901000111E
S3154000E0207FFFF938FA267FFC81C7E00881E80000C7
S3154000E030C2066008C224E010C206600CC224E01486
S3154000E04080A2A0240280000DC40660108204E0185D
S3154000E05010BFFF87B2066010C2066010C2262010AD
S3154000E060C606601484066018C62620148206201848
S3154000E07010BFFF25C6066018C424E018C406601405
S3154000E0808204E020C424E01CB206601810BFFF786A
S3154000E090C4064000921000197FFFF85090100018F7
S3154000E0A010BFFFA78404C01DC2066008C224E0104A
S3154000E0B0C206600CC224E01480A2A024028000059F
S3154000E0C0C40660108204E01810BFFF97B2066010C5
S3154000E0D0C424E018C40660148204E020C424E01C72
S3154000E0E0B206601810BFFF90C40640009DE3BFA073
S3154000E0F0C02680003B1FFFFF051FFBFFBA1763FFCB
S3154000E1008410A3FF820E001D80A040021480001AD6
S3154000E110861000188090401902800017051FFC00E9
S3154000E120808E00021280000C88102000901000188B
S3154000E130921000191510D400400017B09610200018
S3154000E14088103FCAB0100008B210000986100018A7
S3154000E150820E001D8338601482007C0282004004D7
S3154000E160051FFC00C22680008628C002030FF80067
S3154000E170B010C00181C7E00881E800009DE3BFA060
S3154000E1803B10005B901000194000120CC02761B88C
S3154000E19080A23FFF02800004C20761B881C7E00841
S3154000E1A091E8000880A0600002BFFFFD010000006A
S3154000E1B0C226000081C7E00891E800089DE3BFA0A1
S3154000E1C0901000189610001B9410001A40000F8EF5
S3154000E1D0D256600EB092200026800007C416600C0E
S3154000E1E0C206605482004018C226605481C7E008C7
S3154000E1F081E800000300000482288001C236600CDA
S3154000E20081C7E00881E8000081C3E0089010200043
S3154000E2109DE3BFA0C416600CBA1000198088A10007
S3154000E22012800007F256600E030000048228800127
S3154000E230C237600C40000D5B81E800009210001967
S3154000E240961020029410200040000F2E90100018C7
S3154000E250C417600C03000004F257600E8228800148
S3154000E260C237600C40000D4F81E800009DE3BFA01F
S3154000E270901000189610001B9410001A40000F21B1
S3154000E280D256600EC416600C80A23FFF0280000882
S3154000E290B0100008D02660540300000482104002EB
S3154000E2A0C236600C81C7E00881E800000300000424
S3154000E2B082288001C236600C81C7E00881E80000F0
S3154000E2C0D252600E8213C00040000D719E10400075
S3154000E2D082124008808860031280000780A2A00353
S3154000E2E00880001882102001808860FF3280001A62
S3154000E2F01B3FBFBF861000088202BFFF9A10200155
S3154000E3001080000A92024001C20A4001C228BFFFA3
S3154000E3108328601880A06000028000218802BFFF29
S3154000E32086100002941000048400E00180A2A00040
S3154000E33012BFFFF68223400A81C3E00801000000B5
S3154000E34082102000808860FF02BFFFEC8610000824
S3154000E3501B3FBFBF09202020861000089A1362FF8A
S3154000E36088112080C40240008200800D822840022D
S3154000E3708088400432BFFFE28202BFFFC420C00053
S3154000E3809402BFFC8600E00480A2A00318BFFFF6FB
S3154000E3909202600410BFFFDA8202BFFF80A1200014
S3154000E3A002BFFFE69802BFFE8220000280A320053E
S3154000E3B0088000228208600380A060000280000F6F
S3154000E3C096100002C02880009600E00280A06001FE
S3154000E3D00280000A9802BFFDC028A0019600E00313
S3154000E3E080A06003128000059802BFFC9600E004FE
S3154000E3F0C028A0029802BFFB88210001840080014A
S3154000E40086013FFC821020008730E0028600E00152
S3154000E4109B2860028200600180A0C00118BFFFFDFA
S3154000E420C020800D8728E0028402C00380A100033B
S3154000E43002BFFFC29823000380A3200002BFFFBF94
S3154000E440C028800080A3200102BFFFBCC028A001D5
S3154000E45080A3200202BFFFB9C028A00280A32003E8
S3154000E46002BFFFB6C028A00380A3200402BFFFB3AB
S3154000E470C028A00481C3E008C028A0054000EF8062
S3154000E4804000E94C4000E94C4000EF704000E94C48
S3154000E4904000E94C4000E94C4000E9744000E94C3A
S3154000E4A04000E94C4000EF444000EFAC4000E94CEE
S3154000E4B04000EF9C4000EFBC4000E94C4000EEB409
S3154000E4C04000E90C4000E90C4000E90C4000E90C32
S3154000E4D04000E90C4000E90C4000E90C4000E90C22
S3154000E4E04000E90C4000E94C4000E94C4000E94C52
S3154000E4F04000E94C4000E94C4000E94C4000E94C02
S3154000E5004000E94C4000E94C4000ED484000E9D865
S3154000E5104000E94C4000E94C4000E94C4000E94CE1
S3154000E5204000E94C4000E94C4000E94C4000E94CD1
S3154000E5304000E94C4000E94C4000EA484000E94CC4
S3154000E5404000E94C4000E94C4000ECFC4000E94CFE
S3154000E5504000EE804000E94C4000E94C4000F5BCEC
S3154000E5604000E94C4000E94C4000E94C4000E94C91
S3154000E5704000E94C4000E94C4000E94C4000E94C81
S3154000E5804000E94C4000E94C4000ED484000E9DCE1
S3154000E5904000E94C4000E94C4000E94C4000EE6048
S3154000E5A04000E9DC4000E9C84000E94C4000EE404C
S3154000E5B04000E94C4000EEFC4000EA4C4000EEC40E
S3154000E5C04000E9C84000E94C4000ECFC4000E9BC92
S3154000E5D04000F5484000E94C4000E94C4000F55009
S3154000E5E04000E94C4000E9BC9DE3BFA0C206A0083C
S3154000E5F080A0600022800058C026A004F606800055
S3154000E600D00640001080003AFA0660088208A480CE
S3154000E61080A060002280002994100010C606601475
S3154000E620BB28E001D206601086074003A0220009FD
S3154000E63082072001BB30E01F82004010BA0740032A
S3154000E640BB3F600180A0401D088000049410001D5F
S3154000E650BA100001941000018088A4000280004096
S3154000E660010000009210000A7FFFF4A990100018E4
S3154000E670A492200002800042941000107FFFCFE653
S3154000E680D2066010C216600C82087B7F82106080C2
S3154000E690C236600C90048010A0274010FA26601401
S3154000E6A0E0266008E4266010D0264000BA10001C20
S3154000E6B0A010001C941000107FFFF6C892100011A5
S3154000E6C0C2066008D0064000BA20401D90020010E5
S3154000E6D0FA266008D0264000C206A008B820401C92
S3154000E6E080A720000280001BF826A008F806E00458
S3154000E6F0E206C000A010001D80A7200002BFFFFC5C
S3154000E700B606E00880A7001D3ABFFFC1C416600CDC
S3154000E710A010001C921000117FFFF6B0941000105C
S3154000E720C2066008D0064000BA10001C90020010D5
S3154000E730BA20401DD0264000FA266008C206A0082E
S3154000E740B820401C80A7200012BFFFE9F826A00889
S3154000E750C026A00481C7E00891E820007FFFFD2184
S3154000E76090100018A492200012BFFFCC9004801095
S3154000E770D20660107FFFF191901000188210200C95
S3154000E780C2260000C216600C82106040C236600C81
S3154000E790C026A008C026A00481C7E00891E83FFF34
S3154000E7A09DE3BE80F627BF08C216600C8088608055
S3154000E7B002800006AE10001AC206601080A06000FB
S3154000E7C00280039692102040031000398210607C2C
S3154000E7D02D100054C227BF048215A378AA07BF583C
S3154000E7E0C227BF142510005403100054EA27BF4C1B
S3154000E7F082106140C027BF54C027BF50BA100015D1
S3154000E800C027BF00C027BEFCC027BEF0C027BEF44D
S3154000E810C027BF0CA414A368C227BEF8A6100017D1
S3154000E820C20CC000B81000138328601880A0600096
S3154000E830028000228738601880A0E0250280001FF1
S3154000E84080A06000A810001CB8072001C20F00007D
S3154000E8508328601880A06000028000058538601813
S3154000E86080A0A02532BFFFF9A810001CACA700135A
S3154000E87002800011C607BF54C207BF508600C016AB
S3154000E88082006001E6274000EC276004C627BF549B
S3154000E890C227BF5080A06007148000E4BA07600812
S3154000E8A0C407BF0CC20D200184008016832860185F
S3154000E8B0C427BF0C80A06000028003A3A6072001E6
S3154000E8C0C20F2001C02FBF1FB6103FFFB810200057
S3154000E8D0AC10200083286018A810202BB4102020EC
S3154000E8E0A604E0018338601884007FE080A0A05A27
S3154000E8F01880001880A060008528A002C607BF04C3
S3154000E900C400C00281C0800001000000B810200091
S3154000E91084007FD0832F2002A604E001B800401C6B
S3154000E920C24CFFFFB92F2001B800801C84007FD065
S3154000E93080A0A00928BFFFF9832F200284007FE032
S3154000E94080A0A05A28BFFFEE8528A00280A06000C4
S3154000E9500280037DA8102001C22FBF98C02FBF1F81
S3154000E96082102001C227BF10B407BF981080005EF6
S3154000E970B61020007FFFF34A90100018C202200410
S3154000E980C227BEF47FFFD08F90100001821000088E
S3154000E99090100018AE1000017FFFF341C227BEF071
S3154000E9A08295E000C202200802800005C227BEFC14
S3154000E9B080A06000328002DAC6484000C40CC00025
S3154000E9C010BFFFC88328A018C40CC000AC15A020F7
S3154000E9D010BFFFC48328A018AC15A010808DA020BE
S3154000E9E0028000B0C407BF08C207BF0892100001EA
S3154000E9F08200600894102008C227BF087FFFCF0618
S3154000EA009007BF28C207BF28E207BF2CA01000010D
S3154000EA1080A06000268000EDA2A0001180A6FFFF26
S3154000EA200280017C80A6E0001280017AAC0DBF7F97
S3154000EA308094001112800178AE100016C027BF10D6
S3154000EA4010800021B407BFFCAC15A010808DA0201B
S3154000EA5002800087C407BF08C207BF0892100001A2
S3154000EA608200600894102008C227BF087FFFCEEAC4
S3154000EA709007BF30AE0DBBFFE01FBF3082102000B5
S3154000EA8080A6FFFF028000D8C02FBF1F80940011D0
S3154000EA90128002A1AC0DFF7F80A6E0001280029E8C
S3154000EAA0808860FF12BFFFE6B6102000828DE0012D
S3154000EAB002BFFFE4C227BF1082102030B407BFFB5D
S3154000EAC0C22FBFFBC207BF1080A6C001168000033D
S3154000EAD0A810001BA8100001C24FBF1F80A0000154
S3154000EAE0A8400014848DA00232800002A8052002AE
S3154000EAF0C207BF54AE8DA08412800006DE07BF5009
S3154000EB009827001480A32000148001D580A32010EC
S3154000EB10D44FBF1F9603E00180A2A00002800011DF
S3154000EB20980760089407BF1F82006001D427400001
S3154000EB30C227BF5494102001D627BF5080A2E007B9
S3154000EB401480020BD42760049203E00294076010FD
S3154000EB509E10000BBA10000C961000099810000A7F
S3154000EB6080A0A0000280001080A5E0809E07BF2004
S3154000EB7082006002DE274000C227BF549E1020025A
S3154000EB80D627BF5080A2E00714800207DE27600424
S3154000EB909E10000BBA10000C9602E0019803200864
S3154000EBA080A5E08002800141AE270014C407BF1053
S3154000EBB0B626C00280A6E0001480016F80A6E01051
S3154000EBC0C407BF10F427400082008001C4276004B8
S3154000EBD0C227BF5480A2E00714800198D627BF50B1
S3154000EBE0808DA0040280000780A70014BA27001475
S3154000EBF080A76000148001F880A7601080A70014E9
S3154000EC0026800002B8100014C407BF0C8400801C84
S3154000EC1080A0600012800031C427BF0CC027BF50BF
S3154000EC2010BFFF00BA1000159407BF4C9210001990
S3154000EC307FFFFE6E9010001880A220001280000513
S3154000EC40BA10001510BFFF18C407BF0CB210001C45
S3154000EC50C216600C808860401280032882103FFFF5
S3154000EC60F007BF0C81C7E00881E80000808DA01046
S3154000EC70128000448200A004808DA0400280003FA4
S3154000EC80808DA200E010A002C227BF08A21000108B
S3154000EC90AE0DBBFFA010200010BFFF7A82102000EF
S3154000ECA0808DA010128000408200A004808DA0407C
S3154000ECB00280003B808DA200C8008000C227BF08AA
S3154000ECC0832920108938601FA3386010A0100004E3
S3154000ECD010BFFF50821000049407BF4C92100019D9
S3154000ECE07FFFFE429010001880A2200012BFFFD97D
S3154000ECF0BA10001510BFFECBC027BF50C207BF08D1
S3154000ED00C02FBF1FF40040008200600480A6A00010
S3154000ED1002800283C227BF0880A6FFFF0280023A14
S3154000ED209410001B921020007FFFF4EE9010001A02
S3154000ED3080A22000028002EC8222001AB610200037
S3154000ED4010BFFF61C227BF10C407BF08C2008000C2
S3154000ED50C02FBF1F8400A004C22FBF98C427BF087E
S3154000ED6082102001A8102001C227BF10B407BF9807
S3154000ED7010BFFF5DB6102000328002B3E008A0034A
S3154000ED80E0008000AE0DBBFFC227BF08A2100010F6
S3154000ED908210200010BFFF3BA0102000328002B03E
S3154000EDA0C8008000DE008000C227BF08893BE01F04
S3154000EDB0A210000F8210000480A0600016BFFF184A
S3154000EDC0A0100004A2A000118210202DC22FBF1F48
S3154000EDD0A0600010AE10001680A6FFFF12BFFF2CE9
S3154000EDE082102001820860FF80A060010280008AB4
S3154000EDF0AC07BFFC80A0600212800092B4100016DF
S3154000EE00C807BF00820C600FB406BFFFC2090001ED
S3154000EE10C22E8000852C201C873420048334600455
S3154000EE20A21080018090C01112BFFFF7A01000030E
S3154000EE308225801AAC10001710BFFF23C227BF10CF
S3154000EE40C40CC0008328A0188538601880A0A06C28
S3154000EE5022800221C40CE00110BFFEA2AC15A01016
S3154000EE60C40CC0008328A0188538601880A0A0680C
S3154000EE7022800215C40CE00110BFFE9AAC15A040DA
S3154000EE80AE15A010808DE02002800183C207BF0826
S3154000EE90921000018200600894102008C227BF0823
S3154000EEA07FFFCDDD9007BF388210200110BFFEF5F1
S3154000EEB0E01FBF38C40CC000AC15A08010BFFE894F
S3154000EEC08328A018C207BF08E00040008200600403
S3154000EED0C227BF080300000C82106078C237BF20EB
S3154000EEE0C207BEF8A2100010C227BF00A010200023
S3154000EEF0AE15A00210BFFEE382102002C407BF0871
S3154000EF00C20080008400A004808DA0201280018A67
S3154000EF10C427BF08808DA010128001FFC407BF0C14
S3154000EF20808DA04032BFFE3FC4304000808DA2009D
S3154000EF3022BFFE3CC4204000C407BF0C10BFFE39B0
S3154000EF40C4284000C207BF08F800400082006004A1
S3154000EF50C227BF08C40CC00080A7200016BFFE61B0
S3154000EF608328A018B820001C10BFFE5EAC15A00474
S3154000EF70C40CC000AC15A00110BFFE5A8328A018CF
S3154000EF80C40CC000C64FBF1F80A0E00012BFFE5594
S3154000EF908328A01810BFFE53F42FBF1FC40CC00017
S3154000EFA0AC15A00410BFFE4F8328A018C40CC000A7
S3154000EFB0E82FBF1F10BFFE4B8328A018C24CC000CD
S3154000EFC080A0602A0280024F8604E00184007FD040
S3154000EFD0A610000380A0A00918BFFE44B61020006A
S3154000EFE0832EE002A604E001B600401BC24CFFFFA0
S3154000EFF0B72EE001B606C00284007FD080A0A009EB
S3154000F00028BFFFF9832EE00210BFFE3984007FE05F
S3154000F010AE10001680A420001280018980A46009E9
S3154000F0201880018782046030AC100017C22FBFFBE6
S3154000F030B407BFFB8210200110BFFEA3C227BF103A
S3154000F0409610001A820C6007B406BFFF820060303B
S3154000F050C22E8000872C201D89342003853460030E
S3154000F060A210C0028091001112BFFFF6A01000044A
S3154000F0708208607F80A0603002BFFF6E808DE00115
S3154000F08002BFFF6D8225801A9602FFFE8225800B05
S3154000F090AC100017C227BF1082102030C22EBFFF0F
S3154000F0A010BFFE89B410000B80A5E00004BFFEC16E
S3154000F0B0C407BF1080A5E0100480020E9410000C17
S3154000F0C01080000698102010AE05FFF080A5E010D5
S3154000F0D0248000199E03E0019E03E0018200601037
S3154000F0E0E4274000D8276004C227BF54DE27BF501C
S3154000F0F080A3E00704BFFFF5BA0760089407BF4C3A
S3154000F100921000197FFFFD399010001880A2200050
S3154000F11012BFFED0AE05FFF0C207BF54DE07BF5098
S3154000F120BA10001580A5E01014BFFFEC981020100F
S3154000F1309E03E0019407600882004017E4274000E0
S3154000F140EE276004C227BF5480A3E00714800166FF
S3154000F150DE27BF50C407BF109603E001B626C002A3
S3154000F1609802A00880A6E00004BFFE97BA10000AE5
S3154000F17080A6E0100480001F8610000C1080000658
S3154000F180AE102010B606FFF080A6E01004800018EE
S3154000F1909603E0019E03E00182006010E4274000F0
S3154000F1A0EE276004C227BF54DE27BF5080A3E00786
S3154000F1B004BFFFF5BA0760089407BF4C92100019C8
S3154000F1C07FFFFD0A9010001880A2200012BFFEA10A
S3154000F1D0B606FFF0C207BF54DE07BF5080A6E01058
S3154000F1E014BFFFEDBA1000159603E00186076008CC
S3154000F1F08200401BE4274000F6276004C227BF5424
S3154000F20080A2E007148000B8D627BF509602E001DE
S3154000F210BA100003C407BF10F427400082008001E3
S3154000F220C4276004C227BF54D627BF5080A2E00738
S3154000F23004BFFE6C9800E0089407BF4C921000197A
S3154000F2407FFFFCEA9010001880A2200012BFFE81CA
S3154000F250C207BF5410BFFE63981000150480002EED
S3154000F26096102010C427BEECE03FBEE08410001389
S3154000F270A610001BA010000CB610001CB8100019F8
S3154000F28010800006B2100002A0043FF080A42010B7
S3154000F2900480001A861000199E03E0018200601067
S3154000F2A0C407BF14D6276004C4274000C227BF54F2
S3154000F2B0DE27BF5080A3E00704BFFFF4BA0760080B
S3154000F2C09407BF4C9210001C7FFFFCC8901000189A
S3154000F2D080A2200012BFFE5EA0043FF0C207BF54CA
S3154000F2E0DE07BF50BA10001580A4201014BFFFEBF4
S3154000F2F0961020108610001998100010B210001CAD
S3154000F300C407BEECB810001BE01FBEE0B6100013E9
S3154000F310A61000039E03E0018200400CC607BF14FE
S3154000F320D8276004C6274000C227BF54DE27BF50F7
S3154000F33080A3E00704BFFDF7BA076008C427BEEC08
S3154000F3409407BF4C921000197FFFFCA8901000183C
S3154000F35080A2200012BFFE3FC207BF54DE07BF5047
S3154000F360BA10001510BFFDEBC407BEECC427BEECB7
S3154000F3709407BF4C921000197FFFFC9C9010001818
S3154000F38080A2200012BFFE33DE07BF50C207BF5423
S3154000F3909603E0019807BF60BA10001510BFFDF153
S3154000F3A0C407BEEC9407BF4C921000197FFFFC8F38
S3154000F3B09010001880A2200012BFFE26DE07BF5024
S3154000F3C0C207BF549603E0019807BF6010BFFDF522
S3154000F3D0BA1000150480001EC607BF5010800006F4
S3154000F3E0AC102010BA077FF080A760102480001967
S3154000F3F08600E0018600E00182006010C407BF1469
S3154000F400EC232004C4230000C227BF54C627BF50A4
S3154000F41080A0E00704BFFFF4980320089407BF4C80
S3154000F420921000197FFFFC719010001880A22000F6
S3154000F43012BFFE08BA077FF0C207BF54C607BF50C7
S3154000F44080A7601014BFFFEC981000158600E001FD
S3154000F4508200401DC407BF14FA232004C4230000C1
S3154000F460C227BF5480A0E00704BFFDE5C627BF50B2
S3154000F4709407BF4C921000197FFFFC5C9010001857
S3154000F48080A2200012BFFDF3C207BF5410BFFDDDAE
S3154000F49080A70014808DE0101280000D8800600463
S3154000F4A0808DE04002800008808DE200E01060021E
S3154000F4B0C827BF08A21000108210200110BFFD719E
S3154000F4C0A0102000328000DBE0086003E00040002E
S3154000F4D082102001A2100010C827BF0810BFFD6986
S3154000F4E0A01020009407BF4C921000197FFFFC3FEC
S3154000F4F09010001880A2200012BFFDD6D607BF503C
S3154000F500C207BF549602E0019807BF6010BFFDAD29
S3154000F510BA10001510BFFE34AE100016C40CC00061
S3154000F52080A0E00002BFFCEF8328A01810BFFCEDCE
S3154000F530AC15A400C407BF0C8738A01FC4206004C4
S3154000F54010BFFCB8C620400010BFFE4FAE100016DC
S3154000F550C207BEF8C227BF00808DA0200280001ED1
S3154000F560A8102078C207BF089210000182006008E8
S3154000F570941020089007BF407FFFCC27C227BF08C2
S3154000F580E01FBF408094001102800004808DA001DE
S3154000F5903280000582102030AE0DBBFF10BFFD3912
S3154000F5A082102002AC15A002C22FBF20E82FBF2137
S3154000F5B0AE0DBBFF10BFFD33821020020310005476
S3154000F5C082106158C227BF00808DA02012BFFFE67F
S3154000F5D0A8102058C407BF08808DA010128000359F
S3154000F5E08200A004808DA04002800030808DA20061
S3154000F5F0E010A002C227BF08A210001010BFFFE211
S3154000F600A01020009010001A7FFFCD6EB61020008B
S3154000F61010BFFD2DD027BF107FFFF0BD9010001802
S3154000F620D026400080A22000028000C1D026601073
S3154000F6308210204010BFFC65C2266014808DE40015
S3154000F6401280004BAC07BFFCB4100016941020008B
S3154000F6509610200A9010001040000FBD9210001125
S3154000F6608202603090100010921000119410200019
S3154000F6709610200A40000EE1C22EBFFFB406BFFF1F
S3154000F6808410001180A42000A210000912BFFFF0D0
S3154000F690A010000880A0A00918BFFFEE941020001B
S3154000F6A010BFFDE58225801A32800074E008A00371
S3154000F6B0E0008000C227BF08A210001010BFFFB2B2
S3154000F6C0A0102000AC15A200A604E00110BFFC85E6
S3154000F6D08328A018AC15A020A604E00110BFFC8129
S3154000F6E08328A0189407BF4C921000197FFFFBBFD8
S3154000F6F09010001880A2200012BFFD56DE07BF50B2
S3154000F700C207BF549603E0019807BF6010BFFD28AB
S3154000F710BA10001510BFFC43C420400080A6E00686
S3154000F72008800004F627BF1082102006C227BF10AB
S3154000F73009100054E807BF10B411217010BFFCEA4D
S3154000F740B6102000C207BF5480A0600022BFFD4211
S3154000F750C216600C9407BF4C921000197FFFFBA3A2
S3154000F7609010001810BFFD3CC216600CB410001675
S3154000F770F827BF10A8102000B8100016AC100013D0
S3154000F780A6100019B210001DFA07BEFC9410200006
S3154000F7909610200A9010001040000F6D9210001134
S3154000F7A084026030C42F3FFFA8052001C44F4000AB
S3154000F7B080A0A07F02800005B8073FFF80A080148C
S3154000F7C00280000D80A42000941020009610200A8C
S3154000F7D09010001040000E899210001180A4200065
S3154000F7E00280002A80A46009A010000810BFFFE82C
S3154000F7F0A21000091280002A80A4600918800029FE
S3154000F800C207BEF0FA27BEFCBA100019B2100013A8
S3154000F810A6100016AC10001AB410001CF807BF1052
S3154000F8208225801AAC10001710BFFCA7C227BF1054
S3154000F830C827BF08A21000108210200110BFFC91FB
S3154000F840A0102000C227BF08A2100010AE0DBBFFBB
S3154000F850A010200010BFFC8B82102000C227BF08DA
S3154000F860832920188938601FA3386018A010000427
S3154000F87010BFFC6882100004C227BF08A210001007
S3154000F88010BFFF41A010200028BFFFE0FA27BEFCB2
S3154000F890A010000810BFFFBEA2100009C207BEF0AC
S3154000F8A0D207BEF494100001B82700017FFFFA8901
S3154000F8B09010001CC44F600180A000029010001000
S3154000F8C092100011941020009610200ABA40001D94
S3154000F8D040000E4AA8102000A010000810BFFFAC40
S3154000F8E0A2100009F627BF1010BFFC77B610200003
S3154000F8F010BFFE129E10000B10BFFCDAC227BF0CD1
S3154000F900C207BF08F60040008200600480A6E000FF
S3154000F91016800003C227BF08B6103FFFC40CE001A3
S3154000F920A610000310BFFBEF8328A01882103FFFEC
S3154000F930C227BF0C8210200C10BFFCCAC226000092
S3154000F940400102804000FE3C4000FE3C4001027007
S3154000F9504000FE3C4000FE3C4000FE3C4000FF7440
S3154000F9604000FE3C4000FE3C40010244400102345F
S3154000F9704000FE3C40010224400101D04000FE3CD4
S3154000F980400101C04000FF3C4000FF3C4000FF3CBE
S3154000F9904000FF3C4000FF3C4000FF3C4000FF3C35
S3154000F9A04000FF3C4000FF3C4000FE3C4000FE3C27
S3154000F9B04000FE3C4000FE3C4000FE3C4000FE3C19
S3154000F9C04000FE3C4000FE3C4000FE3C40010074CE
S3154000F9D04000FFD84000FE3C4000FE3C4000FE3C5C
S3154000F9E04000FE3C4000FE3C4000FE3C4000FE3CE9
S3154000F9F04000FE3C4000FE3C4000FE3C400100EC26
S3154000FA004000FE3C4000FE3C4000FE3C400100A061
S3154000FA104000FE3C400102BC4000FE3C4000FE3C33
S3154000FA20400112704000FE3C4000FE3C4000FE3C5F
S3154000FA304000FE3C4000FE3C4000FE3C4000FE3C98
S3154000FA404000FE3C4000FE3C4000FE3C400100744D
S3154000FA504000FFDC4000FE3C4000FE3C4000FE3CD7
S3154000FA604001029C4000FFDC4000FFC84000FE3CD5
S3154000FA70400103304000FE3C40010178400100F067
S3154000FA80400102F44000FFC84000FE3C400100A097
S3154000FA904000FFBC400112684000FE3C4000FE3C76
S3154000FAA0400111F84000FE3C4000FFBC9DE3BFA072
S3154000FAB0C206A00880A060000280002D0500000854
S3154000FAC0C60660608088C0020280001A9410001A40
S3154000FAD0E0068000E2042004B934600280A72000DA
S3154000FAE00280001BF604000010800005BA102000BA
S3154000FAF080A7001D22800016C206A008832F600240
S3154000FB0094100019D206C001400008509010001809
S3154000FB1080A23FFF32BFFFF7BA076001B0103FFF38
S3154000FB20C026A008C026A00481C7E00881E80000DE
S3154000FB30921000197FFFED6490100018C026A008AF
S3154000FB40C026A00481C7E00891E80008A20C7FFC0B
S3154000FB5082204011C226A00880A0600012BFFFDEAE
S3154000FB60A004200810BFFFEFB0102000C026A0045C
S3154000FB7081C7E00891E820009DE3BE78F627BF04E0
S3154000FB80A4100018AA10001980A6200002800006C2
S3154000FB90A210001AC206201880A060000280007AD7
S3154000FBA001000000031000548210621C80A5400131
S3154000FBB02280000BEA04A00403100054821061FC6A
S3154000FBC080A540010280007903100054821061DC58
S3154000FBD080A5400122800002EA04A00CC215600CF8
S3154000FBE0050000088088800112800008808860082F
S3154000FBF082104002C6056060C235600C8428C0028F
S3154000FC00C4256060808860080280048C92100015CC
S3154000FC10C405601080A0A000028004888208601A93
S3154000FC2080A0600A22800490C255600E8207BF58A9
S3154000FC30C227BF4CB21000010310003E8210614043
S3154000FC40C227BEF00310005482106398C227BF102B
S3154000FC500310005482106388C027BF54C227BF14C4
S3154000FC60C027BF5003100054C027BEEC821061402D
S3154000FC70C027BEE8C027BEDCC027BEE0C027BF08FD
S3154000FC80C227BEE4C20C400083286018853860183D
S3154000FC9080A0A02502800055BA10001180A0A000C7
S3154000FCA00280005380A06000B810001DBA076001B2
S3154000FCB0C20F40008328601880A0600002800005C3
S3154000FCC08538601880A0A02532BFFFF9B810001D06
S3154000FCD0B6A7401102800045C407BF50C207BF54B3
S3154000FCE08206C0018400A001E2264000F626600498
S3154000FCF0C227BF54C427BF5080A0A0070480003647
S3154000FD00B206600880A060000280049605000008E4
S3154000FD10C60560608088C00202800026F007BF4C9E
S3154000FD20E2062004B334600280A6600002800487A5
S3154000FD30E006000010800005B410200080A6401A9E
S3154000FD4002800482C207BF54832EA002941000157D
S3154000FD50D2040001400007BD9010001280A23FFF70
S3154000FD6032BFFFF7B406A001C215600C8088604020
S3154000FD701280063C82103FFFF007BF0881C7E008AB
S3154000FD8081E800007FFFEBC8901000180310005474
S3154000FD908210621C80A5400112BFFF8903100054E7
S3154000FDA010BFFF8FEA04A00410BFFF8DEA04A0082D
S3154000FDB09407BF4C921000157FFFECC390100012C1
S3154000FDC0C027BF5480A2200012BFFFE8C027BF5003
S3154000FDD0B207BF58C407BF08C20F20018400801B6A
S3154000FDE083286018C427BF0880A06000028005965B
S3154000FDF0A2076001C20F6001C02FBF1FB6103FFFB0
S3154000FE00B4102000A010200083286018BA10202BC0
S3154000FE10B8102020A20460018338601884007FE077
S3154000FE2080A0A05A188000068528A002C607BEF00A
S3154000FE30C400C00281C080000100000080A06000B4
S3154000FE4002800581A8102001C22FBF98C02FBF1F76
S3154000FE5082102001C227BF0CB007BF98B610200001
S3154000FE60828C200202800003C227BEF4A80520022D
S3154000FE70848C2084C427BF00D007BF50C207BF541C
S3154000FE80860220011280000684100003A6268014F4
S3154000FE9080A4E000148002FC80A4E010C84FBF1F7D
S3154000FEA080A1200002800141860660088807BF1FA6
S3154000FEB082006001C8264000C227BF548810200136
S3154000FEC0C427BF5080A0A00704800134C826600420
S3154000FED080A06000028002DB05000008C605606065
S3154000FEE08088C002028002CFF207BF4CEC06600455
S3154000FEF0B935A00280A7200002800422E606400011
S3154000FF0010800005BA10200080A7001D0280041D45
S3154000FF10C207BF54832F600294100015D204C0015B
S3154000FF204000074A9010001280A23FFF32BFFFF701
S3154000FF30BA07600110BFFF8EC215600CB4102000D6
S3154000FF4084007FD0832EA002A2046001B400401A30
S3154000FF50C24C7FFFB52EA001B400801A84007FD02A
S3154000FF6080A0A00928BFFFF9832EA00210BFFFADD5
S3154000FF7084007FE07FFFEDCA90100012C202200489
S3154000FF80C227BEE07FFFCB0F901000018210000811
S3154000FF9090100012B01000017FFFEDC1C227BEDCF9
S3154000FFA082962000C202200802800005C227BEE8D1
S3154000FFB080A0600032800483C6484000C40C4000E4
S3154000FFC010BFFF958328A018C40C4000A014202021
S3154000FFD010BFFF918328A018A0142010808C2020E9
S3154000FFE002800413C407BF04C207BF049210000175
S3154000FFF08200600894102008C227BF047FFFC9868C
S315400100009007BF28C207BF28C407BF2CC227BEF826
S31540010010C427BEFC80A060000680041FF81FBEF8FE
S3154001002080A6FFFF0280039880A6E0001280039617
S31540010030A00C3F7FC41FBEF882100002809040038F
S3154001004012800393BA100010C027BF0CB007BFFC43
S31540010050C207BF0C80A6C00116800003A810001B72
S31540010060A8100001C24FBF1F80A0000110BFFF7D35
S31540010070A8400014C407BF04C2008000C02FBF1FA0
S315400100808400A004C22FBF98C427BF048210200158
S31540010090A8102001C227BF0C10BFFF71B007BF983F
S315400100A0C207BF04C02FBF1FF0004000820060049A
S315400100B080A62000028004C6C227BF0480A6FFFF97
S315400100C00280047F9410001B921020007FFFF005F0
S315400100D09010001880A220000280055D822200183F
S315400100E0B610200010BFFFDBC227BF0CA0142010A2
S315400100F0808C2020028003B6C407BF04C207BF0418
S31540010100921000018200600894102008C227BF04A3
S315400101107FFFC9419007BF30C41FBF30BA0C3BFFB8
S31540010120C43FBEF882102000C02FBF1F80A6FFFF2C
S315400101300280014CC41FBEF8881000028091000362
S3154001014012800147A00F7F7F80A6E0001280014404
S31540010150808860FF12BFFFBDB6102000828F60010C
S3154001016002BFFFBBC227BF0C82102030B007BFFBC6
S3154001017010BFFFB8C22FBFFBC407BF04C200800037
S315400101808400A004808C202012800409C427BF0467
S31540010190808C2010128004A2C407BF08808C2040A6
S315400101A032BFFEB9C4304000808C220022BFFEB669
S315400101B0C4204000C407BF0810BFFEB3C428400096
S315400101C0C40C4000A014208010BFFF138328A01840
S315400101D0C24C400080A0602A02800533860460013B
S315400101E084007FD0A210000380A0A00918BFFF0C95
S315400101F0B6102000832EE002A2046001B600401B27
S31540010200C24C7FFFB72EE001B606C00284007FD004
S3154001021080A0A00928BFFFF9832EE00210BFFF018D
S3154001022084007FE0C40C4000A014200410BFFEFAF5
S315400102308328A018C40C4000FA2FBF1F10BFFEF63A
S315400102408328A018C207BF04F4004000820060045E
S31540010250C227BF04C40C400080A6A00016BFFEEE14
S315400102608328A018B420001A10BFFEEBA014200466
S31540010270C40C4000A014200110BFFEE78328A0183B
S31540010280C40C4000C64FBF1F80A0E00012BFFEE273
S315400102908328A01810BFFEE0F82FBF1FC40C4000F2
S315400102A08328A0188538601880A0A0682280043C65
S315400102B0C40C600110BFFED8A0142040BA1420100F
S315400102C0808F60200280037CC207BF049210000128
S315400102D08200600894102008C227BF047FFFC8CE61
S315400102E09007BF38C41FBF388210200110BFFF8F4F
S315400102F0C43FBEF8C407BF04C20080008610000197
S315400103000300000C821060788400A004C237BF202D
S31540010310C207BEE4C427BF04C227BEEC8410200036
S31540010320BA142002C43FBEF810BFFF8082102002DB
S31540010330C40C40008328A0188538601880A0A06CA2
S3154001034022800413C40C600110BFFEB3A014201018
S315400103509407BF4C921000157FFFEB5B9010001283
S31540010360C027BF5480A2200012BFFE80C027BF50C5
S31540010370C24FBF1F80A0600002800398C207BEF42F
S315400103808207BF1F8607BF60C227BF58841020015E
S3154001039082102001C227BF5C90100002B2100003F8
S315400103A08400A0018600E008C807BEF480A12000B1
S315400103B002800031C807BF008807BF208200600263
S315400103C0C8264000C227BF5488102002C427BF5008
S315400103D080A0A00704800023C826600480A0600096
S315400103E0028002F78607BF60C60560600500000807
S315400103F08088C00202800284F207BF4CEC0660048A
S31540010400B935A00280A72000028002E6E606400038
S3154001041010800005BA10200080A7001D028002E16D
S31540010420C207BF54832F600294100015D204C00145
S31540010430400006069010001280A23FFF32BFFFF730
S31540010440BA07600110BFFE4AC215600C8607BF603D
S31540010450C227BF588410200182102002C227BF5CE8
S31540010460B210000390100002860660088402200143
S31540010470C807BF0080A1208002800099A62680146B
S31540010480C807BF0CB626C00480A6E000148000FC55
S3154001049080A6E010C807BF0CF0264000820100018B
S315400104A0C8266004C227BF5480A0A0070480002C40
S315400104B0C427BF5080A06000028000590500000893
S315400104C0C60560608088C0020280004DF607BF4CB9
S315400104D0F006E004B936200280A7200002800162BE
S315400104E0F206C00010800005BA10200080A7001D4A
S315400104F00280015DC207BF54832F6002941000152C
S31540010500D2064001400005D19010001280A23FFF63
S3154001051032BFFFF7BA07600110BFFE15C215600C66
S315400105209407BF4C921000157FFFEAE79010001226
S31540010530C027BF5480A2200012BFFE0CC027BF5067
S31540010540C207BF0C84102001F027BF58C227BF5CE9
S31540010550C227BF54C427BF508607BF60808C200482
S315400105600280000780A68014B626801480A6E0008B
S31540010570148001B880A6E01080A68014268000026F
S31540010580B4100014C407BF088400801A80A060001C
S3154001059002800030C427BF08C60560600500000818
S315400105A08088C00202800114F607BF4CF206E004BF
S315400105B0B936600280A7200002800188F406C00097
S315400105C010800005BA10200080A7001D028001831B
S315400105D0C207BF54832F600294100015D2068001D2
S315400105E04000059A9010001280A23FFF32BFFFF7EC
S315400105F0BA07600110BFFDDEC215600C9407BF4CFF
S31540010600921000157FFFEAB090100012C027BF5428
S3154001061080A2200012BFFDD5C027BF50808C200488
S315400106200280000780A68014B626801480A6E000CA
S31540010630148001858410200080A680142680000243
S31540010640B4100014C207BF088200401AC227BF086F
S31540010650C027BF5010BFFD8CB207BF58BA1000105B
S31540010660820860FF80A0600102800208B807BFFCD3
S3154001067080A0600202800162B010001CC41FBEF857
S315400106809E1000188208E007B0063FFF82006030E6
S31540010690C22E00009B28A01D9930A0038930E0039B
S315400106A0861340048093000312BFFFF68410000CAA
S315400106B08208607F80A0603002800005C43FBEF89A
S315400106C0808F6001328002B39E03FFFE82270018AD
S315400106D0A010001D10BFFE5FC227BF0C80A4E00022
S315400106E004BFFF69C807BF0C80A4E010048003DF84
S315400106F0BA100003AE10201010800009F627BF0083
S3154001070088022002B206600890100002A604FFF09B
S3154001071080A4E01004800035F607BF008402200162
S3154001072082006010C607BF14EE266004C62640004C
S31540010730C227BF5480A0A00704BFFFF2C427BF5001
S3154001074080A06000028000A807000008C405606020
S315400107508088800302800016F207BF4CF6066004CB
S31540010760BB36E00280A7600002800099F80640008F
S3154001077010800005AC10200080A74016028000942E
S31540010780C207BF54832DA00294100015D207000161
S315400107904000052E9010001280A23FFF32BFFFF7A6
S315400107A0AC05A00110BFFD72C215600C9407BF4C89
S315400107B0921000157FFFEA4490100012C027BF54E3
S315400107C080A2200012BFFD69C027BF50A604FFF0DA
S315400107D0881020018210200080A4E01014BFFFD0B1
S315400107E0B207BF58F607BF00BA0660088200401339
S315400107F0C407BF14E6266004C4264000C227BF547E
S3154001080080A1200704800259C827BF5080A06000FC
S315400108100280035E8607BF60C6056060050000086A
S315400108208088C002028002F1E607BF4CEC04E00476
S31540010830B935A00280A720000280034DF204C00012
S3154001084010800005BA10200080A7001D02800348D1
S31540010850C207BF54832F600294100015D20640018F
S31540010860400004FA9010001280A23FFF32BFFFF70A
S31540010870BA07600110BFFD3EC215600C0480003E00
S315400108808810000310800009AC1020108402200259
S31540010890B206600890100003B606FFF080A6E0108D
S315400108A004800035880660088602200182006010B7
S315400108B0C407BF14EC266004C4264000C227BF54B7
S315400108C080A0E00704BFFFF2C627BF5080A06000AA
S315400108D00280003B07000008C405606080888003F1
S315400108E002800016F207BF4CE6066004BB34E00204
S315400108F080A760000280002CF806400010800005A9
S31540010900AE10200080A7401702800027C207BF54BF
S31540010910832DE00294100015D2070001400004CB5C
S315400109209010001280A23FFF32BFFFF7AE05E001F3
S3154001093010BFFD0FC215600C9407BF4C92100015F5
S315400109407FFFE9E190100012C027BF5480A220002A
S3154001095012BFFD06C027BF50B606FFF08410200126
S315400109608210200080A6E01014BFFFD0B207BF5806
S31540010970880660088200401BC607BF14F62660043D
S31540010980C6264000C227BF5480A0A0071480014C50
S31540010990C427BF508400A0018601200810BFFEBEB7
S315400109A0B2100004A60CFFFC82204013C227BF549C
S315400109B080A0600012BFFFCDB206600884102001FE
S315400109C09010200010BFFFB5B207BF58B60EFFFC0E
S315400109D08220401BC227BF5480A0600012BFFF6027
S315400109E0B2066008881020019010200010BFFF4811
S315400109F0B207BF589407BF4C921000157FFFE9B26A
S31540010A0090100012C027BF5480A2200012BFFCD70D
S31540010A10C027BF50C027BF5010BFFC9BB207BF586D
S31540010A209407BF4C921000157FFFE9A79010001262
S31540010A30C027BF5480A2200012BFFCCCC027BF50A4
S31540010A40C207BEF480A06000328001388207BF2011
S31540010A50901020008607BF608410200110BFFE85DC
S31540010A60B207BF58B00E3FFC82204018C227BF5480
S31540010A7080A0600012BFFE97B606E00810BFFEE9EF
S31540010A80808C20042480003F88100003AE10201083
S31540010A901080000AF627BED888022002B2066008F6
S31540010AA090100003A604FFF080A4E01004800035F6
S31540010AB0F607BED88602200182006010C407BF1027
S31540010AC0EE266004C4264000C227BF5480A0E0073A
S31540010AD004BFFFF2C627BF5080A060000280003BE2
S31540010AE007000008C4056060808880030280001604
S31540010AF0F207BF4CF6066004BB36E00280A76000F1
S31540010B000280002CF806400010800005AC10200041
S31540010B1080A7401602800027C207BF54832DA0023A
S31540010B2094100015D20700014000044890100012AD
S31540010B3080A23FFF32BFFFF7AC05A00110BFFC8C7E
S31540010B40C215600C9407BF4C921000157FFFE95EF9
S31540010B5090100012C027BF5480A2200012BFFC8310
S31540010B60C027BF50A604FFF0881020018210200044
S31540010B7080A4E01014BFFFD0B207BF58F607BED815
S31540010B8082004013C407BF10E6266004C426400015
S31540010B90C227BF5480A1200714800151C827BF50E6
S31540010BA0B20660088401200110BFFCBD901000040C
S31540010BB0B60EFFFC8220401BC227BF5480A06000B6
S31540010BC012BFFFCDB20660089010200088102001A8
S31540010BD010BFFFB5B207BF58B20E7FFC8220401945
S31540010BE0C227BF5480A0600012BFFE71B606E0085E
S31540010BF0C027BF5010BFFC24B207BF58DA07BEEC6E
S31540010C00C41FBEF88208E00FB0063FFFC20B400189
S31540010C10C22E00008928A01C9F30A0048330E00426
S31540010C20861100018093C00312BFFFF78410000FA5
S31540010C3082270018C43FBEF8C227BF0C10BFFD056E
S31540010C40A010001D821020008607BF5880A6E01024
S31540010C502480003FBA00A001A01020102700000800
S31540010C601080000990100002BA0220028600E008B6
S31540010C7090100004B606FFF080A6E01024800035EF
S31540010C808200401B8802200182006010C407BF1009
S31540010C90E020E004C420C000C227BF5480A1200840
S31540010CA012BFFFF2C827BF5080A0600022800053C8
S31540010CB0BA102001C4056060808880130280001646
S31540010CC0F207BF4CEC066004B935A00280A72000AC
S31540010CD002800043F006400010800005BA10200053
S31540010CE080A7001D0280003EC207BF54832F6002C9
S31540010CF094100015D2060001400003D49010001252
S31540010D0080A23FFF32BFFFF7BA07600110BFFC1850
S31540010D10C215600C9407BF4C921000157FFFE8EA9C
S31540010D2090100012C027BF5480A2200012BFFC0FB2
S31540010D30C027BF50B606FFF0BA102001821020002E
S31540010D4080A6E01014BFFFD08607BF588200401B23
S31540010D50C407BF10F620E004C420C000C227BF5418
S31540010D6080A7600812BFFE05FA27BF5080A0600029
S31540010D7002BFFE3205000008C60560608088C002D9
S31540010D800280017A9407BF4CF607BF4CF006E00497
S31540010D90B336200280A66000028001A3F806C00097
S31540010DA010800005BA10200080A6401D0280019ED9
S31540010DB0C207BF54832F600294100015D207000169
S31540010DC0400003A29010001280A23FFF32BFFFF7FE
S31540010DD0BA07600110BFFBE6C215600CAC0DBFFC43
S31540010DE082204016C227BF5480A0600012BFFFB6C2
S31540010DF0B2066008BA1020019010200010BFFF9E75
S31540010E008607BF589407BF4C921000157FFFE8AE86
S31540010E1090100012C027BF5480A2200012BFFBD3FE
S31540010E20C027BF508607BF60841020018210200072
S31540010E3010BFFD90B207BF587FFFDE25901000120C
S31540010E4080A220001280020782103FFFC215600C6B
S31540010E508208601A80A0600A12BFFB768207BF58DB
S31540010E60C255600E80A0600006BFFB728207BF5864
S31540010E70F607BF04B4100011B21000154000021D60
S31540010E8091E80012BA100010C41FBEF88290A0006B
S31540010E901280011080A0E0091880010EC207BEFC35
S31540010EA082006030A010001DC22FBFFBB007BFFB00
S31540010EB08210200110BFFC67C227BF0C80A06000D2
S31540010EC002BFFDA005000008C60560608088C0021B
S31540010ED002BFFD94F607BF4CE606E004B934E002D2
S31540010EE080A7200002800099F206C000108000050C
S31540010EF0BA10200080A7001D02800094C207BF548B
S31540010F00832F600294100015D20640014000034F22
S31540010F109010001280A23FFF32BFFFF7BA0760016F
S31540010F2010BFFB93C215600CB207BF60C227BF5802
S31540010F30901020018210200284022001C227BF5C4A
S31540010F4010BFFD4C86066008A20C7FFC8220401132
S31540010F50C227BF5480A0600012BFFB72B0062008B2
S31540010F60C407BF08C027BF508400801BC20F2001A1
S31540010F70B207BF58C427BF0810BFFB9C832860181F
S31540010F80AC0DBFFC82204016C227BF5480A0600032
S31540010F9012BFFBD7B206600810BFFEABC207BEF454
S31540010FA0AC0DBFFC82204016C227BF5480A0600012
S31540010FB012BFFD13B20660088607BF608410200188
S31540010FC09010200010BFFD2BB207BF58808C201017
S31540010FD01280000F8200A004808C20400280000A0B
S31540010FE0808C2200C410A002C227BF0486100002D2
S31540010FF0BA0C3BFF841020008210200010BFFC4B2E
S31540011000C43FBEF832800170C408A003C40080000A
S31540011010BA0C3BFF86100002C227BF048410200091
S315400110208210200010BFFC41C43FBEF8808C2010C6
S31540011030128000108200A004808C20400280000BA8
S31540011040808C2200C4008000C227BF048328A010E0
S315400110508538601F83386010C427BEF8C227BEFC9E
S3154001106010BFFBED821000023280014FC4008000A8
S31540011070C6008000C227BF048538E01FC627BEFCD4
S315400110808210000280A0600016BFFBE6C427BEF8AE
S31540011090F81FBEF88210202D86A0001DC22FBF1F4B
S315400110A08460001CBA100010C43FBEF810BFFC207B
S315400110B082102001808F601002800031840060041C
S315400110C0C60040009A1000039810200082102001AB
S315400110D0D83FBEF810BFFC15C427BF0480A06000EE
S315400110E002BFFCA405000008C60560608088C002F6
S315400110F002BFFC98E607BF4CEC04E004B935A002F8
S3154001110080A72000028000AAF204C00010800005DA
S31540011110BA10200080A7001D028000A5C207BF5457
S31540011120832F600294100015D2064001400002C789
S315400111309010001280A23FFF32BFFFF7BA0760014D
S3154001114010BFFB0BC215600CA60CFFFC822040139E
S31540011150C227BF5480A0600012BFFF60B606E008F8
S3154001116010BFFCF9C207BF0C840120018607600845
S315400111709010000410BFFCC3B210001D808F604068
S31540011180028000CF808F620010BFFFCFC610600281
S315400111908227000FA010001DC227BF0C82102030ED
S315400111A0C22E3FFF10BFFBABB010000FC607BF08F2
S315400111B08538E01FC620600410BFFAB3C420400042
S315400111C0C40C400080A0E00002BFFB138328A01896
S315400111D010BFFB11A014240080A0600032BFFC9C0C
S315400111E08207BF20901020008607BF60841020012F
S315400111F010BFFCA4B207BF58C207BEE4C227BEEC6B
S31540011200808C202002800021BA102078C207BF04BA
S315400112109210000182006008941020089007BF4098
S315400112207FFFC4FDC227BF04C41FBF40C43FBEF8F1
S315400112308090800302800004808C2001328000056A
S3154001124082102030BA0C3BFF10BFFBB8821020023F
S31540011250FA2FBF21C22FBF20A014200282102002E4
S3154001126010BFFBB2BA0C3BFF10BFFC16BA10001000
S315400112700310005482106158C227BEEC808C202096
S3154001128012BFFFE3BA102058C407BF04808C201058
S31540011290128000308200A004808C20400280002B06
S315400112A0808C2200C410A002C227BF04861000020F
S315400112B08410200010BFFFDFC43FBEF89010001815
S315400112C07FFFC640B610200010BFFB62D027BF0C7F
S315400112D0808F64001280007EB807BFFCA610001103
S315400112E0B010001CE01FBEF8941020009610200A92
S315400112F09010001040000896921000118202603052
S315400113009010001092100011941020009610200A9F
S31540011310400007BAC22E3FFFB0063FFF84100011BE
S3154001132080A42000A210000912BFFFF0A0100008FF
S3154001133080A0A00918BFFFEE94102000E03FBEF840
S3154001134010BFFCE3A2100013328000A6C408A0031C
S31540011350C4008000C227BF0486100002841020000A
S3154001136010BFFFB4C43FBEF8921000157FFFE75689
S3154001137090100012C027BF5480A2200002BFFCAFCC
S31540011380C027BF5010BFFA7AC215600CA0142020A6
S31540011390A204600110BFFAA08328A018A01422005D
S315400113A0A204600110BFFA9C8328A018AC0DBFFCB3
S315400113B082204016C227BF5480A0600012BFFF4F53
S315400113C0A604E00810BFFBECC24FBF1F80A6E00693
S315400113D018800072F627BF0C31100054E807BF0C85
S315400113E010BFFA9FB01621709407BF4C921000159A
S315400113F07FFFE73590100012C027BF5480A220001E
S3154001140012BFFA5AC027BF508607BF608410200119
S315400114108210200010BFFC1BB207BF5810BFFA1A3A
S31540011420C4204000B00E3FFC82204018C227BF5462
S3154001143080A0600012BFFE56B606E00810BFFC80D1
S3154001144080A68014C207BF5480A0600022BFFA481C
S31540011450C215600CC6056060050000088088C002A0
S315400114600280008C9407BF4CF407BF4CF206A004DF
S31540011470B936600280A720000280007EF606800011
S3154001148010800005BA10200080A7001D0280007957
S31540011490C207BF54832F600294100015D206C001C3
S315400114A0400001EA9010001280A23FFF32BFFFF7D1
S315400114B0BA07600110BFFA2EC215600C22BFFF02A7
S315400114C0C600400010BFFF00C6086003AE100015FD
S315400114D0A0102000B010001CEC07BEDCE607BEE8F9
S315400114E0E81FBEF8941020009610200A90100014B0
S315400114F0400008179210001582026030C22E3FFF4D
S31540011500A0042001C24CC00080A0401012800005FA
S31540011510B0063FFF80A0607F1280000D80A52000AD
S31540011520941020009610200A9010001440000733B2
S315400115309210001580A520000280004080A5600918
S31540011540A810000810BFFFE8AA1000091280002A5F
S3154001155080A560091880002994100016E83FBEF85E
S31540011560E627BEE810BFFC5AAA100017AC0DBFFC17
S3154001157082204016C227BF5480A0600012BFFCAC37
S31540011580A604E0088607BF60841020019010200061
S3154001159010BFFBBCB207BF588210200610BFFF8F99
S315400115A0C227BF0CC227BF048328A0188538601FF5
S315400115B083386018C427BEF8C227BEFC10BFFA960E
S315400115C082100002C227BF0486100002BA0C3BFFFC
S315400115D0841020008210200010BFFAD4C43FBEF808
S315400115E0C227BF04861000028410200010BFFF11DD
S315400115F0C43FBEF894100016D207BEE0B0260016CE
S315400116007FFFF33490100018C24CE00180A0000126
S315400116109010001492100015941020009610200A84
S31540011620A6400013400006F5A0102000A8100008AF
S3154001163010BFFFADAA10000928BFFFCAE83FBEF898
S31540011640A810000810BFFFA8AA100009F627BF0C72
S3154001165010BFFA80B610200010BFFDBDBA00A00130
S3154001166010BFF9C6C227BF0810BFFC61881000022F
S31540011670B20E7FFC82204019C227BF5480A0600071
S3154001168012BFFF7BB406A00810BFF9B9C215600CA2
S31540011690921000157FFFE68C9010001210BFF9B42E
S315400116A0C215600CC207BF04F60040008200600408
S315400116B080A6E00016800003C227BF04B6103FFF94
S315400116C0C40C6001A210000310BFF9D38328A018EF
S315400116D09610000A03100059941000099210000850
S315400116E0D000622C8213C0007FFFF9249E10400077
S315400116F09DE3BB38841024008607BC00C216600CEB
S31540011700DA06606082087FFDDE16600EC806602834
S31540011710F806602090100018BA100018C237BBA80E
S31540011720DA27BBFCDE37BBAAF827BBBCC827BBC43C
S31540011730C627BB9CC627BBACC427BBA4C427BBB02A
S31540011740C027BBB49610001B9410001A7FFFF90BFB
S315400117509207BB9CB09220003680000B9207BB9C3F
S31540011760C217BBA8808860400280000501000000C6
S31540011770C216600C82106040C236600C81C7E00818
S3154001178081E800007FFFE4219010001D80A2200027
S3154001179032BFFFF4B0103FFF10BFFFF3C217BBA823
S315400117A09DE3BFA03B10005B9410001BC02761B8AE
S315400117B09210001A400004AD9010001980A23FFF1C
S315400117C002800004C20761B881C7E00891E80008B9
S315400117D080A0600002BFFFFD01000000C22600009C
S315400117E081C7E00891E800089DE3BFA09210001A66
S315400117F0400004F090100019921000087FFFE84461
S3154001180090100018B09220000280001601000000DE
S31540011810D4063FFC940ABFFC9402BFFC80A2A024DC
S315400118201880000E80A2A0130880000782100018BD
S31540011830C0260000C026200480A2A01B1880000BF1
S3154001184082062008C0204000C0206004C0206008F5
S3154001185081C7E00881E800007FFFEADF921020009F
S3154001186081C7E00881E80000C0262008C026200C78
S3154001187080A2A02412BFFFF482062010C0262010A9
S315400118808206201810BFFFF0C02620149DE3BFA09A
S315400118903B10005B901000194000048DC02761B8D1
S315400118A080A23FFF02800004C20761B881C7E008F9
S315400118B091E8000880A0600002BFFFFD0100000022
S315400118C0C226000081C7E00891E800089DE3BFA059
S315400118D080A660000280003EBA10001880A6200053
S315400118E00280000703100054C206201880A0600041
S315400118F00280003B01000000031000548210621C6C
S3154001190080A640010280003403100054821061FC1D
S3154001191080A640010280003603100054821061DC2B
S3154001192080A6400122800002F207600CC256600C7C
S3154001193080A0600002800026921000197FFFE31C00
S315400119409010001DC206603080A060000280000831
S31540011950B0100008D20660209FC040009010001DC4
S3154001196080A2200026800024C216600CC216600C9C
S315400119708088608032800024D2066010D2066034AE
S3154001198080A26000028000088206604480A2400175
S3154001199022800005C02660347FFFE5089010001DB7
S315400119A0C0266034D206604880A2600022800006CC
S315400119B0C036600C7FFFE5019010001DC0266048CF
S315400119C0C036600C81C7E00881E8000081C7E008A5
S315400119D091E8200010BFFFD6F20760047FFFE4B212
S315400119E09010001810BFFFC60310005410BFFFD05F
S315400119F0F20760088088608002BFFFE1B0103FFFB8
S31540011A00D20660107FFFE4ED9010001D10BFFFDD90
S31540011A10D20660349DE3BFA0BA9620000280003F03
S31540011A2003100059F800622C80A7200002800007AD
S31540011A3003100054C207201880A060000280003BBA
S31540011A4001000000031000548210621C80A740016F
S31540011A500280003403100054821061FC80A74001CB
S31540011A600280003603100054821061DC80A74001D9
S31540011A7022800002FA07200CC257600C80A0600049
S31540011A80028000269210001D7FFFE2C99010001CC3
S31540011A90C207603080A0600002800008B0100008D4
S31540011AA0D20760209FC040009010001C80A22000F9
S31540011AB026800024C217600CC217600C80886080A3
S31540011AC032800024D2076010D207603480A26000C1
S31540011AD0028000088207604480A2400122800005FE
S31540011AE0C02760347FFFE4B59010001CC0276034E6
S31540011AF0D207604880A2600022800006C037600C91
S31540011B007FFFE4AE9010001CC0276048C037600CD0
S31540011B1081C7E00881E8000081C7E00891E820001C
S31540011B2010BFFFD6FA0720047FFFE45F9010001C28
S31540011B3010BFFFC60310005410BFFFD0FA0720089C
S31540011B408088608002BFFFE1B0103FFFD20760107E
S31540011B507FFFE49A9010001C10BFFFDDD20760346E
S31540011B609DE3BF98400000B20100000080A2200121
S31540011B701280000582067FFF80A060FE2880000D4E
S31540011B80F22FBFF89606A058941000199207BFF895
S31540011B90400002FB9010001880A23FFF22800028DF
S31540011BA0C216A00C80A220000280001990100019D4
S31540011BB0C206A00882007FFFC226A00880A060005E
S31540011BC01680000ED20FBFF8C606A01880A04003AB
S31540011BD01680000384102001841020008088A0FF15
S31540011BE00280000D832A60188338601880A0600A3D
S31540011BF00280000A9410001AC20680008400600127
S31540011C00C4268000D22840009010001981C7E00800
S31540011C1091E800089410001A920A60FF40000203FE
S31540011C209010001880A23FFF12BFFFF990100019D3
S31540011C3090103FFF81C7E00891E80008821060409C
S31540011C4010BFFFF3C236A00C05000008C212A00C5B
S31540011C50808880011280000682104002C602A06080
S31540011C608410C002C232A00CC422A0608213C000FC
S31540011C707FFFFFBC9E1040009DE3BFA003100059AB
S31540011C80FA00622C80A7600002800006B410001999
S31540011C90C207601880A060000280001C010000009D
S31540011CA0031000548210621C80A680012280000B22
S31540011CB0F407600403100054821061FC80A6800181
S31540011CC00280001B03100054821061DC80A6800153
S31540011CD022800002F407600CC216A00C0500000821
S31540011CE08088800112800007B2100018C606A060E5
S31540011CF0821040028410C002C236A00CC426A060E5
S31540011D007FFFFF9891E8001D7FFFE3E79010001DDC
S31540011D10031000548210621C80A6800112BFFFE7A7
S31540011D200310005410BFFFEDF407600410BFFFEB32
S31540011D30F40760089DE3BFA03B10005B9210001AB8
S31540011D40C02761B8400003629010001980A23FFF8E
S31540011D5002800004C20761B881C7E00891E8000823
S31540011D6080A0600002BFFFFD01000000C226000006
S31540011D7081C7E00891E800089DE3BFA03B10005BE6
S31540011D809010001940000358C02761B880A23FFF58
S31540011D9002800004C20761B881C7E00891E80008E3
S31540011DA080A0600002BFFFFD01000000C2260000C6
S31540011DB081C7E00891E800089DE3BFA080A6A00086
S31540011DC00280000B9010001A131000543110005479
S31540011DD040000166921263B080A220001280000783
S31540011DE0921623A881C7E00891EE23A8311000542A
S31540011DF081C7E00891EE23A84000015C9010001ACB
S31540011E0080A2200002BFFFF89010001A1310005460
S31540011E10400001569212616880A2200002BFFFF283
S31540011E200100000081C7E00891E820000310005935
S31540011E30C200622CC200602080A0600022800004A3
S31540011E400310005A81C3E008D0486128821062A07D
S31540011E5081C3E008D048612881C3E008D00220EC64
S31540011E6003100059C200622CC200602080A06000AD
S31540011E70228000040310005A81C3E008D00060ECC0
S31540011E80821062A081C3E008D00060EC9DE3BFA050
S31540011E9080A660000280000B9010001913100054B8
S31540011EA03110005440000131921263B080A22000EB
S31540011EB012800007921623A881C7E00891EE23A855
S31540011EC03110005481C7E00891EE23A84000012754
S31540011ED09010001980A2200002BFFFF8901000194F
S31540011EE013100054400001219212616880A2200023
S31540011EF002BFFFF20100000081C7E00891E820001F
S31540011F009DE3BFA03B10005B9410001BC02761B846
S31540011F109210001A400002EE9010001980A23FFF75
S31540011F2002800004C20761B881C7E00891E8000851
S31540011F3080A0600002BFFFFD01000000C226000034
S31540011F4081C7E00891E800089DE3BFA0031000594E
S31540011F50C200622CC200602080A060000280000A9C
S31540011F609810001CC20060E49610001B9410001AE1
S31540011F70921000199FC040009010001881C7E008D8
S31540011F8091E800089610001B9410001A921000194F
S31540011F900310005A821062A0C20060E49FC0400054
S31540011FA09010001881C7E00891E8000880A26000FF
S31540011FB00280000F9C03BFB080A2A00002800010E7
S31540011FC09010200080A2E0002280000790103FFE82
S31540011FD0C20A8000C2224000C20A800080A00001DD
S31540011FE09040200081C3E0089C03A05080A2A0003D
S31540011FF012BFFFF59203A04C9010200081C3E00868
S315400120009C03A0509DE3BFA03B10005B9410001BB6
S31540012010C02761B89210001A40000255901000196D
S3154001202080A23FFF02800004C20761B881C7E00871
S3154001203091E8000880A0600002BFFFFD010000009A
S31540012040C226000081C7E00891E800089DE3BFA0D1
S31540012050FA06400080A760000280001901000000D6
S31540012060F807400080A72000028000139210001D4F
S31540012070F607000080A6E0000280000C9210001CCA
S31540012080D206C00080A26000228000059210001B8B
S315400120907FFFFFEF901000189210001B7FFFE34770
S315400120A0901000189210001C7FFFE3449010001816
S315400120B09210001D7FFFE341901000187FFFE33F20
S315400120C081E800009DE3BFA003100059C200622CC5
S315400120D080A040180280009901000000C406202417
S315400120E080A0A00022800097D2062014D200A00C26
S315400120F080A2600022800018D2008000B810200023
S31540012100FA02401C80A760002280000CB807200418
S315400121109210001D901000187FFFE328FA07400037
S3154001212080A7600012BFFFFC9210001DC20620244A
S31540012130D200600CB807200480A7208032BFFFF28E
S31540012140FA02401C7FFFE31D90100018C4062024AC
S31540012150D200800080A260002280007FD206201437
S315400121607FFFE31690100018D206201480A260006B
S3154001217022800005C40620247FFFE310901000183A
S31540012180C406202480A0A000028000049210000210
S315400121907FFFE30A90100018D206203880A2600023
S315400121A022800005D206203C7FFFE30490100018F0
S315400121B0D206203C80A2600022800005D206204043
S315400121C07FFFE2FE90100018D206204080A26000F8
S315400121D022800005D206205C7FFFE2F890100018AD
S315400121E0D206205C80A2600022800005D2062058DB
S315400121F07FFFE2F290100018D206205880A26000BC
S3154001220022800005D20620347FFFE2EC90100018B0
S31540012210D206203480A2600022800005C206201822
S315400122207FFFE2E690100018C206201880A06000E9
S315400122300280004201000000C20620289FC04000E3
S3154001224090100018F206204880A660000280003BEC
S3154001225001000000FA06400080A7600002800035B8
S3154001226001000000F807400080A720000280002FEF
S315400122709210001DF607000080A6E00002800028AB
S315400122809210001CF406C00080A6A0000280002126
S315400122909210001BE006800080A420000280001AF4
S315400122A09210001AE204000080A46000028000132C
S315400122B092100010E404400080A4A0000280000CAB
S315400122C092100011D204800080A260002280000595
S315400122D0921000127FFFFF5E9010001892100012BC
S315400122E07FFFE2B690100018921000117FFFE2B313
S315400122F090100018921000107FFFE2B09010001865
S315400123009210001A7FFFE2AD901000189210001B48
S315400123107FFFE2AA901000189210001C7FFFE2A7EF
S31540012320901000189210001D7FFFE2A49010001833
S315400123307FFFE2A281E8000081C7E00881E8000052
S3154001234080A2600012BFFF8D0100000010BFFF9404
S31540012350D206203880A2600012BFFF88010000002B
S3154001236010BFFF8C92100002821200098088600320
S3154001237032800023C40A0000C2020000C4024000A9
S31540012380093FBFBF07202020881122FF80A04002BD
S315400123901280001A8610E080840040048228800161
S315400123A0808840031280000D010000009002200445
S315400123B092026004C2020000C402400080A04002B2
S315400123C01280000E840040048228800180884003E8
S315400123D022BFFFF89002200481C3E008901020003C
S315400123E08338601880A0C0013280000D9008A0FF9C
S315400123F09002200192026001C40A00008328A018BD
S3154001240080A0600032BFFFF7C64A4000C40A4000C0
S315400124109010200081C3E00890220002C40A4000C7
S3154001242081C3E008902200029DE3BFA0BA96200036
S315400124300280000603100054C207601880A06000A5
S315400124400280003A031000548210621C80A680016B
S315400124502280003EF407600403100054821061FCA0
S3154001246080A680010280004803100054821061DC7E
S3154001247080A6800122800002F407600CC206A018E3
S31540012480C226A008C416A00C8088A0080280003687
S315400124909210001AC206A01080A06000028000328D
S315400124A09210001A070000088088C00212800007B7
S315400124B0B00E60FF84108003C806A060C436A00C2D
S315400124C084290003C426A060C4068000C606A01461
S315400124D08220800180A0C001048000358200600115
S315400124E0C606A0088800A0018600FFFFC826800016
S315400124F0C626A008F2288000C406A01480A0800148
S315400125000280002380A6200A1280000601000000F6
S31540012510C216A00C808860011280001E9210001A1B
S3154001252081C7E00881E800007FFFE1DF9010001DD0
S31540012530031000548210621C80A6800112BFFFC89E
S3154001254003100054F4076004C206A018C226A0086E
S31540012550C416A00C8088A00832BFFFD0C206A010C6
S315400125609210001A7FFFD85A9010001D80A22000B9
S315400125701280000D01000000C416A00C10BFFFCA56
S31540012580C206A01010BFFFBEF40760089210001AE1
S315400125907FFFE09E9010001D80A2200002BFFFE158
S315400125A00100000081C7E00891E83FFF9210001A40
S315400125B07FFFE0969010001D80A2200012BFFFFA17
S315400125C08210200110BFFFC7C40680009DE3BFA053
S315400125D003100059FA00622C80A7600002800006B1
S315400125E0B8100018C207601880A060000280003B46
S315400125F001000000031000548210621C80A64001B5
S315400126002280003EF207600403100054821061FCF0
S3154001261080A640010280004803100054821061DC0C
S3154001262080A6400122800002F207600CC2066018B3
S31540012630C2266008C416600C8088A0080280003655
S3154001264092100019C206601080A06000028000321C
S3154001265092100019070000088088C0021280000706
S31540012660B00F20FF84108003C8066060C436600C3A
S3154001267084290003C4266060C4064000C60660146F
S315400126808220800180A040031680003582006001CF
S31540012690C60660088800A0018600FFFFC8264000E4
S315400126A0C6266008F8288000C406601480A0800110
S315400126B00280002380A6200A128000060100000045
S315400126C0C216600C808860011280001E92100019AB
S315400126D081C7E00881E800007FFFE1739010001D8B
S315400126E0031000548210621C80A6400112BFFFC82D
S315400126F003100054F2076004C2066018C22660083F
S31540012700C416600C8088A00832BFFFD0C206601094
S31540012710921000197FFFD7EE9010001D80A2200075
S315400127201280000D01000000C416600C10BFFFCAE4
S31540012730C206601010BFFFBEF20760089210001972
S315400127407FFFE0329010001D80A2200002BFFFE112
S315400127500100000081C7E00891E83FFF921000198F
S315400127607FFFE02A9010001D80A2200012BFFFFAD1
S315400127708210200110BFFFC7C40640009DE3BF90F1
S315400127800310005980A66000C200622C028000122C
S31540012790C200602080A060002280000D0310005A14
S315400127A0C20060E09610001B9410001A92100019A6
S315400127B09FC040009010001880A23FFF2280001366
S315400127C0C026C00081C7E00891E8000810BFFFF5A8
S315400127D0821062A080A06000228000100310005A7F
S315400127E0C20060E09610001B941020009207BFF0D3
S315400127F09FC040009010001880A23FFF12BFFFF219
S3154001280001000000C026C0008210208AC2260000B6
S3154001281081C7E00891E8000810BFFFF2821062A06C
S315400128209DE3BF900310005980A62000FA00622C58
S3154001283002800017C207602080A06000228000123B
S315400128400310005A92100018C20060E09610001A58
S31540012850941000199FC040009010001DB010000850
S3154001286080A63FFF22800004C026800081C7E00881
S3154001287081E800008210208AC227400081C7E00813
S3154001288081E8000010BFFFF0821062A080A06000C6
S315400128902280000A0310005AC20060E09610001A16
S315400128A0941020009207BFF09FC040009010001D79
S315400128B010BFFFECB010000810BFFFF8821062A0F5
S315400128C09DE3BFA003100059C200622CC2006020E4
S315400128D080A06000028000099610001BC20060E0E3
S315400128E09410001A921000199FC0400090100018D1
S315400128F081C7E00891E800089410001A9210001967
S315400129000310005A821062A0C20060E09FC04000DE
S315400129109010001881C7E00891E8000880A2600085
S315400129200280000C80A2A0FF1880000582102001C1
S31540012930D42A400081C3E0089010000182103FFF75
S315400129408410208AC422000081C3E008901000014F
S315400129508210200081C3E008901000018010000819
S31540012960801000018210200191D020009DE3BFA07C
S3154001297080A6A0000280000FB01020004000008019
S3154001298001000000D02E4018912A2018913A2018B3
S3154001299080A2200A02800007B006200180A2200DF5
S315400129A00280000480A6001A12BFFFF50100000054
S315400129B081C7E00881E800000310005BC40061C4E0
S315400129C080A0A000228000150510005B0310005B6B
S315400129D0C60061C080A0E00002800018093FFFF8F0
S315400129E00910005BC20121BC80A060002280001D4D
S315400129F0C42121BC9000400880A200033A80000512
S31540012A0082103FFFD02121BC81C3E0089010000114
S31540012A1081C3E008901000018410A1D0C42061C494
S31540012A200310005BC60061C080A0E00012BFFFEE4C
S31540012A300910005B093FFFF80710005BC600E01074
S31540012A408600C004C62061C00910005BC20121BCDA
S31540012A5080A0600032BFFFE990004008C42121BC3C
S31540012A6010BFFFE5821000029DE3BFA080A6A00033
S31540012A700280000BBA06401AD04E400080A2200ABE
S31540012A80028000090100000040000019B206600101
S31540012A9080A6401D32BFFFFAD04E400081C7E008F4
S31540012AA091E8001A400000129010200D40000010DD
S31540012AB09010200AB206600180A6401D32BFFFF089
S31540012AC0D04E400081C7E00891E8001A9210205884
S31540012AD01510005B9412A1B8D222800081C3E00890
S31540012AE090003FFF81C3E008900020010310005B86
S31540012AF0C20060E480A06000028000130710005B02
S31540012B00C400E1C880A0A0010280001380A0A002F9
S31540012B100280000701000000C400600880A0A000F8
S31540012B200680000B84102002C420E1C8C400600462
S31540012B308088A00402BFFFFE01000000900A20FF2A
S31540012B40D020400081C3E00890102000841020016D
S31540012B50C420E1C8C40060048088A20022BFFFF9F6
S31540012B60900A20FFC40060048088A20012BFFFFAC9
S31540012B700100000010BFFFF3900A20FF0310005B25
S31540012B80C40060E480A0A0000280000790102000ED
S31540012B90C200A0048088600102BFFFFE0100000060
S31540012BA0D0008000912A201881C3E008913A20186C
S31540012BB098120009818000089AAB2FFF02800025F8
S31540012BC0988800009923000999230009992300094F
S31540012BD0992300099923000999230009992300099A
S31540012BE0992300099923000999230009992300098A
S31540012BF0992300099923000999230009992300097A
S31540012C009923000999230009992300099923000969
S31540012C109923000999230009992300099923000959
S31540012C209923000999230009992300099923000949
S31540012C309923000999230009992300099923000939
S31540012C40992300099923000081C3E00891400000BF
S31540012C509923000999230009992300099923000919
S31540012C609923000999230009992300099923000909
S31540012C7099230009992300099923000999230009F9
S31540012C80992300009B400000992B200C9B33601434
S31540012C9081C3E0089013400C1080000B8610200081
S31540012CA08092400816800008861A400880924000AB
S31540012CB016800004809200001680000392200009CD
S31540012CC0902000089A924000128000059610000854
S31540012CD091D0200281C3E0089010000080A2C00D6F
S31540012CE00A800095941000000302000080A2C001F2
S31540012CF00A8000289810000080A340011A80000D28
S31540012D00841020019B2B600410BFFFFC9803200117
S31540012D109A83400D1A8000078400A001832860042D
S31540012D209B3360019A034001108000078420A00173
S31540012D3080A3400B0ABFFFF701000000028000029A
S31540012D400100000084A0A001068000760100000079
S31540012D509622C00D941020011080000A0100000047
S31540012D60952AA001068000059B3360019622C00D7D
S31540012D70108000049402A0019602C00D9422A00185
S31540012D8084A0A00116BFFFF78092C0003080006585
S31540012D909B2B600480A3400B08BFFFFE9883200154
S31540012DA002800065982320018092C000952AA004E4
S31540012DB00680002F9B33600196A2C00D0680001746
S31540012DC09B33600196A2C00D0680000B9B336001C8
S31540012DD096A2C00D068000059B33600196A2C00DE8
S31540012DE0108000509402A00F9682C00D1080004DB5
S31540012DF09402A00D9682C00D068000059B336001AA
S31540012E0096A2C00D108000479402A00B9682C00D79
S31540012E10108000449402A0099682C00D0680000BE2
S31540012E209B33600196A2C00D068000059B3360016D
S31540012E3096A2C00D1080003B9402A0079682C00D59
S31540012E40108000389402A0059682C00D06800005C8
S31540012E509B33600196A2C00D108000329402A003FC
S31540012E609682C00D1080002F9402A0019682C00D5B
S31540012E70068000179B33600196A2C00D0680000BA9
S31540012E809B33600196A2C00D068000059B3360010D
S31540012E9096A2C00D108000239402BFFF9682C00DFA
S31540012EA0108000209402BFFD9682C00D0680000569
S31540012EB09B33600196A2C00D1080001A9402BFFB9D
S31540012EC09682C00D108000179402BFF99682C00DFC
S31540012ED00680000B9B33600196A2C00D068000055B
S31540012EE09B33600196A2C00D1080000E9402BFF77D
S31540012EF09682C00D1080000B9402BFF59682C00DDC
S31540012F00068000059B33600196A2C00D1080000526
S31540012F109402BFF39682C00D108000029402BFF165
S31540012F2098A3200116BFFFA28092C000268000020E
S31540012F309422A0018090C000268000029420000ABD
S31540012F4081C3E0089010000A1080000B8610200013
S31540012F508092400816800008861000088092400042
S31540012F60168000048092000016800003922000091A
S31540012F70902000089A9240001280000596100008A1
S31540012F8091D0200281C3E0089010000080A2C00DBC
S31540012F900A800095941000000302000080A2C0013F
S31540012FA00A8000289810000080A340011A80000D75
S31540012FB0841020019B2B600410BFFFFC9803200165
S31540012FC09A83400D1A8000078400A001832860047B
S31540012FD09B3360019A034001108000078420A001C1
S31540012FE080A3400B0ABFFFF70100000002800002E8
S31540012FF00100000084A0A0010680007601000000C7
S315400130009622C00D941020011080000A0100000094
S31540013010952AA001068000059B3360019622C00DCA
S31540013020108000049402A0019602C00D9422A001D2
S3154001303084A0A00116BFFFF78092C00030800065D2
S315400130409B2B600480A3400B08BFFFFE98832001A1
S3154001305002800065982320018092C000952AA00431
S315400130600680002F9B33600196A2C00D0680001793
S315400130709B33600196A2C00D0680000B9B33600115
S3154001308096A2C00D068000059B33600196A2C00D35
S31540013090108000509402A00F9682C00D1080004D02
S315400130A09402A00D9682C00D068000059B336001F7
S315400130B096A2C00D108000479402A00B9682C00DC7
S315400130C0108000449402A0099682C00D0680000B30
S315400130D09B33600196A2C00D068000059B336001BB
S315400130E096A2C00D1080003B9402A0079682C00DA7
S315400130F0108000389402A0059682C00D0680000516
S315400131009B33600196A2C00D108000329402A00349
S315400131109682C00D1080002F9402A0019682C00DA8
S31540013120068000179B33600196A2C00D0680000BF6
S315400131309B33600196A2C00D068000059B3360015A
S3154001314096A2C00D108000239402BFFF9682C00D47
S31540013150108000209402BFFD9682C00D06800005B6
S315400131609B33600196A2C00D1080001A9402BFFBEA
S315400131709682C00D108000179402BFF99682C00D49
S315400131800680000B9B33600196A2C00D06800005A8
S315400131909B33600196A2C00D1080000E9402BFF7CA
S315400131A09682C00D1080000B9402BFF59682C00D29
S315400131B0068000059B33600196A2C00D1080000574
S315400131C09402BFF39682C00D108000029402BFF1B3
S315400131D098A3200116BFFFA28092C000268000025C
S315400131E09602C0098090C000268000029620000BFE
S315400131F081C3E0089010000B9DE3BFA080A6A0000C
S315400132001280002080A6801880A6C0180880004041
S3154001321080A6E00084100018B01020008210202003
S3154001322080A0801B0A80000CB2C640198420801BF6
S315400132308440800282A0600112BFFFFB80A0801BF8
S315400132400A80000BB2C64019108000098420801BF9
S315400132508420801B84C080021ABFFFF882A06001CF
S3154001326012BFFFFCB28640198420801BB23E60002B
S3154001327082100019B210000181C7E00881E8000000
S31540013280088000070300003F82102000B010200094
S31540013290B210000181C7E00881E80000821063FF97
S315400132A080A680010880004F80A6A0FF03003FFF53
S315400132B0821063FF80A68001088000A08336A0109B
S315400132C08336A01888102018841020200710005536
S315400132D08610E260C208C0018200400484A08001D9
S315400132E0328000458736C00180A680180A800005D5
S315400132F080A6401B821020000ABFFFE6B0102000C6
S315400133008210200110BFFFE3B01020001280000799
S3154001331084102000921020007FFFFE609010200153
S31540013320B6100008841020008210202080A0801B47
S315400133300A80000CB0C600188420801B844080029D
S3154001334082A0600112BFFFFB80A0801B0A80000B98
S31540013350B0C60018108000098420801B8420801B81
S3154001336084C080021ABFFFF882A0600112BFFFFC31
S31540013370B08600188420801BB03E20008210202099
S3154001338080A0801B0A80000CB2C640198420801B95
S315400133908440800282A0600112BFFFFB80A0801B97
S315400133A00A80000BB2C64019108000098420801B98
S315400133B08420801B84C080021ABFFFF882A060016E
S315400133C012BFFFFCB28640198420801BB23E6000CA
S315400133D082100019B210000181C7E00881E800009F
S315400133E0288000548210001A8336A00810BFFFB708
S315400133F088102008B52E8002B410C01A8736000105
S31540013400B12E0002912EC00283364001821040182F
S31540013410B01000018210202080A0C01A0A80000C42
S31540013420B0C600188620C01A8640C00382A060013B
S3154001343012BFFFFB80A0C01A0A80000BB0C600185D
S31540013440108000098620C01A8620C01A86C0C00393
S315400134501ABFFFF882A0600112BFFFFCB0860018B8
S315400134608620C01AB03E2000818000189B3A201F5A
S315400134709A0E000D82882000832040088320400850
S315400134808320400883204008832040088320400849
S315400134908320400883204008832040088320400839
S315400134A08320400883204008832040088320400829
S315400134B08320400883204008832040088320400819
S315400134C08320400883204008832040088320400809
S315400134D083204008832040088320400883204008F9
S315400134E083204008832040088320400883204008E9
S315400134F08320400883204008832060009000400DCF
S31540013500B740000080A0C0080A80000882063FFF3D
S31540013510B32E400280A6401B1A80000A80A0C00834
S31540013520328000098210001810BFFF5AB0102000E7
S3154001353010BFFF668810200010BFFF64881020105E
S315400135408210001810BFFF53B01020009DE3BFA0AA
S3154001355080A6A0001280001E8410001880A6C01804
S315400135600880003B80A6E0008210202080A6001B38
S315400135700A80000CB2C64019B026001BB04600189E
S3154001358082A0600112BFFFFB80A6001B0A80000BD0
S31540013590B2C6401910800009B026001BB026001B98
S315400135A0B0C600181ABFFFF882A0600112BFFFFC27
S315400135B0B2864019B026001BB23E6000B210001818
S315400135C0B010200081C7E00881E8000080A680187D
S315400135D018BFFFFD861000190300003F821063FFEC
S315400135E080A680010880004F80A6A0FF03003FFF10
S315400135F0821063FF80A68001088000AF8336A01049
S315400136008336A018B8102018091000558811226079
S31540013610BA102020C20900018800401CBAA7400404
S315400136203280004B8336C00480A680180A8000424F
S3154001363080A6401B1A80004001000000B010000225
S31540013640B210000381C7E00881E80000128000073C
S3154001365086100019921020007FFFFD9090102001E6
S31540013660B610000886100019841020008210202010
S3154001367080A0801B0A80000CB0C600188420801BE5
S315400136808440800282A0600112BFFFFB80A0801BA4
S315400136900A80000BB0C60018108000098420801BE8
S315400136A08420801B84C080021ABFFFF882A060017B
S315400136B012BFFFFCB08600188420801BB03E20005C
S315400136C0B0102000B21000028210202080A6401BBC
S315400136D00A80000C86C0C003B226401BB246401980
S315400136E082A0600112BFFFFB80A6401B0A80000B2F
S315400136F086C0C00310800009B226401BB226401B7B
S31540013700B2C640191ABFFFF882A0600112BFFFFC82
S315400137108680C003B226401B8638E00030BFFFAA30
S31540013720288000638210001A8336A00810BFFFB7B5
S31540013730B810200886A6401BB066001A84100018EF
S31540013740B210000310BFFFC0B0100002B52E801D9D
S31540013750B410401A832E001D873600048536400476
S31540013760B72EC01DB0108001992E401D8210202019
S3154001377080A0C01A0A80000CB0C600188620C01A64
S315400137808640C00382A0600112BFFFFB80A0C01A21
S315400137900A80000BB0C60018108000098620C01AA6
S315400137A08620C01A86C0C0031ABFFFF882A06001F6
S315400137B012BFFFFCB08600188620C01AB03E20001A
S315400137C0818000189B3EE01F9A0E000D82882000E2
S315400137D08320401B8320401B8320401B8320401BAA
S315400137E08320401B8320401B8320401B8320401B9A
S315400137F08320401B8320401B8320401B8320401B8A
S315400138008320401B8320401B8320401B8320401B79
S315400138108320401B8320401B8320401B8320401B69
S315400138208320401B8320401B8320401B8320401B59
S315400138308320401B8320401B8320401B8320401B49
S315400138408320401B8320401B8320401B8320401B39
S31540013850832060008400400D9F40000082100002DA
S3154001386080A0C0020A800006B010000F1280000836
S3154001387080A3000F1A80000601000000B8A3C01BF8
S31540013880B060801A82100018B010001CB2A3001854
S31540013890B060C001832E0004B336401DB136001D11
S315400138A0B210401981C7E00881E8000010BFFF57F8
S315400138B0B810200010BFFF55B81020109DE3BF4837
S315400138C09007BFA89207BFB8F03FBFA8400004FFCA
S315400138D0F43FBFB09007BFB0400004FC9207BFD091
S315400138E0C207BFB880A06001088000A5C407BFD049
S315400138F080A0A0010880009D80A06004028000ADE8
S3154001390080A0A0040280009980A0A0020280003D10
S3154001391080A06002028000369007BFD0C207BFC0B8
S31540013920C407BFD8F41FBFC886A040020C8000431D
S31540013930F81FBFE080A0E03F1480004480A0E00073
S31540013940028000488088E0202280007BB038000356
S31540013950B33700030280007DB010200084103FFF82
S315400139608810200085288003862F4004842F00027A
S315400139708410800380A0000284402000C807BFBC99
S31540013980BA164002C407BFD480A100021280003A91
S31540013990B8100018B287401BC827BFECB047001AC1
S315400139A0C227BFF0F03FBFF888102003C827BFE801
S315400139B00907FFFF881123FF80A600040880000B3A
S315400139C0BB2E201F893660018536200188174004A9
S315400139D0860E60018200600188110003C427BFF88A
S315400139E0C827BFFCC227BFF09007BFE840000426A6
S315400139F001000000B010000881C7E00893E8000903
S31540013A0012BFFFFB9007BFB8C41FBFB8C43FBFE892
S31540013A10C41FBFC0C43FBFF0C407BFD4C207BFBCA9
S31540013A209007BFE882084002C41FBFC8C227BFEC47
S31540013A3010BFFFEFC43FBFF88620800180A0E03F62
S31540013A40048000668088E02080A0400234800057D0
S31540013A50B810200082100002B4102000B6102000D9
S31540013A60C807BFBCC407BFD480A1000202BFFFCBB9
S31540013A70B287401BB2A6C01DB066801C80A1200043
S31540013A800280000580A62000B2A7401BB067001A3D
S31540013A9080A620002680003FB2A00019C027BFECB7
S31540013AA0C227BFF0F03FBFF8BA867FFF0903FFFF89
S31540013AB0B8463FFF881123FF80A7000418BFFFBC0B
S31540013AC0881020030280005580A77FFE3703FFFF41
S31540013AD0B616E3FFBB2E2001B936601F892E600161
S31540013AE0B017001DBA813FFF82007FFFB8463FFFF6
S31540013AF080A7001B18800007B210000432BFFFF7F1
S31540013B00BB2E200180A77FFE08BFFFF4BB2E2001FC
S31540013B10C227BFF082102003F03FBFF8C227BFE89B
S31540013B20400003D99007BFE8B010000881C7E008FC
S31540013B3093E80009852F2001B33740038528801873
S31540013B40B1370003B210801988103FFF9A3800033D
S31540013B509F312001852900039F33C00D8810000243
S31540013B6010BFFF828413C002400003C79007BFD035
S31540013B70B010000881C7E00893E80009400003C27D
S31540013B809007BFB8B010000881C7E00893E8000964
S31540013B9088102001B0600018C827BFECC227BFF0CB
S31540013BA010BFFFC2F03FBFF810BFFFAEBA102000F2
S31540013BB012BFFF8F9007BFB8C407BFBCC207BFD4AF
S31540013BC080A0800102BFFF8A01000000111000554C
S31540013BD010BFFF87901222482280001482380003CA
S31540013BE0B336800382103FFFB01020008328400384
S31540013BF086102000882E8001862EC0038210000286
S31540013C0084110003B410001880A0000284402000F3
S31540013C1010BFFF94B616400208BFFFAE3703FFFF41
S31540013C2010BFFF6388102003B12EA001B12E000101
S31540013C3088103FFFB336C0039A1000019F3120011F
S31540013C40832900039F33C00DB21600198213C001A8
S31540013C50B136800310BFFFE8872900039DE3BF48C3
S31540013C609007BFA89207BFB8F03FBFA8400004170E
S31540013C70F43FBFB09007BFB0400004149207BFD0D5
S31540013C80C807BFD488192001C827BFD4C207BFB807
S31540013C9080A06001088000A2C407BFD080A0A00117
S31540013CA00880009A80A06004028000AA80A0A00437
S31540013CB00280009680A0A0020280003C80A06002A3
S31540013CC0028000359007BFD0C207BFC0C407BFD826
S31540013CD0F41FBFC886A040020C800041F81FBFE018
S31540013CE080A0E03F1480004280A0E00002800046B0
S31540013CF08088E020228000789E380003B137000397
S31540013D000280007A9E10200084103FFFB2102000EE
S31540013D1085288003862F4019842F00028410800352
S31540013D2080A00002F207BFBC84402000B810000FFB
S31540013D3080A1001912800038BA1600029A87401BEA
S31540013D40C827BFEC9847001AC227BFF0D83FBFF833
S31540013D5088102003C827BFE80907FFFF881123FF02
S31540013D6080A300040880000BBB2B201F8933600110
S31540013D708533200188174004860B6001820060016B
S31540013D8088110003C427BFF8C827BFFCC227BFF06C
S31540013D909007BFE84000033C01000000B010000856
S31540013DA081C7E00893E8000912BFFFFB9007BFB83F
S31540013DB0C41FBFB8C43FBFE8C41FBFC0C207BFBC12
S31540013DC0C43FBFF088084004C41FBFC8C827BFEC22
S31540013DD0C43FBFF810BFFFF09007BFE886208001BF
S31540013DE080A0E03F048000648088E02080A04002FB
S31540013DF034800056B810200082100002B410200012
S31540013E00B6102000F207BFBC80A1001902BFFFCD4A
S31540013E109A87401B9AA6C01D9866801C80A66000A2
S31540013E200280000580A320009AA7401B9867001ACC
S31540013E3080A320002680003F9AA0000DC027BFEC3A
S31540013E40C227BFF0D83FBFF8BA837FFF0903FFFF00
S31540013E50B8433FFF881123FF80A7000418BFFFBE68
S31540013E60881020030280005480A77FFE3703FFFF9E
S31540013E70B616E3FFBB2B2001B933601F892B6001C6
S31540013E809817001DBA813FFF82007FFFB8433FFF6D
S31540013E9080A7001B188000079A10000432BFFFF765
S31540013EA0BB2B200180A77FFE08BFFFF4BB2B20015F
S31540013EB0C227BFF082102003D83FBFF8C227BFE810
S31540013EC0400002F19007BFE8B010000881C7E00842
S31540013ED093E80009852F2001B13740038528800FDB
S31540013EE09F370003B0108018B2103FFF9838000387
S31540013EF09B366001852E40039B33400CB210000275
S31540013F0010BFFF8584134002400002DF9007BFD0F7
S31540013F10B010000881C7E00893E80009400002DAC2
S31540013F209007BFB8B010000881C7E00893E80009C0
S31540013F30881020019860000CC827BFECC227BFF04B
S31540013F4010BFFFC2D83FBFF810BFFFAFBA10200065
S31540013F5012BFFF919007BFB8C207BFBC80A1000145
S31540013F6002BFFF8D010000001110005510BFFF8AEE
S31540013F70901222482280001482380003B136800311
S31540013F8082103FFF9E1020008328400386102000A8
S31540013F90B22E8001862EC003821000028416400391
S31540013FA0B410000F80A000028440200010BFFF968D
S31540013FB0B616000208BFFFAF3703FFFF10BFFF660B
S31540013FC0881020039F2EA0019F2BC001B2103FFFF6
S31540013FD0B136C003981000019B366001832E400321
S31540013FE09B33400CB013C018821340019F368003A7
S31540013FF010BFFFE8872E40039DE3BF489007BFA847
S315400140009207BFB8F03FBFA840000330F43FBFB0AE
S315400140109007BFB04000032D9207BFD0C207BFB87B
S3154001402080A060011880000EC407BFD0C207BFBC84
S31540014030C407BFD4821840029007BFB880A00001D0
S3154001404082402000C227BFBC4000028F0100000011
S31540014050B010000881C7E00893E8000980A0A001DC
S3154001406028800011C407BFD480A0600412800007D5
S3154001407080A0A00212BFFFEFC207BFBC11100055BE
S3154001408010BFFFF29012224880A0A00412800010B7
S31540014090C607BFD480A0600202BFFFFA11100055C7
S315400140A0C407BFD4C207BFBC8218400280A000012A
S315400140B0824020009007BFD040000273C227BFD480
S315400140C0B010000881C7E00893E80009C807BFBCE3
S315400140D08618C00480A00003A040200080A0600292
S315400140E00280006580A0A00202800066E407BFE46A
S315400140F0F407BFCC9610001A9410200090102000AF
S315400141004000020B92100012841000088210000930
S31540014110F607BFE0E207BFC89610001B94102000C7
S31540014120B8100002BA1000019010200040000200B1
S315400141309210001184100008821000099610001A8E
S31540014140B0100002941020009210001BB210000122
S31540014150400001F79010200094102000B410000890
S3154001416096100012B610000990102000400001F090
S3154001417092100011861020009686C00994C68008C8
S315400141800A800064841020009810200080908003EB
S31540014190028000069A102001981020019A102001F1
S315400141A0861020018410200092102000B687400915
S315400141B0B4C7000B0A8000048210001A981000034D
S315400141C09A1000028410200096828019FA07BFC017
S315400141D094408018C807BFD88682C00DBA074004EC
S315400141E0E027BFEC84076004C427BFF03307FFFF15
S315400141F08442800CB21663FFB807600580A080191F
S315400142000880002C1F2000008808E00180A12000C2
S3154001421002800007B010001C8928601FB736E001F4
S3154001422083306001B611001B8210400FBB28A01FCE
S31540014230B530A0018930E001B80720018410001A89
S3154001424080A6801918BFFFF186174004F027BFF0FA
S315400142508808E0FF80A120800280000D8088E1006F
S3154001426082102003C43FBFF8C227BFE810BFFF77C3
S315400142709007BFE8E027BFBC10BFFF749007BFB8E7
S31540014280E027BFD410BFFF719007BFD012BFFFF523
S315400142908090401B02BFFFF482102003BA80E08069
S315400142A0B840A000860F7F0010BFFFEF8410001CAE
S315400142B03103FFFFB01623FF80A0801818BFFFE52A
S315400142C0BA076003B530E01F8928E001B928A0018B
S315400142D080A06000B210001D8416801C1680000468
S315400142E08610000488112001861000048936E01FDB
S315400142F083286001B72EE0018211000180A0801859
S3154001430008BFFFF1BA077FFF10BFFFD2F227BFF008
S3154001431010BFFF9E841020019DE3BF609007BFC080
S315400143209207BFD0F03FBFC040000268F43FBFC80C
S315400143309007BFC8400002659207BFE8C207BFD0D9
S3154001434080A0600118800008C407BFE89007BFD06D
S31540014350400001CD01000000B010000881C7E0080F
S3154001436093E8000980A0A00108BFFFFA9007BFE8C3
S31540014370C607BFD4C807BFEC8618C004C627BFD43A
S3154001438086007FFE8088FFFD1280000780A04002E4
S3154001439032BFFFF09007BFD01110005510BFFFED9F
S315400143A09012224880A0A0040280005380A0A0025F
S315400143B002800055C207BFD8C407BFF08220400221
S315400143C0C227BFD8C41FBFE0F01FBFF880A60002B6
S315400143D018800008B930E01F1280000DBA10203D48
S315400143E080A640030880000BB4102000B930E01FBE
S315400143F08928E00182007FFFBB28A001C227BFD8E0
S315400144008417001D86100004BA10203DB410200008
S31540014410B6102000090400008210200080A6000288
S3154001442018800029B929201F128000069AA0C019B8
S3154001443080A64003188000259930E01F9AA0C01934
S315400144409E168004986080189616C001B929201FCF
S3154001445083306001B410000F852B20019F33601F0C
S31540014460B610000B8413C002821700018931200166
S31540014470BA877FFF12BFFFEA872B6001820EE0FFFA
S3154001448080A0608002800005808EE100F43FBFE09D
S3154001449010BFFFB09007BFD012BFFFFD80908003D1
S315400144A022BFFFFCF43FBFE08686E0809007BFD085
S315400144B08446A000B608FF00B410000210BFFFA555
S315400144C0F43FBFE09930E01F9F28E001833060014F
S315400144D09B28A00182170001893120018413000D18
S315400144E0BA877FFF12BFFFCE8610000F10BFFFE5D0
S315400144F0820EE0FFC027BFE0C027BFE410BFFF9494
S31540014500C027BFD8821020049007BFD010BFFF91AB
S31540014510C227BFD09DE3BF609007BFC09207BFD0FF
S31540014520F03FBFC0400001E9F43FBFC89007BFC894
S31540014530400001E69207BFE8C207BFD080A06001F4
S3154001454008800009C207BFE880A060010880000614
S315400145509207BFE8400002209007BFD081C7E0081C
S3154001456091E8000881C7E00891E820019DE3BF601A
S315400145709007BFC09207BFD0F03FBFC0400001D3F4
S31540014580F43FBFC89007BFC8400001D09207BFE8BB
S31540014590C207BFD080A0600108800009C207BFE8FA
S315400145A080A06001088000069207BFE84000020A29
S315400145B09007BFD081C7E00891E8000881C7E008AD
S315400145C091E820019DE3BF609007BFC09207BFD02D
S315400145D0F03FBFC0400001BDF43FBFC89007BFC810
S315400145E0400001BA9207BFE8C207BFD080A0600170
S315400145F008800009C207BFE880A060010880000664
S315400146009207BFE8400001F49007BFD081C7E00898
S3154001461091E8000881C7E00891E83FFF9DE3BF604C
S315400146209007BFC09207BFD0F03FBFC0400001A76F
S31540014630F43FBFC89007BFC8400001A49207BFE836
S31540014640C207BFD080A0600108800009C207BFE849
S3154001465080A06001088000069207BFE8400001DEA5
S315400146609007BFD081C7E00891E8000881C7E008FC
S3154001467091E820019DE3BF609007BFC09207BFD07C
S31540014680F03FBFC040000191F43FBFC89007BFC88B
S315400146904000018E9207BFE8C207BFD080A06001EB
S315400146A008800009C207BFE880A0600108800006B3
S315400146B09207BFE8400001C89007BFD081C7E00814
S315400146C091E8000881C7E00891E820019DE3BF60B9
S315400146D09207BFD09007BFC0F03FBFC04000017BEB
S315400146E0F43FBFC89207BFE8400001789007BFC8B2
S315400146F0C207BFD080A0600108800006C207BFE89C
S3154001470080A06002B040200081C7E00881E8000037
S3154001471081C7E00891E820019DE3BF88841020030A
S315400147208336201FC427BFE880A6200012800009D7
S31540014730C227BFEC821020029007BFE8400000D29A
S31540014740C227BFE8B010000881C7E00893E8000916
S315400147500680001303200000400000A690100018B8
S315400147609002201D808A2020028000188536200173
S31540014770B12E0008C027BFFCF027BFF88210203CAD
S3154001478090204008D027BFF0400000BF9007BFE807
S31540014790B010000881C7E00893E8000980A600012F
S315400147A02280001031307800B0200018400000917E
S315400147B0901000189002201D808A202032BFFFEE03
S315400147C0B12E00088536200182380008B12E000836
S315400147D083308001F027BFFC10BFFFE9C227BFF835
S315400147E081C7E00893E820009DE3BF80F03FBFE02A
S315400147F09207BFE8400001359007BFE0C207BFE816
S3154001480080A0600208800014B010200080A06004DF
S3154001481002800021C207BFF080A060000680000E22
S3154001482080A0601E14800015C407BFECB010203C68
S31540014830B0260001808E20200280000986380018AB
S31540014840C207BFF8B130401880A0A00032800002F4
S31540014850B020001881C7E00881E80000C207BFF810
S315400148608328600183284003C607BFFCB130C018C6
S3154001487010BFFFF6B0104018311FFFFF80A0A00007
S3154001488002BFFFF5B01623FF3120000081C7E008C3
S3154001489081E80000C207BFEC311FFFFF80A0600026
S315400148A002BFFFEDB01623FF3120000081C7E008AB
S315400148B081E800009DE3BF88C027BFEC80A62000A9
S315400148C00280000F821020024000004A901000181A
S315400148D09002201D808A20200280000F833620010D
S315400148E0B12E0008C027BFFCF027BFF88410203C3A
S315400148F08210200390208008D027BFF0C227BFE84E
S31540014900400000619007BFE8B010000881C7E00889
S3154001491093E8000984380008B12E0008833040022C
S31540014920F027BFFC10BFFFF2C227BFF89DE3BFA02F
S315400149309210001A7FFFF89F90100019818000198C
S315400149409B3EE01F9A0E400D828820008320401B2B
S315400149508320401B8320401B8320401B8320401B18
S315400149608320401B8320401B8320401B8320401B08
S315400149708320401B8320401B8320401B8320401BF8
S315400149808320401B8320401B8320401B8320401BE8
S315400149908320401B8320401B8320401B8320401BD8
S315400149A08320401B8320401B8320401B8320401BC8
S315400149B08320401B8320401B8320401B8320401BB8
S315400149C08320401B8320401B8320401B83206000A3
S315400149D0B800400DB34000009210001BBA02001C03
S315400149E07FFFF8749010001881C7E00891EF4008E6
S315400149F00300003F821063FF80A200011880000A75
S31540014A0003003FFF80A220FF188000188410202059
S31540014A100310005582106260D008400881C3E00847
S31540014A2090208008821063FF80A20001188000094F
S31540014A308410200884102010913220100310005554
S31540014A4082106260D008400881C3E0089020800847
S31540014A50913220180310005582106260D008400838
S31540014A6081C3E008902080088410201891322008E4
S31540014A700310005582106260D008400881C3E008E7
S31540014A80902080089DE3BFA0C8060000D81E2010D4
S31540014A9080A1200108800040C206200480A1200494
S31540014AA00280002F8093000D0280000480A1200225
S31540014AB03280000AC8062008861020008410200093
S31540014AC0BA1020008328601F84108003B010400272
S31540014AD081C7E00893E8001D80A13C020680003BA7
S31540014AE080A123FF1480001EBA0B60FF80A760805F
S31540014AF002800015BA0B61009A83607F98432000BB
S31540014B003B07FFFFBA1763FF80A3001D1880001CF7
S31540014B10B92B201F880123FF87336008BB2B201840
S31540014B20852B2004BA1740038328601F8729201448
S31540014B308530A00C84108003B010400281C7E00884
S31540014B4093E8001D80A7600002BFFFEF3B07FFFF10
S31540014B509A83608010BFFFEC98432000071FFC003A
S31540014B60BA1020008328601F84102000841080031F
S31540014B70B010400281C7E00893E8001DBB336001D5
S31540014B80B7332001880124009810001B10BFFFE3B2
S31540014B909A17001D87336008BB2B2018BA174003AC
S31540014BA007000200852B20058328601F8530A00D54
S31540014BB084108003071FFC0084108003B01040025C
S31540014BC081C7E00893E8001DBA103C0288274004DB
S31540014BD080A1203814BFFFBA86102000808920208A
S31540014BE00280001EBA380004B3330004BA103FFFF6
S31540014BF0B0102000BB2F400488102000842B001DDC
S31540014C00862B40048410800380A00002844020004B
S31540014C10B6164002840EE0FF80A0A0800280001CF0
S31540014C20B4100018B286E07F0703FFFF8610E3FF4A
S31540014C30B046A00089366008BB2E2018852E200478
S31540014C4080A0C0188530A00C86402000BA174004C9
S31540014C5010BFFF9D8728E014B010001DB8103FFF1C
S31540014C60B3334004B72B2001B5372001B72EC01D01
S31540014C70B5368018BB2F0004B1330004B216C019F3
S31540014C80BA16801D10BFFFDE892F0004840EE10095
S31540014C9080A0A00032BFFFE5B286E0808736E008FB
S31540014CA0BB2E2018BA1740030703FFFF8610E3FF08
S31540014CB0852E200480A0C0188530A00C8640200097
S31540014CC010BFFF818728E014C8020000C4022004F7
S31540014CD08331201FC222600487312014033FFC0028
S31540014CE08688E7FF1280001A8229000180904002DF
S31540014CF022800026821020028730A018832860086F
S31540014D008210C001861020031B03FFFFC62240000C
S31540014D108528A00886103C019A1363FF8930A01F9D
S31540014D208328600198100003821100018528A001A3
S31540014D3080A0400D08BFFFFA8600FFFFD822600819
S31540014D40C222601081C3E008C422601480A0E7FF3C
S31540014D50028000108600FC01C6226008070400009C
S31540014D608930A018832860088528A008821100018F
S31540014D70C42260148210400386102003C2226010B0
S31540014D8081C3E008C622400081C3E008C222400038
S31540014D9080904002128000058330A01882102004C2
S31540014DA081C3E008C2224000873120138528A0082C
S31540014DB08608E00189292008C6224000881040045F
S31540014DC0C4226014033E00008829000181C3E00823
S31540014DD0C8226010C202000080A060010880004520
S31540014DE001000000C402400080A0A00108800041EB
S31540014DF080A060041280000680A0A00402800048C2
S31540014E0080A0600422800036C202200480A0A00453
S31540014E100280000880A060021280000B80A0A002E0
S31540014E200280003680A060021280000780A0A002A6
S31540014E30C202600480A0000190403FFF81C3E008A8
S31540014E409012200102800021C2022004C4026004A3
S31540014E5080A080011280001E80A00001C8022008A7
S31540014E60C602600880A100033480002680A00002AB
S31540014E700680002880A00002C4022010C6026010ED
S31540014E80C802201480A0800318800010DA02601442
S31540014E900280000C80A1000D80A0C002388000066F
S31540014EA080A000011280001580A3400408800013F1
S31540014EB080A0000190403FFF81C3E008901220018D
S31540014EC008BFFFF780A0C00280A0000190403FFFCD
S31540014ED0900A200281C3E00890023FFF80A00001B2
S31540014EE090403FFF900A200281C3E00890023FFFB5
S31540014EF081C3E0089010200181C3E0089010200092
S31540014F0090403FFF900A200281C3E00890023FFF94
S31540014F1090403FFF81C3E00890122001C202600425
S31540014F20D002200481C3E008902040089DE3BFA041
S31540014F303B100053BA1763E8C2077FFC80A07FFF8E
S31540014F4002800008BA077FFC9FC04000BA077FFC79
S31540014F50C207400080A07FFF12BFFFFC0100000096
S31540014F6081C7E00881E800009DE3BFA081C7E00852
S31540014F7081E8000000000000000000000000000081
S31540014F800000001000000000017A5200047C0F016D
S31540014F901B0C0E000000001400000018FFFFE25C2D
S31540014FA00000035400412D090F1F0D1E0000001083
S31540014FB000000000017A5200047C0F011B0C0E0018
S31540014FC00000001400000018FFFFE5840000037094
S31540014FD000412D090F1F0D1E0000000000000000BA
S31540014FE000000002FFFFFFFF00000000000000007C
S31540014FF000000002FFFFFFFF00000000000000006C
S315400150009DE3BFA07FFFB084010000007FFFFFC882
S315400150100100000081E8000081C3E00801000000B2
S315400150209DE3BFA07FFFB04E0100000081E8000074
S3154001503081C3E008010000000000000000000000FC
S315400150404572726F72206F6E207465737420256489
S31540015050202825733A202523303130782C202523EA
S3154001506030313078293A204578706563746564201B
S315400150702523303130782C20676F74202523303139
S3154001508030780A00000000000A5465737420746584
S31540015090726D696E617465642077697468202564F0
S315400150A0206572726F6E656F757320726573756C6C
S315400150B07473206F662025642074657374730A00C7
S315400150C0257300000000000053504152524F5720B3
S315400150D0696E746567726974792076616C69646119
S315400150E074696F6E0A2D3E20426173696320535085
S315400150F04152524F5720746573747300000000008B
S315400151000A454E44204F4620544553540A00000058
S3154001511040016630000000000A0000000000000067
S31540015120494E460000000000696E6600000000001E
S315400151304E414E00000000006E616E00000000000E
S3154001514030313233343536373839616263646566B6
S31540015150000000000000000030313233343536376C
S3154001516038394142434445460000000000000000F2
S31540015170286E756C6C2900003000000000000000AC
S315400151800000000000000000303030303030303058
S315400151903030303030303030202020202020202048
S315400151A02020202020202020303030303030303038
S315400151B03030303030303030202020202020202028
S315400151C02020202020202020496E66696E6974794E
S315400151D000000000000000004E614E00000000008B
S315400151E00000000000000000000000000000000078
S315400151F00000000000000000000000000000000068
S315400152000000000000000000000000000000000057
S315400152100000000000000000000000000000000047
S315400152200000000000000000000000000000000037
S315400152300000000000000000000000000000000027
S3154001524000000005000000190000007D000000007C
S315400152503C9CD2B297D889BC3949F623D5A8A73305
S3154001526032A50FFD44F4A73D255BBA08CF8C979D27
S315400152700AC8062864AC6F434341C37937E08000CE
S315400152804693B8B5B5056E174D384F03E93FF9F565
S315400152905A827748F9301D3275154FDD7F73BF3C11
S315400152A03FF0000000000000402400000000000024
S315400152B04059000000000000408F400000000000FF
S315400152C040C388000000000040F86A00000000006A
S315400152D0412E848000000000416312D0000000008E
S315400152E04197D7840000000041CDCD650000000004
S315400152F04202A05F2000000042374876E8000000E5
S31540015300426D1A94A200000042A2309CE540000082
S3154001531042D6BCC41E900000430C6BF526340000F7
S315400153204341C37937E080004376345785D8A0009E
S3154001533043ABC16D674EC80043E158E460913D00FF
S315400153404415AF1D78B58C40444B1AE4D6E2EF5074
S315400153504480F0CF064DD59244B52D02C7E14AF6B9
S3154001536044EA784379D99DB43030303030303030EA
S315400153703030303030303030202020202020202066
S315400153802020202020202020303030303030303056
S315400153903030303030303030202020202020202046
S315400153A02020202020202020430000000000000073
S315400153B0504F5349580000002E00000000000000E5
S315400153C0002020202020202020202828282828208E
S315400153D02020202020202020202020202020202086
S315400153E020881010101010101010101010101010EE
S315400153F010040404040404040404041010101010DE
S3154001540010104141414141410101010101010101A7
S3154001541001010101010101010101010110101010F9
S315400154201010424242424242020202020202020279
S3154001543002020202020202020202020210101010CD
S3154001544020000000000000000000000000000000F5
S315400154500000000000000000000000000000000005
S3154001546000000000000000000000000000000000F5
S3154001547000000000000000000000000000000000E5
S3154001548000000000000000000000000000000000D5
S3154001549000000000000000000000000000000000C5
S315400154A000000000000000000000000000000000B5
S315400154B000000000000000000000000000000000A5
S315400154C00000000000000000000000000000000095
S315400154D00000000000000000000000000000000085
S315400154E00000000000000000000000000000000075
S315400154F00000000000000000000000000000000065
S315400155000000000000000000000000000000000054
S315400155100000000000000000000000000000000044
S315400155200000000000000000000000000000000034
S315400155300000000000000000000000000000000024
S315400155400000000000000000202020202020202014
S3154001555020282828282820202020202020202020DC
S3154001556020202020202020208810101010101010FC
S315400155701010101010101010040404040404040444
S3154001558004041010101010101041414141414101D5
S3154001559001010101010101010101010101010101B4
S315400155A001010110101010101042424242424202C3
S315400155B00202020202020202020202020202020284
S315400155C0020202101010102000000000000000002E
S315400155D00000000000000000000000000000000084
S315400155E00000000000000000000000000000000074
S315400155F00000000000000000000000000000000064
S315400156000000000000000000000000000000000053
S315400156100000000000000000000000000000000043
S315400156200000000000000000000000000000000033
S315400156300000000000000000000000000000000023
S315400156400000000000000000000000000000000013
S315400156500000000000000000000000000000000003
S3154001566000010202030303030404040404040404C2
S315400156700505050505050505050505050505050593
S315400156800606060606060606060606060606060673
S315400156900606060606060606060606060606060663
S315400156A00707070707070707070707070707070743
S315400156B00707070707070707070707070707070733
S315400156C00707070707070707070707070707070723
S315400156D00707070707070707070707070707070713
S315400156E008080808080808080808080808080808F3
S315400156F008080808080808080808080808080808E3
S3154001570008080808080808080808080808080808D2
S3154001571008080808080808080808080808080808C2
S3154001572008080808080808080808080808080808B2
S3154001573008080808080808080808080808080808A2
S315400157400808080808080808080808080808080892
S315400157500808080808080808080808080808080882
S3154001576000000000000000010000000000000000F1
S3154001577000000000000000000F01E4E44E4F50001D
S3154001578000000000000000000000000000000000D2
S31540015790400012500000000200000000FFFFFFFF22
S315400157A0FFFFFFFC000000000F01E4E453554D00EC
S315400157B000000000000000000000000000000000A2
S315400157C04000125C0000000300000000FFFFFFFFE5
S315400157D0000003FC000000000F01E4E4556E73690C
S315400157E0676E65642053554D0000000000000000BF
S315400157F0400012680000000400000000FFFFFFFFA8
S31540015800FFFFFFFC000000000F01E4E45361742038
S3154001581053554D000000000000000000000000004C
S3154001582040001274000000050000000080FF807FE8
S31540015830FFFFFF80000000000F01E4E45361742084
S3154001584053554D000000000000000000000000001C
S315400158504000127400000006000000007FFF8080B7
S31540015860FFFFFF80000000000F01E4E45361742054
S3154001587053554D00000000000000000000000000EC
S31540015880400012740000000700000000FFFFFFFF08
S31540015890000000FF000000000F01E4E4556E73694B
S315400158A0676E6564205361742053554D00000000B6
S315400158B040001280000000080000000080FF7F00C9
S315400158C00000007F000000000F01E4E44D617869AB
S315400158D06D756D0000000000000000000000000032
S315400158E04000128C000000090000000080FF7F008C
S315400158F0000000FF000000000F01E4E4556E7369EB
S31540015900676E6564204D6178696D756D00000000B4
S31540015910400012980000000A0000000080FF7F004E
S31540015920FFFFFF80000000000F01E4E44D696E694E
S315400159306D756D00000000000000000000000000D1
S31540015940400012A40000000B0000000080FF7F0011
S3154001595000000000000000000F01E4E4556E736989
S31540015960676E6564204D696E696D756D0000000056
S31540015970400012B00000000C0000000000200100B1
S3154001598000000006000000000F01E4E4546F206DA2
S3154001599061736B0000000000000000000000000081
S315400159A0400012C80000000D00000000FEEDCAFED6
S315400159B000000027000000000F01E4E4584F5200A8
S315400159C00000000000000000000000000000000090
S315400159D0400012BC0000000E807F00FF0101FFFF66
S315400159E08180FFFE000000000F01E4E441444400D1
S315400159F00000000000000000000000000000000060
S31540015A00400012D40000000F8180FFA081FF7F0F6C
S31540015A10027F7EAF000000000F01E4E441444400F0
S31540015A20000000000000000000000000000000002F
S31540015A30400012D400000010807F00FF0101FFFFEB
S31540015A40817FFFFE000000000F01E4E453617420F2
S31540015A504144440000000000000000000000000036
S31540015A6040001310000000118180FFA081FF7F0FCD
S31540015A7080807EAF000000000F01E4E45361742092
S31540015A804144440000000000000000000000000006
S31540015A9040001310000000120A0A0A0A00050A0B08
S31540015AA00A0500FF000000000F01E4E453554200DF
S31540015AB0000000000000000000000000000000009F
S31540015AC0400012E000000013807F0AFB05FFFB0A3D
S31540015AD07B800FF1000000000F01E4E453554200C2
S31540015AE0000000000000000000000000000000006F
S31540015AF0400012E0000000140A0A0A0A00050A0BD7
S31540015B000A0500FF000000000F01E4E45361742020
S31540015B105355420000000000000000000000000054
S31540015B204000131C00000015807F0AFB05FFFB0A9D
S31540015B30807F0FF1000000000F01E4E453617420FF
S31540015B405355420000000000000000000000000024
S31540015B504000131C000000167F018081037FFFFF78
S31540015B607D7F807F000000000F01E4E44D554C002D
S31540015B7000000000000000000000000000000000DE
S31540015B80400012EC000000177F7FFD417FFF7FFE42
S31540015B900181837E000000000F01E4E44D554C0075
S31540015BA000000000000000000000000000000000AE
S31540015BB0400012EC000000187F018081037FFFFF47
S31540015BC07F7F7F7F000000000F01E4E45361742072
S31540015BD04D554C0000000000000000000000000090
S31540015BE040001328000000197F7FFD417FFF7FFEA3
S31540015BF07F818080000000000F01E4E4536174203E
S31540015C004D554C000000000000000000000000005F
S31540015C10400013280000001A010101010104080394
S31540015C2002100008000000000F01E4E44C2D536807
S31540015C306966742041726974686D657469630000B0
S31540015C40400013340000001B80808080FFFCF8FD7B
S31540015C50C0F8FFF0000000000F01E4E4522D536844
S31540015C606966742041726974686D65746963000080
S31540015C70400013340000001C010101010104080326
S31540015C8002107F08000000000F01E4E45361742014
S31540015C904C2D53686966742041726974682E000000
S31540015CA0400013400000001D80808080FFFCF8FD0D
S31540015CB0C0F8FFF0000000000F01E4E453617420D6
S31540015CC0522D53686966742041726974682E0000CA
S31540015CD0400013400000001E0204080A204080A034
S31540015CE000000040000000000F01E4E44D617869C6
S31540015CF06D756D000000000000000000000000000E
S31540015D00400012F80000001F0204080A204080A04B
S31540015D10FFFFFF80000000000F01E4E44D696E695A
S31540015D206D756D00000000000000000000000000DD
S31540015D304000130400000020F00D5BADF00D600D36
S31540015D40F00D600D000000000F01E4E44D6572673F
S31540015D506500000000000000000000000000000097
S31540015D604000134C00000021FFFFFFFF600D7E57EE
S31540015D70600D7E57000000000F01E4E4414E4400EF
S31540015D8000000000000000000000000000000000CC
S31540015D90400013580000002200001011600D7E578C
S31540015DA0600D7E57000000000F01E4E44F520000F1
S31540015DB0000000000000000000000000000000009C
S31540015DC04000136400000023FFFFFFFF9FF281A8FC
S31540015DD0600D7E57000000000F01E4E4584F520069
S31540015DE0000000000000000000000000000000006C
S31540015DF040001370000000247F018081037FFFFF74
S31540015E007D7F807F000000000F01E4E44D697865E5
S31540015E1064204D554C0000000000000000000000C9
S31540015E204000137C000000257F7FFD417FFF7FFE00
S31540015E300181837E000000000F01E4E44D6978652D
S31540015E4064204D554C000000000000000000000099
S31540015E504000137C000000267F018081037FFFFF05
S31540015E607F7F8080000000000F01E4E453617420CD
S31540015E704D69786564204D554C00000000000000D6
S31540015E8040001388000000277F7FFD417FFF7FFE92
S31540015E907F817F80000000000F01E4E4536174209C
S31540015EA04D69786564204D554C00000000000000A6
S31540015EB04000138800000028BADBAD0100000080D5
S31540015EC0FFFFFF80000000000F01E4E4436C6970AE
S31540015ED0000000000000000000000000000000007B
S31540015EE040001394000000297E57BAD1000000807B
S31540015EF000000080000000000F01E4E4436C69707B
S31540015F00000000000000000000000000000000004A
S31540015F10400013940000002A000000D10000010057
S31540015F20000000D1000000000F01E4E4436C6970F9
S31540015F30000000000000000000000000000000001A
S31540015F40400013940000002B80000000C0000000B8
S31540015F5080000000000000000F01E4E4436C69701A
S31540015F6000000000000000000000000000000000EA
S31540015F70400013940000002CC00000008000000087
S31540015F80C0000000000000000F01E4E4436C6970AA
S31540015F9000000000000000000000000000000000BA
S31540015FA0400013940000002D807F00FF0101FFFF98
S31540015FB08180FFFE000000000F01E4E4556E736925
S31540015FC0676E656420414444000000000000000003
S31540015FD0400013A00000002E8180FFA081FF7F0FAB
S31540015FE0027F7EAF000000000F01E4E4556E736945
S31540015FF0676E6564204144440000000000000000D3
S31540016000400013A00000002F807F00FF0101FFFF29
S315400160108180FFFF000000000F01E4E4556E7369C3
S31540016020676E65642053617420414444000000005A
S31540016030400013DC000000308180FFA081FF7F0F0C
S31540016040FFFFFFAF000000000F01E4E4556E7369E6
S31540016050676E65642053617420414444000000002A
S31540016060400013DC000000310A0A0A0A00050A0B47
S315400160700A0500FF000000000F01E4E4556E736954
S31540016080676E656420535542000000000000000021
S31540016090400013AC00000032807F0AFB05FFFB0A7B
S315400160A07B800FF1000000000F01E4E4556E736937
S315400160B0676E6564205355420000000000000000F1
S315400160C0400013AC000000330A0A0A0A00050A0B15
S315400160D00A050000000000000F01E4E4556E7369F3
S315400160E0676E656420536174205355420000000079
S315400160F0400013E800000034807F0AFB05FFFB0ADD
S315400161007B0000F1000000000F01E4E4556E736965
S31540016110676E656420536174205355420000000048
S31540016120400013E8000000357F018081037FFFFFB7
S315400161307D7F807F000000000F01E4E4556E7369A6
S31540016140676E6564204D554C00000000000000005C
S31540016150400013B8000000367F7FFD417FFF7FFE80
S315400161600181837E000000000F01E4E4556E7369EE
S31540016170676E6564204D554C00000000000000002C
S31540016180400013B8000000377F018081037FFFFF85
S31540016190FF7FFFFF000000000F01E4E4556E7369C5
S315400161A0676E656420536174204D554C00000000B4
S315400161B0400013F4000000387F7FFD417FFF7FFEE2
S315400161C0FFFFFFFF000000000F01E4E4556E736915
S315400161D0676E656420536174204D554C0000000084
S315400161E0400013F4000000390101010101040803D4
S315400161F002100008000000000F01E4E44C2D536832
S31540016200696674204C6F67696300000000000000F6
S31540016210400014000000003A80808080FFFCF8FDB9
S3154001622040080010000000000F01E4E4522D5368BD
S31540016230696674204C6F67696300000000000000C6
S31540016240400014000000003B010101010104080364
S315400162500210FF08000000000F01E4E453617420BE
S315400162604C2D5368696674204C6F67696300000062
S315400162704000140C0000003C80808080FFFCF8FD4B
S3154001628040080010000000000F01E4E4536174204F
S31540016290522D5368696674204C6F6769630000002C
S315400162A04000140C0000003D0204080A204080A072
S315400162B0000000A0000000000F01E4E4556E736980
S315400162C0676E6564204D6178696D756D00000000EB
S315400162D0400013C40000003E0204080A204080A08A
S315400162E000000002000000000F01E4E4556E7369EE
S315400162F0676E6564204D696E696D756D00000000BD
S31540016300400013D00000003FF00D5BADF00D600D75
S31540016310F00D600D000000000F01E4E4556E736955
S31540016320676E6564204D6572676500000000000078
S315400163304000141800000040FFFFFFFF600D7E572C
S315400163409FF281A8000000000F01E4E44E414E4453
S3154001635000000000000000000000000000000000F6
S31540016360400014240000004100001011600D7E57CA
S315400163709FF281A8000000000F01E4E44E4F520055
S3154001638000000000000000000000000000000000C6
S315400163904000143000000042FFFFFFFF9FF281A83A
S315400163A09FF281A8000000000F01E4E4584E4F52CD
S315400163B00000000000000000000000000000000096
S315400163C04000143C00000043BADBAD0100000080F0
S315400163D000000080000000000F01E4E4556E73697F
S315400163E0676E656420436C69700000000000000020
S315400163F040001448000000447E57BAD10000008096
S3154001640000000080000000000F01E4E4556E73694E
S31540016410676E656420436C697000000000000000EF
S315400164204000144800000045000000D10000010072
S31540016430000000D1000000000F01E4E4556E7369CD
S31540016440676E656420436C697000000000000000BF
S31540016450400014480000004680000000C0000000D3
S3154001646080000000000000000F01E4E4556E7369EE
S31540016470676E656420436C6970000000000000008F
S315400164804000144800000047C000000080000000A2
S3154001649080000000000000000F01E4E4556E7369BE
S315400164A0676E656420436C6970000000000000005F
S315400164B040001448000000487F018081037FFFFFB0
S315400164C0000002FB000000000F01E4E4444F5400C9
S315400164D00000000000000000000000000000000075
S315400164E040001454000000497F7FFD417FFF7FFE3D
S315400164F000003C83000000000F01E4E4444F5400D7
S315400165000000000000000000000000000000000044
S31540016510400014540000004A7F018081037FFFFF41
S31540016520000101FB000000000F01E4E4556E7369B0
S31540016530676E656420444F5400000000000000006F
S31540016540400014600000004B7F7FFD417FFF7FFECE
S3154001655000017B83000000000F01E4E4556E73697E
S31540016560676E656420444F5400000000000000003F
S31540016570400014600000004C7F018081037FFFFFD3
S31540016580000000FB000000000F01E4E44D6978655E
S315400165906420444F54000000000000000000000049
S315400165A04000146C0000004D7F7FFD417FFF7FFE60
S315400165B00000BB83000000000F01E4E44D697865EB
S315400165C06420444F54000000000000000000000019
S315400165D04000146C0000004E010203040001FF005C
S315400165E0FFFFFFFF000000000F01E4E44D697865FD
S315400165F06420444F540000000000000000000000E9
S315400166004000146C001C9C9F000F0F0F0F0F0F0FC3
S315400166100F0F0F0F0F0F0F0F0000000300000007B1
S31540016620000000080000000040016CCC40016630CB
S31540016630000000004001521C400151FC400151DC68
S315400166400000000000000000000000000000000003
S3154001665000000000000000000000000000000000F3
S3154001666000000000000000000000000000000000E3
S3154001667000000000000000000000000000000000D3
S3154001668000000000000000000000000000000000C3
S31540016690FFFFFFFF000200000000000000000000B5
S315400166A04001669840016698400166A0400166A097
S315400166B0400166A8400166A8400166B0400166B047
S315400166C0400166B8400166B8400166C0400166C0F7
S315400166D0400166C8400166C8400166D0400166D0A7
S315400166E0400166D8400166D8400166E0400166E057
S315400166F0400166E8400166E8400166F0400166F007
S31540016700400166F8400166F84001670040016700B4
S315400167104001670840016708400167104001671062
S315400167204001671840016718400167204001672012
S3154001673040016728400167284001673040016730C2
S315400167404001673840016738400167404001674072
S315400167504001674840016748400167504001675022
S3154001676040016758400167584001676040016760D2
S315400167704001676840016768400167704001677082
S315400167804001677840016778400167804001678032
S3154001679040016788400167884001679040016790E2
S315400167A04001679840016798400167A0400167A092
S315400167B0400167A8400167A8400167B0400167B042
S315400167C0400167B8400167B8400167C0400167C0F2
S315400167D0400167C8400167C8400167D0400167D0A2
S315400167E0400167D8400167D8400167E0400167E052
S315400167F0400167E8400167E8400167F0400167F002
S31540016800400167F8400167F84001680040016800AF
S31540016810400168084001680840016810400168105D
S31540016820400168184001681840016820400168200D
S3154001683040016828400168284001683040016830BD
S31540016840400168384001683840016840400168406D
S31540016850400168484001684840016850400168501D
S3154001686040016858400168584001686040016860CD
S31540016870400168684001686840016870400168707D
S31540016880400168784001687840016880400168802D
S3154001689040016888400168884001689040016890DD
S315400168A04001689840016898400168A0400168A08D
S315400168B0400168A8400168A8400168B0400168B03D
S315400168C0400168B8400168B8400168C0400168C0ED
S315400168D0400168C8400168C8400168D0400168D09D
S315400168E0400168D8400168D8400168E0400168E04D
S315400168F0400168E8400168E8400168F0400168F0FD
S31540016900400168F8400168F84001690040016900AA
S315400169104001690840016908400169104001691058
S315400169204001691840016918400169204001692008
S3154001693040016928400169284001693040016930B8
S315400169404001693840016938400169404001694068
S315400169504001694840016948400169504001695018
S3154001696040016958400169584001696040016960C8
S315400169704001696840016968400169704001697078
S315400169804001697840016978400169804001698028
S3154001699040016988400169884001699040016990D8
S315400169A04001699840016998400169A0400169A088
S315400169B0400169A8400169A8400169B0400169B038
S315400169C0400169B8400169B8400169C0400169C0E8
S315400169D0400169C8400169C8400169D0400169D098
S315400169E0400169D8400169D8400169E0400169E048
S315400169F0400169E8400169E8400169F0400169F0F8
S31540016A00400169F8400169F840016A0040016A00A5
S31540016A1040016A0840016A0840016A1040016A1053
S31540016A2040016A1840016A1840016A2040016A2003
S31540016A3040016A2840016A2840016A3040016A30B3
S31540016A4040016A3840016A3840016A4040016A4063
S31540016A5040016A4840016A4840016A5040016A5013
S31540016A6040016A5840016A5840016A6040016A60C3
S31540016A7040016A6840016A6840016A7040016A7073
S31540016A8040016A7840016A7840016A8040016A8023
S31540016A9040016A8840016A8840016A9040016A90D3
S31540016AA0430000000000000000000000000000005C
S31540016AB0000000000000000000000000000000008F
S31540016AC0430000000000000000000000000000003C
S31540016AD0000000000000000000000000000000006F
S31540016AE0430000000000000000000000000000001C
S31540016AF0000000000000000000000000000000004F
S31540016B0043000000000000000000000000000000FB
S31540016B10000000000000000000000000000000002E
S31540016B2043000000000000000000000000000000DB
S31540016B30000000000000000000000000000000000E
S31540016B4043000000000000000000000000000000BB
S31540016B5000000000000000000000000000000000EE
S31540016B60430000000000000000000000000000009B
S31540016B7000000000000000000000000000000000CE
S31540016B804001291C40011FAC00000000400155474F
S31540016B90400153B840015168400151684001516874
S31540016BA040015168400151684001516840015168B6
S31540016BB040015168400151687F7F7F7F7F7F7F7FA2
S31540016BC07F7F7F7F7F7F000001004153434949001A
S31540016BD0000000000000000000000000000000006E
S31540016BE000000000000000000000415343494900F5
S31540016BF0000000000000000000000000000000004E
S31540016C00000000000000000000000000000000003D
S70540000000BA
