S0120000636F6E6E656374696F6E2E73726563E2
S113000097B10000938101D8996273A002307310F4
S11300103000970200009382E214739052307324EC
S113002040F111EC970200009382C2147390523095
S1130030EF000054970200009382C231829213139E
S11300402400970200009382E20B9A9203A3020019
S11300500F00F00FE31C03FE138E014C93134400B6
S1130060B30E7E00138F8E0083BF0E0003310F008A
S1130070970200009382021073905230732540F16E
S1130080829F1300000013000000130000001300FF
S11300900000130000001300000013000000130010
S11300A00000130000001300000013000000130000
S11300B000001300000013000000130000001300F0
S11300C000001300000013000000130000001300E0
S11300D000001300000013000000130000001300D0
S11300E000001300000013000000130000001300C0
S11300F000001300000013000000130000000100C2
S113010073001000730010007300100073001000DF
S113011073001000730010007300100073001000CF
S113012073001000730010007300100073001000BF
S113013073001000730010007300100073001000AF
S113014013132500970300009383C3FBB3027300CA
S11301500F00500F2FA00208130500008280010039
S113016002900100130000001300000013000000BF
S113017073202034130181DE06E00EE812EC16F041
S11301801AF41EF822FCA6E0AAE4AEE8B2ECB6F03B
S1130190BAF4BEF8C2FC46E14AE54EE952ED56F126
S11301A05AF55EF962FDE6E1EAE5EEE9F2EDF6F113
S11301B0FAF5FEF973250030F32510347326203444
S11301C0AAFD2EE232E6F32230002328511002AEBB
S11301D006B20AB60EBA12BE96A29AA69EAAA2AEFB
S11301E0A6B2AAB6AEBAB2BE36A33AA73EAB42AFE7
S11301F046B34AB74EBB52BFD6A3DAA7DEABE2AFD3
S1130200E6B3EAB7EEBBF2BF2730D1212734E121B0
S11302102738F12163550600EF00204021A08A868B
S1130220EF00603F8260C261626282722273C273B5
S1130230627486642665C665666686762677C677A2
S113024066788A682A69CA696A6A8A7A2A7BCA7B52
S11302506A7C8E6C2E6DCE6D6E6E8E7E72209230A8
S11302603231D231723296223623D6237624963412
S11302703635D63576369A263A27DA277A289A38C2
S11302803A39DA397A3A9E2A3E2BDE2B7E2C9E3C72
S11302903E3DDE3D7E3E873E0120073F8120873F75
S11302A00121032F011173103F006E7F926F7310B1
S11302B00F3073901F342E7FCE7F13018121730082
S11302C020300000000000000000000000000000DA
S11302D0000000000000000000000000000000001A
S11302E0000000000000000000000000000000000A
S11302F000000000000000000000000000000000FA
S113030000000000000000000000000000000000E9
S113031000000000000000000000000000000000D9
S113032000000000000000000000000000000000C9
S113033000000000000000000000000000000000B9
S113034000000000000000000000000000000000A9
S1130350EF0000220A8493020000639E02001385CA
S1130360013717B600001306E621B306A64093D55D
S11303703600EF0060209382014823B08200EF0032
S11303800021EF00E01EEF00603EEF00C041EF00EF
S1130390A03017150000130525B3EF001030EF004F
S11303A0B035EF00E01C9382813703A502009382ED
S11303B0013083B5020013060000EF00400AEF008D
S11303C0902E0290000000000000000000009387BF
S11303D08125138781256308F7009307000081C7EF
S11303E01385812582878280938781259385812542
S11303F09D8D93D73540FD91BE95858599C593070D
S1130400000081C71385812582878280411122E003
S113041083C7814806E499EFEFF07FFB9307000060
S113042099C71385813297000000E70000008547D3
S11304302384F148A2600264410182809307000092
S113044091CF4111938501491385813206E49700C8
S11304500000E7000000A260410179B771B779712B
S113046006F422F00018A967938707DD9863233CFC
S1130470E4FC9C672330F4FEC1472324F4FEA967FF
S1130480138507D7EF007041832784FE8D2723242B
S1130490F4FE232604FE832784FE9BD727001B87B4
S11304A007008327C4FE812763F4E7048367C4FE3F
S11304B08A07130784FD3E9783B6812F8367C4FEA2
S11304C08A07B697184398C303B7812F8367C4FE7E
S11304D08A07BA979C438127BE85A967138587D865
S11304E0EF00D02B8327C4FE85272326F4FE65B7AF
S11304F0A967138507D9EF00503A83B7012F850701
S11305002380070083B7012F05472380E700A967ED
S1130510138507DBEF00703883B7012F850783C786
S1130520070093F7F70F812793B7170093F7F70F97
S113053091C3DDB783B7012F85072380070083B7F5
S1130540012F23800700A967138507DCEF00F0342F
S113055081473E85A27002744561828003A50139FA
S11305608280000000000000000000000000000085
S113057082800000000000009387F5FF81C97D5749
S113058023300500FD172105E39CE7FE8280A9675F
S113059029671386075793050757630DB606A9669F
S11305A09386065763F8D5063365B600FD161D8994
S11305B0130707578D8E39E113B5C602134515008D
S11305C01375F50F05CD8982850613D816000E081C
S11305D09387075732988863A1072107233CA7FE16
S11305E0E39B07FF13F5E6FF13172500B307E600A7
S11305F0BA956381A6029C439CC18280F19A9106BC
S1130600B2969387075798439107910523AEE5FE69
S1130610E39BF6FE82800290828093171600858306
S11306202D476384E7000290828079714EE483B998
S11306308138B70720004AE8BE9903A9490052E06F
S113064006F422F026EC0129138A015C63070902EF
S113065093170902F583D29780639B04090019C498
S11306601C68086CA685829700607DF823A2290186
S113067003A949000129E31D09FCA2700274E26484
S11306804269A269026A4561828083A701390145F2
S1130690852723A8F13882801D71A2E883A7013938
S11306A086ECA6E4C5C383B781389DE303A58130F6
S11306B085679387A7DA0A88114789461306200CB1
S11306C08545EF00E06D93170502819323B4F1385B
S11306D083B701389DE303A5813085679387A7DA43
S11306E00A88114789461306300C8545EF00406B94
S11306F093170502819323B0F13803A7413983B6D8
S1130700813885471B1727001307072032073697C0
S11307102320070085451306000213972700369708
S11307200CC38527E39BC7FE85679B87078073A05F
S11307304730A14773A00730E6604664A6640145CC
S11307402561828003A5813081479307A068014811
S1130750114785461306D00B8545EF00606483A7D7
S11307600139B1F3854723A8F13835BF411122E09F
S113077083B7813906E401459DE303A5813085678C
S113078001489387A7DA1147914631468545EF0022
S113079020610215019123BCA13813351500A26014
S11307A0026441018280797122F083B7813A06F4B0
S11307B0014589C7A27002744561828003A5813016
S11307C085679387A7DA1308810011479146454648
S11307D08545EF00E05C93170502819323B4F13A59
S11307E00545E9DB03479100A270027423A0E13AB6
S11307F0014545618280638D05146302062098419A
S11308000CFE9B57570093F607067D8BFD8B558F87
S11308102300F600A300E6009C49E1EB0147814672
S1130820014823060601DC4954C218C66388071030
S11308301B970701B706F0FF7D8F758F13F8F7003C
S11308408D480127C286630518179BD747009B97DD
S1130850470193C7F7FF81277D586389070F021764
S113086082170193D98F1CEA9C4D230CD600FD58A6
S1130870F1C39B9607013707F0FFFD8EF98E0D43F8
S113088013F7F70081263A88630167101BD74700E6
S11308901B1747011347F7FF01276307170BDC4DAD
S11308A054CE18D223020603B5CB1B970701B70613
S11308B0F0FF7D8F758F93F5F7000D480127AE8605
S11308C0638A05099BD747009B97470193C7F7FFA6
S11308D08127FD556388B706021701938217D98FC4
S11308E01CF62308D602014582809B960701370730
S11308F0F0FFFD8EF98E8D4813F7F70081263A88B4
S1130900630C170D1BD747001B1747011347F7FF4D
S11309100127FD57E317F7F0014721B70147814746
S11309200217019382178146D98F1CF62308D60239
S11309300145828001478146014895B781470147B7
S1130940814631BF814749BF014791BF814701BFFC
S11309500545828093C7F7FF9BD74700B705100072
S1130960938505F09B9787001B57C700ED8F498F30
S113097093E7F70F01278127021701938217D98F75
S11309801CF62308D6020145828013C7F7FF1B57C4
S11309904700B70710001B178700938707F09BD603
S11309A0C6007D8FC98E1367F70F81260127C5BD49
S11309B093C7F7FF9BD74700370810009B97870022
S11309C0130808F01B57C700B3F70701498F93E7D3
S11309D0F70F0127812761B513C7F7FF1B5747009E
S11309E0B70710001B178700938707F09BD6C60034
S11309F07D8FC98E1367F70F812601271DB5094521
S1130A00828015714EFD52F95AF15EED66E56AE198
S1130A1036F086EDA2E9A6E5CAE156F562E9EEFCF8
S1130A20858A46E4AA8C2E8BB28B3A8D3E8AC28983
S1130A30D5CA37F40F00498C021401906304080AE4
S1130A40638E05246306062A85641389048022992B
S1130A50FD1429A0130404026306240914409BD73F
S1130A60C600E58F1BD7860181275D8F01279BD6A2
S1130A7086016DD3E39066FFE39EFBFCA28510180C
S1130A806685EFF05FD7A2676A8785465E86DA855A
S1130A900818829901255DDD7DA8856A93870A80FF
S1130AA0330CF400FD1A1840A28510189B54C7009B
S1130AB0B3F4540181249B578701C58F8127668530
S1130AC0130404021B59870181CFEFF0DFD2A26720
S1130AD06A8785462686CA8508188299012525EDE8
S1130AE0E31384FD0277B707100093840780B3E40F
S1130AF09C00137C2700118B82143AE0856D0567F6
S1130B008190938D0D801309F7FFFD171B071D00BE
S1130B10A69D3AEC3EF403A304001B58C3003377AC
S1130B2009019B5783011B5483019B0A0700630A35
S1130B300C00B3E7FA00812791CB630D0B02630B22
S1130B408B0263754D018547630DF404938404029D
S1130B50E3939DFC0145EE604E64AE640E69EA7950
S1130B604A7AAA7A0A7BEA6B4A6CAA6C0A6DE67D19
S1130B702D61828063840B00E3955BFDE38309FCB4
S1130B801018A685668542C8EFF0FFC6A2676A877B
S1130B9089465686A285081882990125424855D16E
S1130BA05DBF93070002638DFA0C8567ED1733F878
S1130BB0070101289307B0046304F80C8267D9D7AE
S1130BC09947E395FAF89C4837F40F001B93070103
S1130BD033F36700B707F0FF3373F3000123336483
S1130BE0830002140190930A040831A06304BB0239
S1130BF02104E30D54F518401B56C7003376260133
S1130C0001269B578701D18F81279B558701EDD3FF
S1130C10E31E0BFC63840B00E39CCBFCE38A09FC1E
S1130C209B57570093F607067D8B558FFD8B230842
S1130C30F102A308E1025440A26762671B954600D3
S1130C409BD0C6001BD84600B7061000B3F0A00026
S1130C50138506F0A2761B188800B3F0A000337841
S1130C60A800B3E060003348D800081891461AE899
S1130C70A2E006DA42DC82990125426335D9E1BD5E
S1130C8088440DDDA268626782764E88D2875E86CC
S1130C90DA85EFF01FD7012515D175BDE30F06DE08
S1130CA00569930A0980A29A7D1929A013040402F4
S1130CB0E38A8AE20C409BD7C500B3F7270181275A
S1130CC01BD785015D8F01279BD4850165D3E39FE5
S1130CD0FBFCA28510186685EFF0FFB1A2676A8756
S1130CE085465E86A68508188299012561D1A5B539
S1130CF00569930A0980A29A7D1929A013040402A4
S1130D00E30254DF18409B54C700B3F424019B57FB
S1130D1087018124C58F81271B578701E5D3E31FF2
S1130D20EBFCA28510186685EFF0FFACA2676A871A
S1130D3085462686DA8508188299012561D121BD68
S1130D40A1CD29CE03A8050037071000130307F02F
S1130D509B56580093F806061378F801FD8A33E889
S1130D6008012300D600A3000601DC419306F7FF27
S1130D700CEA1BD7C7009B9547009BD747006D8F94
S1130D809B97870033776700B3F76700598DB58F5A
S1130D9048C21CC60145828005458280094582807F
S1130DA0C2883E88BA870147A9B981CB11476388B5
S1130DB0E600FD360547637CD70048418280186110
S1130DC098E3186598E71869484198EB8280033ED8
S1130DD005000333850083380501033885010C7150
S1130DE010751479187D484123B0C70123B46700F6
S1130DF023B8170123BC07018CF390F794FB98FFE9
S1130E00828083B68138B9C2F375043003A74139AF
S1130E101B56F5411B56B601299E1B1727001B566E
S1130E205640160732970A07BA960967BA96984247
S1130E308547BB97A70093C7F7FFF98F81279CC20B
S1130E4093F7850073A007300145828005458280B1
S1130E5003B7813829C37376043083A741399B567D
S1130E60F5419BD6B601A99E9B9727009BD6564079
S1130E709607B6978A073E9789673E971C4385462F
S1130E803B95A6005D8D012508C39377860073A06A
S1130E9007300145828005458280AA858146014646
S1130EA001456F20802A4111814522E006E42A840D
S1130EB0EF20603203B5012E3C6591C382972285F1
S1130EC0EF801025011122E8A967296413048456D0
S1130ED093870757818F26E406EC93D4374081C863
S1130EE0E1173E941C60FD1461148297E5FCE260F6
S1130EF04264A26405618280011122E84AE0296407
S1130F00296993079455130999553309F94006EC57
S1130F1026E413593940630B0900130494558144A2
S1130F201C60850421048297E31C99FE29642969C5
S1130F3093070456130989563309F9401359394064
S1130F40630B09001304045681441C6085042104C6
S1130F508297E31C99FEE2604264A264026905611F
S1130F6082801D7122F032F806F436FCBAE0BEE449
S1130F70C2E8C6EC2A842E8619C11C5999CB0C6888
S1130F801418228536ECEF002026A2700274256125
S1130F9082802EE4EF3040742266D5B7597122F076
S1130FA003B40131B2E006F42EFCB6E4BAE8BEECB8
S1130FB0C2F0C6F42A8619C01C5899CB0C683418A0
S1130FC0228536ECEF004022A270027465618280B3
S1130FD02AE42285EF3040702266CDB75971A2F021
S1130FE02A842E85A6EC86F4AE84EF00E016A96769
S1130FF0938707DEBEE08547BEE41C18130715007F
S11310003EEC894726F82AFC3AF43ED035C01C58F9
S1131010A9CF0C68A9679387070D6388F506A967AC
S1131020938787096385F506A96793870706638213
S1131030F5068397050113972703634D070003A75C
S1131040850A8966D58FF976FD16758F2398F50084
S113105023A4E50A30082285EF30501A0DED294506
S1131060A6700674E664656182802285EF30C066EE
S11310701C580C68C5F322852EE4EF30E065A265A8
S1131080A9679387070DE39CF5F80C645DB70C68BA
S11310904DB70C6C79BF7D55E1B75971A2F0A6EC40
S11310A003B40131AA8486F4EF00000BA967938787
S11310B007DEBEE08547BEE41C18130715003EECAE
S11310C0894726F82AFC3AF43ED035C01C58A9CFEB
S11310D00C68A9679387070D6388F506A96793874A
S11310E087096385F506A967938707066382F50672
S11310F08397050113972703634D070003A7850A08
S11311008966D58FF976FD16758F2398F50023A48B
S1131110E50A30082285EF30700E0DED2945A670E2
S11311200674E664656182802285EF30E05A1C58BB
S11311300C68C5F322852EE4EF30005AA265A96736
S11311409387070DE39CF5F80C645DB70C684DB705
S11311500C6C79BF7D55E1B7937775002A87A9EBAD
S113116083B68125FD5510632107B377D600B69762
S1131170D18FD58FE389B7FE834687FFB307A74096
S1131180A9C6834697FF9DCE8346A7FFA9C683467B
S1131190B7FF9DCE8346C7FF0346D7FF0345E7FF4E
S11311A095CE21C23335A0003E9579158280CDDAE3
S11311B083470700050793767700F5FB098F13052E
S11311C0F7FF8280138597FF8280138587FF8280D3
S11311D01385B7FF82801385A7FF82801385C7FF1D
S11311E082801385D7FF8280130101D9233411260D
S11311F0233C9124233821252334B121AE84B28D9C
S113120036EC233081262334312523304125233CF9
S11312105123233861232334712323308123233C36
S113122091212338A121A2BFA6BBCAB7CEB3D2AFA6
S11312302A89EF3070401C613E853EE5EFF0DFF116
S1131240AAFC630609008327090363830742A9678D
S11312509387070D6386F442A9679387870963849C
S1131260F442A967938707066394F4006F1000089B
S113127083960401096693970603C193B3F5C700E7
S113128095E183A5840AB3E7C6009B970701F97625
S11312909BD70741FD16ED8E2398F400C21723A4B3
S11312A0D40AC19393F68700E386061C946CE38307
S11312B0061CE98BA946E38CD71C87B4012687B9A1
S11312C0012807B4812607B9012783B78127130AA8
S11312D0011582F43EED83C70D00D2E982F182CD7F
S11312E002F002F402E982F082F802E102E4528898
S11312F0638007186E84930650026388D766834719
S113130014000504FDFBBB09B441638309160E7682
S1131310EE462330B8014E96852623343801B2F1C7
S1131320B6CD1B8606009D464108E3CEC60E226755
S11313303B87E9003AE4638D0712A969034314006B
S1131340A307010A0504FD58814A814C130BA0052B
S1131350938989E4254D05049B0B03001306A00221
S11313609B870BFE9B8607006367DB008217F9836C
S1131370CE979C438287638D0B0E2304710FA307C2
S1131380010A85490146014D054B814802F802FCDA
S113139082EC930D810E93F22C0063830200892961
S11313A093FF4C088E7763960F00BB863A416344E3
S11313B0D0161DC2EE461306F10A2330C800852656
S11313C0054685072334C800B6CD1B860600BEF14A
S11313D09D46410863C0C61C63830202EE46101991
S11313E02330C8008526094689072334C800B6CDB2
S11313F01B860600BEF19D464108E3CFC604930652
S113140000086387DF6ABB8868416349107393F6F9
S11314100C106393065E6E47DA972330B8019B067F
S11314201700368723346801BACDBEF11D476340E7
S1131430D722410813FE4C0063060E003B8B3A4151
S1131440E342600B568763D33A014E87A266359F09
S11314503AE46393077682CD63060D00EA854A85F4
S1131460EF3000355288A28D83C70D00E39407E85E
S11314708E77638007769009A6854A85EF60A0344D
S113148089AF814A834604009B972A00BB8A57018F
S11314901B830BFD9B9A1A009B8706FD0504BB0A60
S11314A053019B8B0600E37FFDFC5DBD93F78C002D
S11314B0E39A072AE2679C23A1073EECBEB4D3A7B4
S11314C0F72273271000D397F4A273101700E38553
S11314D0072CD30700F22637D317F7A299C36F104E
S11314E0A0040346F10A9307700463C477016F00F4
S11314F0F07B2967930D07DF13FEFCF702F802FC6B
S113150082EC9B0C0E008D49014D0D4B8148E30488
S113151006E8852949B5A96EC1456E46138C8EFB34
S1131520414F9D4363C6D500B1A0C1366354DF0467
S11315300526C107233088012334E801BEF1B2CD6A
S11315404108E3D4C3FE9009A6854A85B6E8C6E4FB
S1131550FEE016E8EF60202763170566C666414F74
S11315608E77C1366E46A668866FC26252889D43E6
S1131570E340DFFCB6979B0516002334D8002330E4
S11315808801BEF1AECD9D46E3C2B65C0346F10AC6
S1131590410805B59009A6854A85C6E4FEE016E82B
S11315A0EF606022631105628E77A668866FC2625F
S11315B052881DB5EE48027705459B8618002330F6
S11315C0B8018507B68513060801E353E50A054506
S11315D0AECD2334A800BEF19D45E3C7D54A667756
S11315E0AA658526BA970CE218E69B850600B6CD57
S11315F0BEF19D464106E3C5B64AD30700F226373D
S113160002779B8815005325F7A2C6861B0BF7FFAC
S113161013080601E31E050613871D00DA9718E276
S113162023346601BEF1C6CD1D47E34817331307C3
S113163006029B88250042863A88CA66980118E209
S1131640B69714E6BEF1C6CD1D47E35517DF9009E2
S1131650A6854A85EF602017631705568E77528852
S1131660D1BB13EE0C01034304009B0C0E00E5B147
S11316704A85EF306006A9679387070DE39EF4BCA3
S113168083348900F5B683340901DDB613EE0C0109
S11316909B0C0E00E26693F70C0213878600E3822C
S11316A007049C62BE89E3CB0704FD576388F8589E
S11316B013FEFCF71B0D0E00E392094E6384080031
S11316C06F10E070EA8C3AEC8148014B930DC11421
S11316D00346F10A9B89080063D468019B090B0047
S11316E002F802FC82EC014DE30706CA1DB5E2676D
S11316F0A307010A83BD0700138C8700E3890D301B
S1131700FD57E388F850468681456E8542EC46E8ED
S1131710EF30907EC26862682A8D19E16F1040290B
S11317203B0BB5410346F10A9349FBFF93D9F943B7
S113173062EC02F802FC82ECB3F96901014D8148C4
S1131740E30B06C4F9B36267A307010A1C4321072C
S11317503AEC2304F10E35B113EE0C019B0C0E0090
S1131760E26693F70C02138786006383077A83B9D2
S1131770060013FEFCBF1B0D0E003AEC8147A307C5
S1131780010A7D576389E81E137EFDF79B0C0E004A
S11317906392091E6395082285FB137B1D00930D3C
S11317A0C114E3070BF293070003A305F114930D8F
S11317B0B11439BFE26693F70C029862A10636ECC5
S11317C0639D077893F70C016399077893F70C04EA
S11317D099C36F10800413FE0C20A26763140E00DB
S11317E06F10C05D2300F700A28DBDB913EE0C028B
S11317F0034304009B0C0E00B9BE6267E17793C7F4
S113180007832318F10AA96D9307870013EE2C00B0
S11318103EEC93878DE03EF4833907001B0D0E00E8
S11318208947930B8007A1BF034304009307C006B5
S1131830E306F31C13EE0C019B0C0E0029BE0343BC
S1131840040093078006E302F31A13EE0C049B0CC6
S11318500E0011B613EE8C00034304009B0C0E0023
S1131860DDBC13EE0C011B0D0E00E26693770D0236
S113187013878600638D076A83B9060085473AECAF
S1131880FDBD13EE0C08034304009B0C0E00E1B4F1
S1131890E2670343040083AA0700A1073EECE3DCEC
S11318A00AAABB0A504185A84A8542F846E8EF30A7
S11318B0A0581C653E853EE1EFF01F8AAA874A8541
S11318C0BE8BBEF8EF3040571869C2684278BAF050
S11318D003430400E3810BA8E30F07A68347070033
S11318E0E38B07A613EE0C409B0C0E00ADB413EE75
S11318F01C00034304009B0C0E00B1BC8347F10A97
S113190003430400E39907A493070002A307F10A21
S113191099B40343040013EE4C009B0C0E0025BC49
S11319209307B00203430400A307F10A2DB4834BC9
S11319300400930714006394CB006F10205F9B8610
S11319400BFD3E848148E36DDDA0834B04009B972F
S11319502800BB8817019B981800BB88D8009B8679
S11319600BFD0504E373DDFEE5BABB09B441E38670
S1131970099C71BA668D05476384E72C094763891E
S1131980E704130BC114DA8D93F7790093870703E7
S1131990A38FFDFE93D93900EE86FD1DE39609FE63
S11319A013761D0031C6130600036383C704F916BA
S11319B0A38FCDFE3B0BDB40EA8CB68D11BB0547F4
S11319C06394E7006F1080360947668DE39BE7FA5E
S11319D0130BC114DA8D227793F7F900FD1DBA9722
S11319E083C7070093D949002380FD00E39509FECE
S11319F03B0BBB41EA8CE9B993065006E3DC76BBAA
S1131A00D30700F22637D326F7A2638806346E473D
S1131A10A966938606E405272330D8008507854602
S1131A202334D800BACD9B060700BEF11D474108F8
S1131A30E34BD7146A578276635CD7502A67E676FD
S1131A4041082338E8FE6E47B697233CD8FE0527A5
S1131A509B060700BACDBEF11D476347D7760277D0
S1131A609B0BF7FFE358709DA96EC1466E47138C1C
S1131A708EFC414B9D4D63C776016F003021C13B05
S1131A80E3567B210527C1072330880123346801ED
S1131A90BEF1BACD4108E3D4EDFE9009A6854A858E
S1131AA0EF507052631105128E776E475288C1BF92
S1131AB03B8F3A41E359E095A96E4146EE46138CBB
S1131AC08EFCC14F9D426346E60189A0413F63DF1E
S1131AD0EF038526C107233088012334F801BEF1C2
S1131AE0B6CD4108E3D4D2FE9009A6854A85C6E066
S1131AF07AE8EF50504D61E9426FC14F8E77413F14
S1131B00EE46866852889D42E3C5EFFD1B861600AB
S1131B10FA97233088012334E801BEF1B2CD9D4603
S1131B204108E3D2C68E9009A6854A8546E8EF505F
S1131B30904951E98E77C2685288F1B0A96E414646
S1131B40EE46138C8EFC414F9D4F634616013DA813
S1131B50C138635D1F038526C10723308801233400
S1131B60E801BEF1B6CD4108E3D4DFFE9009A685B5
S1131B704A8546E8EF50304539E5C268414F8E77D3
S1131B80C138EE4652889D4FE3471FFD1B86160061
S1131B90C6972330880123341801BEF1B2CD9D4687
S1131BA04108E3D6C6869009A6854A85EF50B04120
S1131BB019E98E775288A1B89009A6854A85EF5015
S1131BC09040E30A058863060D00EA854A85EF2004
S1131BD0303E83D7040193F7070499C36F10E00BD9
S1131BE08330812603340126226583348125033919
S1131BF0012583398124033A0124833A8123033B59
S1131C000123833B8122033C0122833C8121033D48
S1131C100121833D81207E34DE343E399E397E2A83
S1131C201301012782809009A6854A85EF50B039B7
S1131C304DF18347040052886FF06FEF668D3AECE4
S1131C40A54763EB37679B890903A3053115EA8C24
S1131C50054B930DB114ADBC9009A6854A85C6E029
S1131C607EE8EF50503625F18E778668C26F528831
S1131C706FF0EFF8A6854A85EF10E03919C16F10AF
S1131C80C00183D70401A946E98B6398D7E28397FF
S1131C90240163C407E203340126E266833081260B
S1131CA083398124033A0124833A8123033B0123AA
S1131CB0833B8122033C0122833C8121033D01219A
S1131CC07E34DE343E399E397E2A6E86A685833D77
S1131CD08120833481254A85033901251301012795
S1131CE06F10202AA96EC1466E47138C8EFBC14C1F
S1131CF09D4B63C6660125A8413B63DA6C03052747
S1131D00C1072330880123349801BEF1BACD4108BC
S1131D10E3D4EBFE9009A6854A85EF50D02AE3145C
S1131D2005EA413B8E776E475288E3CA6CFD9B06F9
S1131D301700DA972330880123346801BEF1B6CD49
S1131D401D476351D7F09009A6854A85EF50B02707
S1131D50E31B05E68E776FF0EFEE6A56635CC058BE
S1131D60666782761B0B070063C6E63C635060031C
S1131D70EE46DA972330B8011B8616002334680137
S1131D80BEF1B2CD9D464108E3CBC6249346FBFF8A
S1131D906667FD96337BDB003B0B6741634B604911
S1131DA0666793F60C40338BED0063970678EA562A
S1131DB0027763C6E60013F61C00E30F06222A66C8
S1131DC0667741082338C8FE6E46BA97233CE8FE7E
S1131DD09B051600BEF1AECD1D46E345B63A02772B
S1131DE03B06D7406E973B076741B2866353C700F3
S1131DF0BA869B8B060063507003EE46DE97233051
S1131E0068019B85160023347801BEF1AECD9D4652
S1131E104108E3CDB66293C6FBFFFD9633F7DB00C2
S1131E203B0BE640635860E1A96EC1466E47138CD4
S1131E308EFCC14D9D4B63C766016F00B033413BBF
S1131E40E3DA6D330527C107233088012334B80151
S1131E50BEF1BACD4108E3D4EBFE9009A6854A85CC
S1131E60EF507016E31105D68E776E475288C1BFC6
S1131E7013F31C00631D03F42334A800BEF1B6CD94
S1131E801D47634CD72C8928130808026FF0EFFA1A
S1131E90635560FB4147634467016F10E006A96E18
S1131EA0138C8EFCC14D9D4B31A0413B63D96D29F0
S1131EB09B861500C107233086012334B601BEF189
S1131EC09B850600B6CD4106E3D1BBFE9009A685ED
S1131ED04A85EF50500FE31805CE8E77EE455286B3
S1131EE0E9B793F70C016393072493F70C04638E0B
S1131EF0075C83990600CE8763D907FA9307D0025B
S1131F00A307F10AB30930413AEC668D854795B8C9
S1131F1093F70C016398072093F70C0483A9060038
S1131F20638E075AC21993D909036FF09F8493777C
S1131F300D016393071E93770D0483A90600638C38
S1131F400756C21993D909033AEC85476FF03F83CA
S1131F5013F71C00630007CED5B4A267A28D1CE35F
S1131F606FF08FD0E26742F846E8BD07C19B8863F3
S1131F708C67C1073EECEF705032D307A522AAB498
S1131F80C268D3A7F722427873271000D397F4A22C
S1131F9073101700639F07D2A637D3A7F7A2E38075
S1131FA0076693071006E38CFB5693071004E38639
S1131FB0FB24FD5713FBFBFDE384F80A930770042D
S1131FC0E302FB60267793E70C108127E689E3455B
S1131FD00746530A07F2BE8C02E8014D93076004DA
S1131FE0E304FB0E9307500442F853054A23E30825
S1131FF0FB58BC0146867819341989454A8546F050
S1132000EF10804C9307700482784278AA8DE3160F
S1132010FB7493F71900B3061501E390070E2E6CB9
S11320206A57BB07BC413EF0BAEC93077004E30562
S1132030FB0493076004E30BFB18E66793051004A5
S113204093F6FB0FFD373EDD01466316BB00BD264C
S113205093F6F60F05462300D10C9306B00263D71E
S11320600700666785479306D002999FA300D10CA9
S1132070A546E3D1F6569308F10CC6852945930E7F
S11320803006BBE6A7022E863E8EFD159B86060310
S1132090A30FD6FEBBC7A702E3C5CEFF9B870703EA
S11320A09306E6FFA38FF5FEE3F5166B9307210C69
S11320B083C5060085068507A38FB7FEE39A16FF3E
S11320C09307110D918F1307210CBA979401959FD3
S11320D03EE9027785463B0BF700DA87E3D9E65EF3
S11320E066773B8BE7009347FBFF13FEF9BF93D959
S11320F0F743012EB3793B01936C0E10812902F84A
S113210002FC82ECC267E39007020346F10A8148AD
S1132110630306A86FF0EFBF83B9060085473AEC66
S11321206FF0EFE583B906006FF0AFE49C62BE89FF
S11321306FF06FD71B8B0600E34C60C381B99B889B
S1132140150013070601DA9723308601233466014C
S1132150BEF1C6CD9D4663D316679009A6854A8510
S1132160EF506066E31105A6EE488E77130801165A
S1132170852852866FF06FCCA96D93878DE0930606
S113218080073EF4626693F70C0213078600F5C7D6
S11321908339060093F71C0089CF638C090013EE82
S11321A02C00930700032308F10AA308D10A9B0C0F
S11321B00E0013FEFCBF1B0D0E003AEC89476FF0B6
S11321C00FDC668D6FF06FEA9009A6854A85EF50A3
S11321D0805FE31A059E8E77528851B0A96D93876C
S11321E00DE2930680053EF471BF13EE0C20034309
S11321F014009B0C0E0005046FF0EF9513EE0C0217
S1132200034314009B0C0E0005046FF0CF94994710
S11322109B89080063E0175F296762EC014D4E8BD0
S11322200146814802F802FC82EC930D87E36FF0CB
S11322308F96A96E4146EE46138C8EFCC1489D4B89
S1132240634666015DAC413B63D9682B8526C107B3
S11322502330880123341801BEF1B6CD4108E3D4FC
S1132260DBFE9009A6854A85EF50E055E31D0594F1
S11322708E77EE465288C148F9B793F70C01638A0A
S1132280070E8339060039B79009A6854A85EF50B1
S11322908053E31A05928E77EE4652866FF02FB480
S11322A09009A6854A85EF500052E31E05908E776B
S11322B0EE4552866FF06FB493770D403EF0130BEA
S11322C0C114F9EFDA8DA946A545B3F7D90202770F
S11322D0FD1D4E8605273AF09B8707032380FD00EA
S11322E0B3D9D902E3E3C5FE6FF08FF083348901DB
S11322F06FE01FF8EE46A965938505E48526233033
S1132300B800850785452334B800B6CD9B85060003
S1132310BEF19D46410863C9B64A631606120277A8
S113232093F61C00D98E638706906E466677AA667C
S1132330BA972330D8009B0616002334E800BEF178
S1132340B6CD1D466342D650410805A29009A68524
S11323504A85C6E4FEE016E8EF50E046E31505863C
S11323600346F10A8E77A668866FC26252886FF0C0
S11323704F8493F70C048329060063890716C21956
S113238093D9090301BD9009A6854A85EF50A0435E
S1132390E31B05828E7752886FF0CFE93AEC4DB09B
S11323A002F05A86A946A54C130CF00F39A0B3D7F6
S11323B0D90263FF3CE3BE896E860277930DF6FF74
S11323C005273AF0B3F7D9029B870703A30FF6FE5C
S11323D0867783C70700E31CF7FCE38A87FD63F96C
S11323E03CE1C6778A6542F8B38DFD403E866E8532
S11323F046E8EF5080220677A946B3D7D9020346B0
S11324001700C26842783336C000329702F0BAF03F
S11324105DB76E8542E8EFE03FD41B0B0500034631
S1132420F10A9349FBFF93D9F94362EC02F802FCE9
S113243082EC4268B3F96901014D814819E26FE009
S11324409FF56FF00F8DEE456677AA664108BA973F
S11324502338D8FE9B861500233CE8FEBEF1B6CD9A
S11324609D4563C3D53EE34E060202771B861600E4
S11324702330B801BA972334E800BEF1B2CD1D472A
S11324806344C7006FE0FFFA6FF06F9C9B06170070
S1132490DE972330880123347801BEF1B6CD1D4781
S11324A06344D7006FE0FFF86FF06F9A2967930DCC
S11324B087DE6FF06F8493770D20638B073693F973
S11324C0F90F3AEC85476FF08FAB93F70C20638CD0
S11324D0073483890600CE876FF0EF9C93F70C20B6
S11324E0638F073493F9F90F6FF0AFA893F70C20BB
S11324F06381073293F9F90F71B91B861600DA97D5
S11325002330880123346801BEF1B2CD9D464108D1
S1132510E3D8C6889009A6854A85EF50C02A63147B
S113252005EA8E775288ADB89307D002A307F10A63
S11325301306D0026FE03FFB0277A96E1D436E972E
S1132540BAE06277414C938B8EFC51CB427759EBC6
S113255006777D17BAF062777D37BAE48A664677E4
S113256041082338D8FEEE46BA97233CE8FE1B8682
S11325701600BEF1B2CD6344C31E067703460700BE
S113258006671B0F0600BB056741BAE8FA8663D3EA
S1132590E501AE869B8F06006354F0036E46FE97FA
S11325A0233068019B0616002334F801BEF1B6CD32
S11325B06342D31C06774108034607001B0F06003D
S11325C093C6FFFFFD96B3F6DF003B0FDF40634B7E
S11325D0E0116277329B09CF26673AFC25FB4277EC
S11325E06303072842777D373AF86277BAE4BDB7C8
S11325F029639D4EC14B130C83FCC2756388052669
S11326008A66467741082338D8FEEE46BA97233CBB
S1132610E8FE1B8616001B87F5FFBEF1B2CD3AF823
S113262063C4CE1206770346070006671B0F060035
S1132630BB056741FA8663D3E501AE869B8F06002E
S11326406354F0036E46FE97233068019B06160020
S11326502334F801BEF1B6CD63C0DE140677410819
S1132660034607001B0F060093C6FFFFFD96B3F653
S1132670DF003B0FDF406344E001329BBDBFEE4609
S113268063C6EB013DA8413F63DDEB038526C1072B
S11326902330880123347801BEF1B6CD4108E3D458
S11326A0DEFE9009A6854A857AE8EF50C011631CC6
S11326B005D0426F8E77EE46413F52889D4EE3C768
S11326C0EBFD1B861600FA97233088012334E801BA
S11326D0BEF1B2CD63C1CE28067741080346070098
S11326E0329B21BFEE466346EC013DA8413F635D4A
S11326F0EC038526C1072330780123348801BEF119
S1132700B6CD4108E354D3FE9009A6854A857AE8FC
S1132710EF50600B631905CA426F8E77EE46413F56
S113272052881D43E347ECFD1B861600FA972330BD
S113273078012334E801BEF1B2CD6340C3200677AB
S113274041080346070071B59009A6854A85EF50F4
S11327508007631A05C68E7752889D4EE1B59009AD
S1132760A6854A85EF502006631F05C48E775288DC
S11327701D4321B59009A6854A857EE8EF50A00443
S1132780631305C48677C26F528803C607001D43CE
S11327908E771B0F06002DB59009A6854A857EE825
S11327A0EF506002631105C28677C26F528803C678
S11327B007009D4E8E771B0F06007DB585281308F4
S11327C007013A866FE07FE79009A6854A85EF40C6
S11327D0907F631A05BE6A568E7752883DBE900973
S11327E0A6854A85EF40307E631F05BC8E775288EC
S11327F06FF0CFD999490DB43B06D7406E973B0B88
S1132800674132876353CB005A879B0B07006FF0F5
S11328108FE0821993D90902B5BAA267A28D231059
S1132820F7006FE07FC483A90600CE876FE0BFE79F
S1132830821993D909023AEC85476FE05FF4821953
S113284093D909026FE0FFF29009A6854A85EF400B
S11328509077631A05B66A568E77EE46528821B190
S113286099486FF02FF602776E97BAE8466763705F
S113287067D53A8B6FF0AFD3F5576344F70063D74E
S1132880E800F93B13FBFBFD6FF02FFB8277634FEE
S1132890F73C93F719003A8B81C7E6773B8BE70047
S11328A093F9094063850900E667634EF05893493C
S11328B0FBFF93D9F943B3793B018129930B70064C
S11328C002F802FC6FF01F8453054A23BC0134193B
S11328D0468678198D454A8542F846F0EF00D03E89
S11328E0834605009307000382784278AA8D6387A4
S11328F0F60AEA57C697B386FD00D30700F2368C72
S1132900D327FAA2639E07F02E6C637BDCF01306D8
S1132910000393071C00BEE52300CC002E6CE36A81
S1132920DCFE6FF0EFEF9307D002A307F10A130662
S1132930D002814885296FE01FA69009A6854A85A3
S1132940EF407068631105A8867752881D4303C65B
S113295007008E77BDB99009A6854A85EF40B06619
S1132960631305A6867752889D4E03C607008E77AB
S1132970329B61B19B0617003687DA9723308801B2
S11329806FE05FAA9009A6854A85EF40D063631C77
S113299005A2EA568E7752886FF06FC4D30700F20F
S11329A0D327FAA2B9F78546BB8716413EDD99B70E
S11329B00346F10A62EC02F802FC82ECC689468BFB
S11329C0814819E26FE03F9D6FE0BFB493F71900AF
S11329D0B3E7F8006353E0506393074E3A8B930BCD
S11329E0600693F90940639209469349FBFF93D922
S11329F0F943B3793B018129E1B593070003230827
S1132A00F10A9307800593E92C00A308F10A9307C0
S1132A1030068129014D930D810E63C31739A677C2
S1132A2013EE2C1002E8538A07F2D38707F29B0CAB
S1132A300E0013FBFBFD63C5072093071006638E8E
S1132A40FB3C93071004639BFBD853054A232819C6
S1132A5042F846F0EF407017D3773513530700F26E
S1132A6082784278D3A7E7A299C385473EDD2966D9
S1132A70130606E2939E080293DE0E02850ED30629
S1132A8000F2EE9E6E8C3B8F1D0121A0D3A7D7A22E
S1132A9085EBD3F787126285050CBB068F41D3976C
S1132AA007C29B850700B30FB60083CF0F0053877F
S1132AB007D2A30FFCFFD3F7E70AE319DCFDFD56A9
S1132AC0D317F9A263970726D3A727A381C78589BC
S1132AD0639105269B87F6FF63C406D433068041C1
S1132AE01D8A930E7600AD4F1B8F06009B85160042
S1132AF063F3FE01AD4E636CDF4563080644930E39
S1132B0000032300DC01054F09059B87E6FF6305ED
S1132B10E607A300DC01094F13052C009B87D6FFB1
S1132B20630CE6052301DC010D4F13053C009B8774
S1132B30C6FF6303E605A301DC01114F13054C0036
S1132B409B87B6FF630AE6032302DC01154F1305D6
S1132B505C009B87A6FF6301E603A302DC011D4F13
S1132B6013056C009B8796FF6318E60113057C0030
S1132B702303DC019B8786FF919D9BDE35006296D3
S1132B808E0E1B8F0500B29E6A672106233CE6FE6B
S1132B90E31CD6FFE1998125139605020192329533
S1132BA08D9F6387E509130600032300C50063C1F5
S1132BB00708A300C500635DF0062301C500854531
S1132BC063D8F506A301C500894563D3F50623023E
S1132BD0C5008D4563DEF504A302C500914563D9A4
S1132BE0F5042303C500954563D4F504A303C50088
S1132BF0994563DFF5022304C5009D4563DAF502B8
S1132C00A304C50021466355F602130600032305F9
S1132C10C500A54563DEF500A305C500A94563D934
S1132C20F5002306C500AD4563D4F500A306C50031
S1132C308526369C6FF0CFBED30707F2014DBE8CBC
S1132C409307D002539AF7223EE8C5BB9009A685A4
S1132C504A85EF40503719C16FE0FFF66A56027794
S1132C608E7752883B06C7406FF0EF9A3E87E6772F
S1132C70930B70063B8BE7006667E344E0D6BB0723
S1132C80EB4085271B8B07009349FBFF93D9F9433E
S1132C90B3F737019B89070025B1FD573EE46FE088
S1132CA03FF4A96EC1553B0BC040138C8EFCC14848
S1132CB09D4B6346B60025A8413B63DA680385262D
S1132CC0C1072330880123341801BEF1B6CD410871
S1132CD0E3D4DBFE9009A6854A85EF40D02E19C1C6
S1132CE06FE07FEE8E77EE465288C148F1B78526B5
S1132CF0DA972330880123346801BEF1B6CD1D462E
S1132D006354D6E49009A6854A85EF40D02B19C1B7
S1132D106FE07FEB8E77EE4652886FF00FF59307E6
S1132D2000032308F10A93078007F1B9668D6FE069
S1132D309FF1AAE58346FCFF8345F600E287639E84
S1132D40D50013050003A38FA7FEAE679386F7FF94
S1132D50B6E583C6F7FFE388D5FE9B851600130509
S1132D60900393F5F50F6386A600A38FB7FE6FF06B
S1132D702FAB8345A600A38FB7FE6FF06FAA1B8C01
S1132D8018003419BC017819628689454A8546F0D1
S1132D90EF008073AA8D82784278B3868D01B1BE2C
S1132DA09B8518004A8542F046E8EF20802EC268D1
S1132DB00278AA8D6307051A2A8D95B11CC3A28DCA
S1132DC06FE08FEA639008A085486FF0AF9F3AECFC
S1132DD06FE07FE79306210C19E6930600032301B5
S1132DE0D10C9306310C980B9B8707033386E6407E
S1132DF02380F6009B0716113EE96FF08FADA6778E
S1132E0063CF07100346F10A9307700463D4771164
S1132E102967930D07E06FE02FEE53054A23281925
S1132E2042F846F0EF40605AD3773513530700F267
S1132E3082784278D3A7E7A299C385473EDD296605
S1132E40130686E005B9930B700686779306F00F98
S1132E5002F883C7070002FC6387D7021306F00F4A
S1132E6066679B86070063D0E7028675159FBAECF8
S1132E7083C715008DCF627705273AFC13871500A9
S1132E80BAF0E39FC7FC4277E277B99F4677BB87E6
S1132E90E702BB8767011B8B07009349FBFF93D9AC
S1132EA0F943B3F737019B8907006FF0AFA5427769
S1132EB083C7050005273AF8E394C7FAE9B7E6772C
S1132EC0930B60063B8BE7003B0B1B0119BE93F68B
S1132ED01900638A06A06FF0AFA091E78549930BB0
S1132EE06006054BF1BAE677930B60068527BB882D
S1132EF017011B8B08009349FBFF93D9F943B3F8DF
S1132F0038019B8908006DBAA96E4287138C8EFC28
S1132F106FF06FA32967930D87DF6FE0EFDD9307F1
S1132F20D002A307F10A1306D002F9BD6267144365
S1132F30930B87009B88060063D30600FD58034368
S1132F4014005EEC3E846FE00FC1628535B162858A
S1132F5099B989473EE96FF0CF97468CB3868D01C6
S1132F6069BA83D7040193E707042398F4006FE058
S1132F705FC6AA8703B50131B2862E86BE856FE08F
S1132F80AFA683D7050103AE850A03D3250183B811
S1132F90850303B88504130101B3F59B13070040AF
S1132FA02330814C2318F1002E841C198A85233C7C
S1132FB0914A2338214B2334114C2A8972D5231981
S1132FC0610046FCC2E43EE03EEC3AC63AD002D48C
S1132FD0EFE08FA1AA84635905028357010193F797
S1132FE0070499C78357040193E707042318F400DF
S1132FF08330814C0334014C0339014B26858334DF
S1133000814B1301014D82808A854A85EF10E03699
S113301069D5FD54D9B7011126E483B4013122E8FE
S11330204AE006EC2A892E8499C09C58B9CBA9673A
S11330309387070D630FF404A967938787096305D2
S1133040F40CA967938707066306F40E03170401BB
S11330509317070393768700C193A9C6146CADC276
S113306013F6170049C210502326040001453B06FD
S1133070C04010D4C9C2E2604264A264026905611E
S113308082802685EF104065A9679387070DE315B5
S1133090F4FA8064031704019317070393768700F7
S11330A0C193CDFE93F60701C1CA918BA5E3146CBD
S11330B013678700931707032318E400C193CDF225
S11330C013F6072893050020E30CB6F8A2854A8579
S11330D0EF10306103170401146C93170703C193B5
S11330E013F6170049F213F62700814511E20C503C
S11330F04CC40145C9F293F70708B5DF1367070409
S11331002318E4007D5585BF806889B72C7081CD74
S11331109307C4076387F5004A85EF1060690317B6
S1133120040123300406146C1377B7FD2324040030
S113313014E0BDBF806C19BFA5472320F9001367B5
S113314007042318E4007D553DB783B7013BB1C79D
S113315098477D48634FE80605C903B80711630A19
S1133160080693183700C29823B0C8000323082028
S113317005463B16E6003363C3002320682023B0D2
S1133180D81089466309D502930627008E060527C1
S113319098C7B6978CE3014582809388016C23B865
S11331A0113B130700009387016C5DD303370000C4
S11331B023B8E71071BF832648200145558E930636
S11331C027002322C82005278E0698C7B6978CE3CC
S11331D082807D5582801D7156F4CAE003B9013B9B
S11331E086ECA2E8A6E44EFC52F85AF05EEC62E8E3
S11331F066E46AE063040908AA8B2E8A054B7D5DA8
S113320083248900033C09111B84F4FF63480406EA
S1133210630D0A0863040C068E04B3099C00CA9467
S113322031A07D34E119E114630AA40583B7890F41
S1133230E319FAFE832C890098649B87FCFF638F53
S1133240870423B4040071DF83270C20BB168B0092
S1133250F58F8127B1C383274C2083B589FFF58F70
S11332608127A9C32E8502970327890083B7013BD1
S113327063149701E307F9FA3E89D9F3E6604664DB
S1133280A6640669E279427AA27A027BE26B426C16
S1133290A26C026D256182800297F9B7232489000C
S11332A0A28C55B75E850297C1B7630E0C06939C3A
S11332B03400B30999011B87F4FF83B78900E29CAA
S11332C0630A870423B409008DCB03270C20BB16A3
S11332D08B00758F012739C303274C2083B58CFFDE
S11332E0758F012715EF5E8582970327890083B7C1
S11332F0013BE31397F8E311F9F87D34E119E11C7C
S1133300E30EA4F78324890083B789001B87F4FFA5
S1133310E31A87FA23248900A2847DB78297F1B740
S11333202E858297D9B793993400CA991DA023B4E6
S113333009007D3491CB82970327890083B7013B31
S1133340E31C97F2E39A27F3E119E309A4F3832436
S113335089001B87F4FF83B78900E31A87FC2324C1
S11333608900A284F9B7397126F45C49C44906FC82
S113337022F84AF04EEC52E856E45AE063C497143B
S1133380FD341393240013848501B3096400130AE4
S1133390850103AB09005293832703001B071B001D
S11333A0AA8A3BD9E7024A8B63E8E7084165A28809
S11333B05288814E01477D1583A60800032E08001C
S11333C01108B3F7A600BB8727031BD60601B37603
S11333D0AE001B5E0E0191083B062603BB87D70196
S11333E01BDF0701E98FBB07F740BD9E9BDE06414B
S11333F0E98E3B06E6013377C5003B07EE403B0709
S1133400D7019B170701DD8E232ED8FE9B5E060194
S11334101B570741E3F219FB8327030091EF711354
S113342063666A0001A8FD3463766A00832703009B
S11334307113F5DB23AA9A005685EF30A019634770
S1133440050641651B091B00D28581477D15104087
S113345098419105B376A600959FB376A700B59FD2
S11334601B5606019B560701919E1BD70741B99E27
S11334701B870700698F9B9706015D8F110423AE9C
S1133480E5FE9BD70641E3F489FC93972400D29789
S1133490984309EFF1176366FA0039A0FD346375A8
S11334A0FA009843F1177DDB23AA9A001B05090053
S11334B0E2704274A2740279E269426AA26A026BFF
S11334C0216182800145EDB755714EF5D30905E2BE
S11334D003380504A2E126FD52F162E186E54AF9CA
S11334E056ED5AE95EE5E6FCEAF8EEF432E436EC31
S11334F04EF02A842E8ABA843E8C6304086A83358B
S1133500080085C1832788008546BB96F60082178C
S113351082168193D58F9CE5EF2040723C6023B0E6
S11335200700CE8D93DA0942814763D109027D59A0
S1133530861A1359090293D71A0033793901B367EC
S1133540F9003EF0BE8D93DA1A0285479CC0B70796
S1133550F07FB3F7FA003707F07F638EE72ED307C7
S113356000F253870DF2D327F7A295CF6267854700
S11335701CC363010C66A967938717E4A96A233007
S1133580FC00938A0AE4AE600E64EA744A79AA796C
S11335900A7A4A6BAA6B0A6CE67C467DA67D568540
S11335A0EA6A6961828053850DF2B008EC082285CD
S11335B0EF30203A9BD74A01AA849BD64A01639FE5
S11335C0072A6647F646130600028129B99E9B85A1
S11335D026436355B666130600040D9E9B87264159
S11335E0BB9ACA00BBD9F900B3E93A018129D38750
S11335F019D2370610FEFD36D38507E2854B93D7E3
S113360005023D9EFD5781930216ED8FD18F53879E
S113361007F287B7812807B60129D377F70A87B657
S11336208129538706D2C3F7C76A87B6012AC377AD
S1133630D77A530700F2D39707C25396E7A21B88A1
S1133640070063100658159FD9471B09F7FF63E766
S11336500755A9669317380093860617B6979C23D7
S113366053870DF2D317F7A2638C07227D3882E0CB
S1133670014B634B0922635F082242E8A5473B0BD9
S11336800B413B0E00412860014863ED47239547F9
S1133690854963D44701713A814991476305FA7CAE
S11336A09547630FFA6E8947631BFA4C02F422664E
S11336B06358C070B2E4B28C23240500FD47E3D103
S11336C0C72E054791479B9717009386C7019B0513
S11336D007000527E379D6FE0CC5228542FC72F863
S11336E0EF20E04A427E6278AA8AE309052C38601A
S11336F09B860C00B94708E363EDD71E638B091E54
S1133700C2676357F07E13F6F70029670E069BD74E
S1133710474013070717329713F60701182363006E
S11337200674296787370728D3860DF2BD8B8D452C
S1133730D3F7F61A91CF29671307072613F6170054
S113374009C6142385255377D71285872107FDF7EA
S1133750D3F7E71A866799C707B7812AD397E7A2F1
S1133760E39E071487B6812B538705D2B707C0FCA5
S11337704377F76A530607E213570602B99F139774
S11337800702FD578193F18FD98F63840C704266D1
S1133790E685539707C29B8EF5FF2965530707D229
S11337A0A2781B0707038E0E130505171377F70F6F
S11337B076952380EA001021D3F7E70A13851A00CF
S11337C0E38F080207B70127D38607F25377C71A96
S11337D05377D70AD397E7A2E39107182A8D87B5C1
S11337E0812A054507B6012B3B05A54115A83B07D2
S11337F0A501635FB70ED3F7C7125377C712050D40
S1133800539707C2D30607D21B0707031377F70F93
S1133810D3F7D70AA30FEDFED39EE7A2E3910E12CE
S1133820D3F6F50AD39EE6A2E3830EFC9B071600AB
S11338303EE81306900331A0E384560D03C7F6FF58
S1133840368D9306FDFFE309C7FE05271377F70FAF
S11338502380E60039A6626789679387F7701CC3E3
S1133860B20D639C0D06A96A938A8AFDE30D0CD000
S1133870A967938707FE2330FC0031B39397CD00EB
S11338803706F03FB193D18F13960702FD5781930A
S1133890B3F7B7016647D18F9B8616C0814B85BBB2
S11338A082E0014B6358090005433B0BE3400149A7
S11338B0E34508DC42E8A54728603B092801014E9E
S11338C0E3F747DD85478549014A3EF4FD5C02E4A0
S11338D023240500E6E4814509B5A96A938A8AFE92
S11338E0E3030CCAA9679387B7FE2330FC0061B9D0
S11338F06EF0F64763C6070C426639476342C70C4D
S113390029679317360013070717BA979823A267F6
S113391063D6070263449003639D0C5887B7012C58
S1133920814B81495377F7128237D387E7A2638C9F
S1133930074CA267568D13C9F7FFF9A9027585478D
S113394093851A00D30705F2D30605F2D3F7E71AD5
S1133950539607C2D30706D21B0706031377F70F44
S11339602380EA00CBF7E76A01266384FC629B8725
S1133970E6FF82178193890787B5012B530600F26E
S1133980338DFA0025A0D3F6E71A8505D39606C22F
S1133990D38606D21B8706031377F70FA38FE5FEA2
S11339A0CBF7E67A1B8606006386A55FD3F7B712CA
S11339B053A7C7A269DBC2672E8D85273EE855A2AF
S11339C02277630D072005476358474F9B87FCFF09
S11339D06340FE48BB0BFE4063C00C62DA8D3B09BA
S11339E099013B0B9B018545228542FC72F8EF202F
S11339F08057427E6278AA89635DB001635B2001CF
S1133A00EE876345B9433B0BFB40BB8DFD403B094F
S1133A10F94063000E04A2776383074C6357700375
S1133A20CE855E86228542FC72F8EF203001268620
S1133A30AA85AA892285EF20A05D2A8DA6852285E4
S1133A40EF20C01F6278427EEA843B067E41631DFC
S1133A5006588545228542F8EF20E0504278AA8B2B
S1133A606345001F8547014D63DF4733854763196D
S1133A70081EBB872701FD8B6388071A1307000202
S1133A801D9F914663D7E6707147BB07F7403B8B98
S1133A906701BB8DB7013B892701634560156358F6
S1133AA02001DE854A862285EF20B00DAA8B866729
S1133AB0639107146351902DA277639B071CC2671F
S1133AC085273EE8054A56893B0A5A4109A8A68536
S1133AD0814629462285EF20201CAA840509DE851B
S1133AE02685EFF05F889B0D05032300B901BB0712
S1133AF02A01E3CE97FD054A635890011B8AFCFF17
S1133B00021A135A0A02050A569A0149A68505465D
S1133B102285EF201007DE85AA84EF20B02B6355A1
S1133B20A02A9306900319A063834A3B0347FAFF34
S1133B30528D7D1AE30AD7FE05272300EA00DE85AD
S1133B402285EF20A00F638E090063080900630635
S1133B503901CA852285EF20600ECE852285EF20AB
S1133B60E00DA6852285EF20600DE2674267230001
S1133B700D0098C3E3090CA02330AC0129B48D4790
S1133B8002F46311FA5EA2674267B99F9B8C170027
S1133B90BEE46686E34290B3054639BE8547BEE07F
S1133BA0C1BC13050002EF10A04D28E0630D055EB3
S1133BB0232405002338050023300500233C050099
S1133BC08DB2538707D25326F7A2E31E06A61B889D
S1133BD0F7FF95BCA96A938A0AE475B2F28BDA8D71
S1133BE0814919BDA6855A862285EF208079AA8449
S1133BF07DB5DE852685EF20F01DE35D05EAA6850B
S1133C00814629462285EF202009C267AA841B89A0
S1133C10F7FFA277BDE3A667BE8CE345F0EA094748
S1133C206342471D4AE8B1AAF1473B0BFB00BB8D39
S1133C30FD003B09F900E35460E76DB71306000289
S1133C40BB07B640BB99F9005DB2AA8542862285BE
S1133C50EF20C05E85474278AA8B63DB471D014D88
S1133C6083A74B01FD3791078A07DE978847EF202A
S1133C70602293070002899FEDBBCE8581462946C9
S1133C802285EF206001A66CAA89635E904B4AE806
S1133C906358B001CE856E862285EF20806EAA8996
S1133CA04E8B631B0D309B87FCFF82178193850726
S1133CB0D6973EF8827756E4858B3EF0DE852685DE
S1133CC0EFF06FEAAA8CCE852685EF20B010DE8552
S1133CD02A895A862285EF2070131C492A8D9B8DD0
S1133CE00C03AA85B5EF2685EF20D00E2AF4EA85C9
S1133CF02285EF10B074A2760277B367DA00D98F09
S1133D008127638A0740A267138D1700634E092237
S1133D10827733692A0133E92701012963060922DD
S1133D206343D036C277A30FBDFF638DA737A68543
S1133D30814629462285EF103076AA84CE858146B5
S1133D402946228563836903EF101075DA85AA89F1
S1133D50814629462285EF1030742A8B6AE4B9BF64
S1133D602285EF10B06D854679BFEF10F072AA89F5
S1133D702A8B6AE4A1B7894763C84707A277E39906
S1133D8007F0DE852685EFF00FDEC2679B0D050385
S1133D90138A1A0085272380BA013EE80149BDB37E
S1133DA085473EF4CDB302779317C700E39007CC61
S1133DB0935707023707F07FF98FE38907CA61A099
S1133DC08547854C3EE429B609E513F71D00E31A3F
S1133DD007D4930600030347FAFF528D7D1AE30CC0
S1133DE0D7FEB1BBBE8C4AE8E3950CB4DE858146B0
S1133DF015462285EF10506AAA8BAA852685EF20E6
S1133E00607DE358A0B2C26713071003138D1A0034
S1133E102380EA001B891700DE852285EF101062DB
S1133E209B0719003EE8E39A09D225BBCA87E1BE85
S1133E308277B207E39507E282773707F07F8193B1
S1133E40F98FE38E07E08547052B05293E8D39B9A7
S1133E50BB8BC7413B880B013E8E814BB5BED387DC
S1133E600DF28945C1B885473EF46FF05F8487B68B
S1133E70812B538705D2B707C0FC4377F76A5306F3
S1133E8007E213570602B99F7D5701938217718F7A
S1133E90D98F07B7012CD3F7E70A538707F25317D3
S1133EA0F7A2631707265317E722D397E7A2E38104
S1133EB007A4814B8149B5BC638C0B1A9B8737439C
S1133EC0DA8D3B892701F28B3B8B670129BEC267E0
S1133ED0130710032380EA0085273EE88DB1A685E9
S1133EE07286228542F8EF2060354278AA8495B61E
S1133EF06381071CBB07F04013F6F70029670E0621
S1133F001307071732971C2353870DF29BD747409B
S1133F10D377F712638007245387F722296713079F
S1133F2007260145894513F6170011C61423852574
S1133F3005455377D71285872107F5F7E30C0580EC
S1133F40D307E7226FF01F81C26785273EE86353DA
S1133F50D002A68505462285EF20A042DE85AA84EC
S1133F60EF2040676356A01C93069003638ADD002C
S1133F709B8D1C03A2674E89DA892380B701C1B6E1
S1133F80A267130790034E892380E7006A8ADA89BF
S1133F9049BE2E8DD3F7F702C26785273EE8D316B4
S1133FA0F7A2E3980688D3A6E7A2E38C06BA937631
S1133FB01600E390068875B683A589002285EF1064
S1133FC0103D2A8B6307052003A649019385090147
S1133FD0410509060A06EF10007BDA8505462285AD
S1133FE0EF20203A2A8BC1B1A685228542F8EF2022
S1133FF0E0244278AA84B1BCBB0D9B41EDB2538747
S113400007F2854E5376E6126384D515821587B67A
S1134010012B8191338DBA00D3F7D712050553973D
S113402007C2530707D21B0707031377F70FA30F22
S1134030E5FED3F7E70AE311A5FF07B70127D37617
S1134040E602D395F6A2639305FE5377C70A539706
S1134050E7A2E30F0788930500030347FDFFEA8601
S11340607D1DE30CB7FE9B0716003EE8368DD5BCDC
S1134070664793076003DA8D999F3B892701F28B8A
S11340803B8B67018DB2C2679306900385273EE898
S1134090E388DDEEA2671B871D004E892380E700BD
S11340A0DA8971BC3E8AC2674E89DA8985273EE87F
S11340B0B1BCD3870DF289456FF0CFE9E3890CDAFF
S11340C0A668E357108307B7012BC2678525D3F78A
S11340D0E7121B86F7FF538705D287B6812BB707F4
S11340E0C0FCC68543F7E76A530507E21357050288
S11340F0B99F7D5701938217698FD98F6FF06FE94C
S1134100C267130710032380E60085273EE891BCAD
S1134110814B8149CDB9A26793069003138D170093
S1134120C26785273EE8E38DDDE4E34320E599B5E6
S1134130E31205E493F61D00E39806E225BD9B0710
S113414016003EE839BC0947E35347B54AE869B964
S11341502A8DE5B589456FF0EFDF9B0716003EE831
S11341602A8D01B4232405008145228542F472E49A
S1134170EF10F021226E2278AA8A29C13C607D5773
S1134180BAE488E3854702E4FD5C3EF4FD566FF033
S11341904FF6E304D7901307C003BB07F74071B48D
S11341A081456FF08FD3A9662965938606FF014682
S11341B09305A00E13058500EF40D01EA96629655E
S11341C09386860401469305A01A13058500EF40E3
S11341D0701DA96629659386860401469305A02E61
S11341E013058500EF40101C83970501797122F0B7
S11341F04EE406F426EC4AE893F687002E84AA8956
S1134200D5EA0567130707809445D98F2398F500ED
S11342106350D010386859C7C217C193856683A408
S11342200900FD8E23A009000C7CFDE601468546AD
S11342304E850297FD572A866307F51083570401BC
S113424038680C7C918B99C714443C70158E99C3C3
S11342503C5C1D8E81464E850297FD576310F50C1C
S113426003A70900831704016DCFF5466305D70042
S1134270D946631ED70E146C7D771307F77FF98F29
S11342802318F4002324040014E02C7023A09900C4
S113429091C99307C4076385F5004E85EF0040512B
S11342A0233004060145A2700274E2644269A269E3
S11342B04561828003B98501E30609FE8461139791
S11342C0070341930D8B23B02501BB84244181470F
S11342D011E39C515CC463469000E9B72A99E35307
S11342E090FC3C640C7CA6864A864E858297899C09
S11342F0E346A0FE83570401A270E26493E7070437
S11343002318F40002744269A2697D5545618280D4
S1134310B85DE341E0F079B7506C2DB783570401E1
S11343207D771307F77FF98F146C9B9707019BD751
S1134330074105672318F4002324040014E0F98FCF
S1134340A9D748EC99B783A70900E38907EE754715
S11343506385E7005947E39FE7F823A099000145E7
S113436099B77D771307F77F146CF98FD9B793E763
S113437007042318F4007D553DB79C6DB9CF011196
S113438022E806EC2A8419C11C599DCFA96793879A
S1134390070D6389F502A96793878709638BF50283
S11343A0A967938707066388F5028397050191C778
S11343B022854264E260056105BDE2604264014514
S11343C0056182800C64D5B72EE4EF00E030A2656D
S11343D075BF0C68D9BF0C6CC9BF0145828035C557
S11343E01C6D011122E806EC2A84A9C303B501312E
S11343F019C11C59A9C3A9679387070D6304F40263
S1134400A967938787096309F404A9679387070653
S11344106306F4048317040191CBA2854264E2602D
S11344200561D9B3006583170401E5FBE2604264CA
S11344300145056182802AE4EF00002AA967938779
S1134440070D2265E31EF4FAF1BF03B5012E916551
S11344509385A5376F00501500696DBF006D5DBF72
S1134460A565938585CA6F003014011126E41306EF
S1134470000B9B84F5FFB384C4024AE02E8922E832
S113448006EC9385840CEF00D0402A8401CD6105AD
S1134490233004002324240108E81386040B8145F7
S11344A0EF106062E26022854264A26402690561E1
S11344B08280797126EC83B4012E4AE806F49C5874
S11344C022F04EE452E02A89D9C393840408930964
S11344D0000B114A9C4480686357F006FD3782172D
S11344E081938507B3873703A29729A01304040B8C
S11344F0638B87040317040175FBC17785071CC808
S11345002324040A2330040023340400233C04003D
S11345102320040223240402214681451305040AAE
S1134520EF10605A233004062324040623300408C1
S113453023240408A27022850274E2644269A269F9
S1134540026A45618280806019C4A28461B72685AD
S1134550EF00C0039DBF9305802D4A85EF007033A3
S11345602A8419CD6105233004002324440108E87A
S11345701306002C8145EF10005580E0A28499BFFA
S113458023B00400B1472320F9006DB7397103B794
S1134590012E916722F806FC26F44AF04EEC52E80C
S11345A056E45AE0938707463CE523300508232464
S11345B00508233805082A846306E5102285EFF0F0
S11345C05FEF08E42285EFF0DFEE08E82285EFF0E4
S11345D05FEE046408EC91479CC82146814523B0F2
S11345E0040023B4040023A4040A23BC040023A06D
S11345F0040223A404021385040AEF10C04C1D6BAB
S1134600033904019D6A1D6A9D69130B6B44938AE7
S11346102A48130A6A4D93898952C16723B06405F5
S113462023B4540523B8440523BC340584FCA507EE
S11346302328F900214681452324090A233009004F
S113464023340900233C09002320090223240902FE
S11346501305090AEF102047046CB7070200233042
S113466069052334590523384905233C3905233C7E
S11346702903C9079CC823A4040A23B0040023B453
S1134680040023BC040023A0040223A40402138511
S1134690040A21468145EF100043854723B0640591
S11346A023B4540523B8440523BC340584FCE270C8
S11346B01CD84274A2740279E269426AA26A026B4B
S11346C02161828085471CD9D5BD03B5012EA5651E
S11346D0938585CA6F00406D1C5991E345BD828066
S11346E079714EE4A96922F026EC4AE852E006F416
S11346F02E8A2A899389897CEF10804703B70901A0
S113470085671384F7FD046733044441F1982694C4
S113471031807D143204634BF40081454A85EF20D7
S1134720704783B70901A697630EF5004A85EF1019
S11347304044A2700274E2644269A269026A0145BB
S113474045618280B30580404A85EF20B044FD571F
S1134750630BF502AD6793878755984383B60901C8
S1134760818C93E414003B0487404A8584E680C32B
S1134770EF102040A2700274E2644269A269026AE6
S113478005454561828081454A85EF20B04003B7E5
S11347900901FD46B307E540E3DAF6F883B6813153
S11347A093E717001CE7158DAD6623ACA654BDBF77
S11347B0EDC5011122E826E42E84AA8406ECEF104C
S11347C0203B033584FF130704FFA9659377E5FFB6
S11347D03306F7009385857C146603B80501F19AC6
S11347E06300C81414E605893308D60041E1033395
S11347F004FF0338880029653307674083380701BD
S11348001305857D9A97137818006388A80E0333DF
S1134810870123BC680023381301630D081493E651
S1134820170014E71CE29306F01F63E2F6088D8379
S11348309B8617009B9616008E0603B88500AE96DD
S113484088621BD627408547B397C700B3E70701A3
S1134850138606FF10EF08EB9CE598E218ED42641E
S1134860E2602685A26405616F10A03003358800DC
S113487005890DE52965B6971305857D146A93E8C6
S113488017003308F7006381A610106E90EE14EA47
S1134890233417012330F80079B7828093E6170098
S11348A0233CD4FE1CE29306F01FE3F2F6F893D601
S11348B097001146636FD60893D667001B8596034D
S11348C01B1515001B8686030E052E9514614115D4
S11348D06305D50C9066719A63F5C700946AE31B6F
S11348E0D5FE886E08EF14EB426418E9E260268571
S11348F0A26498EE05616F10C027631C080E0C6E4D
S1134900106AB69742640CEE90E993E61700E260F1
S113491014E726853E97A2641CE305616F106025A9
S11349200589B69709E9033504FF098F146F106BE5
S1134930AA9714EE90EA13E6170083B6013210E743
S113494098E9E3EED7F083B5013D2685EFF05FD912
S113495039B751466372D60213064005636AD6041A
S113496093D6C7001B85F6061B1515001B86E606A5
S11349700E05A1BFB69719B71B85C6051B151500F3
S11349801B86B6050E0591B798F598F108EF08EB6C
S1134990233417012330F800D9B503B885001B561A
S11349A0264085473396C7003366060190E51DBF50
S11349B013064015636CD60093D6F7001B85860753
S11349C01B1515001B8676070E0501B71306405507
S11349D0636CD60093D627011B85D6071B151500DB
S11349E01B86C6070E05D5B51305007F1306E00721
S11349F0E9BD93E6170014E71CE295B51C6A638CC5
S1134A00071A83D705011D71A2E852F856F486EC03
S1134A10A6E4CAE04EFC5AF05EEC62E866E46AE0A2
S1134A2013F78700328AAA8A2E8425C3986D31CF62
S1134A3013F7270003390A0035C73C640C7C370B95
S1134A40008081498144134B0BC04E86568585C82E
S1134A50A68663739B00DA86812682976355A01429
S1134A6083370A01AA99898C3385A7402338AA0081
S1134A70630705103C640C7C4E865685F1F8833937
S1134A800900833489004109C9B7A2855685EFE03E
S1134A908FD8631805288357040103390A0013F7D4
S1134AA0270041FF13F7170035EB44440860370B28
S1134AB00080934BEBFF014C8149134BFBFFA68C09
S1134AC06388090413F70720630A0712268D63F726
S1134AD09918CE8C4E8D6A86E285EF001065584495
S1134AE01C60CE84BB0C9741EA97232694011CE0FA
S1134AF0814903360A01269CB304964023389A0060
S1134B00BDCC4444086083570401A68CE39C09FA95
S1134B10033C090083398900410955B7814901459E
S1134B20814C014C630B0C0845C1CE8B63733C0173
S1134B30E28B08601C6C1450DE8463F7A7005C44AD
S1134B403B8BD700634D7B0963C4DB183C640C7C4E
S1134B50668656858297AA846357A0049B0705003E
S1134B60BB89F9400545638B090283370A01A69C7A
S1134B70330C9C40B384974023389A00C5F4014514
S1134B80E6604664A6640669E279427AA27A027B08
S1134B90E26B426CA26C026D25618280A28556850F
S1134BA0EFF0AFFD79D18317040193E707042318CD
S1134BB0F4007D55F1B701458280033C8900833CB4
S1134BC009004109E30B0CFE6286A9456685EF00E6
S1134BD0B032630F05120505BB099541B9B7E685E7
S1134BE05A86EF0090541C60A2855685DA971CE023
S1134BF0EFF0AFF84DF9DA87DA849DB71C6C63E8FF
S1134C00A7021C5063E5F902CE8663F33B01DA8602
S1134C10BBC6F60238640C7C62865685BB86F602F7
S1134C200297AA84E351A0F8B3899940D9B563F3F4
S1134C309900CE842686E285EF00304F5C441860EC
S1134C40BB869740269754C418E0F9FEA285568582
S1134C50EFF0AFF229F9B389994061BD13F7074822
S1134C60E30B07E604500C6C138719009B961400A1
S1134C70A59E0D8D9BD4F6011B0D0500B59C9BD400
S1134C8014406A9763F5E4009B841900A99C93F788
S1134C900740A9CFA6855685EF00A03FAA8C25CD55
S1134CA00C6C6A86EF00302E8357040193F7F7B734
S1134CB093E707082318F4003385AC01BB87A441AC
S1134CC0233C940108E004D0CE8C5CC44E8D21B505
S1134CD05E86E685EF007045544418609B870B00A0
S1134CE0BB8676415E9754C418E09DBD26865685E2
S1134CF0EF20E029AA8C69F10C6C5685EFF05FABCC
S1134D0083170401314723A0EA0093F7F7F771BD35
S1134D109B091C0019BD31478317040123A0EA0035
S1134D2069B57D55B1BD5D714AF84EF452F056EC4B
S1134D305AE85EE486E4A2E026FC2E8A13090508FC
S1134D40014B930A000B854BFD59832789000334DB
S1134D500901635BF0029B84F7FF82148190850450
S1134D60B3845403A2948357040163FBFB008317A9
S1134D702401228563863701029A336B6501012B76
S1134D801304040BE39184FE03390900E31F09FAB9
S1134D90A6600664E2744279A279027AE26AA26B9E
S1134DA05A85426B616182805D714AF84EF452F01B
S1134DB056EC5AE85EE462E086E4A2E026FC2A8C23
S1134DC02E8A13090508014B930A000B854BFD59E4
S1134DD08327890003340901635CF0029B84F7FF95
S1134DE0821481908504B3845403A29483570401EC
S1134DF063FCFB0083172401A28562856386370167
S1134E00029A336B6501012B1304040BE39084FEB7
S1134E1003390900E31E09FAA6600664E2744279C4
S1134E20A279027AE26AA26B026C5A85426B6161D2
S1134E3082801305051082801385019A8280138570
S1134E40019A8280011106EC22E826E40DC2A965CC
S1134E509385051132853284EF20806DA96411E9B0
S1134E6013858410E2604264A26405618280A964AF
S1134E70C5BF938584102285EF20806B75D1A96509
S1134E80938505E32285EF20A06A79D90145D9BF2E
S1134E9003C501A08280011106EC22E826E48DC13D
S1134EA02E84A965938505112285EF206068A96485
S1134EB011E913858410E2604264A2640561828072
S1134EC0A964C5BF938584102285EF20606675D1DF
S1134ED0A965938505E32285EF20806579D901458D
S1134EE0D9BF83D70501357122E906ED26E54AE1EC
S1134EF0CEFCD2F813F727002E8419CF9387F50739
S1134F009CE19CED85479CD1EA604A64AA640A69E5
S1134F10E679467A0D61828083952501AA8463C966
S1134F2005063000EF40A00B63420506B249BD6799
S1134F300569B3F9F9008967B389F94093B9190090
S1134F4013090980130A0040930500402685EF00E9
S1134F5040148317040121CD116713070746B8E4F1
S1134F6093E707082318F40008E008EC232044031F
S1134F7063940906B367F900EA602318F4004A64ED
S1134F80AA640A69E679467A0D618280835704012E
S1134F9093F7070801499DCB930500042685EF008C
S1134FA0400F83170401130A0004814955F513F7D0
S1134FB0072039FBF19B93E727001307F407231815
S1134FC0F400854718E018EC1CD03DBF130A0040DC
S1134FD08149930500409DBF831524012685EF4038
S1134FE0A00301E58317040171B783570401F19B02
S1134FF093E717009B9707019BD70741A5BF7571DE
S113500022E12E8483952501A6FCCAF806E5B28424
S1135010368963CC05023000EF30707C63470502AB
S1135020B2473D67AA60F98F0967998F0A6493B7FD
S113503017002320F900930700409CE00565E674FF
S11350404679130505804961828083170401232072
S1135050090093F7070899CBAA600A649307000430
S11350609CE04679E674014549618280AA600A643D
S1135070930700409CE04679E674014549618280CB
S1135080AA8503B5013131A0AA8503B501316FF0BA
S11350902FF21D71A6E4CAE086ECA2E84EFC52F899
S11350A056F45AF05EEC62E866E493847501930763
S11350B0E0022A8963E797049307000263E2B71EBC
S11350C0EF00102B93040002930700051146A96911
S11350D09389897CCE978067138707FF6303E41E57
S11350E01C64146C1068F19BA297986714EE90EA04
S11350F0136717004A8598E7EF00B02713050401EA
S113510065A2B7070080C19893C7F7FF63EA9718B1
S113511063E8B418EF00D0259307701F63F1973A42
S113512093D79400638D072611476361F73093D7B3
S113513064001B8697039B1616001B8587038E0647
S1135140A9699389897CCE968066C116638F861679
S1135150FD4531A063560728006C638886161C64DD
S1135160F19B33879740E3D7E5FE03B4090229682E
S11351701308887D2A866311041783B789001B5797
S113518026408545B395E50063F8B71A03B40901D1
S1135190033A8400937ACAFF63E79A00B3879A407C
S11351A07D476340F72203BA013D03B78131FD57C0
S11351B0330C5401269A6302F73A8567FD073E9A39
S11351C0FD77337AFA00D2854A85EF20A01CFD577B
S11351D02A8B630BF53063678531AD6B938B8B55ED
S11351E003A70B00BB07470123A0FB00BE86630097
S11351F0AC4003B78131FD576307F740B3078B41D8
S1135200B59F23A0FB00137CFB0063060C360567E7
S1135210330B8B4193070701410BB3878741B30CD1
S11352204B01338A97417D17337AEA00D2854A8548
S1135230EF204016FD57630DF540330565411B070C
S11352400A002A9A83A70B0023B86901136A1A007B
S1135250B99F23A0FB0023344B016309343B7D46F3
S11352606378563B146413878AFE419B858AD98EE2
S113527014E4A545B306E4008CE68CEA6361E63EDB
S1135280033A8B005A8483B6813C63F4F60023B45A
S1135290F13C83B6013C63FDF62423B0F13C89ACB8
S11352A0B1472320F9000145E6604664A664066917
S11352B0E279427AA27A027BE26B426CA26C2561AB
S11352C08280806F0926E39D87E003B40902296880
S11352D01308887DE30304EB1C64FD46F19B3387CC
S11352E0974063C7E61A23B4090323B00903635F35
S11352F0070A1307F01F6368F70E8D831B871700D7
S11353001B1717000E0703B589004E970C639BD635
S113531027408547B397D700C98F930607FF14EC3E
S11353200CE823B4F90000E380ED1B5726408545C3
S1135330B395E500E3ECB7E433F7F50001EF860538
S1135340719A33F7F500112611E7860533F7F50056
S1135350112665DFFD481B0316001B1313000E0303
S113536041134E931A851C6D328E6302F50E9867B5
S11353703E849C6F719BB306974063C1D80EE3C60D
S113538006FE2297146710684A8593E6160014E710
S11353901CEE90EBEF00E07D1305040131B793069A
S11353A00040130600041305F00359BBA297986745
S11353B04A851367170098E7EF00A07B13050401E3
S11353C0E5B513E7140018E4A29423B8990093E711
S11353D017004A859CE4EF00C07913050401E9B580
S11353E0146C106811B313D79700914663F2E60E5C
S11353F0D14663E8E61A9B05C7059B9515009B06F5
S1135400B7058E05CE959861C115638BE5141467B5
S1135410F19A63F5D700186BE39BE5FE0C6F83B735
S113542089000CEC18E880E900EF01B75147637F6D
S1135430F70C130740056364F71893D7C4001B8661
S1135440F7069B1616001B85E7068E06D5B9052EB2
S113545093773E004105E1CB1C6D01BF106893E5D5
S113546014000CE41CEE90EBA29423B4990223B034
S1135470990293E7160023BC040123B804019CE4B9
S113548022974A8514E3EF00C06E1305040129BD79
S113549093E6140014E4A29423B4990223B099026D
S11354A09366170023BC040123B8040194E4A29773
S11354B04A8598E3EF00E06B13050401F5B313D6B6
S11354C034009B0716009B97170001268E0701B135
S11354D013D767009B0597039B9515009B068703CD
S11354E08E050DB7630B340F03B40901033A84002E
S11354F0137ACAFFB3079A4063659A007D47E34273
S1135500F7EC4A85EF00E066014579BB1B86C705C9
S11355109B1616001B85B7058E061DB18337030144
S11355207D3663946718937736004113E5FB03B720
S1135530890093C7F5FFF98F23B4F9008605E3E7E3
S1135540B7C4E38505C433F7F50011E7860533F7DF
S1135550F500112E65DF7286FDBB130A0A02A5B1A0
S113556003B589009BD626408547B397D700C98FDA
S113557023B4F9007DB5330C4B01330C8041521C2C
S1135580135C4C03E2854A85EF10D060FD57014758
S1135590E30AF5CA330565411B070C00330A85018C
S11355A055B19306400563E9E60613D7C7009B058A
S11355B0F7069B9515009B06E7068E05A1B5130714
S11355C040156369F70693D7F4001B8687079B167B
S11355D016001B8577078E06A5B6AD6B938B8B558E
S11355E083A70B00BB86470123A0DB0019B1131767
S11355F04C03E31007C003B40901569A136A1A0056
S11356002334440149B123BC6131F5BE5A84A5B9A0
S113561085472334FB00F5B59306401563EDE60496
S113562013D7F7009B0587079B9515009B06770703
S11356308E05C9BB13074055636DF70493D7240146
S11356401B86D7079B1616001B85C7078E06CDBC85
S1135650411C338A8C01330A6A410147E5B693053C
S113566004014A85EFF0CF9403B4090183A70B002A
S1135670033A840009B99306405563E3E60213D75D
S113568027019B05D7079B9515009B06C7078E0529
S113569095BB9306007F1306F0071305E0074DB48E
S11356A09305007F9306E007B1BB83B7890079B502
S11356B0A96783B78770828799C91DC695CA83472E
S11356C006009CC1034506003335A00082804111C9
S11356D06C0009CE85C2834706009CC103450600C1
S11356E03335A00041018280014582800145DDBF40
S11356F0795582807955FDB79377750093F6F50F48
S113570095C39307F6FF05C67D5601A805051377D3
S1135710750011CBFD17638CC70003470500E31721
S1135720D7FE8280B2871D47636FF70099E3014576
S11357308280AA9721A00505E30BF5FE0347050027
S1135740E31BD7FE828093F5F50F13978500D98D5F
S11357501397050183B8812C4D8F03B8012D931540
S11357600702D98D1D4318612D8F33061701134786
S1135770F7FF718F337707014DFFE1172105E364CC
S1135780F3FEC5FB6DB7B3C7A5009D8BB308C50079
S1135790E9E39D4763FFC70A93777500AA868DEFF7
S11357A013F688FF930706FC63EBF60463F3C60263
S11357B02E87B68703380700A107210723BC07FFFC
S11357C0E3EAC7FE9307F6FF958FE19BA107BE9618
S11357D0BE9563E31609828003C70500850693F727
S11357E07600A38FE6FE8505C5DF03C705008506A1
S11357F093F77600A38FE6FE8505F9FF55B783B3CB
S1135800850083BF050103BF850183BE050203BE76
S1135810850203B3050303B88503B86183B20500A9
S11358209386860423B076FC23BC56FA23B4F6FD93
S113583023B8E6FD23BCD6FD23B0C6FF23B466FE21
S113584023B806FF23BCE6FE93858504E3E9F6FA54
S1135850B1BFAA86E37115F99387F8FF1386160082
S1135860958F93B7970033B7C8001347170093C7B2
S11358701700F98F93F7F70F3687C5C3B3E7B60060
S11358809D8BC1EF054363E4C8003383D84013788C
S113589083FFAE872E989063A1072107233CC7FEA0
S11358A0E39B07FF937783FFBE95E306F3F203C7F9
S11358B005008507BE96A38FE6FEE3FE16F103C737
S11358C01500938716002380E600E3F617F103C75B
S11358D0250093872600A380E600E3FE17EF03C7A5
S11358E03500938736002381E600E3F617EF03C7FC
S11358F0450093874600A381E600E3FE17ED03C746
S11359005500938756002382E600E3F617ED83C71C
S11359106500A382F6008280050683C7050085051D
S1135920A30FF6FEE36A16FF828063F3A502B38732
S1135930C500637FF5003307C500630E061683C6F2
S1135940F7FFFD177D172300D700E39AF5FE828049
S1135950FD4763E7C70CAA879308F6FF63020616A0
S11359609386150033E7B7003386D7401D8B133673
S113597076001346160013371700718F630307125E
S113598013B7A800134717001377F70F630B07101B
S1135990138898FF13583800138E180005082E86B4
S11359A0BE860147033306000507210623B06600BF
S11359B0A106E36907FF0E08C297C295B3880841A0
S11359C0630B0E0F03C705002380E7006385080EF1
S11359D083C615000547A380D700638EE80C83C6F1
S11359E0250009472381D7006387E80C83C6350067
S11359F00D47A381D7006380E80C83C64500114797
S1135A002382D7006389E80A83C655001547A38219
S1135A10D7006382E80A03C765002383E700828016
S1135A20B3E7A5009D8BC9EB930806FE93F808FE27
S1135A3093880802330815012E87AA871463130775
S1135A4007029387070223B0D7FE833687FE23B469
S1135A50D7FE833607FF23B8D7FE833687FF23BCE0
S1135A60D7FEE31DF8FC13778601C6959376F601FD
S1135A7029CB83B80500138786FF1D4823B017017F
S1135A80637BE80083B88500C11623B417016374EF
S1135A90D800946994EB619B21071D8ABA97BA9543
S1135AA065BD8508BE9803C7F6FF85078506A38FE5
S1135AB0E7FEE39A17FF82809308F6FFAA874DB5A5
S1135AC08280368651BD3D432A876371C302937732
S1135AD0F700C1E3BDE1937606FF3D8ABA960CE375
S1135AE00CE74107E36DD7FE11E28280B306C340A1
S1135AF08A069702000096966780A6002307B700DF
S1135B00A306B7002306B700A305B7002305B70013
S1135B10A304B7002304B700A303B7002303B7000B
S1135B20A302B7002302B700A301B7002301B70003
S1135B30A300B7002300B700828093F5F50F939676
S1135B408500D58D93960501D58D93960502D58D47
S1135B5059B7939627009702000096968682E780AD
S1135B6026FA9680C1171D8F3E96E371C3F89DB740
S1135B7082808280A96629654111938606FF0146C9
S1135B809305A0081305051206E4EF30A0010111E6
S1135B904AE00339050422E826E406ECAA842E84AC
S1135BA063040902833789019DCF13173400BA9720
S1135BB0886339C5186198E323380500E2604264BC
S1135BC0A26402690561828013050002EFF04FCBE5
S1135BD0A8E02A8929C92324050023380500233095
S1135BE00500233C050013061004A1452685EF207B
S1135BF0F07FBC60233CA9009C6FC5FB01457DBFC1
S1135C0005493B1989001B0609001D060A0685453E
S1135C102685EF20B07D7DD10214021901903364F2
S1135C20240100E551BFA9662965938606FF014654
S1135C309305600613050512EF20D0763C6199CBDD
S1135C4089C998459C6F0E07BA97986398E18CE3CD
S1135C5082808280011126E8AA84130500022EE4C2
S1135C6006ECEFF0EFC1A8E0A2650DC52324050002
S1135C702338050023300500233C050081C99845DD
S1135C801C6D0E07BA97986398E18CE3E260C264D6
S1135C9005618280EFF01FEE397126F4C449416337
S1135CA022F84AF04EEC06FC52E856E42E89AA8902
S1135CB036841388850181487D13832708001108E1
S1135CC08528B3F66700BB86C6029BD70701BB874E
S1135CD0C702A19E1BDE06013377D300BB86C70132
S1135CE09B9706013D9F232EE8FE1BD40601E3C6C5
S1135CF098FC09CC8327C90063D4F4029387440039
S1135D008A07CA9780C78524232A9900E2704274BF
S1135D10A274E269426AA26A4A8502792161828098
S1135D20832589004E858525EFF07FE6AA8A25C55F
S1135D300326490193050901410509060A06EFF006
S1135D409FA403BA090463080A02033A8A01832759
S1135D5089008E073E9A83370A002330F90093871F
S1135D60440023302A018A075689CA9780C78524AC
S1135D70232A990061BF13050002EFF06FB023B02E
S1135D80A9040DC52324050023380500233005008C
S1135D90233C05006DBFA9662965938686040146E8
S1135DA09305500B13050512EF20D05FEFF09FDC35
S1135DB0397122F826F44AF04EEC52E8B6842E8467
S1135DC0A126A54506FC56E45AE0A547BBC6B60283
S1135DD02A89B2893A8A63D2970A854781459B9773
S1135DE017008525E3CDD7FE4A85EFF05FDAAA8553
S1135DF059C585475CC9232C4501A54763DC370792
S1135E0093970902130B940081939B8A09003E9493
S1135E105A8A83460A0029464A859B8606FDEFF086
S1135E20BFE7050AAA85E3168AFE1B848AFF0214CB
S1135E3001905A9463D59902FD34BB843441821491
S1135E4081908504A2948346040029464A859B8652
S1135E5006FDEFF07FE40504AA85E39684FEE27074
S1135E604274A2740279E269426AA26A026B2E85C4
S1135E70216182802904A54975BF8145B5B7A9660A
S1135E8029659386860401469305E00C13050512E3
S1135E90EF2050514177698FAA8729E39B170501A9
S1135EA0E1464145370700FF7D8F01E79B97870057
S1135EB03685370700F07D8F01E79B974700112552
S1135EC0370700C07D8F01E79B972700092563C62C
S1135ED00700F983858B052589C78280A146014582
S1135EE0D1B71305000282801C412A8793F67700FC
S1135EF03E8681CE93F617000145A9EA098A39CE78
S1135F009BD717001CC30545828093960703C19253
S1135F109DCE2146014593F6F70F81E69BD7870076
S1135F20328593F6F70081E611259BD7470093F657
S1135F30370081E609259BD7270093F6170089EEE1
S1135F409BD71700052589EB1305000282809BD798
S1135F50070161464145C1B71CC382809BD7270016
S1135F601CC309458280011126E4246122E84AE029
S1135F7006EC2A842E8995C09C6C9DCF886735C118
S1135F80186198E7E260426485478217232C250153
S1135F901CE9A26402690561828013050002EFF026
S1135FA02F8E28E0AA8431C9232405002338050054
S1135FB023300500233C050013061004A145228567
S1135FC0EF20D0423C6088EC9C6FCDFBA96629652C
S1135FD09386860401469305001413050512EF20E9
S1135FE0703C1306400285452285EF20304079DD60
S1135FF08547861785071CE571B7A96629659386C9
S113600006FF01469305600613050512EF2090393B
S113601079714AE84EE40329460183A9450126EC37
S113602052E006F422F02E8AB28463C72901CA879B
S1136030AE844E89328ABE89DC443B0439018C44E7
S113604063D387008525EFF09FB4630E051C13030B
S11360508501931824009A98637813093387A8401C
S11360601D1793572300DD4613562700858B63FACB
S1136070E61A9A8689C7232C05009306C5011D8E4E
S1136080050699078A0713571600AA970E073E9725
S113609023B00700A107E39DE7FE1377E6FF9317FC
S11360A02700B6976302C70423A00700138747009D
S11360B0637C170323A20700138787006376170303
S11360C023A407001387C7006370170323A60700E0
S11360D013870701637A170123A807001387470171
S11360E06374170123AA070013088A01139E290069
S11360F0938E840193152900429EF695637AC80F06
S113610093879401114F63F7F51041667D1609A832
S11361109BD20201639C020611081103637AC80D25
S113612083220800B3F4C200E5D49A83F6820149BD
S113613083A6020083AF03009103B3F7C600BB87B5
S113614097021BD70601B3F6CF009BDF0F01910224
S11361503B079702B59FBB8727019BD60701F18FA9
S11361603B07F701359F9B160701D58F23AEF3FE3E
S11361701B590701E3EEB2FAB307E30123A0270199
S1136180832208009BD20201E38802F883260300DD
S11361909A83F68FB684014783A70F009BD9040125
S11361A0F18EF18FBB87570283A443009103910FB3
S11361B033F9C400BB873701B99F1B970701D98EF8
S11361C023AED3FE03D7EFFF9BD707013B0757024C
S11361D03B072701B99F9B8607001BD70701E3ED07
S11361E0BFFAB307E30194C311081103E36AC8F3C8
S11361F06345800039A07D3409C483A7C8FFF11822
S1136200FDDBA27040C90274E2644269A269026AB9
S113621045618280338F95401D1F137FCFFF110F7F
S1136220EDB59A8751B5A96629659386860401461A
S11362309305D01513050512EF20D016797122F0BD
S11362404AE84EE406F426EC52E0937736003284B2
S1136250AA892E89DDE3098439C803BA0904630ACB
S11362600A0A83340A01F1C49377140089EB058484
S11362701DCC886031C5AA8493771400EDDB268693
S1136280CA854E85EFF0DFD883B709042A8AA9C7E7
S113629063020904032789009C6F05840E07BA97DB
S11362A098632330E90023B02701528979F0A27062
S11362B00274E264A269026A4A8542694561828085
S11362C02686A6854E85EFF0BFD488E023300500EE
S11362D0AA845DB7528961BF13050002EFE05FDA5B
S11362E023B0A904AA8749C1232405002338050043
S11362F023300500233C050061BFFD3729671307E0
S113630007168A07BA9790438146EFF0FF982A89C7
S113631099B713050002EFE0BFD623B0A9042A8A77
S113632031C5232405002338050023300500233C10
S1136330050085454E85EFF09F85AA8419C993070A
S113634010271CCD85475CC92338AA0023300500DB
S113635021BFA96629659386860401469305001426
S113636013050512EF201004EFF0DF80A9662965FC
S1136370938606FF01469305E01A13050512EF20E4
S113638070025D714AF803A94501DC455AE81B5BBC
S113639056403B096901A2E026FC4EF452F05EE44B
S11363A086E456EC1B0A19002E84B2848C45AA8913
S11363B0935B564063D747019B9717008525E3CD30
S11363C047FF4E85EFF0AFFCAA8A630A051E9308C7
S11363D08501635F700993D728001B07FBFF95466F
S11363E0858B63F9E61C6380071C1306C501232C07
S11363F0050005453B07FB4099078A079B56170094
S1136400D6978E069B050700BE9623B00700A1070A
S1136410E39DD7FE9377E7FF9B8607001397060259
S11364207983A99F32976381D504232007009B8633
S1136430170063DB7603232207009B86270063D5BE
S11364407603232407009B86370063DF7601232627
S113645007009B86470063D9760123280700952708
S113646063D47701232A0700021B135BEB01DA983C
S11364704C489307840113F8F4018A05BE95631A06
S1136480080AB3868540130894019D1613B60603C3
S113649033B505011307C40113461600134515004F
S11364A03387E840698E3337E000718F25C733E7BF
S11364B017011D8B25E3054563FA050F9355150058
S11364C08E05BE864687C69590622107A106233CA9
S11364D0C7FEE31BB7FE9376E5FF13972600BA9732
S11364E04697630AD5089C4383B409041CC323AAB2
S11364F02A01D9E413050002EFE09FB823B0A904F0
S11365004DCD232405002338050023300500233C0A
S1136510050085A898439107910823AEE8FE63FC23
S1136520B70498439107910823AEE8FEE3E4B7FE6D
S113653099A0130500023B05054146860147944393
S113654011069107BB960601558F232EE6FE03A77D
S1136550C7FF3B57A700E3E4B7FE930694019147B6
S113656063E7D500B38785409D17F19B9107C697D4
S113657098C311C3528983B4090423AA2A01BDD83C
S1136580846C1C44A66042798E07BE949C60A279F8
S1136590027A1CE080E00664E274426BA26B5685CA
S11365A0E26A6161828046860145A9B589821385C4
S11365B0160029B7468781478DBDEFF0AFDBA9668A
S11365C029659386860401469305901D13050512DB
S11365D0EF20405DDC492A8848491D9D0DE58A0766
S11365E06108E1053307F800AE9719A0637DE80060
S11365F00326C7FF83A6C7FF7117F117E308D6FE6A
S11366007D556373D6008280054582800111584A06
S11366104AE003A9450122E826E406EC3B09E940E7
S1136620AE843284631D091293162700E105130713
S11366308601B387D500369719A063F6F51203A631
S1136640C7FF8326C7FFF1177117E308D6FE6363FC
S1136650D6108C44EFF0AFD36305051283A8440130
S113666083224401938F8401139328001308840127
S11366708A0293038501416E232825017E93C292E9
S11366801E8FFE8E01477D1E83A60E008325080003
S1136690110FB3F7C601B99F33F7C501999F9BD575
S11366A005011BD706010D9F9BD60741359F9B16FD
S11366B00701B3F7C701D58F81271108232EFFFEE9
S11366C0910E1B570741E36158FCB38582409D1529
S11366D065048981814663E48200939625009E9631
S11366E0114863E58200850513982500C29FC29373
S11366F063F46F0441689E857E867D18144291057B
S11367001106B3F70601B99F1BD706019BD60741B3
S1136710359F9B160701B3F70701D58F812723AE59
S1136720F5FE1B570741E36B66FC9306F3FFB38F3B
S1136730F64193F6CFFF9E9691E783A7C6FFFD38F7
S1136740F116E5DFE2604264232A1501A2640269BE
S113675005618280A6870549A2843E84DDBDE34BA2
S113676009FE0149FDB58145EFF06FC215C5E26030
S1136770426485475CC9232C0500A2640269056153
S11367808280A966296593868604014693050024C0
S113679013050512EF200041A96629659386860436
S11367A001469305202313050512EF20A03FD307CC
S11367B005E23707F07F81937D8FB707C0FCB99F4F
S11367C01B8707006356E0008217538507F2828017
S11367D0BB07F0401BD74741CD4663C7E600B70768
S11367E00800BBD7E740CDB79B06C7FE7946814773
S11367F005476346D600370700803B57D70081938F
S1136800021701938217D98F538507F2828050496A
S11368106105C1760A062A968328C6FF1303C6FFBC
S1136820B3F6D800C1E29B9708016147C146370817
S113683000FF33F80701631508009B978700BA86A9
S1136840370800F033F80701631508009B974700E9
S11368509126370800C033F80701631508009B9799
S11368602700892663C60700F983858B8526C9C757
S113687013080002BB07D8409CC1A94763D2D704C0
S11368801B8756FF63746502832586FF5DEFB70798
S1136890F03FB3E7F800821581918217CD8F5385BD
S11368A007F28280C6872147814651B7814565D367
S11368B0BB97E8003707F03FD98F82178145B5A809
S11368C0AD45959D3707F03FBBD7B800D98F8217E8
S11368D0014763766500032786FF3B57B700D5263B
S11368E0BB98D8003367170181930217019382176D
S11368F0D98F538507F2828023A005005547E37999
S113690065FA832586FFAD4661165547BB97E800B7
S1136910BBD8D500B3E71701B708F03FB3E71701B9
S11369203B97E50082179B0507006378C500832524
S1136930C6FFBBD5D500D98D812581938215819160
S11369408217CD8F538507F282806116BB06E8401B
S113695075BF79714AE80339050422F026EC4EE448
S113696052E006F4530405E2AA842E8AB289630C29
S1136970091E83378901638707208867630B052213
S1136980186198E7935704421BD847012338050040
S1136990B2171378F87FB193630608003707100025
S11369A0D98F81271B0704002DC393767700638456
S11369B00614937617006394061A9376270063826D
S11369C006249B95F7011B56170085464D8E10CD66
S11369D0BBD7D7003337F00005075CCD58C9630C2B
S11369E008041B08D8BCA27002743B08D8009307A3
S11369F0500323200A01BB86D74023A0D900E264B8
S1136A004269A269026A4561828013F777003E8673
S1136A1051CF13F717009306000201EB098A630DA7
S1136A20061C9BD71700930610021CCD85475CC932
S1136A300547E31808FA9B86E6BC93172700232032
S1136A40DA00AA97DC4BC1761B175700FD8EA1EE26
S1136A509B970701E145C146370600FF7D8E01E69D
S1136A609B978700AE86370600F07D8E01E69B97E4
S1136A7047009126370600C07D8E01E69B972700CC
S1136A80892663C70700F983858B852663830716E8
S1136A90A2700274159F23A0E900E2644269A2690E
S1136AA0026A45618280A14581467DB71397070339
S1136AB0419345E31BD707013A86E146C14501E608
S1136AC01B578700B6859376F70081E691251B57FF
S1136AD047009376370081E689251B572700937674
S1136AE01700638E060EBA871CCD85479B86050268
S1136AF05CC905473DBF93160703C192B1C63A86E8
S1136B00A14881469375F60F81E51B568600C6861B
S1136B109375F60081E591261B5646009375360061
S1136B20CDE51B562600892693751600B68891E597
S1136B3085261B561600B68879CA93050002BB85C4
S1136B401541BB95B70059B51B560701E148C1462D
S1136B5055BF13F6F70F3E87A14681458DB73A8698
S1136B6010CD814685BD13050002EFE06FD1A8E08A
S1136B702A895DC12324050023380500233005003C
S1136B80233C050013061004A1452685EF200006CA
S1136B90BC60233CA9009C6FE39107DEA9662965CC
S1136BA09386860401469305A03013050512EF1061
S1136BB0707F1306400285452685EF20200379DD8A
S1136BC08547861785071CE575BB93751600ADD1FF
S1136BD0C1DA93050002959DBB95B700C5BB1B5751
S1136BE0170093060004E30207E49B861502BA87A4
S1136BF02DBD9306000269BD9BD727009306200292
S1136C002DB59B95E7011B5627008946C1B3BE8568
S1136C103A86930600025DBBA9662965938606FF42
S1136C2001469305600613050512EF10B0777971DC
S1136C3022F02E846C0026EC06F4AA84EFF03FBD0B
S1136C40032844016104530605E2931E2800A29E12
S1136C5003AECEFF417732853377EE00138FCEFF3C
S1136C605DE79B170E01E1454147B70600FFFD8E26
S1136C7081E69B9787002E87B70600F0FD8E81E69C
S1136C809B9747001127B70600C0FD8E81E69B97AE
S1136C902700092763C60700F983858B0527EDC301
S1136CA093070002A946BB8FE74063DFE6081B0396
S1136CB057FF6372E40783A58EFF6317030EB706BD
S1136CC0F03FB366DE00821581918216CD8EDC48DA
S1136CD0B2453687BB8707419B975700BB85F54173
S1136CE0BD9D635EB00201929B974501B19F13164F
S1136CF00502821701925D8EA2700274D30706F218
S1136D00530707F2E26453F5E71A45618280F2877C
S1136D10A145014799BF8145E30303FAB5A093D781
S1136D2006021B9745013B87E740821602178192B2
S1136D30558FA2700274D30706F2530707F2E26478
S1136D4053F5E71A45618280AD47999FBB56FE0013
S1136D50B705F03FCD8E821681486376E40183A89F
S1136D608EFFBBD8F80055273B1EEE00B3E8C801E0
S1136D708192821893D808028216B3E6160181BF65
S1136D806360E4075543814FBB166E003703F03F41
S1136D90B3E66600821681488192821893D808026D
S1136DA08216B3E6160125B7E11E3B876740BB1682
S1136DB06E003BDEE500B3E6C601370EF03FB3E6F6
S1136DC0C601BB95650082169B880500E376D4FD59
S1136DD083A8CEFFBBD8E800B3E8B80081286DBF14
S1136DE083A58EFF2D47E11E5543814FC9B7DD476B
S1136DF063DBA70007B5812A87B7012B7D3553755F
S1136E00F5126DFD8280A967938707160E053E95DE
S1136E1008298280544A1B87F5FF1B5757400527D2
S1136E20930586018A060A07AE962A9763F9D50662
S1136E301308C601B3E7A5009D8B33080541333819
S1136E40000193B717003386C640B3F707011D1638
S1136E50E5C39337060393C7170093F7F70FE9CBFE
S1136E60098213031600935813008E08AE86AA876E
S1136E70AA9803B80600A107A10623BC07FFE39A5A
S1136E8017FF1378E3FF93172800B306F500BE95A8
S1136E90630403019C419CC205060A06329563788B
S1136EA0E5089306F7FF898E93572500DD4513D631
S1136EB02600858B63FDD502AA8589C79305450005
S1136EC0232005001D8E05068A07935616003E955D
S1136ED093973600AA97233005002105E31DF5FE9C
S1136EE09377E6FF139527002E956302F60423207B
S1136EF005009307450063FCE7022322050093077E
S1136F00850063F6E702232405009307C50063F0B8
S1136F10E702232605009307050163FAE700232807
S1136F2005009307450163F4E700232A05008280E6
S1136F30AA8703A805009105910723AE07FFE3EA9A
S1136F40D5FE098291BF584913D655409306850151
S1136F50635DC70093172700B69763F8F60203A78B
S1136F60C7FFF1177DDB0545828093172600B6978E
S1136F70E355E6FEFD89F5D1904305453B57B60040
S1136F80BB15B700E38BC5FC8280014582805D712F
S1136F904AF886E4A2E026FC4EF452F056EC5AE895
S1136FA05EE462E03289638C05142E84AA8AEFE0E1
S1136FB03FBC033784FF930479019307E002130B6A
S1136FC004FF137AC7FF63FD970AB7070080C198CF
S1136FD093C7F7FF63EA970A63E8240BB3094B01ED
S1136FE0635E9A0CA967938B877C83B60B0183B786
S1136FF089006387361593F6E7FFCE969466858AF3
S1137000EDE6F19BB306FA0063D1960A058B0DE316
S1137010033C04FF330C8B4103378C00719BBA97FC
S1137020B38B470163D49B26B30BEA0063D09B2048
S1137030CA855685EFE0EF852A891DCD833784FF05
S1137040130705FFF99BDA97638BE71C13068AFF86
S11370509307800463E8C722130770021460636017
S1137060C718AA87228794E3146794E7186B98EBF0
S1137070A2855685EFD0CFF35685EFE09FAF09A8E0
S113708093040002E3FC24F5B14723A0FA0001496C
S1137090A6600664E274A279027AE26A426BA26B89
S11370A0026C4A8542796161828083B7890103B7A2
S11370B00901368AB309DB001CEF98EB83378B0098
S11370C033079A40FD46858B63E9E604B367FA000B
S11370D02334FB0083B7890093E7170023B4F90036
S11370E05685EFE01FA9228965B7058B31F3033C70
S11370F004FF330C8B4103378C00719B35B7066456
S1137100A660E2744279A279027AE26A426BA26BC7
S1137110026CB28561616FD0DFF7C58F2334FB0049
S1137120B3059B001367170098E583B78900C10571
S1137130568593E7170023B4F900EFD06FE74DB7F6
S1137140F19BB306FA001386040263D7C60A058BC3
S1137150E31007EE033C04FF330C8B4103378C0030
S1137160719BBA97B3894701E3C0C9EC83378C019B
S113717003370C0113068AFF930680041CEF98EB77
S113718013090C0163EAC61C930570021860CA87D0
S113719063FFC5002338EC00186493077003233C95
S11371A0EC0063E0C71C186893070C02410498E3E1
S11371B0186498E7186898EB33079C00B3899940E2
S11371C023B8EB0093E719001CE783378C0056853E
S11371D0858BDD8C23349C00EFE0BF9955BD14E111
S11371E014641307700314E5636FC710146813075E
S11371F004019307050185BD269B858E23B86B0189
S113720093E716002334FB00833784FF56852289D5
S1137210858BDD8C233C94FEEFE0BF9595BD8337D1
S113722085FFF19B3E9AB3094B0149BD83378C011D
S113723003370C0113068AFF930680041CEF98EBB6
S113724013090C01B3097C0163E7C60A93057002B4
S11372501860CA8763FFC5002338EC0018649307DD
S11372607003233CEC0063ECC70A186893070C0214
S1137270410498E318645E8A628B98E718684A842C
S113728098EB2DBDA285EFE04FEADDB383B789010A
S113729003B7090113068AFF930680041CEF98EBD9
S11372A003370C0183378C0113090C01B3097C01EA
S11372B01CEF98EB63E1C604930670021860CA875A
S11372C0E3F9C6FA2338EC00186493077003233CEF
S11372D0EC001868E3FCC7F82330EC02186C930741
S11372E080042334EC0218706304F60493070C033F
S11372F013040402BDBFA2854A85EFE00FE34A846C
S11373005E8A628B65BB186818E9186C18ED1470F6
S1137310630BF6021307040293070502A9B31C6862
S11373202330FC021C6C2334FC021870E310D6FCDE
S11373302338EC02187493070C0413040403233C4D
S1137340EC0218603DB714F1147413070403930797
S1137350050314F5147801BBA2854A85EFE0EFDC40
S1137360A1BD1C682330FC021C6C2334FC02187081
S11373706307D60093070C03130404020DBD2338DE
S1137380EC02187493070C0413040403233CEC026A
S1137390186031BD011122E826E42A842E8506EC0A
S11373A023AC013CEF20C05CFD576307F500E260AD
S11373B04264A2640561828083A7813DEDDBE260C3
S11373C01CC04264A26405618280D30705E23706CB
S11373D000801346F6FF93D5074233F7C5002320F8
S11373E005003708F07FAE86635C07053368F70055
S11373F00128630708043708F07FB3F50501014845
S113740089ED87B7812D1308A0FCD377F512D387B4
S113741007E293D6074233F7C600370610807D167D
S1137420F18E3706E03FD18E1B5747417D561B072F
S113743027C001923B0707018216F18F18C1D58F2F
S1137440538507F28280411122E02E848395250121
S113745006E4EF109043634905005C6CA260AA97B0
S11374605CEC026441018280835704017D777D17BF
S1137470F98FA2602318F40002644101828001455F
S1137480828083970501797122F026EC4AE84EE464
S113749006F413F707102E84AA84839525013289F4
S11374A0B6890DE37D777D17F98F2318F4000274F4
S11374B0A270CE864A86A26942692685E264456145
S11374C06F10806A89460146EF10703883170401F3
S11374D083152401C1BF411122E02E848395250127
S11374E006E4EF10D036FD576301F502835704011B
S11374F00567A260D98F9B9707019BD7074148EC8A
S11375002318F400026441018280835704017D77CB
S11375107D17F98F9B9707019BD70741A26023181A
S1137520F400026441018280839525016F10607428
S11375303367B500FD531D8B4DEB9747000083B7B0
S1137540E7A910619461B372F6003363F600BE924A
S1137550B3E262006399720A631ED60210659465F1
S1137560B372F6003363F600BE92B3E26200639A2C
S113757072086311D60210699469B372F60033631A
S1137580F600BE92B3E26200639372086105E105FE
S1137590E309D6FA13170603939706036318F70251
S11375A013170602939706026312F70213170601D4
S11375B093970601631CF7001357060393D706033A
S11375C03305F7409375F50F91E982804193C19398
S11375D03305F7409375F50F91E182801377F70F28
S11375E093F7F70F3305F74082800346050083C6FF
S11375F00500050585056313D60065FA3305D640F5
S113760082802105A105E312D6FE01458280410551
S1137610C105E31CD6FC01458280B3E7A50013F73E
S11376207700AA8731E71D476374C70403B3812C2D
S113763083B8012D1D4E94613387660013C8F6FF8D
S1137640337707013377170105E794E36116A10740
S1137650A105E362CEFE85051388170011CE03C78A
S1137660F5FF9306F6FFA30FE8FE01CBC28736862B
S113767085051388170065F682809308E6FF638307
S11376800614330700411D8B930577002D4363F3E4
S11376906500AD4563E3B80A6304071223000800DC
S11376A0854589079308D6FF6305B706A30008003C
S11376B08945930728009308C6FF630CB704230188
S11376C008008D45930738009308B6FF6303B70499
S11376D0A30108009145930748009308A6FF630A95
S11376E0B70223020800954593075800930896FFB4
S11376F06301B702A30208009D459307680093083D
S113770086FF6318B70093077800230308009308E3
S113771076FF998E938586FF8D8185054297014674
S11377202330070005062107E36CB6FE8E05338877
S1137730B700B388B8406384B608230008006380A8
S11377400808A30008008547638BF8062301080096
S113775089476386F806A30108008D476381F8060C
S1137760230208009147638CF804A302080095479C
S11377706387F8042303080099476382F804A3038A
S113778008009D47638DF80223040800A14763881D
S1137790F802A3040800A5476383F8022305080040
S11377A0A947638EF800A3050800AD476389F80074
S11377B023060800B1476384F800A306080082800A
S11377C0C28781BF8280186A5D7156EC86E4A2E0AC
S11377D026FC4AF84EF452F05AE85EE4B28A49C7ED
S11377E083A7850A89662E89F58FADC3033B0600FE
S11377F0AA897D5A83378B0003340B0089839B8BC2
S11378000700635A70059B84F7FF8214F98093077D
S11378104400BE9419A0638E84020C404A864E85AF
S1137820EF10C07101251104E31745FF7D5523B8FE
S11378300A0023A40A00A6600664E2744279A279CD
S1137840027AE26A426BA26B61618280EFD00F9B85
S1137850F9BF03B70A018A0B3307774123B8EA005B
S1137860410B49FB0145E1B7232406000145E1B77B
S11378700171A2FBA6F7D2EB86FFCAF3CEEFD6E7DF
S1137880DAE35EFF62FB66F76AF36EEF36F8AA840A
S11378902E84328A01C51C59638E0714A967938705
S11378A0070D6300F416A96793878709630DF41421
S11378B0A967938707066314F4006F10A0050317E4
S11378C00401896693170703C19333F6D70015E2C1
S11378D00326840AB367D7009B97070179779BD760
S11378E007417D17718F2318F400C2172324E40A7B
S11378F0C19313F78700E30C074C186CE309074C9A
S1137900E98B2947E381E74EA96793878728BEEC73
S1137910A9679387873F3EE8A967930C0111938772
S1137920874066E902F102CD668982E082F482FC36
S113793082F802F43EE083470A0063800736D28B64
S1137940130750026387E76483C71B00850BFDFBA5
S1137950BB894B4163830934EA460A7723304901E2
S11379601B8616004E97233439013AF132CD9D46D9
S1137970410963D7C60AE30407528327840A896648
S1137980F58FC1C7CA6A7D5A83B78A0003BC0A004F
S113799089831B8B0700E35D604F1B89F7FF021986
S11379A01359E90193074C003E9921A0110CE300FF
S11379B0894F83250C0022862685EF102058012547
S11379C0E31645FF8357040193F7070499C36F1027
S11379D0A007FE705E742275BE741E79FE695E6A2D
S11379E0BE6A1E6BFA7B5A7CBA7C1A7DFA6D13014F
S11379F001208280EFC05FCEA9679387070DE3144F
S1137A00F4EA80646DBD80685DBD1009A285268599
S1137A10EFC0DFFE02F102CD55F583C70B00668986
S1137A2022773B0737013AF46389072683C71B0093
S1137A30138A1B00A3030108FD5902E4814B930A36
S1137A40A005254B050A1B8607009306A0029B0789
S1137A5006FE1B87070063E8EA0066678217F9835E
S1137A60BA9798430287630A062285472304C10A0A
S1137A70A30301083EEC3EF0130B810A814993F7FE
S1137A802B00BEE881C7E26789273EEC6A4593F77D
S1137A904B08BE86BEE41B0615000A77B28799E63A
S1137AA0A266E2653B8CB640E342800F83477108CF
S1137AB0930509016381073C930771080507233087
S1137AC0F90085472334F9003AF132CD9D4763D05C
S1137AD0C73A630307428327840A8966F58F638460
S1137AE007404A6C7D5983368C0083370C008982A9
S1137AF09B8D0600E35CB03B9B8AF6FF821A93DA07
S1137B00EA01138747003E8DBA9A21A0110DE38E36
S1137B10AA3983250D0022862685EF1020420125EF
S1137B20E31625FF45B502E4A26503470A00050AEA
S1137B309B9725003B8DB7001B1D1D009B0706FD71
S1137B40BB87A7019B0507FD3EE41B060700E37DF9
S1137B50BBFCF5BD93EB0B0183470A00812BDDB51C
S1137B6093EB0B01812BC27693F70B0213878600EC
S1137B70E38407389C62BE8AE3CD0738FD576387E8
S1137B80F97E93FBFBF71B8C0B00E3960A4C3AF847
S1137B906393097EE28B814902F0130BC1100277D3
S1137BA0CE8763D3E900BA87034771089B86070031
S1137BB036ECE30607EC85273EECD1B54277A30308
S1137BC00108130B810A1C4321073AF82304F10A24
S1137BD085473EEC3EF05DB5C277A303010803BBC5
S1137BE00700938A8700E3040B58FD57E381F9509B
S1137BF04E8681455A85EFD03FB0E30B0562BB0743
S1137C0065413EF056F8814959BF93EB0B01812B36
S1137C10C27693F70B0213878600E380072C83BA9E
S1137C20060093FBFBBF1B8C0B003AF88147A303B0
S1137C3001087D576385E936937BFCF7812B639FAD
S1137C400A34639F0948A1FB93771C003EF0130B91
S1137C50C110B1D793070003A305F110130BB110A2
S1137C603DBFC27693F70B029862A10636F885E30E
S1137C7093F70B0189EF93F70B04E391075893FBF8
S1137C800B20A277E3890B5E2300F7006DB1A27786
S1137C901CE383470A00E39407CA0A77E30407D284
S1137CA08327840A8966F58FE380075CCA6A7D5A54
S1137CB083B78A0003B90A0089831B8B0700E35C3E
S1137CC060599B89F7FF821993D9E9019307490009
S1137CD0BE9921A01109E30F395783250900228693
S1137CE02685EF10A0259B070500E39547FFD9B92A
S1137CF093EB0B011B8C0B00C27693770C0213875A
S1137D008600E383072283BA060085473AF805B75D
S1137D1083470A001307C006E389E74093EB0B018E
S1137D20812B0DB383470A0013078006E387E73EE0
S1137D3093EB0B04812B39B393EB0B0283470A00BB
S1137D40812B09B34277E17793C707832314F108A2
S1137D50930787003EF8A967938787E093EB2B008E
S1137D60BEE0833A07001B8C0B008947C9B593EB2F
S1137D700B0883470A00812BF1B103460A0013075D
S1137D801A00E30DD64E9B0506FD3A8A8149E3604D
S1137D90BBCC03460A001B972900BB0937019B99FA
S1137DA01900BB89B9009B0506FD050AE373BBFEF8
S1137DB079B983470A0093EB4B00812B61B1130718
S1137DC0B00283470A00A303E108ADB9C276834732
S1137DD00A009842A10636F83AE4E35507C63B0781
S1137DE0E0403AE4C9BF2685EFD00F851C653E8587
S1137DF0BEF8EF906FB6AA8726853E8CBEFCEFD006
S1137E00AF83186983470A00BAF4E30D0CC2E30B8D
S1137E1007C203470700E30707C293EB0B40812B1C
S1137E2015B193EB1B0083470A00812B21B903474B
S1137E30710883470A00E31707C013070002A3036E
S1137E40E10809B11009A2852685EFC03FBB02F104
S1137E5002CDE31905B683477108E38E0700930743
S1137E6071083EEA85473EEE0C1205460547328509
S1137E702E890526C105C667D9CF3C0109072330E1
S1137E80F90089472334F9003AF132CD9D4763DD87
S1137E90C77EE30E07028327840A8966F58F638A07
S1137EA007704A6C7D5983368C0083370C008982B5
S1137EB09B8D0600E356B0019B8AF6FF821A93DA83
S1137EC0EA01138747003E8DBA9A21A0110D6388F9
S1137ED0AA7F83250D0022862685EF102006012522
S1137EE0E31625FFC5B41009A2852685EFC01FB18E
S1137EF002F102CDE31805ACC667638E07703C013E
S1137F003EEA89473EEE13090112054509471B065F
S1137F10150093050901A66693070008638EF61EF3
S1137F208277BB89F940634D303182772330690110
S1137F3032CD3E972334F9003AF19D4763D8C70CFC
S1137F40630F07168327840A8966F58F63800716F3
S1137F50CA6A7D5983B78A0003BC0A0089831B8BD4
S1137F600700635D603F9B89F7FF821993D9E9019C
S1137F7093074C00BE9921A0110C6380893F83258F
S1137F800C0022862685EF00707B0125E31625FF71
S1137F9015BCBB894B41E38B09A87DBA5E8C0547B0
S1137FA06388E73C09476384E714930BC1105E8B35
S1137FB093F77A0093870703A30FFBFE93DA3A0043
S1137FC05A877D1BE3960AFE93761C006381061490
S1137FD093060003638DD7127917BB87EB40A30F79
S1137FE0DBFE3EF0E28B3A8B5DBE1009A28526854E
S1137FF0EFC0DFA002F102CDE316059C02778547AE
S11380005AEA3AEE3AF13ECD0C12054693FB4B0088
S113801063880B00A267E266BB8AD7406347504778
S1138020A2666266B68763D3C600B287A276B59F9E
S11380303EF435CB8327840A8966F58F6382073043
S1138040CA6AFD5983B78A0083BB0A0089831B8BE4
S11380500700635160431B89F7FF02191359E901B3
S113806093874B003E9921A0910B6304794183A52A
S11380700B0022862685EF00706C0125E31635FF80
S113808091B21009A2852685EFC05F9702F102CD57
S1138090E31A05922267E266BA876353D700B6876C
S11380A02277B99F3EF402CD668971B01009A2858A
S11380B02685EFC0BF9402F102CDE315059093FB32
S11380C04B00E3890BFCA2676267BB8AE740634B02
S11380D0503BE266E3C5D7FC2277B99F3EF4E1B793
S11380E00547E387E71609475E8CE390E7EC930BBB
S11380F0C1105E8B066793F7FA007D1BBA9783C79E
S1138100070093DA4A002300FB00E3950AFEBB87CD
S11381106B413EF0E28B61B4A267E2663B8CD740D0
S1138120E35080E1C147E3DD8711C14DFD5A01A849
S11381309B07250041093685413C63DB8D09826636
S11381409B07150041072330D9003ECD9B860700CD
S11381502334B9013AF19D47E3DCD7FC630E071CD5
S11381608327840A8966F58F8127A1C7CA673EFCE5
S1138170E27794679C6389821B860600B2E46354A9
S1138180C01A1B89F6FF02191359E9011387470026
S11381903E8D3A9921A0110D6306A91983250D007E
S11381A022862685EF0090590125E31655FF6FF0CE
S11381B07F811009A2852685EFC05F8402F102CD7C
S11381C0E3120580413C854701476689E3C98DF781
S11381D09306090102666297233489012330C9009A
S11381E03AF13ECD1D466352F664E301070083274E
S11381F0840A8966F58F638C07744A6CFD5A83364A
S11382008C0083370C0089829B8D06006359B07DF6
S11382101B89F6FF02191359E901138747003E8DA4
S11382203A9921A0110D630BA97B83250D002286A9
S11382302685EF00B0500125E31655FF6FF08FF847
S1138240C14763DB3779414CFD5A01A81B06250061
S113825041093685C139635A3C0982669B0715007A
S113826041072330D9003ECD9B8607002334890182
S11382703AF19D47E3DCD7FC55C38327840A89661A
S1138280F58F8127A1C7CA6D83B68D0083B70D0012
S113829089821B86060032FC635CC0061B89F6FFDC
S11382A002191359E901138747003E8D3A9921A019
S11382B0110D630EA90583250D0022862685EF0086
S11382C0F0470125E31655FF6FF0CFEF1009A285A3
S11382D02685EFC0AFF202F102CD631505EEC13978
S11382E0054601476689E34A3CF79306090182671C
S11382F04E97233439012330F9003AF132CD9D47AA
S113830063C1C732052693850601368939B90A77D0
S1138310E277C10D8A071D8F3AF13DF70546014505
S113832066890DBF0A77A6678A071D8FE2773AF13F
S1138330C1073EFCE31E07E2854701456689EDBBA4
S11383401009A2852685EFC06FEB02F102CD631BF5
S113835005E602CD66896FF00FDE0A770A0B330754
S113836067413AF1C10AE31707BE91BB5E8C3AF844
S1138370A54763E757439B8A0A038547A305511121
S1138380E28B3EF0130BB1106FF07F81C14663D4D2
S1138390860BC14DFD5A11A89B072500410936855E
S11383A0413C63DA8D099B071500C26641073ECD47
S11383B02330D9002334B9019B8607003AF19D4745
S11383C0E3DCD7FC5DC38327840A8966F58F8127A4
S11383D0A1C7CA673EFCE27794679C6389821B86C7
S11383E00600B2F0635BC0061B89F6FF021913593D
S11383F0E901138747003E8D3A9921A0110D630DC1
S1138400A90583250D0022862685EF00303301253A
S1138410E31655FF6FF00FDB1009A2852685EFC028
S1138420EFDD02F102CD631F05D8413C85470147CA
S11384306689E3CA8DF7C2666297233489012330C3
S1138440D9003AF13ECD9D4663C1F63041091B8601
S113845017003E856FF08FE50A7786778A071D8FB0
S1138460E2773AF1C1073EFC3DF70145854766894D
S113847005BF0A770A0B330767413AF1C10AE313D0
S113848007BC15B101460147E685C14763D7575B71
S1138490414B214CFD5901A89B072600C105368696
S11384A0C13A63585B09C2669B071600410794E111
S11384B023B465013AF19B8607003ECDE39E86FD19
S11384C06DC78327840A8966F58F8127B9C3CA6B70
S11384D083B68B0083B70B0089821B8D0600635F14
S11384E0A00B1B89F6FF02191359E90113874700F2
S11384F0BE8D3A9921A0910D6301B90B83A50D009E
S113850022862685EF0090230125E31635FF6FF0C0
S11385106FCB1009A2852685EFC04FCE02F102CDA4
S11385202A86631105CAC13A85470147E685E34CAB
S11385305BF7C266569723B4550194E13AF13ECDF8
S1138540A146E39FD7ACE30707B48327840A89666F
S1138550F58FE38807B2CA6A7D5983B78A0083BB63
S11385600A0089831B8B0700635160439B89F7FFD3
S1138570821993D9E90193874B00BE9921A0910BED
S11385806384794183A50B0022862685EF00101BA6
S11385900125E31625FF6FF0EFC20A77931D2D0026
S11385A03307B7413AF1C10B05F785470146E68524
S11385B0C5BD1009A2852685EFC04FC402F102CDC6
S11385C0631205C00C12054601476689A9B2A2854B
S11385D02685EFA05FA46319054683570401294744
S11385E0E98B6393E7B28317240163CF07B0A285B5
S11385F05E74C276FE701E79FE69BE6A1E6BFA7BDB
S11386005A7CBA7C1A7DFA6D528626855E6ABE74DF
S11386101301012051A901450C1205460147668941
S1138620DDB8E30D079C8327840A8966F58FE38E02
S1138630079ACA6A7D5983B78A0083BD0A00898371
S11386401B8C0700635A801D9B89F7FF821993D9FD
S1138650E90193874D00BE9921A0910D638DB91B4B
S113866083A50D0022862685EF00500D0125E31613
S113867025FF6FF02FB5C667D9DF3C013EEA894775
S11386803EEE0C12054609472E89328549B00A7719
S11386900A0B330767413AF1C10A631707AE83C770
S11386A00B0002CD66896FF0AFB70A778A0D3307E6
S11386B0B7413AF1410C631807C26FF0FF830A77A0
S11386C08A0D3307B7413AF1410C631E07FC0C12C3
S11386D00546014566896FF01F8493F70B01639883
S11386E0071693F70B0483AA06006389072AC21AA4
S11386F093DA0A036FF0EFD293F70B016395071433
S113870093F70B046383072A839A0600D68763D7FB
S113871007C69307D002A303F108B30A50413AF8FD
S11387205E8C85476FF0EFD093770C016397071049
S113873093770C0483AA060063870728C21A93DA86
S11387400A033AF885476FF08FCE630607F0832754
S1138750840A8966F58F638707EE4A6CFD5A83366F
S11387608C0083370C0089829B8D06006358B01DF2
S11387701B89F6FF02191359E901138747003E8D3F
S11387803A9921A0110D630AA91B83250D002286A5
S11387902685EF00A07A0125E31655FF6FF08FA21E
S11387A093770C40930BC110638207120147DE8656
S11387B0A94D25489308F00F39A0B3D7BA03E3783D
S11387C05895BE8ADA860527138BF6FFB3F7BA03EA
S11387D09B870703A38FF6FEA67783C70700E39E54
S11387E0E7FCE38C17FDE3745893E677C675330B07
S11387F0FB403E865A85EFE05FE22676B3D7BA03A4
S113880001478346160025489308F00FB336D0007D
S1138810B296B6F47DB70A770A0C330787413AF16A
S1138820C10AE31A07E06FF06FFD1B8617009385FA
S113883006013E8536896FF0AFEE83BA06008547A0
S11388403AF86FF0CFBE9C62BE8A6FF0EFB283BA83
S113885006006FF00FBD3AF821BE4276A9679387F0
S113886087E0BEE093F70B029306800713078600A8
S1138870A1CB833A060093F71B0081CF638B0A00D8
S113888093EB2B00930700032304F108A304D108FE
S1138890812B93FBFBBF1B8C0B003AF889476FF0CD
S11388A00FB95E8C6FF04FC54276A967938707E2D4
S11388B0BEE093F70B029306800513078600D5FBF1
S11388C093F70B019DCF833A060075B75E8B29475A
S11388D02546B3F7EA027D1BD6869B870703230050
S11388E0FB00B3DAEA02E366D6FE6FF05F825A85D4
S11388F0EF809F869B0705003EF056F881496FF094
S11389000FAA93F70B04832A0600C5CBC21A93DA85
S11389100A0395B7806C6FE09FFA93EB0B208347B3
S11389201A00812B050A6FF0EF9193EB0B0283473A
S11389301A00812B050A6FF0EF900A778A0D33072E
S1138940B7413AF1410CE31C07E06FF0CFD01009B6
S1138950A2852685EFC08F8A02F102CD19C16FF07E
S11389606F860C120546014766896FF06FDB194765
S11389709B87090063623709296B3EF03EEC56F889
S1138980130B8BE36FF08F8F0A770A0B3307674162
S11389903AF1C10AE31307BC6FF0CFEF93F70B2052
S11389A0A5CF93FAFA0F6FF0CFA793F70B20A5C3C7
S11389B0838A0600D6876FF02F9C93F70B20A1C7FC
S11389C093FAFA0F4DBD93770C20A1CF93FAFA0FC7
S11389D03AF885476FF0AFA5AE8611BA0A778A0DCB
S11389E03307B7413AF1410CE31B07800C120546EB
S11389F0014566896FF0CFD29947BDBFA277231096
S1138A00F7006FE05FF3821A93DA0A02ADB583AA26
S1138A100600D6876FF04F96821A93DA0A026FF037
S1138A204FA0821A93DA0A023AF885476FF02FA012
S1138A304EF056F881496FF08F969B071600D5BC0F
S1138A40AE86B2876FF00FF9FD573EF46FE07FF802
S1138A505E8C15B20A770A0B330767413AF1C10AF3
S1138A60631807A46FE01FF61009A2852685EFB0EE
S1138A70FFF86FE03FF51CC36FE0FFEBC2769C424A
S1138A80A1069B89070063D30700FD5983471A0099
S1138A9036F83A8A6FE01FFBAA8703B50131B28624
S1138AA02E86BE856FE0DFDC83D7050103AE850A21
S1138AB003D3250183B8850303B88504130101B3E7
S1138AC0F59B130700402330814C2318F1002E84BA
S1138AD01C198A85233C914A2338214B2334114C99
S1138AE02A8972D52319610046FCC2E43EE03EECBB
S1138AF03AC63AD002D4EFE0BFD7AA84635905023C
S1138B008357010193F7070499C78357040193E737
S1138B1007042318F4008330814C0334014C0339D7
S1138B20014B26858334814B1301014D82808A8554
S1138B304A85EFB09F8469D5FD54D9B7A96783B737
S1138B40077082879B07060091CD1307F00F6366B9
S1138B50F7002380C500054582809307A0081CC147
S1138B607D5582800145828001112E8722E826E40A
S1138B70B2852A8436863A8506EC23AC013CEF00A4
S1138B805064FD576307F500E2604264A264056126
S1138B90828083A7813DEDDBE2601CC04264A26455
S1138BA00561828003B701314111B687328806E43A
S1138BB083388701AA862E873E86630D0800A9673D
S1138BC093878741A965938585424685EF004029AF
S1138BD0EF00101B2968930708E3130808E3DDB7C7
S1138BE04111B286014606E4EFF0DFFBB385C5020E
S1138BF0411122E006E4EFC0CFC92A8405C503363B
S1138C0085FF13078004719A61166369C70493068C
S1138C107002AA8763EDC60023B0070023B40700DF
S1138C2023B80700A26022850264410182802330B8
S1138C300500233405009307700363F9C702233842
S1138C400500233C050093070502E317E6FC2330E7
S1138C50050293070503233405027DBF8145EFC058
S1138C609FE6A26022850264410182809307050188
S1138C7065B7011122E826E42A842E8506EC23AC8C
S1138C80013CEF00F059FD576307F500E2604264D0
S1138C90A2640561828083A7813DEDDBE2601CC094
S1138CA04264A26405618280011106EC22E826E494
S1138CB04AE0C1C52E84AA8419C11C59C9CBA9672D
S1138CC09387070D6303F408A967938787096303F0
S1138CD0F408A96793870706630BF4088317040154
S1138CE0A9CFA2852685EFB02FD03C6C2A8991C7E5
S1138CF00C7C26858297634105068357040193F70C
S1138D000708ADE32C7091C99307C4076385F50088
S1138D102685EFB0FFA9233004064C6091C5268553
S1138D20EFB01FA923300408E26023180400426452
S1138D30A2644A85026905618280E2604264014955
S1138D40A2644A85026905618280806441BFEFB0F4
S1138D50BF98B5B7806859B7835704017D5993F715
S1138D600708CDD30C6C2685EFB09FA461BF806C3F
S1138D70B5B7011106EC22E826E44AE049C583B4FC
S1138D8001312A8499C09C58C9CBA9679387070DE0
S1138D906303F408A967938787096304F408A96740
S1138DA093870706630CF40883170401A9CFA285EF
S1138DB02685EFB06FC33C6C2A8991C70C7C26854D
S1138DC08297634205068357040193F70708B5E3C6
S1138DD02C7091C99307C4076385F5002685EFB00D
S1138DE03F9D233004064C6091C52685EFB05F9CFF
S1138DF023300408E260231804004264A2644A8514
S1138E00026905618280E26042640149A2644A8584
S1138E10026905618280806441BF2685EFB0DF8BE3
S1138E20ADB7806851B7835704017D5993F707089C
S1138E30C5D30C6C2685EFB0BF9759BF806CADB716
S1138E405D711303810236F49A8606EC3AF83EFC0F
S1138E50C2E0C6E41AE4EFE0BFA1E260616182808F
S1138E602A8E5D7103B501311303010232F036F429
S1138E702E869A86F28506EC3AF83EFCC2E0C6E4F9
S1138E801AE4EFE0FF9EE26061618280797122F072
S1138E9026EC4AE806F42A89AE843284EFB05FFFF8
S1138EA08547631BF5009B87F4FF1307E00F636599
S1138EB0F7002304910021A89306040A26862C00B7
S1138EC04A85EF004062FD57630DF5040DC55C440F
S1138ED0834581001B87F7FF58C4635807001C545F
S1138EE06343F702A9476380F5021C6013871700E8
S1138EF018E02380B700A270027442691B85040045
S1138F00E2644561828022864A85EF00403AFD573B
S1138F10E313F5FEA2700274E26442697D55456173
S1138F20828083570401A270E26493E70704231844
S1138F30F400027442697D554561828083170601FD
S1138F4013972703634C07000327860A8966D58F86
S1138F508966558F2318F6002324E60A05BF0111FC
S1138F6022E803B4013106EC2E86AA8519C01C58E8
S1138F70A9C7A9679387070D630DF604A9679387AB
S1138F808709630AF604A967938707066307F6044B
S1138F908317060113972703634C07000327860AE8
S1138FA08966D58F8966558F2318F6002324E60A2F
S1138FB022854264E2600561D1BD2AE0228532E463
S1138FC0EFB08FF12266A9679387070D8265E317D7
S1138FD0F6FA106475BF106865BF106C55BF0111B7
S1138FE02E8722E826E42A84B2853A8506EC23AC4F
S1138FF0013CEF00F022FD576307F500E260426494
S1139000A2640561828083A7813DEDDBE2601CC020
S11390104264A26405618280011122E826E42A8464
S11390202E8506EC23AC013CEF007020FD5763074E
S1139030F500E2604264A2640561828083A7813DF9
S1139040EDDBE2601CC04264A26405618280011110
S11390502E8722E826E4B2852A8436863A8506ECF1
S113906023AC013CEF00D01BFD576307F500E26021
S11390704264A2640561828083A7813DEDDBE260E6
S11390801CC04264A2640561828001112E8722E81B
S113909026E4B2852A8436863A8506EC23AC013C64
S11390A0EF003007FD576307F500E2604264A264F5
S11390B00561828083A7813DEDDBE2601CC04264D0
S11390C0A2640561828079714AE803B9050022F03F
S11390D026EC06F44EE452E02E84AA84630B0902C3
S11390E0833909006383090203BA0900630B0A0088
S11390F083350A0099C1EFF01FFDD2852685EFB0B4
S11391002FEBCE852685EFB0AFEACA852685EFB072
S11391102FEAA2850274A2704269A269026A2685B6
S1139120E26445616FB0CFE883B70131638CA71661
S11391303C615D7126FC86E4A2E04AF84EF452F0EC
S113914056EC5AE85EE462E0AA84638D07128C6FE1
S11391509DC5014993090020B3872501806309C88F
S1139160A28500602685EFB0AFE47DF8BC608C6F0B
S11391702109E31339FF2685EFB08FE3BC608C63CC
S1139180638305122685EFB0AFE28C7481C5268512
S1139190EFB00FE2BC6089C7BE852685EFB04FE112
S11391A0AC7081C52685EFB0AFE0AC7481C526856F
S11391B0EFB00FE0AC7881C52685EFB06FDFCC74DB
S11391C081C52685EFB0CFDECC7081C52685EFB092
S11391D02FDEAC6C81C52685EFB08FDD9C58DDC7D2
S11391E0BC6426858297C06055C003390400630CB3
S11391F00906833909006384090603BA0900630C6C
S11392000A04833A0A0063840A0403BB0A00630C59
S11392100B02833B0B0063840B0203BC0B00630C47
S11392200C0083350C0081C52685EFF0DFE9E2856B
S11392302685EFB0EFD7DE852685EFB06FD7DA85C8
S11392402685EFB0EFD6D6852685EFB06FD6D285CA
S11392502685EFB0EFD5CE852685EFB06FD5CA85CC
S11392602685EFB0EFD4A2850664A6604279A27980
S1139270027AE26A426BA26B026C2685E274616137
S11392806FB00FD30C75E39405F019BFA6600664A4
S1139290E2744279A279027AE26A426BA26B026CAE
S11392A06161828082808C74E39305EEF5B57971F7
S11392B022F026EC4AE806F44EE42A89AE8432848D
S11392C019C11C59C9CFA9679387070D6300F40A14
S11392D0A967938787096303F40CA9679387070633
S11392E06300F40E0317040114549377870054C4E5
S11392F093160703C192D9C71C6CC9C7096693F9B1
S1139300F40FF18ECE8499EA8326840A518F7976FC
S11393107D16F18E2318E4002324D40A1860145017
S1139320BB07F74063D6D7088527544413061700B4
S113933010E0FD3654C42300370118506303F706C8
S113934083570401858B81C7A947638CF404A270F9
S113935002744269A2692685E26445618280EFB0A5
S1139360AFB7A9679387070DE314F4F603348900B4
S11393700317040114549377870054C49316070306
S1139380C192BDFBA2854A85EF90FFC805E1031792
S113939004011C6C93160703C1928DB703340901B1
S11393A091B7A2854A85EFA05FFD55D1FD5445B71D
S11393B0A2854A85EFA07FFC75F918608547B5B78B
S11393C00334890105B779714AE803B9013122F000
S11393D026EC06F44EE4AA842E8463050900832750
S11393E00903C9CFA9679387070D6301F40AA96725
S11393F0938787096304F40CA967938707066301BD
S1139400F40E0317040114549377870054C493167D
S11394100703C192C1CB1C6CD1C7096693F9F40F41
S1139420F18ECE8499EA8326840A518F79767D164B
S1139430F18E2318E4002324D40A18601450BB07C7
S1139440F74063D7D708852754441306170010E064
S1139450FD3654C42300370118506304F7068357BC
S11394600401858B81C7A947638DF404A27002743B
S11394704269A2692685E264456182804A85EFB02B
S1139480AFA5A9679387070DE313F4F603348900A6
S11394900317040114549377870054C493160703E5
S11394A0C192B5FBA2854A85EF90FFB605E103178B
S11394B004011C6C93160703C19285B70334090198
S11394C089B7A2854A85EFA05FEB4DD1FD5479BFE2
S11394D0A2854A85EFA07FEA75F918608547ADB784
S11394E00334890139BF797122F026ECA96706F4A7
S11394F083B707702A84B68491C98297FD57630D98
S1139500F500A2700274E2644561828001468A8596
S11395108297FD57E317F5FE23A004009307A008E4
S1139520A2701CC00274E26445618280797122F0E9
S113953026EC06F483B40131A96783B7077032843B
S113954011CD2E86A286AA8526858297FD57630FA4
S1139550F500A2700274E26445618280B2868A8555
S1139560014626858297FD57E315F5FE2320040066
S1139570A27002749307A0089CC0E26445618280D3
S11395804111194506E4EF00001A0545EF00403883
S11395903C7D99C30145828041119305001022E06E
S11395A006E42A84EFB0FFAE28FC09CD930705102A
S11395B0233005002105E31DF5FE0145A260026488
S11395C0410182807D55DDBF797126EC06F422F0DD
S11395D0FD47AA8463EEB700387D2E8415C30E04BC
S11395E03A94086010E0A2700274E26445618280DB
S11395F0A2700274D9471CC1E2647D554561828022
S11396009305001032E4EFB0DFA8A8FC2A8719C93B
S11396102266AA879306051023B00700A107E39DDD
S1139620D7FE75BF7D55C1B7011126E406EC22E8CB
S1139630FD47AA8463E3B7063C7D2E8495C7139740
S11396403500BA9798630DC385466302D704FD5667
S11396506307D7022E8523B0070002970145E26015
S11396604264A264056182802685EF00A0292286D7
S11396704264E260AA852685A2640561B9A4E26019
S11396804264D9471CC1A264054505618280E26039
S11396904264A264014505618280D9471CC17D559D
S11396A07DBFFD4763EFB706387D011122E826E44C
S11396B006EC2E84AA8405CF131534002A971C6364
S11396C08DC3FD56638BD70485466382D7042285F8
S11396D02330070082970145E2604264A264056179
S11396E08280E2604264A26405450561828093053C
S11396F00010EFB01F9AA8FC2A8715C1AA87930609
S1139700051023B00700A107E39DD7FE75B7E260FB
S11397104264A2640D4505618280094575BF7D558B
S113972065BF7D558280011126E406EC22E8FD47E1
S113973083B4013163E2A706BC7C2A848DC7131766
S11397403500BA97986305C385466301D704FD566F
S11397506306D70223B0070002970145E260426422
S1139760A264056182802685EF00C01922864264C6
S1139770E260AA852685A264056181AAE26042644A
S1139780D9479CC00545A26405618280E2604264B9
S1139790A264014505618280D9479CC07D557DBF87
S11397A001114AE006EC22E826E4FD4703B9013141
S11397B063E1A7022A8403358907AE840DC50E042C
S11397C02A94086004E0E2604264A26402690561CC
S11397D08280E2604264D9472320F900A2640269CE
S11397E07D5505618280930500104A85EFB07F8A1C
S11397F0233CA90611C9AA871307051023B0070043
S1139800A107E39DE7FE65BF7D5575BF411122E0C9
S113981003B4013106E43C7C91C70145A2600264B3
S113982041018280930500102285EFB09F8628FCB9
S113983009C993070510233005002105E31DF5FE32
S1139840E9BF7D55E1BF011126E406EC22E8FD479E
S113985083B4013163E9A706B87C2A8405CF1315C4
S113986034002A971C638DC3FD56638CD704854648
S11398706383D70422852330070082970145E26081
S11398804264A26405618280E2604264A264054588
S113989005618280930500102685EFB08FFFA8FC38
S11398A02A8715C1AA879306051023B00700A107CC
S11398B0E39DD7FE6DB7E2604264A2640D45056185
S11398C0828009456DBF7D555DBF01112E8722E859
S11398D026E42A84B2853A8506EC23AC013CEF00E9
S11398E02014FD576307F500E2604264A264056139
S11398F0828083A7813DEDDBE2601CC04264A264E8
S1139900056182802DA2000000000000000000001C
S1139910029029CE797122F026EC4AE84EE452E016
S113992006F4B2842E890144A949354A29A0630D5D
S1139930450163848402EF00E014B30789002380A7
S1139940A7000504E31535FFA27022850274E264C2
S11399504269A269026A45618280A2700274426906
S1139960A269026A2685E26445618280014582809B
S113997083B6013FAA8799CE03B7813E15C703B5C5
S1139980013E05CDAA9763F5E70023B0F13E82803E
S11399907D558280AD661386065823B8C13E03B751
S11399A0813E9386065861FF03B70148F9752E97E7
S11399B023B4E13E03B5013E71F523B0D13E3685B3
S11399C0D1B779714EE406F422F026EC4AE8B28964
S11399D011CE2E843389C500A94403450400630FC6
S11399E095000504EF00A005E31924FFA27002749A
S11399F0E26442694E85A269456182803545EF0083
S1139A00000405042945EF008003E31824FDA27037
S1139A100274E26442694E85A26945618280000055
S1139A20930780051385813D1CC17D5582800545C2
S1139A30828000000000000000000000000003B766
S1139A40813905C783A7813F85456384B702894669
S1139A506388D7001C47812763CB070023ACD13E22
S1139A605C43918BF5DF012508C30145828023AC5B
S1139A70B13E5C4393F70720FDD75C4393F707207F
S1139A80EDFBD5B703B78139014519C75C43858B15
S1139A90F5DF08431375F50F8280F3282000216653
S1139AA013D70503130EF6FFFD573377C70193D67B
S1139AB00701ED8E1303170079161358D5038E068C
S1139AC03376C300B366D8008128FD91131835009E
S1139AD04DCA71761306064032971306E07F635D24
S1139AE0E602638A08100D476386E824094715488F
S1139AF0638BE8248D476386F8248947638DF820B7
S1139B001307F07F52179397F5037D17D98F7320AE
S1139B101800538507F282806359E00E1E0513581E
S1139B20C8033335A000336505019206137675002A
S1139B30C98E8147014805CA09466387C8140D4682
S1139B40638CC8166383081605465E16758E054831
S1139B5089C793E727001B88070011C605079307E9
S1139B60F07F6306F71093979600B1831377F77F1E
S1139B705217D98FFE15CD8FE31B08F8538507F2D2
S1139B80828033E8060121E39397F503E30308F8A1
S1139B900546854689470947638BE8180D47638462
S1139BA0E8166387080EE19393C71700858B014776
S1139BB059F6054805465E16758EC5D39377180089
S1139BC0C9DFC28779B7630F080001486316C7016C
S1139BD0C99213B816001208854781451307F07F10
S1139BE0CE1779B71307F07F9397F5035217D98FE0
S1139BF0538507F282801307F07F9397F50352177A
S1139C00D98F15487320180029B79307C0FC6349FE
S1139C10F70A9307D0030546998F4E161305F003F0
S1139C20D18E0127635BF50A7556199E130500044E
S1139C3033D6C6006388A7001B073704B396E60033
S1139C403368D800B3360001D18E638E0610939723
S1139C50160013F7770013F6760015FFE19393C708
S1139C601700858B01480147E31806ECA1B7136878
S1139C705800E39108E81307F07F9397F503521710
S1139C80D98F7320180071B5E38005ECA1066DBD72
S1139C9013F7F70011456303A7009107E19393C7F6
S1139CA01700858B0147E30106EA13F6F600114518
S1139CB0E30CA6E8910649BDE39D05EEA106D5BDDA
S1139CC089476383F8068D47638CF8026389080427
S1139CD00147014685468547ADBD1B0637009307FE
S1139CE0D0033B87E740B317C800B337F0003358BD
S1139CF0E8003368F800B396C600B3E60601B1B7CE
S1139D0005468546894791E1A107E19393C717006A
S1139D10858B054889BFE38505DE8545A9BF854652
S1139D208547014791060DB5054685468947F1DD0E
S1139D30A107E1BF91CD1307E07F8147FD56154888
S1139D4095BD95D975BB81EDFD561307E07F39B5F7
S1139D509307F07FD2171548732018005DBBD21704
S10F9D60732018007DB39397F50365B3DE
S1079D6C00000000EF
S1139D705772697474696E672047505520636F6425
S1139D8065000000000000003078253038780000BD
S1139D905374617274696E672047505520636F6D08
S1139DA06D756E69636174696F6E00000000000078
S1139DB05761697420666F72206770752E2E2E00AD
S1139DC047505520444F4E4500000000000000005D
S1139DD0B707F8FF13071000A380E7006F00000027
S1139DE00A00000000000000494E46000000000088
S1139DF0696E6600000000004E414E000000000045
S1139E006E616E0000000000303132333435363775
S1139E103839616263646566000000000000000078
S1139E20303132333435363738394142434445468C
S1139E300000000000000000286E756C6C29000012
S1139E403000000000000000FC1800007613000041
S1139E5076130000EE18000076130000761300005D
S1139E6076130000A8180000761300007613000093
S1139E709018000020190000761300001219000049
S1139E802E190000761300008218000082140000CE
S1139E908214000082140000821400008214000066
S1139EA08214000082140000821400008214000056
S1139EB0761300007613000076130000761300007A
S1139EC0761300007613000076130000AC14000033
S1139ED076130000461700008C160000AC14000036
S1139EE0AC140000AC1400007613000076130000DC
S1139EF07613000076130000541800007613000057
S1139F007613000058170000761300007613000043
S1139F1076130000EE1600007613000062180000AD
S1139F207613000076130000DC2100007613000095
S1139F3076130000761300007613000076130000F9
S1139F40761300007613000076130000AC140000B2
S1139F50761300004617000094160000AC140000AD
S1139F60AC140000AC1400003E180000941600006D
S1139F706216000076130000281800007613000013
S1139F80B417000060170000FA170000EC17000077
S1139F9076130000EE16000062160000C2210000D5
S1139FA07613000076130000782100007613000079
S1139FB06216000000000000202020202020202025
S1139FC0202020202020202030303030303030300D
S1139FD03030303030303030496E66696E697479B3
S1139FE000000000000000004E614E000000000070
S1139FF05245454E54206D616C6C6F6320737563DC
S113A00063656564656400002F686F6D652F6D730B
S113A0106F6C652F5068442F6E63632D737061728B
S113A020726F772F6E65776C69622F6E65776C69D6
S113A030622F6C6962632F7374646C69622F647439
S113A0406F612E630000000042616C6C6F632073CB
S113A05075636365656465640000000000000000CA
S113A06000000000000000000000000000000000EC
S113A07000000000000000000000000000000000DC
S113A08000000000000000000000000000000000CC
S113A09000000000000000000000000000000000BC
S113A0A000000000000000000000000000000000AC
S113A0B0000000000000000000000000000000009C
S113A0C0000000000000000000000000000000008C
S113A0D0000000000000000000000000000000007C
S113A0E0000000000000000000000000000000006C
S113A0F0000000000000000000000000000000005C
S113A1000000000000000000430000000000000008
S113A110504F5349580000002E000000000000007A
S113A1202F686F6D652F6D736F6C652F5068442FAA
S113A1306E63632D73706172726F772F6E65776CC7
S113A14069622F6E65776C69622F6C6962632F7325
S113A15074646C69622F6D707265632E6300000015
S113A16005000000190000007D0000000000000050
S113A170000000000000F03F000000000000244048
S113A18000000000000059400000000000408F4023
S113A190000000000088C34000000000006AF8408E
S113A1A00000000080842E4100000000D0126341B2
S113A1B00000000084D797410000000065CDCD4128
S113A1C0000000205FA00242000000E87648374209
S113A1D0000000A2941A6D42000040E59C30A242A7
S113A1E00000901EC4BCD64200003426F56B0C431C
S113A1F00080E03779C3414300A0D88557347643C3
S113A20000C84E676DC1AB43003D9160E458E14323
S113A210408CB5781DAF154450EFE2D6E41A4B4498
S113A22092D54D06CFF08044F64AE1C7022DB544DD
S113A230B49DD9794378EA44BC89D897B2D29C3C7E
S113A24033A7A8D523F649393DA7F444FD0FA53219
S113A2509D978CCF08BA5B25436FAC642806C80A67
S113A2600080E03779C34143176E05B5B5B893460E
S113A270F5F93FE9034F384D321D30F94877825ADA
S113A2803CBF737FDD4F15752E7E0000667A00009B
S113A290667A0000227E0000667A0000667A00007A
S113A2A0667A0000E67D0000667A0000667A0000A7
S113A2B0CC7D0000BE7D0000667A0000B27D000007
S113A2C07A7D0000667A00006E7D0000267B000027
S113A2D0267B0000267B0000267B0000267B0000F6
S113A2E0267B0000267B0000267B0000267B0000E6
S113A2F0667A0000667A0000667A0000667A0000DA
S113A300667A0000667A0000667A0000667A0000C9
S113A310667A0000BC7B0000607B0000667A000067
S113A320667A0000667A0000667A0000667A0000A9
S113A330667A0000667A0000667A0000667A000099
S113A340667A00000A7C0000667A0000667A0000E3
S113A350667A0000D87B0000667A0000F07C00007A
S113A360667A0000667A0000A8880000667A000019
S113A370667A0000667A0000667A0000667A000059
S113A380667A0000667A0000667A0000667A000049
S113A390667A0000BC7B0000667B0000667A0000E1
S113A3A0667A0000667A0000247D0000667B000067
S113A3B0547B0000667A0000107D0000667A00007D
S113A3C0627C0000107C0000447D0000387D0000A9
S113A3D0667A0000D87B0000547B0000A28800004D
S113A3E0667A0000667A00005A880000667A0000E7
S113A3F0547B00000000000020202020202020208A
S113A40020202020202020203030303030303030C8
S113A41030303030303030302C2066756E637469E3
S113A4206F6E3A2000000000617373657274696F87
S113A4306E2022257322206661696C65643A206669
S113A440696C6520222573222C206C696E65202599
S113A45064257325730A000000202020202020207A
S113A46020202828282828202020202020202020C0
S113A47020202020202020202088101010101010D0
S113A480101010101010101010040404040404041C
S113A49004040410101010101010414141414141B6
S113A4A00101010101010101010101010101010198
S113A4B001010101101010101010424242424242A8
S113A4C00202020202020202020202020202020268
S113A4D00202020210101010200000000000000010
S113A4E00000000000000000000000000000000068
S113A4F00000000000000000000000000000000058
S113A5000000000000000000000000000000000047
S113A5100000000000000000000000000000000037
S113A5200000000000000000000000000000000027
S113A5300000000000000000000000000000000017
S113A5400000000000000000000000000000000007
S10CA550000000000000000000FE
S10AA55900000000000000F7
S10BA5603C04000000000000AF
S10BA5680C04000000000000D7
S113A5700000000000000000D0A000000000000067
S113A58098A000000000000060A00000000000008F
S113A59000000000000000000000000000000000B7
S113A5A000000000000000000000000000000000A7
S113A5B00000000000000000000000000000000097
S113A5C00000000000000000000000000000000087
S113A5D00000000000000000000000000000000077
S113A5E00000000000000000000000000000000067
S113A5F00000000000000000000000000000000057
S113A6000000000000000000000000000000000046
S113A6100000000000000000000000000000000036
S113A62043000000000000000000000000000000E3
S113A6300000000000000000000000000000000016
S113A64043000000000000000000000000000000C3
S113A65000000000000000000000000000000000F6
S113A66043000000000000000000000000000000A3
S113A67000000000000000000000000000000000D6
S113A6804300000000000000000000000000000083
S113A69000000000000000000000000000000000B6
S113A6A04300000000000000000000000000000063
S113A6B00000000000000000000000000000000096
S113A6C04300000000000000000000000000000043
S113A6D00000000000000000000000000000000076
S113A6E04300000000000000000000000000000023
S113A6F00000000000000000000000000000000056
S113A700448B000000000000B85600000000000068
S113A710000000000000000058A400000000000039
S113A72018A1000000000000309E0000000000009E
S113A730309E000000000000309E00000000000079
S113A740309E000000000000309E00000000000069
S113A750309E000000000000309E00000000000059
S113A760309E000000000000309E00000000000049
S113A770FFFFFFFFFFFFFFFFFFFFFFFFFFFF0000E3
S113A780010041534349490000000000000000005B
S113A79000000000000000000000000000000000B5
S113A7A0000041534349490000000000000000003C
S113A7B00000000000000000000000000000000095
S113A7C00000000000000000000000000000000085
S113A7D00000000000000000C8A700000000000006
S113A7E0C8A7000000000000D8A700000000000077
S113A7F0D8A7000000000000E8A700000000000047
S113A800E8A7000000000000F8A700000000000016
S113A810F8A700000000000008A8000000000000E5
S113A82008A800000000000018A8000000000000B4
S113A83018A800000000000028A800000000000084
S113A84028A800000000000038A800000000000054
S113A85038A800000000000048A800000000000024
S113A86048A800000000000058A8000000000000F4
S113A87058A800000000000068A8000000000000C4
S113A88068A800000000000078A800000000000094
S113A89078A800000000000088A800000000000064
S113A8A088A800000000000098A800000000000034
S113A8B098A8000000000000A8A800000000000004
S113A8C0A8A8000000000000B8A8000000000000D4
S113A8D0B8A8000000000000C8A8000000000000A4
S113A8E0C8A8000000000000D8A800000000000074
S113A8F0D8A8000000000000E8A800000000000044
S113A900E8A8000000000000F8A800000000000013
S113A910F8A800000000000008A9000000000000E2
S113A92008A900000000000018A9000000000000B1
S113A93018A900000000000028A900000000000081
S113A94028A900000000000038A900000000000051
S113A95038A900000000000048A900000000000021
S113A96048A900000000000058A9000000000000F1
S113A97058A900000000000068A9000000000000C1
S113A98068A900000000000078A900000000000091
S113A99078A900000000000088A900000000000061
S113A9A088A900000000000098A900000000000031
S113A9B098A9000000000000A8A900000000000001
S113A9C0A8A9000000000000B8A9000000000000D1
S113A9D0B8A9000000000000C8A9000000000000A1
S113A9E0C8A9000000000000D8A900000000000071
S113A9F0D8A9000000000000E8A900000000000041
S113AA00E8A9000000000000F8A900000000000010
S113AA10F8A900000000000008AA000000000000DF
S113AA2008AA00000000000018AA000000000000AE
S113AA3018AA00000000000028AA0000000000007E
S113AA4028AA00000000000038AA0000000000004E
S113AA5038AA00000000000048AA0000000000001E
S113AA6048AA00000000000058AA000000000000EE
S113AA7058AA00000000000068AA000000000000BE
S113AA8068AA00000000000078AA0000000000008E
S113AA9078AA00000000000088AA0000000000005E
S113AAA088AA00000000000098AA0000000000002E
S113AAB098AA000000000000A8AA000000000000FE
S113AAC0A8AA000000000000B8AA000000000000CE
S113AAD0B8AA000000000000C8AA0000000000009E
S113AAE0C8AA000000000000D8AA0000000000006E
S113AAF0D8AA000000000000E8AA0000000000003E
S113AB00E8AA000000000000F8AA0000000000000D
S113AB10F8AA00000000000008AB000000000000DC
S113AB2008AB00000000000018AB000000000000AB
S113AB3018AB00000000000028AB0000000000007B
S113AB4028AB00000000000038AB0000000000004B
S113AB5038AB00000000000048AB0000000000001B
S113AB6048AB00000000000058AB000000000000EB
S113AB7058AB00000000000068AB000000000000BB
S113AB8068AB00000000000078AB0000000000008B
S113AB9078AB00000000000088AB0000000000005B
S113ABA088AB00000000000098AB0000000000002B
S113ABB098AB000000000000A8AB000000000000FB
S113ABC0A8AB000000000000B8AB000000000000CB
S113ABD0B8AB000000000000C8AB0000000000009B
S113ABE0C8AB000000000000D8AB0000000000006B
S113ABF0D8AB000000000000E8AB0000000000003B
S113AC00E8AB000000000000F8AB0000000000000A
S113AC10F8AB00000000000008AC000000000000D9
S113AC2008AC00000000000018AC000000000000A8
S113AC3018AC00000000000028AC00000000000078
S113AC4028AC00000000000038AC00000000000048
S113AC5038AC00000000000048AC00000000000018
S113AC6048AC00000000000058AC000000000000E8
S113AC7058AC00000000000068AC000000000000B8
S113AC8068AC00000000000078AC00000000000088
S113AC9078AC00000000000088AC00000000000058
S113ACA088AC00000000000098AC00000000000028
S113ACB098AC000000000000A8AC000000000000F8
S113ACC0A8AC000000000000B8AC000000000000C8
S113ACD0B8AC000000000000C8AC00000000000098
S113ACE0C8AC000000000000D8AC00000000000068
S113ACF0D8AC000000000000E8AC00000000000038
S113AD00E8AC000000000000F8AC00000000000007
S113AD10F8AC00000000000008AD000000000000D6
S113AD2008AD00000000000018AD000000000000A5
S113AD3018AD00000000000028AD00000000000075
S113AD4028AD00000000000038AD00000000000045
S113AD5038AD00000000000048AD00000000000015
S113AD6048AD00000000000058AD000000000000E5
S113AD7058AD00000000000068AD000000000000B5
S113AD8068AD00000000000078AD00000000000085
S113AD9078AD00000000000088AD00000000000055
S113ADA088AD00000000000098AD00000000000025
S113ADB098AD000000000000A8AD000000000000F5
S113ADC0A8AD000000000000B8AD000000000000C5
S113ADD0B8AD000000000000C8AD00000000000095
S113ADE0C8AD000000000000D8AD00000000000065
S113ADF0D8AD000000000000E8AD00000000000035
S113AE00E8AD000000000000F8AD00000000000004
S113AE10F8AD00000000000008AE000000000000D3
S113AE2008AE00000000000018AE000000000000A2
S113AE3018AE00000000000028AE00000000000072
S113AE4028AE00000000000038AE00000000000042
S113AE5038AE00000000000048AE00000000000012
S113AE6048AE00000000000058AE000000000000E2
S113AE7058AE00000000000068AE000000000000B2
S113AE8068AE00000000000078AE00000000000082
S113AE9078AE00000000000088AE00000000000052
S113AEA088AE00000000000098AE00000000000022
S113AEB098AE000000000000A8AE000000000000F2
S113AEC0A8AE000000000000B8AE000000000000C2
S113AED0B8AE000000000000C8AE00000000000092
S113AEE0C8AE000000000000D8AE00000000000062
S113AEF0D8AE000000000000E8AE00000000000032
S113AF00E8AE000000000000F8AE00000000000001
S113AF10F8AE00000000000008AF000000000000D0
S113AF2008AF00000000000018AF0000000000009F
S113AF3018AF00000000000028AF0000000000006F
S113AF4028AF00000000000038AF0000000000003F
S113AF5038AF00000000000048AF0000000000000F
S113AF6048AF00000000000058AF000000000000DF
S113AF7058AF00000000000068AF000000000000AF
S113AF8068AF00000000000078AF0000000000007F
S113AF9078AF00000000000088AF0000000000004F
S113AFA088AF00000000000098AF0000000000001F
S113AFB098AF000000000000A8AF000000000000EF
S113AFC0A8AF000000000000B8AF000000000000BF
S10BAFD0B8AF0000000000000E
S113AFD87F7F7F7F7F7F7F7FFFFFFFFFFFFFEF7F05
S113AFE80000000000003040000000000000E03FC6
S113AFF83030303030303030000000000000C03FC6
S113B008000000000000F83F61436F63A787D23F48
S113B018B3C8608B288AC63FFB799F501344D33F3B
S113B028000000000000F03F000000000000244081
S113B0380000000000001C40000000000000144054
S113B048FFFEFEFEFEFEFEFE808080808080808003
S113B058000000000000504370A50000000000003C
S113B06800000000000000000000F8FF00000000DD
S113B0780000006000000000F0B0000000000000C4
S113B0880000F0FF0000000070A5000000000000B0
S113B098FFFFFFFFFFFFFFFF0000020000000000AA
S113B0A81000000000000000037A5200017C010136
S113B0B81B0D020028000000180000009A53FFFF2F
S113B0C8FE00000000420E304481028804420C084D
S113B0D80003F000C142C80C0230420E0000000018
S107B0E80000000060
S9030000FC
