S0120000636F6E6E656374696F6E2E73726563E2
S21400000097B10000938101D8996273A002307310F3
S2140000103000970200009382E214739052307324EB
S21400002040F111EC970200009382C2147390523094
S214000030EF000053970200009382C231829213139E
S2140000402400970200009382E20B9A9203A3020018
S2140000500F00F00FE31C03FE138E014C93134400B5
S214000060B30E7E00138F8E0083BF0E0003310F0089
S214000070970200009382021073905230732540F16D
S214000080829F1300000013000000130000001300FE
S214000090000013000000130000001300000013000F
S2140000A000001300000013000000130000001300FF
S2140000B000001300000013000000130000001300EF
S2140000C000001300000013000000130000001300DF
S2140000D000001300000013000000130000001300CF
S2140000E000001300000013000000130000001300BF
S2140000F000001300000013000000130000000100C1
S21400010073001000730010007300100073001000DE
S21400011073001000730010007300100073001000CE
S21400012073001000730010007300100073001000BE
S21400013073001000730010007300100073001000AE
S21400014013132500970300009383C3FBB3027300C9
S2140001500F00500F2FA00208130500008280010038
S21400016002900100130000001300000013000000BE
S21400017073202034130181DE06E00EE812EC16F040
S2140001801AF41EF822FCA6E0AAE4AEE8B2ECB6F03A
S214000190BAF4BEF8C2FC46E14AE54EE952ED56F125
S2140001A05AF55EF962FDE6E1EAE5EEE9F2EDF6F112
S2140001B0FAF5FEF973250030F32510347326203443
S2140001C0AAFD2EE232E6F32230002328511002AEBA
S2140001D006B20AB60EBA12BE96A29AA69EAAA2AEFA
S2140001E0A6B2AAB6AEBAB2BE36A33AA73EAB42AFE6
S2140001F046B34AB74EBB52BFD6A3DAA7DEABE2AFD2
S214000200E6B3EAB7EEBBF2BF2730D1212734E121AF
S2140002102738F12163550600EF00203F21A08A868B
S214000220EF00603E8260C261626282722273C273B5
S214000230627486642665C665666686762677C677A1
S21400024066788A682A69CA696A6A8A7A2A7BCA7B51
S2140002506A7C8E6C2E6DCE6D6E6E8E7E72209230A7
S2140002603231D231723296223623D6237624963411
S2140002703635D63576369A263A27DA277A289A38C1
S2140002803A39DA397A3A9E2A3E2BDE2B7E2C9E3C71
S2140002903E3DDE3D7E3E873E0120073F8120873F74
S2140002A00121032F011173103F006E7F926F7310B0
S2140002B00F3073901F342E7FCE7F13018121730081
S2140002C020300000000000000000000000000000D9
S2140002D00000000000000000000000000000000019
S2140002E00000000000000000000000000000000009
S2140002F000000000000000000000000000000000F9
S21400030000000000000000000000000000000000E8
S21400031000000000000000000000000000000000D8
S21400032000000000000000000000000000000000C8
S21400033000000000000000000000000000000000B8
S21400034000000000000000000000000000000000A8
S214000350EF0000210A8493020000639E02001385CA
S214000360013D17B600001306E621B306A64093D556
S2140003703600EF00601F9382014823B08200EF0032
S2140003800020EF00E01DEF00603DEF00C040EF00F2
S214000390A02F17150000130525B2EF00102FEF0051
S2140003A0B034EF00E01B9382813D03A502009382E8
S2140003B0012D83B5020013060000EF00C012EF0007
S2140003C0902D0290000000000000000000009387BF
S2140003D08122138781226308F7009307000081C7F4
S2140003E0138581228287828093878122938581224A
S2140003F09D8D93D73540FD91BE95858599C593070C
S214000400000081C71385812282878280411122E005
S21400041083C7814806E499EFEFF07FFB930700005F
S21400042099C71385812F97000000E70000008547D5
S2140004302384F148A2600264410182809307000091
S21400044091CF4111938501491385812F06E49700CA
S2140004500000E7000000A260410179B771B7011102
S21400046022EC00102334A4FE833784FE23A007006A
S214000470833784FE37D7AD2B1307E7AFD8C3010009
S214000480626405618280411122E4000883B7012C72
S21400049005472380E70001002264410182800111A4
S2140004A022EC00102334A4FE833784FE23A007002A
S2140004B083B7012C238007000100626405618280F7
S2140004C0011122EC00102334A4FE833784FE9C43E3
S2140004D0812793B7170093F7F70F91C3FDB7010075
S2140004E0626405618280011106EC22E80010B707FD
S2140004F003002334F4FE033584FEEFF05FF6A967AD
S214000500138507D6EF007038EFF0FFF7A96713855D
S21400051007D8EF009037033584FEEFF07FFAA9671F
S214000520138507D9EF007036833784FEDC438127B6
S214000530BE85A967138507DAEF005025033584FECC
S214000540EFF0FFF581473E85E260426405618280F8
S21400055003A5013F828000000000000000000000AC
S21400056082800000000000009387F5FF81C97D5758
S21400057023300500FD172105E39CE7FE8280A9676E
S21400058029671386075493050754630DB606A966B4
S2140005909386065463F8D5063365B600FD161D89A6
S2140005A0130707548D8E39E113B5C602134515009F
S2140005B01375F50F05CD8982850613D816000E082B
S2140005C09387075432988863A1072107233CA7FE28
S2140005D0E39B07FF13F5E6FF13172500B307E600B6
S2140005E0BA956381A6029C439CC18280F19A9106CB
S2140005F0B2969387075498439107910523AEE5FE7C
S214000600E39BF6FE82800290828093171600858315
S2140006102D476384E7000290828079714EE483B9A7
S214000620813EB70720004AE8BE9903A9490052E078
S21400063006F422F026EC0129138A015C63070902FE
S21400064093170902F583D29780639B04090019C4A7
S2140006501C68086CA685829700607DF823A2290195
S21400066003A949000129E31D09FCA2700274E26493
S2140006704269A269026A4561828083A7013F0145FB
S214000680852723A8F13E82801D71A2E883A7013F3B
S21400069086ECA6E4C5C383B7813E9DE303A5812D02
S2140006A085679387A7D90A88114789461306200CC1
S2140006B08545EF00E06D93170502819323B4F13E64
S2140006C083B7013E9DE303A5812D85679387A7D950
S2140006D00A88114789461306300C8545EF00406BA3
S2140006E093170502819323B0F13E03A7413F83B6DB
S2140006F0813E85471B1727001307072032073697CA
S2140007002320070085451306000213972700369717
S2140007100CC38527E39BC7FE85679B87078073A06E
S2140007204730A14773A00730E6604664A6640145DB
S2140007302561828003A5812D81479307A067014824
S214000740114785461306D00B8545EF00606483A7E6
S214000750013FB1F3854723A8F13E35BF411122E0A2
S21400076083B7813F06E401459DE303A5812D856798
S21400077001489387A7D91147914631468545EF0032
S21400078020610215019123BCA13E13351500A2601D
S214000790026441018280797122F083B7814006F4B9
S2140007A0014589C7A27002744561828003A5812D28
S2140007B085679387A7D91308810011479146454658
S2140007C08545EF00E05C93170502819323B4F14062
S2140007D00545E9DB03479100A270027423A0E140BF
S2140007E0014545618280638D0514630206209841A9
S2140007F00CFE9B57570093F607067D8BFD8B558F97
S2140008002300F600A300E6009C49E1EB0147814681
S214000810014823060601DC4954C218C6638807103F
S2140008201B970701B706F0FF7D8F758F13F8F7004B
S2140008308D480127C286630518179BD747009B97EC
S214000840470193C7F7FF81277D586389070F021773
S21400085082170193D98F1CEA9C4D230CD600FD58B5
S214000860F1C39B9607013707F0FFFD8EF98E0D4307
S21400087013F7F70081263A88630167101BD74700F5
S2140008801B1747011347F7FF01276307170BDC4DBC
S21400089054CE18D223020603B5CB1B970701B70622
S2140008A0F0FF7D8F758F93F5F7000D480127AE8614
S2140008B0638A05099BD747009B97470193C7F7FFB5
S2140008C08127FD556388B706021701938217D98FD3
S2140008D01CF62308D602014582809B96070137073F
S2140008E0F0FFFD8EF98E8D4813F7F70081263A88C3
S2140008F0630C170D1BD747001B1747011347F7FF5D
S2140009000127FD57E317F7F0014721B70147814755
S2140009100217019382178146D98F1CF62308D60248
S2140009200145828001478146014895B781470147C6
S214000930814631BF814749BF014791BF814701BF0B
S2140009400545828093C7F7FF9BD74700B705100081
S214000950938505F09B9787001B57C700ED8F498F3F
S21400096093E7F70F01278127021701938217D98F84
S2140009701CF62308D6020145828013C7F7FF1B57D3
S2140009804700B70710001B178700938707F09BD612
S214000990C6007D8FC98E1367F70F81260127C5BD58
S2140009A093C7F7FF9BD74700370810009B97870031
S2140009B0130808F01B57C700B3F70701498F93E7E2
S2140009C0F70F0127812761B513C7F7FF1B574700AD
S2140009D0B70710001B178700938707F09BD6C60043
S2140009E07D8FC98E1367F70F812601271DB5094530
S2140009F0828015714EFD52F95AF15EED66E56AE1A8
S214000A0036F086EDA2E9A6E5CAE156F562E9EEFC07
S214000A10858A46E4AA8C2E8BB28B3A8D3E8AC28992
S214000A20D5CA37F40F00498C021401906304080AF3
S214000A30638E05246306062A85641389048022993A
S214000A40FD1429A0130404026306240914409BD74E
S214000A50C600E58F1BD7860181275D8F01279BD6B1
S214000A6086016DD3E39066FFE39EFBFCA28510181B
S214000A706685EFF05FD7A2676A8785465E86DA8569
S214000A800818829901255DDD7DA8856A93870A800E
S214000A90330CF400FD1A1840A28510189B54C700AA
S214000AA0B3F4540181249B578701C58F812766853F
S214000AB0130404021B59870181CFEFF0DFD2A2672F
S214000AC06A8785462686CA8508188299012525EDF7
S214000AD0E31384FD0277B707100093840780B3E41E
S214000AE09C00137C2700118B82143AE0856D056705
S214000AF08190938D0D801309F7FFFD171B071D00CE
S214000B00A69D3AEC3EF403A304001B58C3003377BB
S214000B1009019B5783011B5483019B0A0700630A44
S214000B200C00B3E7FA00812791CB630D0B02630B31
S214000B308B0263754D018547630DF40493840402AC
S214000B40E3939DFC0145EE604E64AE640E69EA795F
S214000B504A7AAA7A0A7BEA6B4A6CAA6C0A6DE67D28
S214000B602D61828063840B00E3955BFDE38309FCC3
S214000B701018A685668542C8EFF0FFC6A2676A878A
S214000B8089465686A285081882990125424855D17D
S214000B905DBF93070002638DFA0C8567ED1733F887
S214000BA0070101289307B0046304F80C8267D9D7BD
S214000BB09947E395FAF89C4837F40F001B93070112
S214000BC033F36700B707F0FF3373F3000123336492
S214000BD0830002140190930A040831A06304BB0248
S214000BE02104E30D54F518401B56C7003376260142
S214000BF001269B578701D18F81279B558701EDD30F
S214000C00E31E0BFC63840B00E39CCBFCE38A09FC2D
S214000C109B57570093F607067D8B558FFD8B230851
S214000C20F102A308E1025440A26762671B954600E2
S214000C309BD0C6001BD84600B7061000B3F0A00035
S214000C40138506F0A2761B188800B3F0A000337850
S214000C50A800B3E060003348D800081891461AE8A8
S214000C60A2E006DA42DC82990125426335D9E1BD6D
S214000C7088440DDDA268626782764E88D2875E86DB
S214000C80DA85EFF01FD7012515D175BDE30F06DE17
S214000C900569930A0980A29A7D1929A01304040203
S214000CA0E38A8AE20C409BD7C500B3F72701812769
S214000CB01BD785015D8F01279BD4850165D3E39FF4
S214000CC0FBFCA28510186685EFF0FFB1A2676A8765
S214000CD085465E86A68508188299012561D1A5B548
S214000CE00569930A0980A29A7D1929A013040402B3
S214000CF0E30254DF18409B54C700B3F424019B570B
S214000D0087018124C58F81271B578701E5D3E31F01
S214000D10EBFCA28510186685EFF0FFACA2676A8729
S214000D2085462686DA8508188299012561D121BD77
S214000D30A1CD29CE03A8050037071000130307F03E
S214000D409B56580093F806061378F801FD8A33E898
S214000D5008012300D600A3000601DC419306F7FF36
S214000D600CEA1BD7C7009B9547009BD747006D8FA3
S214000D709B97870033776700B3F76700598DB58F69
S214000D8048C21CC60145828005458280094582808E
S214000D90C2883E88BA870147A9B981CB11476388C4
S214000DA0E600FD360547637CD7004841828018611F
S214000DB098E3186598E71869484198EB8280033EE7
S214000DC005000333850083380501033885010C715F
S214000DD010751479187D484123B0C70123B4670005
S214000DE023B8170123BC07018CF390F794FB98FFF8
S214000DF0828083B6813EB9C2F375043003A7413FB3
S214000E001B56F5411B56B601299E1B1727001B567D
S214000E105640160732970A07BA960967BA96984256
S214000E208547BB97A70093C7F7FFF98F81279CC21A
S214000E3093F7850073A007300145828005458280C0
S214000E4003B7813E29C37376043083A7413F9B5680
S214000E50F5419BD6B601A99E9B9727009BD6564088
S214000E609607B6978A073E9789673E971C4385463E
S214000E703B95A6005D8D012508C39377860073A079
S214000E8007300145828005458280AA858146014655
S214000E9001456F20802A4111814522E006E42A841C
S214000EA0EF20603203B5012B3C6591C38297228503
S214000EB0EF801025011122E8A967296413048453E2
S214000EC093870754818F26E406EC93D4374081C875
S214000ED0E1173E941C60FD1461148297E5FCE26005
S214000EE04264A26405618280011122E84AE0296416
S214000EF0296993079452130999523309F94006EC6D
S214000F0026E413593940630B0900130494528144B4
S214000F101C60850421048297E31C99FE29642969D4
S214000F2093070453130989533309F9401359394079
S214000F30630B09001304045381441C6085042104D8
S214000F408297E31C99FEE2604264A264026905612E
S214000F5082801D7122F032F806F436FCBAE0BEE458
S214000F60C2E8C6EC2A842E8619C11C5999CB0C6897
S214000F701418228536ECEF002026A2700274256134
S214000F8082802EE4EF3040742266D5B7597122F085
S214000F9003B4012EB2E006F42EFCB6E4BAE8BEECCA
S214000FA0C2F0C6F42A8619C01C5899CB0C683418AF
S214000FB0228536ECEF004022A270027465618280C2
S214000FC02AE42285EF3040702266CDB75971A2F030
S214000FD02A842E85A6EC86F4AE84EF00E016A96778
S214000FE0938707DBBEE08547BEE41C181307150091
S214000FF03EEC894726F82AFC3AF43ED035C01C5809
S214001000A9CF0C68A9679387070A6388F506A967BE
S214001010938787066385F506A96793870703638228
S214001020F5068397050113972703634D070003A76B
S214001030850A8966D58FF976FD16758F2398F50093
S21400104023A4E50A30082285EF30501A0DED294515
S214001050A6700674E664656182802285EF30C066FD
S2140010601C580C68C5F322852EE4EF30E065A265B7
S214001070A9679387070AE39CF5F80C645DB70C68CC
S2140010804DB70C6C79BF7D55E1B75971A2F0A6EC4F
S21400109003B4012EAA8486F4EF00000BA967938799
S2140010A007DBBEE08547BEE41C18130715003EECC0
S2140010B0894726F82AFC3AF43ED035C01C58A9CFFA
S2140010C00C68A9679387070A6388F506A96793875C
S2140010D087066385F506A967938707036382F50687
S2140010E08397050113972703634D070003A7850A17
S2140010F08966D58FF976FD16758F2398F50023A49B
S214001100E50A30082285EF30700E0DED2945A670F1
S2140011100674E664656182802285EF30E05A1C58CA
S2140011200C68C5F322852EE4EF30005AA265A96745
S2140011309387070AE39CF5F80C645DB70C684DB717
S2140011400C6C79BF7D55E1B7937775002A87A9EBBC
S21400115083B68122FD5510632107B377D600B69774
S214001160D18FD58FE389B7FE834687FFB307A740A5
S214001170A9C6834697FF9DCE8346A7FFA9C683468A
S214001180B7FF9DCE8346C7FF0346D7FF0345E7FF5D
S21400119095CE21C23335A0003E9579158280CDDAF2
S2140011A083470700050793767700F5FB098F13053D
S2140011B0F7FF8280138597FF8280138587FF8280E2
S2140011C01385B7FF82801385A7FF82801385C7FF2C
S2140011D082801385D7FF8280130101D9233411261C
S2140011E0233C9124233821252334B121AE84B28DAB
S2140011F036EC233081262334312523304125233C09
S2140012005123233861232334712323308123233C45
S21400121091212338A121A2BFA6BBCAB7CEB3D2AFB5
S2140012202A89EF3070401C613E853EE5EFF0DFF125
S214001230AAFC630609008327090363830742A9679C
S2140012409387070A6386F442A967938787066384B1
S214001250F442A967938707036394F4006F100008AD
S21400126083960401096693970603C193B3F5C700F6
S21400127095E183A5840AB3E7C6009B970701F97634
S2140012809BD70741FD16ED8E2398F400C21723A4C2
S214001290D40AC19393F68700E386061C946CE38316
S2140012A0061CE98BA946E38CD71C87B4012387B9B3
S2140012B0012507B4812307B9012483B78124130AC3
S2140012C0011582F43EED83C70D00D2E982F182CD8E
S2140012D002F002F402E982F082F802E102E45288A7
S2140012E0638007186E84930650026388D766834728
S2140012F014000504FDFBBB09B441638309160E7692
S214001300EE462330B8014E96852623343801B2F1D6
S214001310B6CD1B8606009D464108E3CEC60E226764
S2140013203B87E9003AE4638D0712A969034314007A
S214001330A307010A0504FD58814A814C130BA0053A
S214001340938989E1254D05049B0B03001306A00233
S2140013509B870BFE9B8607006367DB008217F9837B
S214001360CE979C438287638D0B0E2304710FA307D1
S214001370010A85490146014D054B814802F802FCE9
S21400138082EC930D810E93F22C0063830200892970
S21400139093FF4C088E7763960F00BB863A416344F2
S2140013A0D0161DC2EE461306F10A2330C800852665
S2140013B0054685072334C800B6CD1B860600BEF159
S2140013C09D46410863C0C61C63830202EE461019A0
S2140013D02330C8008526094689072334C800B6CDC1
S2140013E01B860600BEF19D464108E3CFC604930661
S2140013F000086387DF6ABB8868416349107393F609
S2140014000C106393065E6E47DA972330B8019B068E
S2140014101700368723346801BACDBEF11D476340F6
S214001420D722410813FE4C0063060E003B8B3A4160
S214001430E342600B568763D33A014E87A266359F18
S2140014403AE46393077682CD63060D00EA854A8503
S214001450EF3000355288A28D83C70D00E39407E86D
S2140014608E77638007769009A6854A85EF60E0341C
S21400147089AF814A834604009B972A00BB8A57019E
S2140014801B830BFD9B9A1A009B8706FD0504BB0A6F
S21400149053019B8B0600E37FFDFC5DBD93F78C003C
S2140014A0E39A072AE2679C23A1073EECBEB4D3A7C3
S2140014B0F72273271000D397F4A273101700E38562
S2140014C0072CD30700F22637D317F7A299C36F105D
S2140014D0A0040346F10A9307700463C477016F0003
S2140014E0F07B2967930D07DC13FEFCF702F802FC7D
S2140014F082EC9B0C0E008D49014D0D4B8148E30498
S21400150006E8852949B5A96EC1456E46138C8EF846
S214001510414F9D4363C6D500B1A0C1366354DF0476
S2140015200526C107233088012334E801BEF1B2CD79
S2140015304108E3D4C3FE9009A6854A85B6E8C6E40A
S214001540FEE016E8EF60602763170566C666414F43
S2140015508E77C1366E46A668866FC26252889D43F5
S214001560E340DFFCB6979B0516002334D8002330F3
S2140015708801BEF1AECD9D46E3C2B65C0346F10AD5
S214001580410805B59009A6854A85C6E4FEE016E83A
S214001590EF60A022631105628E77A668866FC2622E
S2140015A052881DB5EE48027705459B861800233005
S2140015B0B8018507B68513060801E353E50A054515
S2140015C0AECD2334A800BEF19D45E3C7D54A667765
S2140015D0AA658526BA970CE218E69B850600B6CD66
S2140015E0BEF19D464106E3C5B64AD30700F226374C
S2140015F002779B8815005325F7A2C6861B0BF7FFBC
S21400160013080601E31E050613871D00DA9718E285
S21400161023346601BEF1C6CD1D47E34817331307D2
S21400162006029B88250042863A88CA66980118E218
S214001630B69714E6BEF1C6CD1D47E35517DF9009F1
S214001640A6854A85EF606017631705568E77528821
S214001650D1BB13EE0C01034304009B0C0E00E5B156
S2140016604A85EF306006A9679387070AE39EF4BCB5
S21400167083348900F5B683340901DDB613EE0C0118
S2140016809B0C0E00E26693F70C0213878600E3823B
S21400169007049C62BE89E3CB0704FD576388F858AD
S2140016A013FEFCF71B0D0E00E392094E6384080040
S2140016B06F10E070EA8C3AEC8148014B930DC11430
S2140016C00346F10A9B89080063D468019B090B0056
S2140016D002F802FC82EC014DE30706CA1DB5E2677C
S2140016E0A307010A83BD0700138C8700E3890D302A
S2140016F0FD57E388F850468681456E8542EC46E8FD
S214001700EF30D07EC26862682A8D19E16F104029DA
S2140017103B0BB5410346F10A9349FBFF93D9F943C6
S21400172062EC02F802FC82ECB3F96901014D8148D3
S214001730E30B06C4F9B36267A307010A1C4321073B
S2140017403AEC2304F10E35B113EE0C019B0C0E009F
S214001750E26693F70C02138786006383077A83B9E1
S214001760060013FEFCBF1B0D0E003AEC8147A307D4
S214001770010A7D576389E81E137EFDF79B0C0E0059
S2140017806392091E6395082285FB137B1D00930D4B
S214001790C114E3070BF293070003A305F114930D9E
S2140017A0B11439BFE26693F70C029862A10636ECD4
S2140017B0639D077893F70C016399077893F70C04F9
S2140017C099C36F10800413FE0C20A26763140E00EA
S2140017D06F10C05D2300F700A28DBDB913EE0C029A
S2140017E0034304009B0C0E00B9BE6267E17793C703
S2140017F007832318F10AA96D9307870013EE2C00C0
S2140018003EEC93878DDD3EF4833907001B0D0E00FA
S2140018108947930B8007A1BF034304009307C006C4
S214001820E306F31C13EE0C019B0C0E0029BE0343CB
S214001830040093078006E302F31A13EE0C049B0CD5
S2140018400E0011B613EE8C00034304009B0C0E0032
S214001850DDBC13EE0C011B0D0E00E26693770D0245
S21400186013878600638D076A83B9060085473AECBE
S214001870FDBD13EE0C08034304009B0C0E00E1B400
S214001880E2670343040083AA0700A1073EECE3DCFB
S2140018900AAABB0A504185A84A8542F846E8EF30B6
S2140018A0A0581C653E853EE1EFF01F8AAA874A8550
S2140018B0BE8BBEF8EF3040571869C2684278BAF05F
S2140018C003430400E3810BA8E30F07A68347070042
S2140018D0E38B07A613EE0C409B0C0E00ADB413EE84
S2140018E01C00034304009B0C0E00B1BC8347F10AA6
S2140018F003430400E39907A493070002A307F10A31
S21400190099B40343040013EE4C009B0C0E0025BC58
S2140019109307B00203430400A307F10A2DB4834BD8
S2140019200400930714006394CB006F10205F9B861F
S2140019300BFD3E848148E36DDDA0834B04009B973E
S2140019402800BB8817019B981800BB88D8009B8688
S2140019500BFD0504E373DDFEE5BABB09B441E3867F
S214001960099C71BA668D05476384E72C094763892D
S214001970E704130BC114DA8D93F7790093870703F6
S214001980A38FFDFE93D93900EE86FD1DE39609FE72
S21400199013761D0031C6130600036383C704F916C9
S2140019A0A38FCDFE3B0BDB40EA8CB68D11BB054703
S2140019B06394E7006F1080360947668DE39BE7FA6D
S2140019C0130BC114DA8D227793F7F900FD1DBA9731
S2140019D083C7070093D949002380FD00E39509FEDD
S2140019E03B0BBB41EA8CE9B993065006E3DC76BBB9
S2140019F0D30700F22637D326F7A2638806346E474D
S214001A00A966938606E105272330D8008507854614
S214001A102334D800BACD9B060700BEF11D47410807
S214001A20E34BD7146A578276635CD7502A67E6760C
S214001A3041082338E8FE6E47B697233CD8FE0527B4
S214001A409B060700BACDBEF11D476347D7760277DF
S214001A509B0BF7FFE358709DA96EC1466E47138C2B
S214001A608EF9414B9D4D63C776016F003021C13B17
S214001A70E3567B210527C1072330880123346801FC
S214001A80BEF1BACD4108E3D4EDFE9009A6854A859D
S214001A90EF50B052631105128E776E475288C1BF61
S214001AA03B8F3A41E359E095A96E4146EE46138CCA
S214001AB08EF9C14F9D426346E60189A0413F63DF30
S214001AC0EF038526C107233088012334F801BEF1D1
S214001AD0B6CD4108E3D4D2FE9009A6854A85C6E075
S214001AE07AE8EF50904D61E9426FC14F8E77413FE3
S214001AF0EE46866852889D42E3C5EFFD1B861600BB
S214001B00FA97233088012334E801BEF1B2CD9D4612
S214001B104108E3D2C68E9009A6854A8546E8EF506E
S214001B20D04951E98E77C2685288F1B0A96E414615
S214001B30EE46138C8EF9414F9D4F634616013DA825
S214001B40C138635D1F038526C1072330880123340F
S214001B50E801BEF1B6CD4108E3D4DFFE9009A685C4
S214001B604A8546E8EF50704539E5C268414F8E77A2
S214001B70C138EE4652889D4FE3471FFD1B86160070
S214001B80C6972330880123341801BEF1B2CD9D4696
S214001B904108E3D6C6869009A6854A85EF50F041EF
S214001BA019E98E775288A1B89009A6854A85EF5024
S214001BB0D040E30A058863060D00EA854A85EF20D3
S214001BC0303E83D7040193F7070499C36F10E00BE8
S214001BD08330812603340126226583348125033928
S214001BE0012583398124033A0124833A8123033B68
S214001BF00123833B8122033C0122833C8121033D58
S214001C000121833D81207E34DE343E399E397E2A92
S214001C101301012782809009A6854A85EF50F03986
S214001C204DF18347040052886FF06FEF668D3AECF3
S214001C30A54763EB37679B890903A3053115EA8C33
S214001C40054B930DB114ADBC9009A6854A85C6E038
S214001C507EE8EF50903625F18E778668C26F528800
S214001C606FF0EFF8A6854A85EF10E03919C16F10BE
S214001C70C00183D70401A946E98B6398D7E283970E
S214001C80240163C407E203340126E266833081261A
S214001C9083398124033A0124833A8123033B0123B9
S214001CA0833B8122033C0122833C8121033D0121A9
S214001CB07E34DE343E399E397E2A6E86A685833D86
S214001CC08120833481254A850339012513010127A4
S214001CD06F10202AA96EC1466E47138C8EF8C14C31
S214001CE09D4B63C6660125A8413B63DA6C03052756
S214001CF0C1072330880123349801BEF1BACD4108CC
S214001D00E3D4EBFE9009A6854A85EF50102BE3142A
S214001D1005EA413B8E776E475288E3CA6CFD9B0608
S214001D201700DA972330880123346801BEF1B6CD58
S214001D301D476351D7F09009A6854A85EF50F027D6
S214001D40E31B05E68E776FF0EFEE6A56635CC058CD
S214001D50666782761B0B070063C6E63C635060032B
S214001D60EE46DA972330B8011B8616002334680146
S214001D70BEF1B2CD9D464108E3CBC6249346FBFF99
S214001D806667FD96337BDB003B0B6741634B604920
S214001D90666793F60C40338BED0063970678EA5639
S214001DA0027763C6E60013F61C00E30F06222A66D7
S214001DB0667741082338C8FE6E46BA97233CE8FE8D
S214001DC09B051600BEF1AECD1D46E345B63A02773A
S214001DD03B06D7406E973B076741B2866353C70002
S214001DE0BA869B8B060063507003EE46DE97233060
S214001DF068019B85160023347801BEF1AECD9D4662
S214001E004108E3CDB66293C6FBFFFD9633F7DB00D1
S214001E103B0BE640635860E1A96EC1466E47138CE3
S214001E208EF9C14D9D4B63C766016F00B033413BD1
S214001E30E3DA6D330527C107233088012334B80160
S214001E40BEF1BACD4108E3D4EBFE9009A6854A85DB
S214001E50EF50B016E31105D68E776E475288C1BF95
S214001E6013F31C00631D03F42334A800BEF1B6CDA3
S214001E701D47634CD72C8928130808026FF0EFFA29
S214001E80635560FB4147634467016F10E006A96E27
S214001E90138C8EF9C14D9D4B31A0413B63D96D2902
S214001EA09B861500C107233086012334B601BEF198
S214001EB09B850600B6CD4106E3D1BBFE9009A685FC
S214001EC04A85EF50900FE31805CE8E77EE45528682
S214001ED0E9B793F70C016393072493F70C04638E1A
S214001EE0075C83990600CE8763D907FA9307D0026A
S214001EF0A307F10AB30930413AEC668D854795B8D9
S214001F0093F70C016398072093F70C0483A9060047
S214001F10638E075AC21993D909036FF09F8493778B
S214001F200D016393071E93770D0483A90600638C47
S214001F300756C21993D909033AEC85476FF03F83D9
S214001F4013F71C00630007CED5B4A267A28D1CE36E
S214001F506FF08FD0E26742F846E8BD07C19B886302
S214001F608C67C1073EECEF705032D307A522AAB4A7
S214001F70C268D3A7F722427873271000D397F4A23B
S214001F8073101700639F07D2A637D3A7F7A2E38084
S214001F90076693071006E38CFB5693071004E38648
S214001FA0FB24FD5713FBFBFDE384F80A930770043C
S214001FB0E302FB60267793E70C108127E689E3456A
S214001FC00746530A07F2BE8C02E8014D93076004E9
S214001FD0E304FB0E9307500442F853054A23E30834
S214001FE0FB58BC0146867819341989454A8546F05F
S214001FF0EF10804C9307700482784278AA8DE3161F
S214002000FB7493F71900B3061501E390070E2E6CC8
S2140020106A57BB07BC413EF0BAEC93077004E30571
S214002020FB0493076004E30BFB18E66793051004B4
S21400203093F6FB0FFD373EDD01466316BB00BD265B
S21400204093F6F60F05462300D10C9306B00263D72D
S2140020500700666785479306D002999FA300D10CB8
S214002060A546E3D1F6569308F10CC6852945930E8E
S2140020703006BBE6A7022E863E8EFD159B8606031F
S214002080A30FD6FEBBC7A702E3C5CEFF9B870703F9
S2140020909306E6FFA38FF5FEE3F5166B9307210C78
S2140020A083C5060085068507A38FB7FEE39A16FF4D
S2140020B09307110D918F1307210CBA979401959FE2
S2140020C03EE9027785463B0BF700DA87E3D9E65E02
S2140020D066773B8BE7009347FBFF13FEF9BF93D968
S2140020E0F743012EB3793B01936C0E10812902F859
S2140020F002FC82ECC267E39007020346F10A8148BD
S214002100630306A86FF0EFBF83B9060085473AEC75
S2140021106FF0EFE583B906006FF0AFE49C62BE890E
S2140021206FF06FD71B8B0600E34C60C381B99B88AA
S214002130150013070601DA9723308601233466015B
S214002140BEF1C6CD9D4663D316679009A6854A851F
S214002150EF50A066E31105A6EE488E771308011629
S214002160852852866FF06FCCA96D93878DDD930618
S21400217080073EF4626693F70C0213078600F5C7E5
S2140021808339060093F71C0089CF638C090013EE91
S2140021902C00930700032308F10AA308D10A9B0C1E
S2140021A00E0013FEFCBF1B0D0E003AEC89476FF0C5
S2140021B00FDC668D6FF06FEA9009A6854A85EF50B2
S2140021C0C05FE31A059E8E77528851B0A96D93873B
S2140021D00DDF930680053EF471BF13EE0C2003431B
S2140021E014009B0C0E0005046FF0EF9513EE0C0226
S2140021F0034314009B0C0E0005046FF0CF94994720
S2140022009B89080063E0175F296762EC014D4E8BDF
S2140022100146814802F802FC82EC930D87E06FF0DD
S2140022208F96A96E4146EE46138C8EF9C1489D4B9B
S214002230634666015DAC413B63D9682B8526C107C2
S2140022402330880123341801BEF1B6CD4108E3D40B
S214002250DBFE9009A6854A85EF502056E31D0594BF
S2140022608E77EE465288C148F9B793F70C01638A19
S214002270070E8339060039B79009A6854A85EF50C0
S214002280C053E31A05928E77EE4652866FF02FB44F
S2140022909009A6854A85EF504052E31E05908E773A
S2140022A0EE4552866FF06FB493770D403EF0130BF9
S2140022B0C114F9EFDA8DA946A545B3F7D90202771E
S2140022C0FD1D4E8605273AF09B8707032380FD00F9
S2140022D0B3D9D902E3E3C5FE6FF08FF083348901EA
S2140022E06FE01FF8EE46A965938505E18526233045
S2140022F0B800850785452334B800B6CD9B85060013
S214002300BEF19D46410863C9B64A631606120277B7
S21400231093F61C00D98E638706906E466677AA668B
S214002320BA972330D8009B0616002334E800BEF187
S214002330B6CD1D466342D650410805A29009A68533
S2140023404A85C6E4FEE016E8EF502047E31505860A
S2140023500346F10A8E77A668866FC26252886FF0CF
S2140023604F8493F70C048329060063890716C21965
S21400237093D9090301BD9009A6854A85EF50E0432D
S214002380E31B05828E7752886FF0CFE93AEC4DB0AA
S21400239002F05A86A946A54C130CF00F39A0B3D705
S2140023A0D90263FF3CE3BE896E860277930DF6FF83
S2140023B005273AF0B3F7D9029B870703A30FF6FE6B
S2140023C0867783C70700E31CF7FCE38A87FD63F97B
S2140023D03CE1C6778A6542F8B38DFD403E866E8541
S2140023E046E8EF50C0220677A946B3D7D90203467F
S2140023F01700C26842783336C000329702F0BAF04F
S2140024005DB76E8542E8EFE03FD41B0B0500034640
S214002410F10A9349FBFF93D9F94362EC02F802FCF8
S21400242082EC4268B3F96901014D814819E26FE018
S2140024309FF56FF00F8DEE456677AA664108BA974E
S2140024402338D8FE9B861500233CE8FEBEF1B6CDA9
S2140024509D4563C3D53EE34E060202771B861600F3
S2140024602330B801BA972334E800BEF1B2CD1D4739
S2140024706344C7006FE0FFFA6FF06F9C9B0617007F
S214002480DE972330880123347801BEF1B6CD1D4790
S2140024906344D7006FE0FFF86FF06F9A2967930DDB
S2140024A087DB6FF06F8493770D20638B073693F985
S2140024B0F90F3AEC85476FF08FAB93F70C20638CDF
S2140024C0073483890600CE876FF0EF9C93F70C20C5
S2140024D0638F073493F9F90F6FF0AFA893F70C20CA
S2140024E06381073293F9F90F71B91B861600DA97E4
S2140024F02330880123346801BEF1B2CD9D464108E1
S214002500E3D8C6889009A6854A85EF50002B631449
S21400251005EA8E775288ADB89307D002A307F10A72
S2140025201306D0026FE03FFB0277A96E1D436E973D
S214002530BAE06277414C938B8EF951CB427759EBD8
S21400254006777D17BAF062777D37BAE48A664677F3
S21400255041082338D8FEEE46BA97233CE8FE1B8691
S2140025601600BEF1B2CD6344C31E067703460700CD
S21400257006671B0F0600BB056741BAE8FA8663D3F9
S214002580E501AE869B8F06006354F0036E46FE9709
S214002590233068019B0616002334F801BEF1B6CD41
S2140025A06342D31C06774108034607001B0F06004C
S2140025B093C6FFFFFD96B3F6DF003B0FDF40634B8D
S2140025C0E0116277329B09CF26673AFC25FB4277FB
S2140025D06303072842777D373AF86277BAE4BDB7D7
S2140025E029639D4EC14B130C83F9C275638805267B
S2140025F08A66467741082338D8FEEE46BA97233CCB
S214002600E8FE1B8616001B87F5FFBEF1B2CD3AF832
S21400261063C4CE1206770346070006671B0F060044
S214002620BB056741FA8663D3E501AE869B8F06003D
S2140026306354F0036E46FE97233068019B0616002F
S2140026402334F801BEF1B6CD63C0DE140677410828
S214002650034607001B0F060093C6FFFFFD96B3F662
S214002660DF003B0FDF406344E001329BBDBFEE4618
S21400267063C6EB013DA8413F63DDEB038526C1073A
S2140026802330880123347801BEF1B6CD4108E3D467
S214002690DEFE9009A6854A857AE8EF500012631C94
S2140026A005D0426F8E77EE46413F52889D4EE3C777
S2140026B0EBFD1B861600FA97233088012334E801C9
S2140026C0BEF1B2CD63C1CE280677410803460700A7
S2140026D0329B21BFEE466346EC013DA8413F635D59
S2140026E0EC038526C1072330780123348801BEF128
S2140026F0B6CD4108E354D3FE9009A6854A857AE80C
S214002700EF50A00B631905CA426F8E77EE46413F25
S21400271052881D43E347ECFD1B861600FA972330CC
S21400272078012334E801BEF1B2CD6340C3200677BA
S21400273041080346070071B59009A6854A85EF5003
S214002740C007631A05C68E7752889D4EE1B590097C
S214002750A6854A85EF506006631F05C48E775288AB
S2140027601D4321B59009A6854A857EE8EF50E00412
S214002770631305C48677C26F528803C607001D43DD
S2140027808E771B0F06002DB59009A6854A857EE834
S214002790EF50A002631105C28677C26F528803C647
S2140027A007009D4E8E771B0F06007DB58528130803
S2140027B007013A866FE07FE79009A6854A85EF40D5
S2140027C0D07F631A05BE6A568E7752883DBE900942
S2140027D0A6854A85EF40707E631F05BC8E775288BB
S2140027E06FF0CFD999490DB43B06D7406E973B0B97
S2140027F0674132876353CB005A879B0B07006FF005
S2140028008FE0821993D90902B5BAA267A28D231068
S214002810F7006FE07FC483A90600CE876FE0BFE7AE
S214002820821993D909023AEC85476FE05FF4821962
S21400283093D909026FE0FFF29009A6854A85EF401A
S214002840D077631A05B66A568E77EE46528821B15F
S21400285099486FF02FF602776E97BAE8466763706E
S21400286067D53A8B6FF0AFD3F5576344F70063D75D
S214002870E800F93B13FBFBFD6FF02FFB8277634FFD
S214002880F73C93F719003A8B81C7E6773B8BE70056
S21400289093F9094063850900E667634EF05893494B
S2140028A0FBFF93D9F943B3793B018129930B70065B
S2140028B002F802FC6FF01F8453054A23BC0134194A
S2140028C0468678198D454A8542F846F0EF00D03E98
S2140028D0834605009307000382784278AA8D6387B3
S2140028E0F60AEA57C697B386FD00D30700F2368C81
S2140028F0D327FAA2639E07F02E6C637BDCF01306E8
S214002900000393071C00BEE52300CC002E6CE36A90
S214002910DCFE6FF0EFEF9307D002A307F10A130671
S214002920D002814885296FE01FA69009A6854A85B2
S214002930EF40B068631105A8867752881D4303C62A
S21400294007008E77BDB99009A6854A85EF40F066E8
S214002950631305A6867752889D4E03C607008E77BA
S214002960329B61B19B0617003687DA9723308801C1
S2140029706FE05FAA9009A6854A85EF401064631C45
S21400298005A2EA568E7752886FF06FC4D30700F21E
S214002990D327FAA2B9F78546BB8716413EDD99B71D
S2140029A00346F10A62EC02F802FC82ECC689468B0A
S2140029B0814819E26FE03F9D6FE0BFB493F71900BE
S2140029C0B3E7F8006353E0506393074E3A8B930BDC
S2140029D0600693F90940639209469349FBFF93D931
S2140029E0F943B3793B018129E1B593070003230836
S2140029F0F10A9307800593E92C00A308F10A9307D0
S214002A0030068129014D930D810E63C31739A677D1
S214002A1013EE2C1002E8538A07F2D38707F29B0CBA
S214002A200E0013FBFBFD63C5072093071006638E9D
S214002A30FB3C93071004639BFBD853054A232819D5
S214002A4042F846F0EF40B017D3773513530700F23D
S214002A5082784278D3A7E7A299C385473EDD2966E8
S214002A60130606DF939E080293DE0E02850ED3063B
S214002A7000F2EE9E6E8C3B8F1D0121A0D3A7D7A23D
S214002A8085EBD3F787126285050CBB068F41D3977B
S214002A9007C29B850700B30FB60083CF0F0053878E
S214002AA007D2A30FFCFFD3F7E70AE319DCFDFD56B8
S214002AB0D317F9A263970726D3A727A381C78589CB
S214002AC0639105269B87F6FF63C406D433068041D0
S214002AD01D8A930E7600AD4F1B8F06009B85160051
S214002AE063F3FE01AD4E636CDF4563080644930E48
S214002AF000032300DC01054F09059B87E6FF6305FD
S214002B00E607A300DC01094F13052C009B87D6FFC0
S214002B10630CE6052301DC010D4F13053C009B8783
S214002B20C6FF6303E605A301DC01114F13054C0045
S214002B309B87B6FF630AE6032302DC01154F1305E5
S214002B405C009B87A6FF6301E603A302DC011D4F22
S214002B5013056C009B8796FF6318E60113057C003F
S214002B602303DC019B8786FF919D9BDE35006296E2
S214002B708E0E1B8F0500B29E6A672106233CE6FE7A
S214002B80E31CD6FFE1998125139605020192329542
S214002B908D9F6387E509130600032300C50063C104
S214002BA00708A300C500635DF0062301C500854540
S214002BB063D8F506A301C500894563D3F50623024D
S214002BC0C5008D4563DEF504A302C500914563D9B3
S214002BD0F5042303C500954563D4F504A303C50097
S214002BE0994563DFF5022304C5009D4563DAF502C7
S214002BF0A304C50021466355F60213060003230509
S214002C00C500A54563DEF500A305C500A94563D943
S214002C10F5002306C500AD4563D4F500A306C50040
S214002C208526369C6FF0CFBED30707F2014DBE8CCB
S214002C309307D002539AF7223EE8C5BB9009A685B3
S214002C404A85EF40903719C16FE0FFF66A56027763
S214002C508E7752883B06C7406FF0EF9A3E87E6773E
S214002C60930B70063B8BE7006667E344E0D6BB0732
S214002C70EB4085271B8B07009349FBFF93D9F9434D
S214002C80B3F737019B89070025B1FD573EE46FE097
S214002C903FF4A96EC1553B0BC040138C8EF9C1485A
S214002CA09D4B6346B60025A8413B63DA680385263C
S214002CB0C1072330880123341801BEF1B6CD410880
S214002CC0E3D4DBFE9009A6854A85EF40102F19C194
S214002CD06FE07FEE8E77EE465288C148F1B78526C4
S214002CE0DA972330880123346801BEF1B6CD1D463D
S214002CF06354D6E49009A6854A85EF40102C19C186
S214002D006FE07FEB8E77EE4652886FF00FF59307F5
S214002D1000032308F10A93078007F1B9668D6FE078
S214002D209FF1AAE58346FCFF8345F600E287639E93
S214002D30D50013050003A38FA7FEAE679386F7FFA3
S214002D40B6E583C6F7FFE388D5FE9B851600130518
S214002D50900393F5F50F6386A600A38FB7FE6FF07A
S214002D602FAB8345A600A38FB7FE6FF06FAA1B8C10
S214002D7018003419BC017819628689454A8546F0E0
S214002D80EF008073AA8D82784278B3868D01B1BE3B
S214002D909B8518004A8542F046E8EF20C02EC268A0
S214002DA00278AA8D6307051A2A8D95B11CC3A28DD9
S214002DB06FE08FEA639008A085486FF0AF9F3AEC0B
S214002DC06FE07FE79306210C19E6930600032301C4
S214002DD0D10C9306310C980B9B8707033386E6408D
S214002DE02380F6009B0716113EE96FF08FADA6779D
S214002DF063CF07100346F10A9307700463D4771174
S214002E002967930D07DD6FE02FEE53054A23281937
S214002E1042F846F0EF40A05AD3773513530700F236
S214002E2082784278D3A7E7A299C385473EDD296614
S214002E30130686DD05B9930B700686779306F00FAA
S214002E4002F883C7070002FC6387D7021306F00F59
S214002E5066679B86070063D0E7028675159FBAEC07
S214002E6083C715008DCF627705273AFC13871500B8
S214002E70BAF0E39FC7FC4277E277B99F4677BB87F5
S214002E80E702BB8767011B8B07009349FBFF93D9BB
S214002E90F943B3F737019B8907006FF0AFA5427778
S214002EA083C7050005273AF8E394C7FAE9B7E6773B
S214002EB0930B60063B8BE7003B0B1B0119BE93F69A
S214002EC01900638A06A06FF0AFA091E78549930BBF
S214002ED06006054BF1BAE677930B60068527BB883C
S214002EE017011B8B08009349FBFF93D9F943B3F8EE
S214002EF038019B8908006DBAA96E4287138C8EF93B
S214002F006FF06FA32967930D87DC6FE0EFDD930703
S214002F10D002A307F10A1306D002F9BD6267144374
S214002F20930B87009B88060063D30600FD58034377
S214002F3014005EEC3E846FE00FC1628535B1628599
S214002F4099B989473EE96FF0CF97468CB3868D01D5
S214002F5069BA83D7040193E707042398F4006FE067
S214002F605FC6AA8703B5012EB2862E86BE856FE0A1
S214002F70AFA683D7050103AE850A03D3250183B820
S214002F80850303B88504130101B3F59B13070040BE
S214002F902330814C2318F1002E841C198A85233C8B
S214002FA0914A2338214B2334114C2A8972D5231990
S214002FB0610046FCC2E43EE03EEC3AC63AD002D49B
S214002FC0EFE08FA1AA84635905028357010193F7A6
S214002FD0070499C78357040193E707042318F400EE
S214002FE08330814C0334014C0339014B26858334EE
S214002FF0814B1301014D82808A854A85EF10E036A9
S21400300069D5FD54D9B7011126E483B4012E22E810
S2140030104AE006EC2A892E8499C09C58B9CBA96749
S2140030209387070A630FF404A967938787066305E7
S214003030F40CA967938707036306F40E03170401CD
S2140030409317070393768700C193A9C6146CADC285
S21400305013F6170049C210502326040001453B060C
S214003060C04010D4C9C2E2604264A264026905612D
S21400307082802685EF104065A9679387070AE315C7
S214003080F4FA806403170401931707039376870006
S214003090C193CDFE93F60701C1CA918BA5E3146CCC
S2140030A013678700931707032318E400C193CDF234
S2140030B013F6072893050020E30CB6F8A2854A8588
S2140030C0EF10706103170401146C93170703C19384
S2140030D013F6170049F213F62700814511E20C504B
S2140030E04CC40145C9F293F70708B5DF1367070418
S2140030F02318E4007D5585BF806889B72C7081CD84
S2140031009307C4076387F5004A85EF1060690317C5
S214003110040123300406146C1377B7FD232404003F
S21400312014E0BDBF806C19BFA5472320F9001367C4
S21400313007042318E4007D553DB783B70141B1C7A6
S21400314098477D48634FE80605C903B80711630A28
S214003150080693183700C29823B0C8000323082037
S21400316005463B16E6003363C3002320682023B0E1
S214003170D81089466309D502930627008E060527D0
S21400318098C7B6978CE3014582809388016C23B874
S2140031901141130700009387016C5DD303370000CD
S2140031A023B8E71071BF832648200145558E930645
S2140031B027002322C82005278E0698C7B6978CE3DB
S2140031C082807D5582801D7156F4CAE003B90141A4
S2140031D086ECA2E8A6E44EFC52F85AF05EEC62E8F2
S2140031E066E46AE063040908AA8B2E8A054B7D5DB7
S2140031F083248900033C09111B84F4FF63480406FA
S214003200630D0A0863040C068E04B3099C00CA9476
S21400321031A07D34E119E114630AA40583B7890F50
S214003220E319FAFE832C890098649B87FCFF638F62
S214003230870423B4040071DF83270C20BB168B00A1
S214003240F58F8127B1C383274C2083B589FFF58F7F
S2140032508127A9C32E8502970327890083B70141DA
S21400326063149701E307F9FA3E89D9F3E6604664EA
S214003270A6640669E279427AA27A027BE26B426C25
S214003280A26C026D256182800297F9B7232489001B
S214003290A28C55B75E850297C1B7630E0C06939C49
S2140032A03400B30999011B87F4FF83B78900E29CB9
S2140032B0630A870423B409008DCB03270C20BB16B2
S2140032C08B00758F012739C303274C2083B58CFFED
S2140032D0758F012715EF5E8582970327890083B7D0
S2140032E00141E31397F8E311F9F87D34E119E11C85
S2140032F0E30EA4F78324890083B789001B87F4FFB5
S214003300E31A87FA23248900A2847DB78297F1B74F
S2140033102E858297D9B793993400CA991DA023B4F5
S21400332009007D3491CB82970327890083B701413A
S214003330E31C97F2E39A27F3E119E309A4F3832445
S21400334089001B87F4FF83B78900E31A87FC2324D0
S2140033508900A284F9B7397126F45C49C44906FC91
S21400336022F84AF04EEC52E856E45AE063C497144A
S214003370FD341393240013848501B3096400130AF3
S214003380850103AB09005293832703001B071B002C
S214003390AA8A3BD9E7024A8B63E8E7084165A28818
S2140033A05288814E01477D1583A60800032E08002B
S2140033B01108B3F7A600BB8727031BD60601B37612
S2140033C0AE001B5E0E0191083B062603BB87D701A5
S2140033D01BDF0701E98FBB07F740BD9E9BDE06415A
S2140033E0E98E3B06E6013377C5003B07EE403B0718
S2140033F0D7019B170701DD8E232ED8FE9B5E0601A4
S2140034001B570741E3F219FB8327030091EF711363
S21400341063666A0001A8FD3463766A0083270300AA
S2140034207113F5DB23AA9A005685EF30E01963473F
S214003430050641651B091B00D28581477D15104096
S21400344098419105B376A600959FB376A700B59FE1
S2140034501B5606019B560701919E1BD70741B99E36
S2140034601B870700698F9B9706015D8F110423AEAB
S214003470E5FE9BD70641E3F489FC93972400D29798
S214003480984309EFF1176366FA0039A0FD346375B7
S214003490FA009843F1177DDB23AA9A001B05090062
S2140034A0E2704274A2740279E269426AA26A026B0E
S2140034B0216182800145EDB755714EF5D30905E2CD
S2140034C003380504A2E126FD52F162E186E54AF9D9
S2140034D056ED5AE95EE5E6FCEAF8EEF432E436EC40
S2140034E04EF02A842E8ABA843E8C6304086A83359A
S2140034F0080085C1832788008546BB96F60082179C
S21400350082168193D58F9CE5EF2080723C6023B0B5
S2140035100700CE8D93DA0942814763D109027D59AF
S214003520861A1359090293D71A0033793901B367FB
S214003530F9003EF0BE8D93DA1A0285479CC0B707A5
S214003540F07FB3F7FA003707F07F638EE72ED307D6
S21400355000F253870DF2D327F7A295CF626785470F
S2140035601CC363010C66A967938717E1A96A233019
S214003570FC00938A0AE1AE600E64EA744A79AA797E
S2140035800A7A4A6BAA6B0A6CE67C467DA67D56854F
S214003590EA6A6961828053850DF2B008EC082285DC
S2140035A0EF30603A9BD74A01AA849BD64A01639FB4
S2140035B0072A6647F646130600028129B99E9B85B0
S2140035C026436355B666130600040D9E9B87264168
S2140035D0BB9ACA00BBD9F900B3E93A018129D3875F
S2140035E019D2370610FEFD36D38507E2854B93D7F2
S2140035F005023D9EFD5781930216ED8FD18F5387AE
S21400360007F287B7812507B60126D377F70A87B66C
S2140036108126538706D2C3F7C76A87B60127C377C2
S214003620D77A530700F2D39707C25396E7A21B88B0
S214003630070063100658159FD9471B09F7FF63E775
S2140036400755A9669317380093860614B6979C23E9
S21400365053870DF2D317F7A2638C07227D3882E0DA
S214003660014B634B0922635F082242E8A5473B0BE8
S2140036700B413B0E00412860014863ED4723954708
S214003680854963D44701713A814991476305FA7CBD
S2140036909547630FFA6E8947631BFA4C02F422665D
S2140036A06358C070B2E4B28C23240500FD47E3D112
S2140036B0C72E054791479B9717009386C7019B0522
S2140036C007000527E379D6FE0CC5228542FC72F872
S2140036D0EF20204B427E6278AA8AE309052C3860E8
S2140036E09B860C00B94708E363EDD71E638B091E63
S2140036F0C2676357F07E13F6F70029670E069BD75E
S214003700474013070714329713F607011823630080
S2140037100674296787370725D3860DF2BD8B8D453E
S214003720D3F7F61A91CF29671307072313F6170066
S21400373009C6142385255377D71285872107FDF7F9
S214003740D3F7E71A866799C707B78127D397E7A203
S214003750E39E071487B68128538705D2B707C0FCB7
S2140037604377F76A530607E213570602B99F139783
S2140037700702FD578193F18FD98F63840C704266E0
S214003780E685539707C29B8EF5FF2965530707D238
S214003790A2781B0707038E0E130505141377F70F81
S2140037A076952380EA001021D3F7E70A13851A00DE
S2140037B0E38F080207B70124D38607F25377C71AA8
S2140037C05377D70AD397E7A2E39107182A8D87B5D0
S2140037D08127054507B601283B05A54115A83B07E7
S2140037E0A501635FB70ED3F7C7125377C712050D4F
S2140037F0539707C2D30607D21B0707031377F70FA3
S214003800D3F7D70AA30FEDFED39EE7A2E3910E12DD
S214003810D3F6F50AD39EE6A2E3830EFC9B071600BA
S2140038203EE81306900331A0E384560D03C7F6FF67
S214003830368D9306FDFFE309C7FE05271377F70FBE
S2140038402380E60039A6626789679387F7701CC3F2
S214003850B20D639C0D06A96A938A8AFAE30D0CD012
S214003860A967938707FB2330FC0031B39397CD00FD
S2140038703706F03FB193D18F13960702FD57819319
S214003880B3F7B7016647D18F9B8616C0814B85BBC1
S21400389082E0014B6358090005433B0BE3400149B6
S2140038A0E34508DC42E8A54728603B092801014EAD
S2140038B0E3F747DD85478549014A3EF4FD5C02E4AF
S2140038C023240500E6E4814509B5A96A938A8AFBA4
S2140038D0E3030CCAA9679387B7FB2330FC0061B9E2
S2140038E06EF0F64763C6070C426639476342C70C5C
S2140038F029679317360013070714BA979823A26709
S21400390063D6070263449003639D0C5887B701296A
S214003910814B81495377F7128237D387E7A2638CAE
S214003920074CA267568D13C9F7FFF9A9027585479C
S21400393093851A00D30705F2D30605F2D3F7E71AE4
S214003940539607C2D30706D21B0706031377F70F53
S2140039502380EA00CBF7E76A01266384FC629B8734
S214003960E6FF82178193890787B50128530600F280
S214003970338DFA0025A0D3F6E71A8505D39606C23E
S214003980D38606D21B8706031377F70FA38FE5FEB1
S214003990CBF7E67A1B8606006386A55FD3F7B712D9
S2140039A053A7C7A269DBC2672E8D85273EE855A2BE
S2140039B02277630D072005476358474F9B87FCFF18
S2140039C06340FE48BB0BFE4063C00C62DA8D3B09C9
S2140039D099013B0B9B018545228542FC72F8EF203E
S2140039E0C057427E6278AA89635DB001635B20019E
S2140039F0EE876345B9433B0BFB40BB8DFD403B095F
S214003A00F94063000E04A2776383074C6357700384
S214003A10CE855E86228542FC72F8EF2070012686EF
S214003A20AA85AA892285EF20E05D2A8DA6852285B3
S214003A30EF2000206278427EEA843B067E41631DCA
S214003A4006588545228542F8EF2020514278AA8BF9
S214003A506345001F8547014D63DF4733854763197C
S214003A60081EBB872701FD8B6388071A1307000211
S214003A701D9F914663D7E6707147BB07F7403B8BA7
S214003A806701BB8DB7013B89270163456015635805
S214003A902001DE854A862285EF20F00DAA8B8667F8
S214003AA0639107146351902DA277639B071CC2672E
S214003AB085273EE8054A56893B0A5A4109A8A68545
S214003AC0814629462285EF20601CAA840509DE85EA
S214003AD02685EFF05F889B0D05032300B901BB0721
S214003AE02A01E3CE97FD054A635890011B8AFCFF26
S214003AF0021A135A0A02050A569A0149A68505466D
S214003B002285EF205007DE85AA84EF20F02B635530
S214003B10A02A9306900319A063834A3B0347FAFF43
S214003B20528D7D1AE30AD7FE05272300EA00DE85BC
S214003B302285EF20E00F638E090063080900630604
S214003B403901CA852285EF20A00ECE852285EF207A
S214003B50200EA6852285EF20A00DE267426723008F
S214003B600D0098C3E3090CA02330AC0129B48D479F
S214003B7002F46311FA5EA2674267B99F9B8C170036
S214003B80BEE46686E34290B3054639BE8547BEE08E
S214003B90C1BC13050002EF10E04D28E0630D055E82
S214003BA0232405002338050023300500233C0500A8
S214003BB08DB2538707D25326F7A2E31E06A61B88AC
S214003BC0F7FF95BCA96A938A0AE175B2F28BDA8D83
S214003BD0814919BDA6855A862285EF20C079AA8418
S214003BE07DB5DE852685EF20301EE35D05EAA685D9
S214003BF0814629462285EF206009C267AA841B8970
S214003C00F7FFA277BDE3A667BE8CE345F0EA094757
S214003C106342471D4AE8B1AAF1473B0BFB00BB8D48
S214003C20FD003B09F900E35460E76DB71306000298
S214003C30BB07B640BB99F9005DB2AA8542862285CD
S214003C40EF20005F85474278AA8B63DB471D014D56
S214003C5083A74B01FD3791078A07DE978847EF2039
S214003C60A02293070002899FEDBBCE858146294698
S214003C702285EF20A001A66CAA89635E904B4AE8D5
S214003C806358B001CE856E862285EF20C06EAA8965
S214003C904E8B631B0D309B87FCFF82178193850735
S214003CA0D6973EF8827756E4858B3EF0DE852685ED
S214003CB0EFF06FEAAA8CCE852685EF20F010DE8521
S214003CC02A895A862285EF20B0131C492A8D9B8D9F
S214003CD00C03AA85B5EF2685EF20100F2AF4EA8597
S214003CE02285EF10F074A2760277B367DA00D98FD8
S214003CF08127638A0740A267138D1700634E092247
S214003D00827733692A0133E92701012963060922EC
S214003D106343D036C277A30FBDFF638DA737A68552
S214003D20814629462285EF107076AA84CE85814684
S214003D302946228563836903EF105075DA85AA89C0
S214003D40814629462285EF1070742A8B6AE4B9BF33
S214003D502285EF10F06D854679BFEF103073AA8983
S214003D602A8B6AE4A1B7894763C84707A277E39915
S214003D7007F0DE852685EFF00FDEC2679B0D050394
S214003D80138A1A0085272380BA013EE80149BDB38D
S214003D9085473EF4CDB302779317C700E39007CC70
S214003DA0935707023707F07FF98FE38907CA61A0A8
S214003DB08547854C3EE429B609E513F71D00E31A4E
S214003DC007D4930600030347FAFF528D7D1AE30CCF
S214003DD0D7FEB1BBBE8C4AE8E3950CB4DE858146BF
S214003DE015462285EF10906AAA8BAA852685EF20B5
S214003DF0A07DE358A0B2C26713071003138D1A0004
S214003E002380EA001B891700DE852285EF105062AA
S214003E109B0719003EE8E39A09D225BBCA87E1BE94
S214003E208277B207E39507E282773707F07F8193C0
S214003E30F98FE38E07E08547052B05293E8D39B9B6
S214003E40BB8BC7413B880B013E8E814BB5BED387EB
S214003E500DF28945C1B885473EF46FF05F8487B69A
S214003E608128538705D2B707C0FC4377F76A530605
S214003E7007E213570602B99F7D5701938217718F89
S214003E80D98F07B70129D3F7E70A538707F25317E5
S214003E90F7A2631707265317E722D397E7A2E38113
S214003EA007A4814B8149B5BC638C0B1A9B873743AB
S214003EB0DA8D3B892701F28B3B8B670129BEC267EF
S214003EC0130710032380EA0085273EE88DB1A685F8
S214003ED07286228542F8EF20A0354278AA8495B6ED
S214003EE06381071CBB07F04013F6F70029670E0630
S214003EF01307071432971C2353870DF29BD74740AE
S214003F00D377F712638007245387F72229671307AE
S214003F1007230145894513F6170011C61423852586
S214003F2005455377D71285872107F5F7E30C0580FB
S214003F30D307E7226FF01F81C26785273EE86353E9
S214003F40D002A68505462285EF20E042DE85AA84BB
S214003F50EF2080676356A01C93069003638ADD00FB
S214003F609B8D1C03A2674E89DA892380B701C1B6F0
S214003F70A267130790034E892380E7006A8ADA89CE
S214003F8049BE2E8DD3F7F702C26785273EE8D316C3
S214003F90F7A2E3980688D3A6E7A2E38C06BA937640
S214003FA01600E390068875B683A589002285EF1073
S214003FB0503D2A8B6307052003A649019385090116
S214003FC0410509060A06EF10407BDA85054622857C
S214003FD0EF20603A2A8BC1B1A685228542F8EF20F1
S214003FE020254278AA84B1BCBB0D9B41EDB2538715
S214003FF007F2854E5376E6126384D515821587B68A
S21400400001288191338DBA00D3F7D712050553974F
S21400401007C2530707D21B0707031377F70FA30F31
S214004020E5FED3F7E70AE311A5FF07B70124D37629
S214004030E602D395F6A2639305FE5377C70A539715
S214004040E7A2E30F0788930500030347FDFFEA8610
S2140040507D1DE30CB7FE9B0716003EE8368DD5BCEB
S214004060664793076003DA8D999F3B892701F28B99
S2140040703B8B67018DB2C2679306900385273EE8A7
S214004080E388DDEEA2671B871D004E892380E700CC
S214004090DA8971BC3E8AC2674E89DA8985273EE88E
S2140040A0B1BCD3870DF289456FF0CFE9E3890CDA0E
S2140040B0A668E357108307B70128C2678525D3F79C
S2140040C0E7121B86F7FF538705D287B68128B70706
S2140040D0C0FCC68543F7E76A530507E21357050297
S2140040E0B99F7D5701938217698FD98F6FF06FE95B
S2140040F0C267130710032380E60085273EE891BCBD
S214004100814B8149CDB9A26793069003138D1700A2
S214004110C26785273EE8E38DDDE4E34320E599B5F5
S214004120E31205E493F61D00E39806E225BD9B071F
S21400413016003EE839BC0947E35347B54AE869B973
S2140041402A8DE5B589456FF0EFDF9B0716003EE840
S2140041502A8D01B4232405008145228542F472E4A9
S214004160EF103022226E2278AA8A29C13C607D5741
S214004170BAE488E3854702E4FD5C3EF4FD566FF042
S2140041804FF6E304D7901307C003BB07F74071B49C
S21400419081456FF08FD3A9662965938606FC014694
S2140041A09305A00E130585FDEF40101FA96629652F
S2140041B09386860101469305A01A130585FDEF40F8
S2140041C0B01DA96629659386860101469305A02E33
S2140041D0130585FDEF40501C83970501797122F089
S2140041E04EE406F426EC4AE893F687002E84AA8965
S2140041F0D5EA0567130707809445D98F2398F500FD
S2140042006350D010386859C7C217C193856683A417
S2140042100900FD8E23A009000C7CFDE601468546BC
S2140042204E850297FD572A866307F51083570401CB
S21400423038680C7C918B99C714443C70158E99C3D2
S2140042403C5C1D8E81464E850297FD576310F50C2B
S21400425003A70900831704016DCFF5466305D70051
S214004260D946631ED70E146C7D771307F77FF98F38
S2140042702318F4002324040014E02C7023A09900D3
S21400428091C99307C4076385F5004E85EF0040513A
S214004290233004060145A2700274E2644269A269F2
S2140042A04561828003B98501E30609FE84611397A0
S2140042B0070341930D8B23B02501BB84244181471E
S2140042C011E39C515CC463469000E9B72A99E35316
S2140042D090FC3C640C7CA6864A864E858297899C18
S2140042E0E346A0FE83570401A270E26493E7070446
S2140042F02318F40002744269A2697D5545618280E4
S214004300B85DE341E0F079B7506C2DB783570401F0
S2140043107D771307F77FF98F146C9B9707019BD760
S214004320074105672318F4002324040014E0F98FDE
S214004330A9D748EC99B783A70900E38907EE754724
S2140043406385E7005947E39FE7F823A099000145F6
S21400435099B77D771307F77F146CF98FD9B793E772
S21400436007042318F4007D553DB79C6DB9CF0111A5
S21400437022E806EC2A8419C11C599DCFA9679387A9
S214004380070A6389F502A96793878706638BF50298
S214004390A967938707036388F5028397050191C78A
S2140043A022854264E260056105BDE2604264014523
S2140043B0056182800C64D5B72EE4EF00E030A2657C
S2140043C075BF0C68D9BF0C6CC9BF0145828035C566
S2140043D01C6D011122E806EC2A84A9C303B5012E40
S2140043E019C11C59A9C3A9679387070A6304F40275
S2140043F0A967938787066309F404A9679387070369
S2140044006306F4048317040191CBA2854264E2603C
S2140044100561D9B3006583170401E5FBE2604264D9
S2140044200145056182802AE4EF00002AA967938788
S214004430070A2265E31EF4FAF1BF03B5012B916566
S2140044409385A5366F00501500696DBF006D5DBF82
S214004450A5659385C5C96F003014011126E41306BF
S214004460000B9B84F5FFB384C4024AE02E8922E841
S21400447006EC9385840CEF0010412A8401CD61057B
S214004480233004002324240108E81386040B814506
S214004490EF10A062E26022854264A26402690561B0
S2140044A08280797126EC83B4012B4AE806F49C5886
S2140044B022F04EE452E02A89D9C393840408930973
S2140044C0000B114A9C4480686357F006FD3782173C
S2140044D081938507B3873703A29729A01304040B9B
S2140044E0638B87040317040175FBC17785071CC817
S2140044F02324040A2330040023340400233C04004D
S2140045002320040223240402214681451305040ABD
S214004510EF10A05A23300406232404062330040890
S21400452023240408A27022850274E2644269A26908
S214004530026A45618280806019C4A28461B72685BC
S214004540EF00C0039DBF9305802D4A85EF00B03372
S2140045502A8419CD6105233004002324440108E889
S2140045601306002C8145EF10405580E0A28499BFC9
S21400457023B00400B1472320F9006DB7397103B7A3
S214004580012B916722F806FC26F44AF04EEC52E81E
S21400459056E45AE0938707453CE523300508232474
S2140045A00508233805082A846306E5102285EFF0FF
S2140045B05FEF08E42285EFF0DFEE08E82285EFF0F3
S2140045C05FEE046408EC91479CC82146814523B001
S2140045D0040023B4040023A4040A23BC040023A07C
S2140045E0040223A404021385040AEF10004D1D6B79
S2140045F0033904019D6A1D6A9D69130BAB43938AB8
S2140046006A47130AAA4C9389C951C16723B0640547
S21400461023B4540523B8440523BC340584FCA507FD
S2140046202328F900214681452324090A233009005E
S21400463023340900233C090023200902232409020D
S2140046401305090AEF106047046CB7070200233011
S21400465069052334590523384905233C3905233C8D
S2140046602903C9079CC823A4040A23B0040023B462
S214004670040023BC040023A0040223A40402138520
S214004680040A21468145EF104043854723B0640560
S21400469023B4540523B8440523BC340584FCE270D7
S2140046A01CD84274A2740279E269426AA26A026B5A
S2140046B02161828085471CD9D5BD03B5012BA56530
S2140046C09385C5C96F00406D1C5991E345BD828036
S2140046D079714EE4A96922F026EC4AE852E006F425
S2140046E02E8A2A8993898979EF10C04703B7090172
S2140046F085671384F7FD046733044441F1982694D4
S21400470031807D143204634BF40081454A85EF20E6
S214004710B04783B70901A697630EF5004A85EF10E8
S2140047208044A2700274E2644269A269026A01458A
S21400473045618280B30580404A85EF20F044FD57EE
S214004740630BF502AD6793878755984383B60901D7
S214004750818C93E414003B0487404A8584E680C33A
S214004760EF106040A2700274E2644269A269026AB5
S21400477005454561828081454A85EF20F04003B7B4
S2140047800901FD46B307E540E3DAF6F883B6812E65
S21400479093E717001CE7158DAD6623ACA654BDBF86
S2140047A0EDC5011122E826E42E84AA8406ECEF105B
S2140047B0603B033584FF130704FFA9659377E5FF85
S2140047C03306F70093858579146603B80501F19AD8
S2140047D06300C81414E605893308D60041E10333A4
S2140047E004FF0338880029653307674083380701CC
S2140047F01305857A9A97137818006388A80E0333F2
S214004800870123BC680023381301630D081493E660
S214004810170014E71CE29306F01F63E2F6088D8388
S2140048209B8617009B9616008E0603B88500AE96EC
S21400483088621BD627408547B397C700B3E70701B2
S214004840138606FF10EF08EB9CE598E218ED42642D
S214004850E2602685A26405616F10E03003358800AB
S21400486005890DE52965B6971305857A146A93E8D8
S21400487017003308F7006381A610106E90EE14EA56
S214004880233417012330F80079B7828093E61700A7
S214004890233CD4FE1CE29306F01FE3F2F6F893D610
S2140048A097001146636FD60893D667001B8596035C
S2140048B01B1515001B8686030E052E9514614115E3
S2140048C06305D50C9066719A63F5C700946AE31B7E
S2140048D0D5FE886E08EF14EB426418E9E260268580
S2140048E0A26498EE05616F100028631C080E0C6E1B
S2140048F0106AB69742640CEE90E993E61700E26001
S21400490014E726853E97A2641CE305616F10A02578
S2140049100589B69709E9033504FF098F146F106BF4
S214004920AA9714EE90EA13E6170083B6012F10E755
S21400493098E9E3EED7F083B501432685EFF05FD91B
S21400494039B751466372D60213064005636AD60429
S21400495093D6C7001B85F6061B1515001B86E606B4
S2140049600E05A1BFB69719B71B85C6051B15150002
S2140049701B86B6050E0591B798F598F108EF08EB7B
S214004980233417012330F800D9B503B885001B5629
S214004990264085473396C7003366060190E51DBF5F
S2140049A013064015636CD60093D6F7001B85860762
S2140049B01B1515001B8676070E0501B71306405516
S2140049C0636CD60093D627011B85D6071B151500EA
S2140049D01B86C6070E05D5B51305007F1306E00730
S2140049E0E9BD93E6170014E71CE295B51C6A638CD4
S2140049F0071A83D705011D71A2E852F856F486EC13
S214004A00A6E4CAE04EFC5AF05EEC62E866E46AE0B1
S214004A1013F78700328AAA8A2E8425C3986D31CF71
S214004A2013F7270003390A0035C73C640C7C370BA4
S214004A30008081498144134B0BC04E86568585C83D
S214004A40A68663739B00DA86812682976355A01438
S214004A5083370A01AA99898C3385A7402338AA0090
S214004A60630705103C640C7C4E865685F1F8833946
S214004A700900833489004109C9B7A2855685EFE04D
S214004A808FD8631805288357040103390A0013F7E3
S214004A90270041FF13F7170035EB44440860370B37
S214004AA00080934BEBFF014C8149134BFBFFA68C18
S214004AB06388090413F70720630A0712268D63F735
S214004AC09918CE8C4E8D6A86E285EF005065584464
S214004AD01C60CE84BB0C9741EA97232694011CE009
S214004AE0814903360A01269CB304964023389A006F
S214004AF0BDCC4444086083570401A68CE39C09FAA5
S214004B00033C090083398900410955B781490145AD
S214004B10814C014C630B0C0845C1CE8B63733C0182
S214004B20E28B08601C6C1450DE8463F7A7005C44BC
S214004B303B8BD700634D7B0963C4DB183C640C7C5D
S214004B40668656858297AA846357A0049B0705004D
S214004B50BB89F9400545638B090283370A01A69C89
S214004B60330C9C40B384974023389A00C5F4014523
S214004B70E6604664A6640669E279427AA27A027B17
S214004B80E26B426CA26C026D25618280A28556851E
S214004B90EFF0AFFD79D18317040193E707042318DC
S214004BA0F4007D55F1B701458280033C8900833CC3
S214004BB009004109E30B0CFE6286A9456685EF00F5
S214004BC0F032630F05120505BB099541B9B7E685B6
S214004BD05A86EF00D0541C60A2855685DA971CE0F2
S214004BE0EFF0AFF84DF9DA87DA849DB71C6C63E80E
S214004BF0A7021C5063E5F902CE8663F33B01DA8612
S214004C00BBC6F60238640C7C62865685BB86F60206
S214004C100297AA84E351A0F8B3899940D9B563F303
S214004C209900CE842686E285EF00704F5C441860BB
S214004C30BB869740269754C418E0F9FEA285568591
S214004C40EFF0AFF229F9B389994061BD13F7074831
S214004C50E30B07E604500C6C138719009B961400B0
S214004C60A59E0D8D9BD4F6011B0D0500B59C9BD40F
S214004C7014406A9763F5E4009B841900A99C93F797
S214004C800740A9CFA6855685EF00E03FAA8C25CD24
S214004C900C6C6A86EF00702E8357040193F7F7B703
S214004CA093E707082318F4003385AC01BB87A441BB
S214004CB0233C940108E004D0CE8C5CC44E8D21B514
S214004CC05E86E685EF00B045544418609B870B006F
S214004CD0BB8676415E9754C418E09DBD26865685F1
S214004CE0EF20202AAA8C69F10C6C5685EFF05FAB9A
S214004CF083170401314723A0EA0093F7F7F771BD45
S214004D009B091C0019BD31478317040123A0EA0044
S214004D1069B57D55B1BD5D714AF84EF452F056EC5A
S214004D205AE85EE486E4A2E026FC2E8A130905080B
S214004D30014B930A000B854BFD59832789000334EA
S214004D400901635BF0029B84F7FF8214819085045F
S214004D50B3845403A2948357040163FBFB008317B8
S214004D602401228563863701029A336B6501012B85
S214004D701304040BE39184FE03390900E31F09FAC8
S214004D80A6600664E2744279A279027AE26AA26BAD
S214004D905A85426B616182805D714AF84EF452F02A
S214004DA056EC5AE85EE462E086E4A2E026FC2A8C32
S214004DB02E8A13090508014B930A000B854BFD59F3
S214004DC08327890003340901635CF0029B84F7FFA4
S214004DD0821481908504B3845403A29483570401FB
S214004DE063FCFB0083172401A28562856386370176
S214004DF0029A336B6501012B1304040BE39084FEC7
S214004E0003390900E31E09FAA6600664E2744279D3
S214004E10A279027AE26AA26B026C5A85426B6161E1
S214004E20828013050510828029651305056F828030
S214004E3029651305056F8280011106EC22E826E439
S214004E400DC2A9659385050E32853284EF20806DEC
S214004E50A96411E91385840DE2604264A2640561C9
S214004E608280A964C5BF9385840D2285EF20806B60
S214004E7075D1A965938505E02285EF20A06A79D9CA
S214004E800145D9BF03C5019D8280011106EC22E8C9
S214004E9026E48DC12E84A9659385050E2285EF2014
S214004EA06068A96411E91385840DE2604264A26417
S214004EB005618280A964C5BF9385840D2285EF2095
S214004EC0606675D1A965938505E02285EF2080652B
S214004ED079D90145D9BF83D70501357122E906ED99
S214004EE026E54AE1CEFCD2F813F727002E8419CF28
S214004EF09387F5079CE19CED85479CD1EA604A6460
S214004F00AA640A69E679467A0D618280839525014E
S214004F10AA8463C905063000EF40A00B634205066D
S214004F20B249BD670569B3F9F9008967B389F940E5
S214004F3093B9190013090980130A0040930500402D
S214004F402685EF0040148317040121CD116713074F
S214004F500745B8E493E707082318F40008E008ECD0
S214004F602320440363940906B367F900EA60231814
S214004F70F4004A64AA640A69E679467A0D6182807A
S214004F808357040193F7070801499DCB9305000456
S214004F902685EF00400F83170401130A0004814999
S214004FA055F513F7072039FBF19B93E72700130706
S214004FB0F4072318F400854718E018EC1CD03DBF12
S214004FC0130A00408149930500409DBF83152401C4
S214004FD02685EF40A00301E58317040171B78357C8
S214004FE00401F19B93E717009B9707019BD70741A6
S214004FF0A5BF757122E12E8483952501A6FCCAF80B
S21400500006E5B284368963CC05023000EF30707C4A
S21400501063470502B2473D67AA60F98F0967998F13
S2140050200A6493B717002320F900930700409CE01A
S2140050300565E67446791305058049618280831705
S21400504004012320090093F7070899CBAA600A6495
S214005050930700049CE04679E67401454961828026
S214005060AA600A64930700409CE04679E67401450E
S21400507049618280AA8503B5012E31A0AA8503B5B1
S214005080012E6FF0EFF11D71A6E4CAE086ECA2E8EF
S2140050904EFC52F856F45AF05EEC62E866E49384EE
S2140050A075019307E0022A8963E7970493070002D5
S2140050B063E2B71EEF00102B93040002930700056F
S2140050C01146A96993898979CE978067138707FF68
S2140050D06303E41E1C64146C1068F19BA297986727
S2140050E014EE90EA136717004A8598E7EF00B0279A
S2140050F01305040165A2B7070080C19893C7F7FFA0
S21400510063EA971863E8B418EF00D0259307701F7A
S21400511063F1973A93D79400638D0726114763612E
S214005120F73093D764001B8697039B1616001B85E3
S21400513087038E06A96993898979CE968066C116FB
S214005140638F8616FD4531A063560728006C63887A
S21400515086161C64F19B33879740E3D7E5FE03B4BD
S214005160090229681308887A2A866311041783B708
S21400517089001B5726408545B395E50063F8B71AA6
S21400518003B40901033A8400937ACAFF63E79A00DE
S214005190B3879A407D476340F72203BA014303B7BB
S2140051A0812EFD57330C5401269A6302F73A856721
S2140051B0FD073E9AFD77337AFA00D2854A85EF20BE
S2140051C0A01CFD572A8B630BF53063678531AD6BEA
S2140051D0938B8B5503A70B00BB07470123A0FB004F
S2140051E0BE866300AC4003B7812EFD576307F740C9
S2140051F0B3078B41B59F23A0FB00137CFB0063061F
S2140052000C360567330B8B4193070701410BB387B9
S2140052108741B30C4B01338A97417D17337AEA00F6
S214005220D2854A85EF204016FD57630DF5403305BD
S21400523065411B070A002A9A83A70B0023B8690159
S214005240136A1A00B99F23A0FB0023344B0163099D
S214005250343B7D466378563B146413878AFE419B35
S214005260858AD98E14E4A545B306E4008CE68CEA5C
S2140052706361E63E033A8B005A8483B6814263F448
S214005280F60023B4F14283B6014263FDF62423B050
S214005290F14289ACB1472320F9000145E660466437
S2140052A0A6640669E279427AA27A027BE26B426CD5
S2140052B0A26C25618280806F0926E39D87E003B497
S2140052C0090229681308887AE30304EB1C64FD4688
S2140052D0F19B3387974063C7E61A23B4090323B0CC
S2140052E00903635F070A1307F01F6368F70E8D83D1
S2140052F01B8717001B1717000E0703B589004E976C
S2140053000C639BD627408547B397D700C98F930673
S21400531007FF14EC0CE823B4F90000E380ED1B57FC
S21400532026408545B395E500E3ECB7E433F7F50092
S21400533001EF8605719A33F7F500112611E7860509
S21400534033F7F500112665DFFD481B0316001B1317
S21400535013000E0341134E931A851C6D328E6302A2
S214005360F50E98673E849C6F719BB306974063C1A9
S214005370D80EE3C606FE2297146710684A8593E6A1
S214005380160014E71CEE90EBEF00E07D1305040119
S21400539031B793060040130600041305F00359BB0B
S2140053A0A29798674A851367170098E7EF00A07BD7
S2140053B013050401E5B513E7140018E4A29423B816
S2140053C0990093E717004A859CE4EF00C07913051F
S2140053D00401E9B5146C106811B313D79700914611
S2140053E063F2E60ED14663E8E61A9B05C7059B9571
S2140053F015009B06B7058E05CE959861C115638B83
S214005400E5141467F19A63F5D700186BE39BE5FE85
S2140054100C6F83B789000CEC18E880E900EF01B741
S2140054205147637FF70C130740056364F71893D75B
S214005430C4001B86F7069B1616001B85E7068E061D
S214005440D5B9052E93773E004105E1CB1C6D01BF13
S214005450106893E514000CE41CEE90EBA29423B4C1
S214005460990223B0990293E7160023BC040123B8DF
S21400547004019CE422974A8514E3EF00C06E1305EE
S214005480040129BD93E6140014E4A29423B49902FF
S21400549023B099029366170023BC040123B80401C5
S2140054A094E4A2974A8598E3EF00E06B13050401A5
S2140054B0F5B313D634009B0716009B9717000126FA
S2140054C08E0701B113D767009B0597039B951500C0
S2140054D09B0687038E050DB7630B340F03B40901D3
S2140054E0033A8400137ACAFFB3079A4063659A00AA
S2140054F07D47E342F7EC4A85EF00E066014579BB5D
S2140055001B86C7059B1616001B85B7058E061DB1A4
S214005510833703017D36639467189377360041130B
S214005520E5FB03B7890093C7F5FFF98F23B4F900AD
S2140055308605E3E7B7C4E38505C433F7F50011E74E
S214005540860533F7F500112E65DF7286FDBB130A5C
S2140055500A02A5B103B589009BD626408547B397B6
S214005560D700C98F23B4F9007DB5330C4B01330C3B
S2140055708041521C135C4C03E2854A85EF10D060D4
S214005580FD570147E30AF5CA330565411B070C00C2
S214005590330A850155B19306400563E9E60613D73D
S2140055A0C7009B05F7069B9515009B06E7068E052C
S2140055B0A1B5130740156369F70693D7F4001B8659
S2140055C087079B1616001B8577078E06A5B6AD6B5C
S2140055D0938B8B5583A70B00BB86470123A0DB006C
S2140055E019B113174C03E31007C003B40901569A08
S2140055F0136A1A002334440149B123B4612FF5BE5F
S2140056005A84A5B985472334FB00F5B593064015A3
S21400561063EDE60413D7F7009B0587079B951500F7
S2140056209B0677078E05C9BB13074055636DF704C5
S21400563093D724011B86D7079B1616001B85C70722
S2140056408E06CDBC411C338A8C01330A6A41014761
S214005650E5B6930504014A85EFF08F9403B409017B
S21400566083A70B00033A840009B99306405563E309
S214005670E60213D727019B05D7079B9515009B06C7
S214005680C7078E0595BB9306007F1306F007130524
S214005690E0074DB49305007F9306E007B1BB83B7E0
S2140056A0890079B5A96783B7876D828799C91DC6B2
S2140056B095CA834706009CC1034506003335A00003
S2140056C0828041116C0009CE85C2834706009CC1CA
S2140056D0034506003335A0004101828001458280E3
S2140056E00145DDBF795582807955FDB79377750002
S2140056F093F6F50F95C39307F6FF05C67D5601A8EA
S21400570005051377750011CBFD17638CC70003479B
S2140057100500E317D7FE8280B2871D47636FF70048
S21400572099E301458280AA9721A00505E30BF5FEC3
S21400573003470500E31BD7FE828093F5F50F13970A
S2140057408500D98D1397050183B881294D8F03B83D
S214005750012A93150702D98D1D4318612D8F330634
S21400576017011347F7FF718F337707014DFFE117D6
S2140057702105E364F3FEC5FB6DB7B3C7A5009D8B9B
S214005780B308C500E9E39D4763FFC70A9377750032
S214005790AA868DEF13F688FF930706FC63EBF604E4
S2140057A063F3C6022E87B68703380700A1072107D2
S2140057B023BC07FFE3EAC7FE9307F6FF958FE19B3E
S2140057C0A107BE96BE9563E31609828003C705004F
S2140057D0850693F77600A38FE6FE8505C5DF03C72B
S2140057E00500850693F77600A38FE6FE8505F9FF8C
S2140057F055B783B3850083BF050103BF850183BE0C
S214005800050203BE850203B3050303B88503B8612A
S21400581083B205009386860423B076FC23BC56FA32
S21400582023B4F6FD23B8E6FD23BCD6FD23B0C6FFA1
S21400583023B466FE23B806FF23BCE6FE93858504E4
S214005840E3E9F6FAB1BFAA86E37115F99387F8FF84
S21400585013861600958F93B7970033B7C800134783
S214005860170093C71700F98F93F7F70F3687C5C34E
S214005870B3E7B6009D8BC1EF054363E4C8003383EE
S214005880D840137883FFAE872E989063A107210730
S214005890233CC7FEE39B07FF937783FFBE95E30693
S2140058A0F3F203C705008507BE96A38FE6FEE3FE68
S2140058B016F103C71500938716002380E600E3F66B
S2140058C017F103C7250093872600A380E600E3FEB2
S2140058D017EF03C73500938736002381E600E3F60B
S2140058E017EF03C7450093874600A381E600E3FE53
S2140058F017ED03C75500938756002382E600E3F6AC
S21400590017ED83C76500A382F6008280050683C76D
S21400591005008505A30FF6FEE36A16FF828063F393
S214005920A502B387C500637FF5003307C500630E85
S214005930061683C6F7FFFD177D172300D700E39AE8
S214005940F5FE8280FD4763E7C70CAA879308F6FF3B
S214005950630206169386150033E7B7003386D740F2
S2140059601D8B133676001346160013371700718FFB
S2140059706303071213B7A800134717001377F70F30
S214005980630B0710138898FF13583800138E1800FF
S21400599005082E86BE860147033306000507210646
S2140059A023B06600A106E36907FF0E08C297C295FA
S2140059B0B3880841630B0E0F03C705002380E7007A
S2140059C06385080E83C615000547A380D700638E3F
S2140059D0E80C83C6250009472381D7006387E80CB7
S2140059E083C635000D47A381D7006380E80C83C6C5
S2140059F0450011472382D7006389E80A83C655000D
S214005A001547A382D7006382E80A03C7650023838D
S214005A10E7008280B3E7A5009D8BC9EB930806FEDE
S214005A2093F808FE93880802330815012E87AA8784
S214005A301463130707029387070223B0D7FE833643
S214005A4087FE23B4D7FE833607FF23B8D7FE8336F8
S214005A5087FF23BCD7FEE31DF8FC13778601C695A7
S214005A609376F60129CB83B80500138786FF1D4879
S214005A7023B01701637BE80083B88500C11623B402
S214005A8017016374D800946994EB619B21071D8A03
S214005A90BA97BA9565BD8508BE9803C7F6FF850711
S214005AA08506A38FE7FEE39A17FF82809308F6FF2A
S214005AB0AA874DB58280368651BD3D432A876371DD
S214005AC0C3029377F700C1E3BDE1937606FF3D8AF4
S214005AD0BA960CE30CE74107E36DD7FE11E282802D
S214005AE0B306C3408A069702000096966780A60013
S214005AF02307B700A306B7002306B700A305B70021
S214005B002305B700A304B7002304B700A303B70018
S214005B102303B700A302B7002302B700A301B70010
S214005B202301B700A300B7002300B700828093F5D7
S214005B30F50F93968500D58D93960501D58D939692
S214005B400502D58D59B793962700970200009696C2
S214005B508682E78026FA9680C1171D8F3E96E371EF
S214005B60C3F89DB782808280A96629654111938615
S214005B7006FC01469305A0081305050F06E4EF3062
S214005B80A00101114AE00339050422E826E406ECE8
S214005B90AA842E8463040902833789019DCF1317D4
S214005BA03400BA97886339C5186198E3233805002E
S214005BB0E2604264A2640269056182801305000205
S214005BC0EFF04FCBA8E02A8929C923240500233803
S214005BD0050023300500233C050013061004A145EC
S214005BE02685EF20F07FBC60233CA9009C6FC5FB98
S214005BF001457DBF05493B1989001B0609001D06A6
S214005C000A0685452685EF20B07D7DD1021402194F
S214005C1001903364240100E551BFA9662965938687
S214005C2006FC0146930560061305050FEF20D076A7
S214005C303C6199CB89C998459C6F0E07BA979863C3
S214005C4098E18CE382808280011126E8AA841305FD
S214005C5000022EE406ECEFF0EFC1A8E0A2650DC549
S214005C60232405002338050023300500233C0500C7
S214005C7081C998451C6D0E07BA97986398E18CE326
S214005C80E260C26405618280EFF01FEE397126F48F
S214005C90C449416322F84AF04EEC06FC52E856E44A
S214005CA02E89AA8936841388850181487D13832727
S214005CB0080011088528B3F66700BB86C6029BD786
S214005CC00701BB87C702A19E1BDE06013377D30000
S214005CD0BB86C7019B9706013D9F232EE8FE1BD47B
S214005CE00601E3C698FC09CC8327C90063D4F402F6
S214005CF0938744008A07CA9780C78524232A990079
S214005D00E2704274A274E269426AA26A4A85027923
S214005D1021618280832589004E858525EFF07FE608
S214005D20AA8A25C5032649019305090141050906E6
S214005D300A06EFF09FA403BA090463080A02033AAE
S214005D408A01832789008E073E9A83370A0023300C
S214005D50F9009387440023302A018A075689CA9798
S214005D6080C78524232A990061BF13050002EFF03F
S214005D706FB023B0A9040DC5232405002338050001
S214005D8023300500233C05006DBFA9662965938670
S214005D90860101469305500B1305050FEF20D05FD3
S214005DA0EFF09FDC397122F826F44AF04EEC52E808
S214005DB0B6842E84A126A54506FC56E45AE0A547DF
S214005DC0BBC6B6022A89B2893A8A63D2970A854741
S214005DD081459B9717008525E3CDD7FE4A85EFF0D2
S214005DE05FDAAA8559C585475CC9232C4501A547B6
S214005DF063DC370793970902130B940081939B8A01
S214005E0009003E945A8A83460A0029464A859B869C
S214005E1006FDEFF0BFE7050AAA85E3168AFE1B8497
S214005E208AFF021401905A9463D59902FD34BB840C
S214005E303441821481908504A29483460400294646
S214005E404A859B8606FDEFF07FE40504AA85E39667
S214005E5084FEE2704274A2740279E269426AA26A1F
S214005E60026B2E85216182802904A54975BF814574
S214005E70B5B7A96629659386860101469305E00CA9
S214005E801305050FEF2050514177698FAA8729E344
S214005E909B170501E1464145370700FF7D8F01E767
S214005EA09B9787003685370700F07D8F01E79B9725
S214005EB047001125370700C07D8F01E79B97270015
S214005EC0092563C60700F983858B052589C7828067
S214005ED0A1460145D1B71305000282801C412A87DE
S214005EE093F677003E8681CE93F617000145A9EA21
S214005EF0098A39CE9BD717001CC305458280939626
S214005F000703C1929DCE2146014593F6F70F81E621
S214005F109BD78700328593F6F70081E611259BD73D
S214005F20470093F6370081E609259BD7270093F6AE
S214005F30170089EE9BD71700052589EB130500028D
S214005F4082809BD7070161464145C1B71CC382804A
S214005F509BD727001CC309458280011126E42461D3
S214005F6022E84AE006EC2A842E8995C09C6C9DCFD8
S214005F70886735C1186198E7E260426485478217F2
S214005F80232C25011CE9A2640269056182801305A1
S214005F900002EFF02F8E28E0AA8431C923240500E2
S214005FA02338050023300500233C050013061004A3
S214005FB0A1452285EF20D0423C6088EC9C6FCDFB4B
S214005FC0A966296593868601014693050014130584
S214005FD0050FEF20703C1306400285452285EF2012
S214005FE0304079DD8547861785071CE571B7A966B9
S214005FF02965938606FC0146930560061305050F82
S214006000EF20903979714AE84EE40329460183A9C6
S214006010450126EC52E006F422F02E8AB28463C7CD
S2140060202901CA87AE844E89328ABE89DC443B0485
S21400603039018C4463D387008525EFF09FB4630E47
S214006040051C13038501931824009A986378130996
S2140060503387A8401D1793572300DD4613562700A5
S214006060858B63FAE61A9A8689C7232C0500930661
S214006070C5011D8E050699078A0713571600AA97AD
S2140060800E073E9723B00700A107E39DE7FE1377B0
S214006090E6FF93172700B6976302C70423A00700FE
S2140060A013874700637C170323A207001387870024
S2140060B06376170323A407001387C70063701703CC
S2140060C023A6070013870701637A170123A8070092
S2140060D0138747016374170123AA070013088A0170
S2140060E0139E2900938E840193152900429EF695EF
S2140060F0637AC80F93879401114F63F7F5104166D2
S2140061007D1609A89BD20201639C020611081103A2
S214006110637AC80D83220800B3F4C200E5D49A83DC
S214006120F682014983A6020083AF03009103B3F70A
S214006130C600BB8797021BD70601B3F6CF009BDFCE
S2140061400F0191023B079702B59FBB8727019BD69D
S2140061500701F18F3B07F701359F9B160701D58F87
S21400616023AEF3FE1B590701E3EEB2FAB307E301D1
S21400617023A02701832208009BD20201E38802F8AD
S214006180832603009A83F68FB684014783A70F0001
S2140061909BD90401F18EF18FBB87570283A443007D
S2140061A09103910F33F9C400BB873701B99F1B9742
S2140061B00701D98E23AED3FE03D7EFFF9BD7070187
S2140061C03B0757023B072701B99F9B8607001BD753
S2140061D00701E3EDBFFAB307E30194C31108110307
S2140061E0E36AC8F36345800039A07D3409C483A7F9
S2140061F0C8FFF118FDDBA27040C90274E264426970
S214006200A269026A45618280338F95401D1F137F05
S214006210CFFF110FEDB59A8751B5A966296593860C
S214006220860101469305D0151305050FEF20D016FD
S214006230797122F04AE84EE406F426EC52E09377B1
S21400624036003284AA892E89DDE3098439C803BA68
S2140062500904630A0A0A83340A01F1C49377140016
S21400626089EB05841DCC886031C5AA849377140019
S214006270EDDB2686CA854E85EFF0DFD883B70904A6
S2140062802A8AA9C763020904032789009C6F05842C
S2140062900E07BA9798632330E90023B02701528986
S2140062A079F0A2700274E264A269026A4A854269C1
S2140062B0456182802686A6854E85EFF0BFD488E0AD
S2140062C023300500AA845DB7528961BF130500021A
S2140062D0EFE05FDA23B0A904AA8749C123240500AA
S2140062E02338050023300500233C050061BFFD3739
S2140062F02967130707138A07BA9790438146EFF07A
S214006300FF982A8999B713050002EFE0BFD623B09D
S214006310A9042A8A31C52324050023380500233022
S2140063200500233C050085454E85EFF09F85AA8431
S21400633019C9930710271CCD85475CC92338AA00C6
S2140063402330050021BFA96629659386860101468C
S214006350930500141305050FEF201004EFF0DF80FF
S214006360A9662965938606FC01469305E01A13057F
S214006370050FEF2070025D714AF803A94501DC4560
S2140063805AE81B5B56403B096901A2E026FC4EF426
S21400639052F05EE486E456EC1B0A19002E84B284A2
S2140063A08C45AA89935B564063D747019B97170095
S2140063B08525E3CD47FF4E85EFF0AFFCAA8A630A3A
S2140063C0051E93088501635F700993D728001B0795
S2140063D0FBFF9546858B63F9E61C6380071C130656
S2140063E0C501232C050005453B07FB4099078A0796
S2140063F09B561700D6978E069B050700BE9623B0C1
S2140064000700A107E39DD7FE9377E7FF9B8607006B
S214006410139706027983A99F32976381D5042320B8
S21400642007009B86170063DB7603232207009B8604
S214006430270063D57603232407009B86370063DF97
S2140064407601232607009B86470063D9760123281A
S2140064500700952763D47701232A0700021B135BE6
S214006460EB01DA984C489307840113F8F4018A0587
S214006470BE95631A080AB3868540130894019D16D4
S21400648013B6060333B505011307C40113461600F9
S214006490134515003387E840698E3337E000718F67
S2140064A025C733E717011D8B25E3054563FA050F5E
S2140064B0935515008E05BE864687C69590622107C1
S2140064C0A106233CC7FEE31BB7FE9376E5FF1397B2
S2140064D02600BA974697630AD5089C4383B40904F6
S2140064E01CC323AA2A01D9E413050002EFE09FB8D3
S2140064F023B0A9044DCD23240500233805002330FE
S2140065000500233C050085A898439107910823AE13
S214006510E8FE63FCB70498439107910823AEE8FEB3
S214006520E3E4B7FE99A0130500023B050541468645
S2140065300147944311069107BB960601558F232EFB
S214006540E6FE03A7C7FF3B57A700E3E4B7FE9306A4
S2140065509401914763E7D500B38785409D17F19B6B
S2140065609107C69798C311C3528983B4090423AA16
S2140065702A01BDD8846C1C44A66042798E07BE945E
S2140065809C60A279027A1CE080E00664E274426BAA
S214006590A26B5685E26A6161828046860145A9B58E
S2140065A089821385160029B7468781478DBDEFF08F
S2140065B0AFDBA96629659386860101469305901D83
S2140065C01305050FEF20405DDC492A8848491D9DCC
S2140065D00DE58A076108E1053307F800AE9719A0B4
S2140065E0637DE8000326C7FF83A6C7FF7117F11770
S2140065F0E308D6FE7D556373D6008280054582800B
S2140066000111584A4AE003A9450122E826E406ECAF
S2140066103B09E940AE843284631D091293162700B5
S214006620E10513078601B387D500369719A063F6F0
S214006630F51203A6C7FF8326C7FFF1177117E308F5
S214006640D6FE6363D6108C44EFF0AFD36305051215
S21400665083A8440183224401938F84011393280066
S214006660130884018A0293038501416E23282501BD
S2140066707E93C2921E8FFE8E01477D1E83A60E005D
S21400668083250800110FB3F7C601B99F33F7C5017C
S214006690999F9BD505011BD706010D9F9BD60741E9
S2140066A0359F9B160701B3F7C701D58F81271108C1
S2140066B0232EFFFE910E1B570741E36158FCB3855E
S2140066C082409D1565048981814663E48200939625
S2140066D025009E96114863E58200850513982500DF
S2140066E0C29FC29363F46F0441689E857E867D18C0
S2140066F0144291051106B3F70601B99F1BD7060190
S2140067009BD60741359F9B160701B3F70701D58F28
S214006710812723AEF5FE1B570741E36B66FC930605
S214006720F3FFB38FF64193F6CFFF9E9691E783A7CC
S214006730C6FFFD38F116E5DFE2604264232A150144
S214006740A264026905618280A6870549A2843E8408
S214006750DDBDE34B09FE0149FDB58145EFF06FC293
S21400676015C5E260426485475CC9232C0500A26417
S214006770026905618280A9662965938686010146BD
S214006780930500241305050FEF200041A96629652F
S214006790938686010146930520231305050FEF20F7
S2140067A0A03FD30705E23707F07F81937D8FB707B9
S2140067B0C0FCB99F1B8707006356E000821753850D
S2140067C007F28280BB07F0401BD74741CD4663C720
S2140067D0E600B7070800BBD7E740CDB79B06C7FE65
S2140067E07946814705476346D600370700803B5702
S2140067F0D7008193021701938217D98F538507F22A
S214006800828050496105C1760A062A968328C6FF0B
S2140068101303C6FFB3F6D800C1E29B970801614791
S214006820C146370800FF33F80701631508009B9739
S2140068308700BA86370800F033F8070163150800AA
S2140068409B9747009126370800C033F80701631569
S21400685008009B972700892663C60700F983858B67
S2140068608526C9C713080002BB07D8409CC1A947A4
S21400687063D2D7041B8756FF63746502832586FFA1
S2140068805DEFB707F03FB3E7F800821581918217F6
S214006890CD8F538507F28280C6872147814651B740
S2140068A0814565D3BB97E8003707F03FD98F82173D
S2140068B08145B5A8AD45959D3707F03FBBD7B800D5
S2140068C0D98F8217014763766500032786FF3B57FB
S2140068D0B700D526BB98D8003367170181930217F7
S2140068E001938217D98F538507F2828023A0050073
S2140068F05547E37965FA832586FFAD466116554709
S214006900BB97E800BBD8D500B3E71701B708F03F40
S214006910B3E717013B97E50082179B0507006378EE
S214006920C5008325C6FFBBD5D500D98D81258193AB
S214006930821581918217CD8F538507F2828061166A
S214006940BB06E84075BF79714AE80339050422F0B2
S21400695026EC4EE452E006F4530405E2AA842E8A9E
S214006960B289630C091E833789016387072088670D
S214006970630B0522186198E7935704421BD847011A
S21400698023380500B2171378F87FB1936306080022
S21400699037071000D98F81271B0704002DC3937675
S2140069A0770063840614937617006394061A93762A
S2140069B02700638206249B95F7011B561700854621
S2140069C04D8E10CDBBD7D7003337F00005075CCD12
S2140069D058C9630C08041B08D8BCA27002743B0894
S2140069E0D8009307500323200A01BB86D74023A074
S2140069F0D900E2644269A269026A4561828013F79F
S214006A0077003E8651CF13F717009306000201EB7E
S214006A10098A630D061C9BD71700930610021CCD2F
S214006A2085475CC90547E31808FA9B86E6BC9317BA
S214006A3027002320DA00AA97DC4BC1761B175700E5
S214006A40FD8EA1EE9B970701E145C146370600FF84
S214006A507D8E01E69B978700AE86370600F07D8E1A
S214006A6001E69B9747009126370600C07D8E01E61B
S214006A709B972700892663C70700F983858B8526A1
S214006A8063830716A2700274159F23A0E900E264D0
S214006A904269A269026A45618280A14581467DB746
S214006AA013970703419345E31BD707013A86E14650
S214006AB0C14501E61B578700B6859376F70081E649
S214006AC091251B5747009376370081E689251B578B
S214006AD0270093761700638E060EBA871CCD85476F
S214006AE09B8605025CC905473DBF93160703C19206
S214006AF0B1C63A86A14881469375F60F81E51B56C6
S214006B008600C6869375F60081E591261B564600DC
S214006B1093753600CDE51B5626008926937516001C
S214006B20B68891E585261B561600B68879CA930561
S214006B300002BB851541BB95B70059B51B5607012A
S214006B40E148C14655BF13F6F70F3E87A14681457B
S214006B508DB73A8610CD814685BD13050002EFE05D
S214006B606FD1A8E02A895DC12324050023380500DB
S214006B7023300500233C050013061004A145268596
S214006B80EF200006BC60233CA9009C6FE39107DE63
S214006B90A96629659386860101469305A0301305EC
S214006BA0050FEF10707F1306400285452685EF20FF
S214006BB0200379DD8547861785071CE575BB937529
S214006BC01600ADD1C1DA93050002959DBB95B700BE
S214006BD0C5BB1B57170093060004E30207E49B8619
S214006BE01502BA872DBD9306000269BD9BD7270004
S214006BF0930620022DB59B95E7011B562700894674
S214006C00C1B3BE853A86930600025DBBA9662965B8
S214006C10938606FC0146930560061305050FEF10E4
S214006C20B077797122F02E846C0026EC06F4AA84E4
S214006C30EFF03FBD032844016104530605E2931EAE
S214006C402800A29E03AECEFF417732853377EE0052
S214006C50138FCEFF5DE79B170E01E1454147B70650
S214006C6000FFFD8E81E69B9787002E87B70600F013
S214006C70FD8E81E69B9747001127B70600C0FD8E64
S214006C8081E69B972700092763C60700F983858B53
S214006C900527EDC393070002A946BB8FE74063DFD5
S214006CA0E6081B0357FF6372E40783A58EFF63178E
S214006CB0030EB706F03FB366DE008215819182169A
S214006CC0CD8EDC48B2453687BB8707419B97570079
S214006CD0BB85F541BD9D635EB00201929B97450161
S214006CE0B19F13160502821701925D8EA270027480
S214006CF0D30706F2530707F2E26453F5E71A456135
S214006D008280F287A145014799BF8145E30303FAD4
S214006D10B5A093D706021B9745013B87E74082162E
S214006D2002178192558FA2700274D30706F253079A
S214006D3007F2E26453F5E71A45618280AD47999FF2
S214006D40BB56FE00B705F03FCD8E821681486376AF
S214006D50E40183A88EFFBBD8F80055273B1EEE0043
S214006D60B3E8C8018192821893D808028216B3E667
S214006D70160181BF6360E4075543814FBB166E0062
S214006D803703F03FB3E66600821681488192821888
S214006D9093D808028216B3E6160125B7E11E3B8794
S214006DA06740BB166E003BDEE500B3E6C601370E55
S214006DB0F03FB3E6C601BB95650082169B880500CA
S214006DC0E376D4FD83A8CEFFBBD8E800B3E8B800CE
S214006DD081286DBF83A58EFF2D47E11E5543814F49
S214006DE0C9B7DD4763DBA70007B5812787B701284A
S214006DF07D355375F5126DFD8280A967938707135D
S214006E000E053E9508298280544A1B87F5FF1B57BE
S214006E1057400527930586018A060A07AE962A97E5
S214006E2063F9D5061308C601B3E7A5009D8B3308A2
S214006E3005413338000193B717003386C640B3F7D1
S214006E4007011D16E5C39337060393C7170093F78C
S214006E50F70FE9CB098213031600935813008E0828
S214006E60AE86AA87AA9803B80600A107A10623BC87
S214006E7007FFE39A17FF1378E3FF93172800B3067C
S214006E80F500BE95630403019C419CC205060A06F4
S214006E9032956378E5089306F7FF898E93572500A9
S214006EA0DD4513D62600858B63FDD502AA8589C7E6
S214006EB093054500232005001D8E05068A07935678
S214006EC016003E9593973600AA97233005002105B5
S214006ED0E31DF5FE9377E6FF139527002E956302D4
S214006EE0F604232005009307450063FCE7022322EF
S214006EF005009307850063F6E70223240500930741
S214006F00C50063F0E702232605009307050163FA30
S214006F10E700232805009307450163F4E700232ACA
S214006F2005008280AA8703A805009105910723AE75
S214006F3007FFE3EAD5FE098291BF584913D65540AC
S214006F4093068501635DC70093172700B69763F81D
S214006F50F60203A7C7FFF1177DDB0545828093176E
S214006F602600B697E355E6FEFD89F5D19043054524
S214006F703B57B600BB15B700E38BC5FC82800145C6
S214006F8082805D714AF886E4A2E026FC4EF452F058
S214006F9056EC5AE85EE462E03289638C05142E846F
S214006FA0AA8AEFE03FBC033784FF93047901930776
S214006FB0E002130B04FF137AC7FF63FD970AB707B7
S214006FC00080C19893C7F7FF63EA970A63E8240B2B
S214006FD0B3094B01635E9A0CA967938B877983B6D6
S214006FE00B0183B789006387361593F6E7FFCE96C5
S214006FF09466858AEDE6F19BB306FA0063D1960A9D
S214007000058B0DE3033C04FF330C8B4103378C00E8
S214007010719BBA97B38B470163D49B26B30BEA00E8
S21400702063D09B20CA855685EFE0EF852A891DCD63
S214007030833784FF130705FFF99BDA97638BE71CFA
S21400704013068AFF9307800463E8C72213077002BB
S21400705014606360C718AA87228794E3146794E7CE
S214007060186B98EBA2855685EFD08FF35685EFE028
S2140070709FAF09A893040002E3FC24F5B14723A0C0
S214007080FA000149A6600664E274A279027AE26A0E
S214007090426BA26B026C4A8542796161828083B73B
S2140070A0890103B70901368AB309DB001CEF98EBA8
S2140070B083378B0033079A40FD46858B63E9E604E9
S2140070C0B367FA002334FB0083B7890093E7170001
S2140070D023B4F9005685EFE01FA9228965B7058B12
S2140070E031F3033C04FF330C8B4103378C00719B58
S2140070F035B70664A660E2744279A279027AE26A3B
S214007100426BA26B026CB28561616FD0DFF7C58FF0
S2140071102334FB00B3059B001367170098E583B77D
S2140071208900C105568593E7170023B4F900EFD010
S2140071302FE74DB7F19BB306FA001386040263D718
S214007140C60A058BE31007EE033C04FF330C8B41A5
S21400715003378C00719BBA97B3894701E3C0C9EC2B
S21400716083378C0103370C0113068AFF93068004CD
S2140071701CEF98EB13090C0163EAC61C930570021A
S2140071801860CA8763FFC5002338EC0018649307AD
S2140071907003233CEC0063E0C71C186893070C02DE
S2140071A0410498E3186498E7186898EB33079C0046
S2140071B0B389994023B8EB0093E719001CE783379F
S2140071C08C005685858BDD8C23349C00EFE0BF99C0
S2140071D055BD14E114641307700314E5636FC710FC
S2140071E01468130704019307050185BD269B858E49
S2140071F023B86B0193E716002334FB00833784FF24
S21400720056852289858BDD8C233C94FEEFE0BF9566
S21400721095BD833785FFF19B3E9AB3094B0149BD67
S21400722083378C0103370C0113068AFF930680040C
S2140072301CEF98EB13090C01B3097C0163E7C60A3F
S214007240930570021860CA8763FFC5002338EC00F8
S214007250186493077003233CEC0063ECC70A1868B5
S21400726093070C02410498E318645E8A628B98E7E1
S21400727018684A8498EB2DBDA285EFE04FEADDB38F
S21400728083B7890103B7090113068AFF93068004B2
S2140072901CEF98EB03370C0183378C0113090C01A4
S2140072A0B3097C011CEF98EB63E1C60493067002F9
S2140072B01860CA87E3F9C6FA2338EC001864930707
S2140072C07003233CEC001868E3FCC7F82330EC029C
S2140072D0186C930780042334EC0218706304F604D9
S2140072E093070C0313040402BDBFA2854A85EFE092
S2140072F00FE34A845E8A628B65BB186818E9186CCF
S21400730018ED1470630BF6021307040293070502C8
S214007310A9B31C682330FC021C6C2334FC021870D2
S214007320E310D6FC2338EC02187493070C041304FD
S2140073300403233CEC0218603DB714F114741307E1
S21400734004039307050314F5147801BBA2854A8548
S214007350EFE0EFDCA1BD1C682330FC021C6C23347C
S214007360FC0218706307D60093070C03130404028C
S2140073700DBD2338EC02187493070C0413040403A1
S214007380233CEC02186031BD011122E826E42A8471
S2140073902E8506EC23AC0142EF20805CFD57630788
S2140073A0F500E2604264A2640561828083A781439F
S2140073B0EDDBE2601CC04264A26405618280D307F4
S2140073C005E2370600801346F6FF93D5074233F7EB
S2140073D0C500232005003708F07FAE86635C0705EE
S2140073E03368F7000128630708043708F07FB3F511
S2140073F00501014889ED87B7812A1308A0FCD377D9
S214007400F512D38707E293D6074233F7C60037064E
S21400741010807D16F18E3706E03FD18E1B57474110
S2140074207D561B0727C001923B0707018216F18F86
S21400743018C1D58F538507F28280411122E02E8431
S2140074408395250106E4EF109043634905005C6CC4
S214007450A260AA975CEC0264410182808357040113
S2140074607D777D17F98FA2602318F400026441012E
S21400747082800145828083970501797122F026EC8F
S2140074804AE84EE406F413F707102E84AA84839580
S21400749025013289B6890DE37D777D17F98F23188C
S2140074A0F4000274A270CE864A86A26942692685D6
S2140074B0E26445616F10806A89460146EF107038B5
S2140074C08317040183152401C1BF411122E02E84D5
S2140074D08395250106E4EF10D036FD576301F502CB
S2140074E0835704010567A260D98F9B9707019BD736
S2140074F0074148EC2318F400026441018280835758
S21400750004017D777D17F98F9B9707019BD707416D
S214007510A2602318F400026441018280839525014D
S2140075206F1060743367B500FD531D8B4DEB9747A6
S214007530000083B7A7A710619461B372F6003363A7
S214007540F600BE92B3E262006399720A631ED60228
S21400755010659465B372F6003363F600BE92B3E22C
S2140075606200639A72086311D60210699469B37256
S214007570F6003363F600BE92B3E2620063937208CD
S2140075806105E105E309D6FA131706039397060388
S2140075906318F70213170602939706026312F702A0
S2140075A01317060193970601631CF700135706038B
S2140075B093D706033305F7409375F50F91E982805C
S2140075C04193C1933305F7409375F50F91E182809F
S2140075D01377F70F93F7F70F3305F74082800346CC
S2140075E0050083C60500050585056313D60065FA04
S2140075F03305D64082802105A105E312D6FE01455B
S21400760082804105C105E31CD6FC01458280B3E7B4
S214007610A50013F77700AA8731E71D476374C704F0
S21400762003B3812983B8012A1D4E9461338766000F
S21400763013C8F6FF337707013377170105E794E39E
S2140076406116A107A105E362CEFE85051388170023
S21400765011CE03C7F5FF9306F6FFA30FE8FE01CB96
S214007660C287368685051388170065F682809308DC
S214007670E6FF63830614330700411D8B93057700EE
S2140076802D4363F36500AD4563E3B80A6304071250
S21400769023000800854589079308D6FF6305B706CB
S2140076A0A30008008945930728009308C6FF630CCB
S2140076B0B704230108008D45930738009308B6FFEA
S2140076C06303B704A3010800914593074800930895
S2140076D0A6FF630AB70223020800954593075800E1
S2140076E0930896FF6301B702A30208009D4593071F
S2140076F06800930886FF6318B70093077800230393
S2140077000800930876FF998E938586FF8D81850500
S214007710429701462330070005062107E36CB6FEB4
S2140077208E053388B700B388B8406384B608230054
S214007730080063800808A30008008547638BF806E6
S2140077402301080089476386F806A30108008D47D1
S2140077506381F806230208009147638CF804A302AD
S214007760080095476387F804230308009947638257
S214007770F804A30308009D47638DF802230408005D
S214007780A1476388F802A3040800A5476383F802AC
S21400779023050800A947638EF800A3050800AD4737
S2140077A06389F80023060800B1476384F800A3063F
S2140077B008008280C28781BF8280186A5D7156EC9D
S2140077C086E4A2E026FC4AF84EF452F05AE85EE45C
S2140077D0B28A49C783A7850A89662E89F58FADC305
S2140077E0033B0600AA897D5A83378B0003340B00BF
S2140077F089839B8B0700635A70059B84F7FF82146E
S214007800F98093074400BE9419A0638E84020C404E
S2140078104A864E85EF10C07101251104E31745FF17
S2140078207D5523B80A0023A40A00A6600664E27405
S2140078304279A279027AE26A426BA26B6161828027
S214007840EFD0CF9AF9BF03B70A018A0B3307774107
S21400785023B8EA00410B49FB0145E1B723240600A3
S2140078600145E1B70171A2FBA6F7D2EB86FFCAF38A
S214007870CEEFD6E7DAE35EFF62FB66F76AF36EEFFB
S21400788036F8AA842E84328A01C51C59638E0714E2
S214007890A9679387070A6300F416A9679387870684
S2140078A0630DF414A967938707036314F4006F103D
S2140078B0A00503170401896693170703C19333F6DF
S2140078C0D70015E20326840AB367D7009B97070103
S2140078D079779BD707417D17718F2318F400C2175D
S2140078E02324E40AC19313F78700E30C074C186CB3
S2140078F0E309074CE98B2947E381E74EA96793879D
S2140079008725BEECA9679387873C3EE8A967930C5A
S21400791001119387873D66E902F102CD668982E010
S21400792082F482FC82F802F43EE083470A00638019
S2140079300736D28B130750026387E76483C71B00A2
S214007940850BFDFBBB894B4163830934EA460A7706
S214007950233049011B8616004E97233439013AF12D
S21400796032CD9D46410963D7C60AE30407528327F2
S214007970840A8966F58FC1C7CA6A7D5A83B78A00AA
S21400798003BC0A0089831B8B0700E35D604F1B89DD
S214007990F7FF02191359E90193074C003E9921A0FD
S2140079A0110CE300894F83250C0022862685EF10F4
S2140079B020580125E31645FF8357040193F7070473
S2140079C099C36F10A007FE705E742275BE741E7990
S2140079D0FE695E6ABE6A1E6BFA7B5A7CBA7C1A7DAA
S2140079E0FA6D130101208280EFC01FCEA96793872E
S2140079F0070AE314F4EA80646DBD80685DBD100973
S214007A00A2852685EFC09FFE02F102CD55F583C7FD
S214007A100B00668922773B0737013AF4638907260D
S214007A2083C71B00138A1B00A3030108FD5902E449
S214007A30814B930AA005254B050A1B860700930673
S214007A40A0029B0706FE1B87070063E8EA0066673E
S214007A508217F983BA9798430287630A06228547F6
S214007A602304C10AA30301083EEC3EF0130B810A6F
S214007A70814993F72B00BEE881C7E26789273EEC71
S214007A806A4593F74B08BE86BEE41B0615000A77C8
S214007A90B28799E6A266E2653B8CB640E342800F69
S214007AA083477108930509016381073C93077108B2
S214007AB005072330F90085472334F9003AF132CD23
S214007AC09D4763D0C73A630307428327840A8966C3
S214007AD0F58F638407404A6C7D5983368C00833764
S214007AE00C0089829B8D0600E35CB03B9B8AF6FF08
S214007AF0821A93DAEA01138747003E8DBA9A21A0CC
S214007B00110DE38EAA3983250D0022862685EF10F7
S214007B1020420125E31625FF45B502E4A26503478A
S214007B200A00050A9B9725003B8DB7001B1D1D000C
S214007B309B0706FDBB87A7019B0507FD3EE41B06CA
S214007B400700E37DBBFCF5BD93EB0B0183470A0002
S214007B50812BDDB593EB0B01812BC27693F70B02DD
S214007B6013878600E38407389C62BE8AE3CD073815
S214007B70FD576387F97E93FBFBF71B8C0B00E396A0
S214007B800A4C3AF86393097EE28B814902F0130BA4
S214007B90C1100277CE8763D3E900BA87034771081E
S214007BA09B86070036ECE30607EC85273EECD1B54E
S214007BB04277A3030108130B810A1C4321073AF8F6
S214007BC02304F10A85473EEC3EF05DB5C277A30379
S214007BD0010803BB0700938A8700E3040B58FD5790
S214007BE0E381F9504E8681455A85EFD03FB0E30BCE
S214007BF00562BB0765413EF056F8814959BF93EBD5
S214007C000B01812BC27693F70B0213878600E38065
S214007C10072C83BA060093FBFBBF1B8C0B003AF8BD
S214007C208147A30301087D576385E936937BFCF7FC
S214007C30812B639F0A34639F0948A1FB93771C003E
S214007C403EF0130BC110B1D793070003A305F11044
S214007C50130BB1103DBFC27693F70B029862A106D4
S214007C6036F885E393F70B0189EF93F70B04E3915E
S214007C70075893FB0B20A277E3890B5E2300F700DF
S214007C806DB1A2771CE383470A00E39407CA0A771C
S214007C90E30407D28327840A8966F58FE380075CAE
S214007CA0CA6A7D5A83B78A0003B90A0089831B8B88
S214007CB00700E35C60599B89F7FF821993D9E901B5
S214007CC093074900BE9921A01109E30F3957832570
S214007CD0090022862685EF10A0259B070500E39560
S214007CE047FFD9B993EB0B011B8C0B00C276937739
S214007CF00C0213878600E383072283BA06008547B3
S214007D003AF805B783470A001307C006E389E74039
S214007D1093EB0B01812B0DB383470A0013078006F4
S214007D20E387E73E93EB0B04812B39B393EB0B020F
S214007D3083470A00812B09B34277E17793C707830D
S214007D402314F108930787003EF8A967938787DD19
S214007D5093EB2B00BEE0833A07001B8C0B00894791
S214007D60C9B593EB0B0883470A00812BF1B1034694
S214007D700A0013071A00E30DD64E9B0506FD3A8A45
S214007D808149E360BBCC03460A001B972900BB0968
S214007D9037019B991900BB89B9009B0506FD050AAA
S214007DA0E373BBFE79B983470A0093EB4B00812B44
S214007DB061B11307B00283470A00A303E108ADB917
S214007DC0C27683470A009842A10636F83AE4E3559D
S214007DD007C63B07E0403AE4C9BF2685EFD0CF840C
S214007DE01C653E85BEF8EF902FB6AA8726853E8C8A
S214007DF0BEFCEFD06F83186983470A00BAF4E30D20
S214007E000CC2E30B07C203470700E30707C293EB66
S214007E100B40812B15B193EB1B0083470A00812B87
S214007E2021B90347710883470A00E31707C0130701
S214007E300002A303E10809B11009A2852685EFC058
S214007E40FFBA02F102CDE31905B683477108E38E47
S214007E500700930771083EEA85473EEE0C1205467A
S214007E60054732852E890526C105C667D9CF3C0150
S214007E7009072330F90089472334F9003AF132CD57
S214007E809D4763DDC77EE30E07028327840A896663
S214007E90F58F638A07704A6C7D5983368C0083376A
S214007EA00C0089829B8D0600E356B0019B8AF6FF84
S214007EB0821A93DAEA01138747003E8DBA9A21A008
S214007EC0110D6388AA7F83250D0022862685EF1074
S214007ED020060125E31625FFC5B41009A2852685D0
S214007EE0EFC0DFB002F102CDE31805ACC667638EC3
S214007EF007703C013EEA89473EEE1309011205452C
S214007F0009471B06150093050901A6669307000896
S214007F10638EF61E8277BB89F940634D30318277D7
S214007F202330690132CD3E972334F9003AF19D475C
S214007F3063D8C70C630F07168327840A8966F58FF4
S214007F4063800716CA6A7D5983B78A0003BC0A0095
S214007F5089831B8B0700635D603F9B89F7FF82194F
S214007F6093D9E90193074C00BE9921A0110C6380B8
S214007F70893F83250C0022862685EF00707B01252D
S214007F80E31625FF15BCBB894B41E38B09A87DBAD8
S214007F905E8C05476388E73C09476384E714930BC8
S214007FA0C1105E8B93F77A0093870703A30FFBFE3F
S214007FB093DA3A005A877D1BE3960AFE93761C00F6
S214007FC06381061493060003638DD7127917BB8767
S214007FD0EB40A30FDBFE3EF0E28B3A8B5DBE100952
S214007FE0A2852685EFC09FA002F102CDE316059C70
S214007FF0027785475AEA3AEE3AF13ECD0C1205462C
S21400800093FB4B0063880B00A267E266BB8AD740EF
S21400801063475047A2666266B68763D3C600B287D8
S214008020A276B59F3EF435CB8327840A8966F58F02
S21400803063820730CA6AFD5983B78A0083BB0A0089
S21400804089831B8B0700635160431B89F7FF021966
S2140080501359E90193874B003E9921A0910B6304C5
S214008060794183A50B0022862685EF00706C0125DA
S214008070E31635FF91B21009A2852685EFC01F973B
S21400808002F102CDE31A05922267E266BA876353CD
S214008090D700B6872277B99F3EF402CD668971B0C5
S2140080A01009A2852685EFC07F9402F102CDE31564
S2140080B0059093FB4B00E3890BFCA2676267BB8AC3
S2140080C0E740634B503BE266E3C5D7FC2277B99F97
S2140080D03EF4E1B70547E387E71609475E8CE39071
S2140080E0E7EC930BC1105E8B066793F7FA007D1BD7
S2140080F0BA9783C7070093DA4A002300FB00E3958C
S2140081000AFEBB876B413EF0E28B61B4A267E26673
S2140081103B8CD740E35080E1C147E3DD8711C14D7A
S214008120FD5A01A89B07250041093685413C63DBC3
S2140081308D0982669B07150041072330D9003ECD86
S2140081409B8607002334B9013AF19D47E3DCD7FC50
S214008150630E071C8327840A8966F58F8127A1C7CB
S214008160CA673EFCE27794679C6389821B8606009A
S214008170B2E46354C01A1B89F6FF02191359E901C9
S214008180138747003E8D3A9921A0110D6306A91961
S21400819083250D0022862685EF0090590125E316DB
S2140081A055FF6FF07F811009A2852685EFC01F84DA
S2140081B002F102CDE3120580413C854701476689FE
S2140081C0E3C98DF793060901026662972334890195
S2140081D02330C9003AF13ECD1D466352F664E301F2
S2140081E007008327840A8966F58F638C07744A6CB8
S2140081F0FD5A83368C0083370C0089829B8D0600DF
S2140082006359B07D1B89F6FF02191359E9011387DC
S21400821047003E8D3A9921A0110D630BA97B83255B
S2140082200D0022862685EF00B0500125E31655FF87
S2140082306FF08FF8C14763DB3779414CFD5A01A8D0
S2140082401B06250041093685C139635A3C098266FA
S2140082509B07150041072330D9003ECD9B860700BB
S214008260233489013AF19D47E3DCD7FC55C38327C5
S214008270840A8966F58F8127A1C7CA6D83B68D00EB
S21400828083B70D0089821B86060032FC635CC0063D
S2140082901B89F6FF02191359E901138747003E8D23
S2140082A03A9921A0110D630EA90583250D0022869B
S2140082B02685EF00F0470125E31655FF6FF0CFEF58
S2140082C01009A2852685EFC06FF202F102CD631574
S2140082D005EEC139054601476689E34A3CF7930631
S2140082E0090182674E97233439012330F9003AF1A9
S2140082F032CD9D4763C1C732052693850601368970
S21400830039B90A77E277C10D8A071D8F3AF13DF732
S2140083100546014566890DBF0A77A6678A071D8F41
S214008320E2773AF1C1073EFCE31E07E285470145C6
S2140083306689EDBB1009A2852685EFC02FEB02F1FA
S21400834002CD631B05E602CD66896FF00FDE0A7765
S2140083500A0B330767413AF1C10AE31707BE91BB20
S2140083605E8C3AF8A54763E757439B8A0A0385471E
S214008370A3055111E28B3EF0130BB1106FF07F8115
S214008380C14663D4860BC14DFD5A11A89B07250034
S21400839041093685413C63DA8D099B071500C266A4
S2140083A041073ECD2330D9002334B9019B86070010
S2140083B03AF19D47E3DCD7FC5DC38327840A8966D0
S2140083C0F58F8127A1C7CA673EFCE27794679C6356
S2140083D089821B860600B2F0635BC0061B89F6FF27
S2140083E002191359E901138747003E8D3A9921A0D7
S2140083F0110D630DA90583250D0022862685EF0045
S21400840030330125E31655FF6FF00FDB1009A28508
S2140084102685EFC0AFDD02F102CD631F05D8413CD3
S214008420854701476689E3CA8DF7C266629723349B
S21400843089012330D9003AF13ECD9D4663C1F6301E
S21400844041091B8617003E856FF08FE50A77867711
S2140084508A071D8FE2773AF1C1073EFC3DF70145DA
S2140084608547668905BF0A770A0B330767413AF1E5
S214008470C10AE31307BC15B101460147E685C147AB
S21400848063D7575B414B214CFD5901A89B0726003B
S214008490C1053686C13A63585B09C2669B0716005B
S2140084A0410794E123B465013AF19B8607003ECD6F
S2140084B0E39E86FD6DC78327840A8966F58F81272C
S2140084C0B9C3CA6B83B68B0083B70B0089821B8D3A
S2140084D00600635FA00B1B89F6FF02191359E9011A
S2140084E013874700BE8D3A9921A0910D6301B90B01
S2140084F083A50D0022862685EF0090230125E3162E
S21400850035FF6FF06FCB1009A2852685EFC00FCE22
S21400851002F102CD2A86631105CAC13A8547014792
S214008520E685E34C5BF7C266569723B4550194E1A3
S2140085303AF13ECDA146E39FD7ACE30707B48327C5
S214008540840A8966F58FE38807B2CA6A7D5983B7BD
S2140085508A0083BB0A0089831B8B07006351604334
S2140085609B89F7FF821993D9E90193874B00BE993F
S21400857021A0910B6384794183A50B002286268572
S214008580EF00101B0125E31625FF6FF0EFC20A77F8
S214008590931D2D003307B7413AF1C10B05F7854708
S2140085A00146E685C5BD1009A2852685EFC00FC425
S2140085B002F102CD631205C00C120546014766891A
S2140085C0A9B2A2852685EFA01FA463190546835786
S2140085D004012947E98B6393E7B28317240163CF2D
S2140085E007B0A2855E74C276FE701E79FE69BE6A0A
S2140085F01E6BFA7B5A7CBA7C1A7DFA6D52862685EB
S2140086005E6ABE741301012051A901450C1205468D
S21400861001476689DDB8E30D079C8327840A8966CF
S214008620F58FE38E079ACA6A7D5983B78A0083BDA1
S2140086300A0089831B8C0700635A801D9B89F7FFFD
S214008640821993D9E90193874D00BE9921A0910D17
S214008650638DB91B83A50D0022862685EF00500D7D
S2140086600125E31625FF6FF02FB5C667D9DF3C015D
S2140086703EEA89473EEE0C12054609472E893285AA
S21400868049B00A770A0B330767413AF1C10A631704
S21400869007AE83C70B0002CD66896FF0AFB70A77C7
S2140086A08A0D3307B7413AF1410C631807C26FF0E1
S2140086B0FF830A778A0D3307B7413AF1410C631EF0
S2140086C007FC0C120546014566896FF01F8493F778
S2140086D00B016398071693F70B0483AA06006389B9
S2140086E0072AC21A93DA0A036FF0EFD293F70B0148
S2140086F06395071493F70B046383072A839A06008F
S214008700D68763D707C69307D002A303F108B30A38
S21400871050413AF85E8C85476FF0EFD093770C01A6
S2140087206397071093770C0483AA060063870728CD
S214008730C21A93DA0A033AF885476FF08FCE6306BB
S21400874007F08327840A8966F58F638707EE4A6CED
S214008750FD5A83368C0083370C0089829B8D060079
S2140087606358B01D1B89F6FF02191359E9011387D8
S21400877047003E8D3A9921A0110D630AA91B832557
S2140087800D0022862685EF00A07A0125E31655FF08
S2140087906FF08FA293770C40930BC1106382071281
S2140087A00147DE86A94D25489308F00F39A0B3D7B8
S2140087B0BA03E3785895BE8ADA860527138BF6FF48
S2140087C0B3F7BA039B870703A38FF6FEA67783C784
S2140087D00700E39EE7FCE38C17FDE3745893E67707
S2140087E0C675330BFB403E865A85EFE05FE2267681
S2140087F0B3D7BA0301478346160025489308F00FFF
S214008800B336D000B296B6F47DB70A770A0C3307B3
S21400881087413AF1C10AE31A07E06FF06FFD1B8645
S2140088201700938506013E8536896FF0AFEE83BA52
S214008830060085473AF86FF0CFBE9C62BE8A6FF09E
S214008840EFB283BA06006FF00FBD3AF821BE42764B
S214008850A967938787DDBEE093F70B029306800730
S21400886013078600A1CB833A060093F71B0081CF3F
S214008870638B0A0093EB2B00930700032304F10895
S214008880A304D108812B93FBFBBF1B8C0B003AF88B
S21400889089476FF00FB95E8C6FF04FC54276A967B7
S2140088A0938707DFBEE093F70B0293068005130756
S2140088B08600D5FB93F70B019DCF833A060075B76C
S2140088C05E8B29472546B3F7EA027D1BD6869B8733
S2140088D007032300FB00B3DAEA02E366D6FE6FF076
S2140088E05F825A85EF805F869B0705003EF056F84C
S2140088F081496FF00FAA93F70B04832A0600C5CBB5
S214008900C21A93DA0A0395B7806C6FE09FFA93EB6E
S2140089100B2083471A00812B050A6FF0EF9193EB2B
S2140089200B0283471A00812B050A6FF0EF900A7737
S2140089308A0D3307B7413AF1410CE31C07E06FF0AC
S214008940CFD01009A2852685EFC04F8A02F102CD4E
S21400895019C16FF06F860C120546014766896FF0E5
S2140089606FDB19479B87090063623709296B3EF066
S2140089703EEC56F8130B8BE06FF08F8F0A770A0BDE
S214008980330767413AF1C10AE31307BC6FF0CFEF34
S21400899093F70B20A5CF93FAFA0F6FF0CFA793F7B4
S2140089A00B20A5C3838A0600D6876FF02F9C93F70B
S2140089B00B20A1C793FAFA0F4DBD93770C20A1CFD9
S2140089C093FAFA0F3AF885476FF0AFA5AE8611BA5C
S2140089D00A778A0D3307B7413AF1410CE31B07804B
S2140089E00C120546014566896FF0CFD29947BDBF88
S2140089F0A2772310F7006FE05FF3821A93DA0A0279
S214008A00ADB583AA0600D6876FF04F96821A93DA22
S214008A100A026FF04FA0821A93DA0A023AF88547E4
S214008A206FF02FA04EF056F881496FF08F969B0797
S214008A301600D5BCAE86B2876FF00FF9FD573EF430
S214008A406FE07FF85E8C15B20A770A0B3307674132
S214008A503AF1C10A631807A46FE01FF61009A28551
S214008A602685EFB0BFF86FE03FF51CC36FE0FFEB65
S214008A70C2769C42A1069B89070063D30700FD5976
S214008A8083471A0036F83A8A6FE01FFBAA8703B5B9
S214008A90012EB2862E86BE856FE0DFDC83D7050109
S214008AA003AE850A03D3250183B8850303B885047E
S214008AB0130101B3F59B130700402330814C2318A4
S214008AC0F1002E841C198A85233C914A2338214BB9
S214008AD02334114C2A8972D52319610046FCC2E45E
S214008AE03EE03EEC3AC63AD002D4EFE0BFD7AA84C6
S214008AF0635905028357010193F7070499C7835703
S214008B00040193E707042318F4008330814C0334F0
S214008B10014C0339014B26858334814B1301014DEB
S214008B2082808A854A85EFB05F8469D5FD54D9B7BF
S214008B30A96783B7076D82879B07060091CD130749
S214008B40F00F6366F7002380C50005458280930713
S214008B50A0081CC17D5582800145828001112E87A8
S214008B6022E826E4B2852A8436863A8506EC23ACCB
S214008B700142EF001064FD576307F500E2604264AF
S214008B80A2640561828083A78143EDDBE2601CC09E
S214008B904264A2640561828003B7012E4111B68744
S214008BA0328806E483388701AA862E873E86630DC0
S214008BB00800A9679387873EA9659385853F468504
S214008BC0EF004029EF00101B2968930708E0130800
S214008BD008E0DDB74111B286014606E4EFF0DFFBA0
S214008BE0B385C502411122E006E4EFC0CFC92A844E
S214008BF005C5033685FF13078004719A61166369FD
S214008C00C70493067002AA8763EDC60023B0070068
S214008C1023B4070023B80700A2602285026441013E
S214008C20828023300500233405009307700363F920
S214008C30C70223380500233C050093070502E31707
S214008C40E6FC2330050293070503233405027DBFA7
S214008C508145EFC09FE6A2602285026441018280C2
S214008C609307050165B7011122E826E42A842E85BC
S214008C7006EC23AC0142EF00B059FD576307F50040
S214008C80E2604264A2640561828083A78143EDDBD3
S214008C90E2601CC04264A26405618280011106EC99
S214008CA022E826E44AE0C1C52E84AA8419C11C59CC
S214008CB0C9CBA9679387070A6303F408A967938754
S214008CC087066303F408A96793870703630BF40812
S214008CD083170401A9CFA2852685EFB0EFCF3C6CA1
S214008CE02A8991C70C7C268582976341050683579F
S214008CF0040193F70708ADE32C7091C99307C407E6
S214008D006385F5002685EFB0BFA9233004064C60C6
S214008D1091C52685EFB0DFA823300408E26023184B
S214008D2004004264A2644A85026905618280E260AA
S214008D3042640149A2644A850269056182808064B2
S214008D4041BFEFB07F98B5B7806859B78357040125
S214008D507D5993F70708CDD30C6C2685EFB05FA43A
S214008D6061BF806CB5B7011106EC22E826E44AE044
S214008D7049C583B4012E2A8499C09C58C9CBA967DB
S214008D809387070A6303F408A96793878706630433
S214008D90F408A96793870703630CF4088317040194
S214008DA0A9CFA2852685EFB02FC33C6C2A8991C730
S214008DB00C7C26858297634205068357040193F749
S214008DC00708B5E32C7091C99307C4076385F500BF
S214008DD02685EFB0FF9C233004064C6091C526859F
S214008DE0EFB01F9C23300408E2602318040042649E
S214008DF0A2644A85026905618280E2604264014994
S214008E00A2644A85026905618280806441BF268526
S214008E10EFB09F8BADB7806851B7835704017D597B
S214008E2093F70708C5D30C6C2685EFB07F9759BF1C
S214008E30806CADB75D711303810236F49A8606EC3A
S214008E403AF83EFCC2E0C6E41AE4EFE0BFA1E260F6
S214008E50616182802A8E5D7103B5012E13030102C3
S214008E6032F036F42E869A86F28506EC3AF83EFC08
S214008E70C2E0C6E41AE4EFE0FF9EE2606161828031
S214008E80797122F026EC4AE806F42A89AE84328408
S214008E90EFB05FFF8547631BF5009B87F4FF130762
S214008EA0E00F6365F7002304910021A89306040AE7
S214008EB026862C004A85EF004062FD57630DF504B8
S214008EC00DC55C44834581001B87F7FF58C4635873
S214008ED007001C546343F702A9476380F5021C6031
S214008EE01387170018E02380B700A2700274426947
S214008EF01B850400E2644561828022864A85EF0075
S214008F00403AFD57E313F5FEA2700274E26442692C
S214008F107D554561828083570401A270E26493E721
S214008F2007042318F400027442697D554561828067
S214008F308317060113972703634C07000327860A47
S214008F408966D58F8966558F2318F6002324E60A8E
S214008F5005BF011122E803B4012E06EC2E86AA8571
S214008F6019C01C58A9C7A9679387070A630DF6049A
S214008F70A96793878706630AF604A967938707039A
S214008F806307F6048317060113972703634C07004D
S214008F900327860A8966D58F8966558F2318F600BB
S214008FA02324E60A22854264E2600561D1BD2AE0F8
S214008FB0228532E4EFB04FF12266A9679387070A4D
S214008FC08265E317F6FA106475BF106865BF106C0B
S214008FD055BF01112E8722E826E42A84B2853A85F9
S214008FE006EC23AC0142EF00B022FD576307F50004
S214008FF0E2604264A2640561828083A78143EDDB60
S214009000E2601CC04264A26405618280011122E80D
S21400901026E42A842E8506EC23AC0142EF0030209D
S214009020FD576307F500E2604264A2640561828032
S21400903083A78143EDDBE2601CC04264A264056145
S214009040828001112E8722E826E4B2852A8436869D
S2140090503A8506EC23AC0142EF00901BFD576307F0
S214009060F500E2604264A2640561828083A78143C2
S214009070EDDBE2601CC04264A264056182800111DF
S2140090802E8722E826E4B2852A8436863A8506ECC0
S21400909023AC0142EF00F006FD576307F500E260DF
S2140090A04264A2640561828083A78143EDDBE260AF
S2140090B01CC04264A2640561828079714AE803B9E3
S2140090C0050022F026EC06F44EE452E02E84AA8434
S2140090D0630B0902833909006383090203BA090096
S2140090E0630B0A0083350A0099C1EFF01FFDD28595
S2140090F02685EFB0EFEACE852685EFB06FEACA8503
S2140091002685EFB0EFE9A2850274A2704269A269D3
S214009110026A2685E26445616FB08FE883B7012E48
S214009120638CA7163C615D7126FC86E4A2E04AF8D3
S2140091304EF452F056EC5AE85EE462E0AA84638D80
S21400914007128C6F9DC5014993090020B38725013E
S214009150806309C8A28500602685EFB06FE47DF8BD
S214009160BC608C6F2109E31339FF2685EFB04FE30F
S214009170BC608C63638305122685EFB06FE28C7447
S21400918081C52685EFB0CFE1BC6089C7BE85268540
S214009190EFB00FE1AC7081C52685EFB06FE0AC7420
S2140091A081C52685EFB0CFDFAC7881C52685EFB0C8
S2140091B02FDFCC7481C52685EFB08FDECC7081C5DD
S2140091C02685EFB0EFDDAC6C81C52685EFB04FDDB0
S2140091D09C58DDC7BC6426858297C06055C003399D
S2140091E00400630C0906833909006384090603BA80
S2140091F00900630C0A04833A0A0063840A0403BB6A
S2140092000A00630C0B02833B0B0063840B0203BC57
S2140092100B00630C0C0083350C0081C52685EFF02F
S214009220DFE9E2852685EFB0AFD7DE852685EFB08D
S2140092302FD7DA852685EFB0AFD6D6852685EFB050
S2140092402FD6D2852685EFB0AFD5CE852685EFB052
S2140092502FD5CA852685EFB0AFD4A2850664A66052
S2140092604279A279027AE26A426BA26B026C268588
S214009270E27461616FB0CFD20C75E39405F019BF4C
S214009280A6600664E2744279A279027AE26A426BC8
S214009290A26B026C6161828082808C74E39305EE1F
S2140092A0F5B5797122F026EC4AE806F44EE42A89F0
S2140092B0AE84328419C11C59C9CFA9679387070A9F
S2140092C06300F40AA967938787066303F40CA9670B
S2140092D0938707036300F40E03170401145493776F
S2140092E0870054C493160703C192D9C71C6CC9C71C
S2140092F0096693F9F40FF18ECE8499EA8326840AE0
S214009300518F79767D16F18E2318E4002324D40A33
S21400931018601450BB07F74063D6D7088527544417
S2140093201306170010E0FD3654C42300370118500A
S2140093306303F70683570401858B81C7A947638CAF
S214009340F404A27002744269A2692685E26445614B
S2140093508280EFB06FB7A9679387070AE314F4F625
S214009360033489000317040114549377870054C408
S21400937093160703C192BDFBA2854A85EF90BFC82E
S21400938005E1031704011C6C93160703C1928DB701
S2140093900334090191B7A2854A85EFA01FFD55D178
S2140093A0FD5445B7A2854A85EFA03FFC75F91860C5
S2140093B08547B5B70334890105B779714AE803B91B
S2140093C0012E22F026EC06F44EE4AA842E846305D1
S2140093D0090083270903C9CFA9679387070A630192
S2140093E0F40AA967938787066304F40CA967938732
S2140093F007036301F40E03170401145493778700E0
S21400940054C493160703C192C1CB1C6CD1C709661E
S21400941093F9F40FF18ECE8499EA8326840A518F4D
S21400942079767D16F18E2318E4002324D40A18607A
S2140094301450BB07F74063D7D70885275444130654
S214009440170010E0FD3654C423003701185063049B
S214009450F70683570401858B81C7A947638DF404FB
S214009460A27002744269A2692685E2644561828020
S2140094704A85EFB06FA5A9679387070AE313F4F64A
S214009480033489000317040114549377870054C4E7
S21400949093160703C192B5FBA2854A85EF90BFB627
S2140094A005E1031704011C6C93160703C19285B7E8
S2140094B00334090189B7A2854A85EFA01FEB4DD179
S2140094C0FD5479BFA2854A85EFA03FEA75F918607A
S2140094D08547ADB70334890139BF797122F026EC90
S2140094E0A96706F483B7076D2A84B68491C9829764
S2140094F0FD57630DF500A2700274E2644561828038
S21400950001468A858297FD57E317F5FE23A00400DF
S2140095109307A008A2701CC00274E26445618280B2
S214009520797122F026EC06F483B4012EA96783B77E
S214009530076D328411CD2E86A286AA85268582974F
S214009540FD57630FF500A2700274E26445618280E5
S214009550B2868A85014626858297FD57E315F5FE75
S21400956023200400A27002749307A0089CC0E26443
S214009570456182804111194506E4EF00001A054551
S214009580EF0000383C7D99C3014582804111930568
S214009590001022E006E42A84EFB0FFAE28FC09CDD6
S2140095A093070510233005002105E31DF5FE014550
S2140095B0A2600264410182807D55DDBF797126EC90
S2140095C006F422F0FD47AA8463EEB700387D2E84A9
S2140095D015C30E043A94086010E0A2700274E264A8
S2140095E045618280A2700274D9471CC1E2647D5531
S2140095F0456182809305001032E4EFB0DFA8A8FC36
S2140096002A8719C92266AA879306051023B0070081
S214009610A107E39DD7FE75BF7D55C1B7011126E4AE
S21400962006EC22E8FD47AA8463E3B7063C7D2E8459
S21400963095C713973500BA9798630DC3854663029E
S214009640D704FD566307D7022E8523B0070002977E
S2140096500145E2604264A264056182802685EF00CF
S214009660A02922864264E260AA852685A264056156
S214009670B9A4E2604264D9471CC1A26405450561ED
S2140096808280E2604264A264014505618280D94717
S2140096901CC17D557DBFFD4763EFB706387D0111C0
S2140096A022E826E406EC2E84AA8405CF131534009F
S2140096B02A971C638DC3FD56638BD7048546638249
S2140096C0D70422852330070082970145E260426472
S2140096D0A26405618280E2604264A2640545056179
S2140096E0828093050010EFB01F9AA8FC2A8715C148
S2140096F0AA879306051023B00700A107E39DD7FEAF
S21400970075B7E2604264A2640D4505618280094532
S21400971075BF7D5565BF7D558280011126E406EC38
S21400972022E8FD4783B4012E63E2A706BC7C2A84A8
S2140097308DC713173500BA97986305C3854663012E
S214009740D704FD566306D70223B0070002970145EB
S214009750E2604264A264056182802685EF00C0193B
S21400976022864264E260AA852685A264056181AAF3
S214009770E2604264D9479CC00545A26405618280C8
S214009780E2604264A264014505618280D9479CC0BC
S2140097907D557DBF01114AE006EC22E826E4FD4730
S2140097A003B9012E63E1A7022A8403358907AE8434
S2140097B00DC50E042A94086004E0E2604264A264C8
S2140097C0026905618280E2604264D9472320F9007D
S2140097D0A26402697D5505618280930500104A8562
S2140097E0EFB07F8A233CA90611C9AA871307051084
S2140097F023B00700A107E39DE7FE65BF7D5575BF53
S214009800411122E003B4012E06E43C7C91C70145D9
S214009810A260026441018280930500102285EFB0A9
S2140098209F8628FC09C993070510233005002105EB
S214009830E31DF5FEE9BF7D55E1BF011126E406EC08
S21400984022E8FD4783B4012E63E9A706B87C2A8484
S21400985005CF131534002A971C638DC3FD56638C01
S214009860D70485466383D704228523300700829772
S2140098700145E2604264A26405618280E26042645F
S214009880A264054505618280930500102685EFB029
S2140098908FFFA8FC2A8715C1AA879306051023B058
S2140098A00700A107E39DD7FE6DB7E2604264A2649D
S2140098B00D450561828009456DBF7D555DBF01116F
S2140098C02E8722E826E42A84B2853A8506EC23AC65
S2140098D00142EF00E013FD576307F500E2604264C3
S2140098E0A2640561828083A78143EDDBE2601CC031
S2140098F04264A264056182801DA200000000000090
S214009900029029CE797122F026EC4AE84EE452E025
S21400991006F4B2842E890144A949354A29A0630D6C
S214009920450163848402EF00E014B30789002380B6
S214009930A7000504E31535FFA27022850274E264D1
S2140099404269A269026A45618280A2700274426915
S214009950A269026A2685E2644561828001458280AA
S21400996083B60145AA8799CE03B7814415C703B5C8
S214009970014405CDAA9763F5E70023B0F144828041
S2140099807D558280AD661386065823B8C14403B75A
S21400999081449386065861FF03B70148F9752E97F0
S2140099A023B4E14403B5014471F523B0D1443685B0
S2140099B0D1B779714EE406F422F026EC4AE8B28973
S2140099C011CE2E843389C500A94403450400630FD5
S2140099D095000504EF00A005E31924FFA2700274A9
S2140099E0E26442694E85A269456182803545EF0092
S2140099F0000405042945EF008003E31824FDA27047
S214009A000274E26442694E85A26945618280000064
S214009A1093078005138581431CC17D5582800545CB
S214009A20828000000000000000000000000003B775
S214009A30813F05C783A7814585456384B70289466C
S214009A406388D7001C47812763CB070023ACD1442B
S214009A505C43918BF5DF012508C30145828023AC6A
S214009A60B1445C4393F70720FDD75C4393F7072088
S214009A70EDFBD5B703B7813F014519C75C43858B1E
S214009A80F5DF08431375F50F8280F3282000216662
S214009A9013D70503130EF6FFFD573377C70193D68A
S214009AA00701ED8E1303170079161358D5038E069B
S214009AB03376C300B366D8008128FD9113183500AD
S214009AC04DCA71761306064032971306E07F635D33
S214009AD0E602638A08100D476386E824094715489E
S214009AE0638BE8248D476386F8248947638DF820C6
S214009AF01307F07F52179397F5037D17D98F7320BE
S214009B001800538507F282806359E00E1E0513582D
S214009B10C8033335A0003365050192061376750039
S214009B20C98E8147014805CA09466387C8140D4691
S214009B30638CC8166383081605465E16758E054840
S214009B4089C793E727001B88070011C605079307F8
S214009B50F07F6306F71093979600B1831377F77F2D
S214009B605217D98FFE15CD8FE31B08F8538507F2E1
S214009B70828033E8060121E39397F503E30308F8B0
S214009B800546854689470947638BE8180D47638471
S214009B90E8166387080EE19393C71700858B014785
S214009BA059F6054805465E16758EC5D39377180098
S214009BB0C9DFC28779B7630F080001486316C7017B
S214009BC0C99213B816001208854781451307F07F1F
S214009BD0CE1779B71307F07F9397F5035217D98FEF
S214009BE0538507F282801307F07F9397F503521789
S214009BF0D98F15487320180029B79307C0FC63490E
S214009C00F70A9307D0030546998F4E161305F003FF
S214009C10D18E0127635BF50A7556199E130500045D
S214009C2033D6C6006388A7001B073704B396E60042
S214009C303368D800B3360001D18E638E0610939732
S214009C40160013F7770013F6760015FFE19393C717
S214009C501700858B01480147E31806ECA1B7136887
S214009C605800E39108E81307F07F9397F50352171F
S214009C70D98F7320180071B5E38005ECA1066DBD81
S214009C8013F7F70011456303A7009107E19393C705
S214009C901700858B0147E30106EA13F6F600114527
S214009CA0E30CA6E8910649BDE39D05EEA106D5BDE9
S214009CB089476383F8068D47638CF8026389080436
S214009CC00147014685468547ADBD1B06370093070D
S214009CD0D0033B87E740B317C800B337F0003358CC
S214009CE0E8003368F800B396C600B3E60601B1B7DD
S214009CF005468546894791E1A107E19393C717007A
S214009D00858B054889BFE38505DE8545A9BF854661
S214009D108547014791060DB5054685468947F1DD1D
S214009D20A107E1BF91CD1307E07F8147FD56154897
S214009D3095BD95D975BB81EDFD561307E07F39B506
S214009D409307F07FD2171548732018005DBBD21713
S210009D50732018007DB39397F50365B3ED
S208009D5C00000000FE
S214009D605374617274696E672047505520636F6D37
S214009D706D756E69636174696F6E000000000000A7
S214009D805761697420666F72206770752E2E2E00DC
S214009D904750552046494E49534845440000000068
S214009DA009524553554C543A2025233130780A0041
S214009DB00A00000000000000494E460000000000B7
S214009DC0696E6600000000004E414E000000000074
S214009DD06E616E00000000003031323334353637A5
S214009DE038396162636465660000000000000000A8
S214009DF030313233343536373839414243444546BC
S214009E000000000000000000286E756C6C29000041
S214009E103000000000000000EC1800006613000090
S214009E2066130000DE1800006613000066130000CC
S214009E306613000098180000661300006613000002
S214009E4080180000101900006613000002190000B8
S214009E501E1900006613000072180000721400003D
S214009E6072140000721400007214000072140000D5
S214009E7072140000721400007214000072140000C5
S214009E8066130000661300006613000066130000E9
S214009E906613000066130000661300009C140000A2
S214009EA066130000361700007C1600009C140000A5
S214009EB09C1400009C14000066130000661300004B
S214009EC066130000661300004418000066130000C6
S214009ED066130000481700006613000066130000B3
S214009EE066130000DE16000066130000521800001D
S214009EF06613000066130000CC2100006613000005
S214009F006613000066130000661300006613000068
S214009F106613000066130000661300009C14000021
S214009F206613000036170000841600009C1400001C
S214009F309C1400009C1400002E18000084160000DC
S214009F405216000066130000181800006613000082
S214009F50A417000050170000EA170000DC170000E6
S214009F6066130000DE16000052160000B221000044
S214009F7066130000661300006821000066130000E8
S214009F805216000000000000202020202020202064
S214009F90202020202020202030303030303030303C
S214009FA03030303030303030496E66696E697479E2
S214009FB000000000000000004E614E00000000009F
S214009FC05245454E54206D616C6C6F63207375630B
S214009FD063656564656400002F686F6D652F6D733B
S214009FE06F6C652F5068442F6E63632D73706172BB
S214009FF0726F772F6E65776C69622F6E65776C6906
S21400A000622F6C6962632F7374646C69622F647468
S21400A0106F612E630000000042616C6C6F632073FA
S21400A02075636365656465640000000000000000F9
S21400A030000000000000000000000000000000001B
S21400A040000000000000000000000000000000000B
S21400A05000000000000000000000000000000000FB
S21400A06000000000000000000000000000000000EB
S21400A07000000000000000000000000000000000DB
S21400A08000000000000000000000000000000000CB
S21400A09000000000000000000000000000000000BB
S21400A0A000000000000000000000000000000000AB
S21400A0B0000000000000000000000000000000009B
S21400A0C0000000000000000000000000000000008B
S21400A0D00000000000000000430000000000000038
S21400A0E0504F5349580000002E00000000000000AA
S21400A0F02F686F6D652F6D736F6C652F5068442FDA
S21400A1006E63632D73706172726F772F6E65776CF6
S21400A11069622F6E65776C69622F6C6962632F7354
S21400A12074646C69622F6D707265632E6300000044
S21400A13005000000190000007D000000000000007F
S21400A140000000000000F03F000000000000244077
S21400A15000000000000059400000000000408F4052
S21400A160000000000088C34000000000006AF840BD
S21400A1700000000080842E4100000000D0126341E1
S21400A1800000000084D797410000000065CDCD4157
S21400A190000000205FA00242000000E87648374238
S21400A1A0000000A2941A6D42000040E59C30A242D6
S21400A1B00000901EC4BCD64200003426F56B0C434B
S21400A1C00080E03779C3414300A0D88557347643F2
S21400A1D000C84E676DC1AB43003D9160E458E14353
S21400A1E0408CB5781DAF154450EFE2D6E41A4B44C8
S21400A1F092D54D06CFF08044F64AE1C7022DB5440D
S21400A200B49DD9794378EA44BC89D897B2D29C3CAD
S21400A21033A7A8D523F649393DA7F444FD0FA53248
S21400A2209D978CCF08BA5B25436FAC642806C80A96
S21400A2300080E03779C34143176E05B5B5B893463D
S21400A240F5F93FE9034F384D321D30F94877825A09
S21400A2503CBF737FDD4F1575227E00005A7A0000E2
S21400A2605A7A0000167E00005A7A00005A7A0000D9
S21400A2705A7A0000DA7D00005A7A00005A7A000006
S21400A280C07D0000B27D00005A7A0000A67D000066
S21400A2906E7D00005A7A0000627D00001A7B000086
S21400A2A01A7B00001A7B00001A7B00001A7B000055
S21400A2B01A7B00001A7B00001A7B00001A7B000045
S21400A2C05A7A00005A7A00005A7A00005A7A000039
S21400A2D05A7A00005A7A00005A7A00005A7A000029
S21400A2E05A7A0000B07B0000547B00005A7A0000C7
S21400A2F05A7A00005A7A00005A7A00005A7A000009
S21400A3005A7A00005A7A00005A7A00005A7A0000F8
S21400A3105A7A0000FE7B00005A7A00005A7A000043
S21400A3205A7A0000CC7B00005A7A0000E47C0000D9
S21400A3305A7A00005A7A00009C8800005A7A000078
S21400A3405A7A00005A7A00005A7A00005A7A0000B8
S21400A3505A7A00005A7A00005A7A00005A7A0000A8
S21400A3605A7A0000B07B00005A7B00005A7A000040
S21400A3705A7A00005A7A0000187D00005A7B0000C6
S21400A380487B00005A7A0000047D00005A7A0000DC
S21400A390567C0000047C0000387D00002C7D000008
S21400A3A05A7A0000CC7B0000487B000096880000AC
S21400A3B05A7A00005A7A00004E8800005A7A000046
S21400A3C0487B0000000000002020202020202020C5
S21400A3D020202020202020203030303030303030F8
S21400A3E030303030303030302C2066756E63746913
S21400A3F06F6E3A2000000000617373657274696FB7
S21400A4006E2022257322206661696C65643A206698
S21400A410696C6520222573222C206C696E652025C8
S21400A42064257325730A00000020202020202020A9
S21400A43020202828282828202020202020202020EF
S21400A44020202020202020202088101010101010FF
S21400A450101010101010101010040404040404044B
S21400A46004040410101010101010414141414141E5
S21400A47001010101010101010101010101010101C7
S21400A48001010101101010101010424242424242D7
S21400A4900202020202020202020202020202020297
S21400A4A0020202021010101020000000000000003F
S21400A4B00000000000000000000000000000000097
S21400A4C00000000000000000000000000000000087
S21400A4D00000000000000000000000000000000077
S21400A4E00000000000000000000000000000000067
S21400A4F00000000000000000000000000000000057
S21400A5000000000000000000000000000000000046
S21400A5100000000000000000000000000000000036
S20D00A5200000000000000000002D
S20B00A5290000000000000026
S20C00A5303C04000000000000DE
S20C00A5380C0400000000000006
S21400A5400000000000000000A0A0000000000000C6
S21400A55068A000000000000030A00000000000001E
S21400A56000000000000000000000000000000000E6
S21400A57000000000000000000000000000000000D6
S21400A58000000000000000000000000000000000C6
S21400A59000000000000000000000000000000000B6
S21400A5A000000000000000000000000000000000A6
S21400A5B00000000000000000000000000000000096
S21400A5C00000000000000000000000000000000086
S21400A5D00000000000000000000000000000000076
S21400A5E00000000000000000000000000000000066
S21400A5F04300000000000000000000000000000013
S21400A6000000000000000000000000000000000045
S21400A61043000000000000000000000000000000F2
S21400A6200000000000000000000000000000000025
S21400A63043000000000000000000000000000000D2
S21400A6400000000000000000000000000000000005
S21400A65043000000000000000000000000000000B2
S21400A66000000000000000000000000000000000E5
S21400A6704300000000000000000000000000000092
S21400A68000000000000000000000000000000000C5
S21400A6904300000000000000000000000000000072
S21400A6A000000000000000000000000000000000A5
S21400A6B04300000000000000000000000000000052
S21400A6C00000000000000000000000000000000085
S21400A6D0388B000000000000AC56000000000000B0
S21400A6E0000000000000000028A400000000000099
S21400A6F0E8A0000000000000009E0000000000002F
S21400A700009E000000000000009E00000000000008
S21400A710009E000000000000009E000000000000F8
S21400A720009E000000000000009E000000000000E8
S21400A730009E000000000000009E000000000000D8
S21400A740FFFFFFFFFFFFFFFFFFFFFFFFFFFF000012
S21400A750010041534349490000000000000000008A
S21400A76000000000000000000000000000000000E4
S21400A770000041534349490000000000000000006B
S21400A78000000000000000000000000000000000C4
S21400A79000000000000000000000000000000000B4
S21400A7A0000000000000000098A700000000000065
S21400A7B098A7000000000000A8A700000000000006
S21400A7C0A8A7000000000000B8A7000000000000D6
S21400A7D0B8A7000000000000C8A7000000000000A6
S21400A7E0C8A7000000000000D8A700000000000076
S21400A7F0D8A7000000000000E8A700000000000046
S21400A800E8A7000000000000F8A700000000000015
S21400A810F8A700000000000008A8000000000000E4
S21400A82008A800000000000018A8000000000000B3
S21400A83018A800000000000028A800000000000083
S21400A84028A800000000000038A800000000000053
S21400A85038A800000000000048A800000000000023
S21400A86048A800000000000058A8000000000000F3
S21400A87058A800000000000068A8000000000000C3
S21400A88068A800000000000078A800000000000093
S21400A89078A800000000000088A800000000000063
S21400A8A088A800000000000098A800000000000033
S21400A8B098A8000000000000A8A800000000000003
S21400A8C0A8A8000000000000B8A8000000000000D3
S21400A8D0B8A8000000000000C8A8000000000000A3
S21400A8E0C8A8000000000000D8A800000000000073
S21400A8F0D8A8000000000000E8A800000000000043
S21400A900E8A8000000000000F8A800000000000012
S21400A910F8A800000000000008A9000000000000E1
S21400A92008A900000000000018A9000000000000B0
S21400A93018A900000000000028A900000000000080
S21400A94028A900000000000038A900000000000050
S21400A95038A900000000000048A900000000000020
S21400A96048A900000000000058A9000000000000F0
S21400A97058A900000000000068A9000000000000C0
S21400A98068A900000000000078A900000000000090
S21400A99078A900000000000088A900000000000060
S21400A9A088A900000000000098A900000000000030
S21400A9B098A9000000000000A8A900000000000000
S21400A9C0A8A9000000000000B8A9000000000000D0
S21400A9D0B8A9000000000000C8A9000000000000A0
S21400A9E0C8A9000000000000D8A900000000000070
S21400A9F0D8A9000000000000E8A900000000000040
S21400AA00E8A9000000000000F8A90000000000000F
S21400AA10F8A900000000000008AA000000000000DE
S21400AA2008AA00000000000018AA000000000000AD
S21400AA3018AA00000000000028AA0000000000007D
S21400AA4028AA00000000000038AA0000000000004D
S21400AA5038AA00000000000048AA0000000000001D
S21400AA6048AA00000000000058AA000000000000ED
S21400AA7058AA00000000000068AA000000000000BD
S21400AA8068AA00000000000078AA0000000000008D
S21400AA9078AA00000000000088AA0000000000005D
S21400AAA088AA00000000000098AA0000000000002D
S21400AAB098AA000000000000A8AA000000000000FD
S21400AAC0A8AA000000000000B8AA000000000000CD
S21400AAD0B8AA000000000000C8AA0000000000009D
S21400AAE0C8AA000000000000D8AA0000000000006D
S21400AAF0D8AA000000000000E8AA0000000000003D
S21400AB00E8AA000000000000F8AA0000000000000C
S21400AB10F8AA00000000000008AB000000000000DB
S21400AB2008AB00000000000018AB000000000000AA
S21400AB3018AB00000000000028AB0000000000007A
S21400AB4028AB00000000000038AB0000000000004A
S21400AB5038AB00000000000048AB0000000000001A
S21400AB6048AB00000000000058AB000000000000EA
S21400AB7058AB00000000000068AB000000000000BA
S21400AB8068AB00000000000078AB0000000000008A
S21400AB9078AB00000000000088AB0000000000005A
S21400ABA088AB00000000000098AB0000000000002A
S21400ABB098AB000000000000A8AB000000000000FA
S21400ABC0A8AB000000000000B8AB000000000000CA
S21400ABD0B8AB000000000000C8AB0000000000009A
S21400ABE0C8AB000000000000D8AB0000000000006A
S21400ABF0D8AB000000000000E8AB0000000000003A
S21400AC00E8AB000000000000F8AB00000000000009
S21400AC10F8AB00000000000008AC000000000000D8
S21400AC2008AC00000000000018AC000000000000A7
S21400AC3018AC00000000000028AC00000000000077
S21400AC4028AC00000000000038AC00000000000047
S21400AC5038AC00000000000048AC00000000000017
S21400AC6048AC00000000000058AC000000000000E7
S21400AC7058AC00000000000068AC000000000000B7
S21400AC8068AC00000000000078AC00000000000087
S21400AC9078AC00000000000088AC00000000000057
S21400ACA088AC00000000000098AC00000000000027
S21400ACB098AC000000000000A8AC000000000000F7
S21400ACC0A8AC000000000000B8AC000000000000C7
S21400ACD0B8AC000000000000C8AC00000000000097
S21400ACE0C8AC000000000000D8AC00000000000067
S21400ACF0D8AC000000000000E8AC00000000000037
S21400AD00E8AC000000000000F8AC00000000000006
S21400AD10F8AC00000000000008AD000000000000D5
S21400AD2008AD00000000000018AD000000000000A4
S21400AD3018AD00000000000028AD00000000000074
S21400AD4028AD00000000000038AD00000000000044
S21400AD5038AD00000000000048AD00000000000014
S21400AD6048AD00000000000058AD000000000000E4
S21400AD7058AD00000000000068AD000000000000B4
S21400AD8068AD00000000000078AD00000000000084
S21400AD9078AD00000000000088AD00000000000054
S21400ADA088AD00000000000098AD00000000000024
S21400ADB098AD000000000000A8AD000000000000F4
S21400ADC0A8AD000000000000B8AD000000000000C4
S21400ADD0B8AD000000000000C8AD00000000000094
S21400ADE0C8AD000000000000D8AD00000000000064
S21400ADF0D8AD000000000000E8AD00000000000034
S21400AE00E8AD000000000000F8AD00000000000003
S21400AE10F8AD00000000000008AE000000000000D2
S21400AE2008AE00000000000018AE000000000000A1
S21400AE3018AE00000000000028AE00000000000071
S21400AE4028AE00000000000038AE00000000000041
S21400AE5038AE00000000000048AE00000000000011
S21400AE6048AE00000000000058AE000000000000E1
S21400AE7058AE00000000000068AE000000000000B1
S21400AE8068AE00000000000078AE00000000000081
S21400AE9078AE00000000000088AE00000000000051
S21400AEA088AE00000000000098AE00000000000021
S21400AEB098AE000000000000A8AE000000000000F1
S21400AEC0A8AE000000000000B8AE000000000000C1
S21400AED0B8AE000000000000C8AE00000000000091
S21400AEE0C8AE000000000000D8AE00000000000061
S21400AEF0D8AE000000000000E8AE00000000000031
S21400AF00E8AE000000000000F8AE00000000000000
S21400AF10F8AE00000000000008AF000000000000CF
S21400AF2008AF00000000000018AF0000000000009E
S21400AF3018AF00000000000028AF0000000000006E
S21400AF4028AF00000000000038AF0000000000003E
S21400AF5038AF00000000000048AF0000000000000E
S21400AF6048AF00000000000058AF000000000000DE
S21400AF7058AF00000000000068AF000000000000AE
S21400AF8068AF00000000000078AF0000000000007E
S21400AF9078AF00000000000088AF0000000000004E
S20C00AFA088AF0000000000006D
S21400AFA87F7F7F7F7F7F7F7FFFFFFFFFFFFFEF7F34
S21400AFB80000000000003040000000000000E03FF5
S21400AFC83030303030303030000000000000C03FF5
S21400AFD8000000000000F83F61436F63A787D23F78
S21400AFE8B3C8608B288AC63FFB799F501344D33F6B
S21400AFF8000000000000F03F0000000000002440B1
S21400B0080000000000001C40000000000000144083
S21400B018FFFEFEFEFEFEFEFE808080808080808032
S21400B028000000000000504340A50000000000009B
S21400B03800000000000000000000F8FF000000000C
S21400B048240000000000000050B1000000000000CE
S21400B0580000F0FF0000000040A50000000000000F
S21400B068FFFFFFFFFFFFFFFF0000020000000000D9
S21400B0781000000000000000037A5200017C010165
S21400B0881B0D02002000000018000000CA53FFFF36
S21400B0982800000000420E20428802420C08005E8B
S21400B0A8C80C0220420E0000200000003C000000F1
S21400B0B8CE53FFFF1800000000420E1042880242DE
S21400B0C80C08004EC80C0210420E000020000000BB
S21400B0D860000000C253FFFF2200000000420E205E
S21400B0E8428802420C080058C80C0220420E000093
S21400B0F82000000084000000C053FFFF2600000068
S21400B10800420E20428802420C08005CC80C02204E
S21400B118420E000024000000A8000000C253FFFFF3
S21400B1286A00000000420E204481028804420C088F
S21400B13800025CC142C80C0220420E00000000005B
S21400B14800000000000000000000000000000000F2
S21400B15800000000000000000000000000000000E2
S21400B16800000000000000000000000000000000D2
S21400B17800000000000000000000000000000000C2
S21400B18800000000000000000000000000000000B2
S21400B19800000000000000000000000000000000A2
S21400B1A80000000000000000000000000000000092
S21400B1B80000000000000000000000000000000082
S21400B1C80000000000000000000000000000000072
S21400B1D80000000000000000000000000000000062
S21400B1E80000000000000000000000000000000052
S21400B1F80000000000000000000000000000000042
S21400B2080000000000000000000000000000000031
S21400B2180000000000000000000000000000000021
S21400B2280000000000000000000000000000000011
S21400B2380000000000000000000000000000000001
S21400B24800000000000000000000000000000000F1
S21400B25800000000000000000000000000000000E1
S21400B26800000000000000000000000000000000D1
S21400B27800000000000000000000000000000000C1
S21400B28800000000000000000000000000000000B1
S21400B29800000000000000000000000000000000A1
S21400B2A80000000000000000000000000000000091
S21400B2B80000000000000000000000000000000081
S21400B2C80000000000000000000000000000000071
S21400B2D80000000000000000000000000000000061
S21400B2E80000000000000000000000000000000051
S21400B2F80000000000000000000000000000000041
S21400B3080000000000000000000000000000000030
S21400B3180000000000000000000000000000000020
S21400B3280000000000000000000000000000000010
S21400B3380000000000000000000000000000000000
S21400B34800000000000000000000000000000000F0
S21400B35800000000000000000000000000000000E0
S21400B36800000000000000000000000000000000D0
S21400B37800000000000000000000000000000000C0
S21400B38800000000000000000000000000000000B0
S21400B39800000000000000000000000000000000A0
S21400B3A80000000000000000000000000000000090
S21400B3B80000000000000000000000000000000080
S21400B3C80000000000000000000000000000000070
S21400B3D80000000000000000000000000000000060
S21400B3E80000000000000000000000000000000050
S21400B3F80000000000000000000000000000000040
S21400B408000000000000000000000000000000002F
S21400B418000000000000000000000000000000001F
S21400B428000000000000000000000000000000000F
S21400B43800000000000000000000000000000000FF
S21400B44800000000000000000000000000000000EF
S21400B45800000000000000000000000000000000DF
S21400B46800000000000000000000000000000000CF
S21400B47800000000000000000000000000000000BF
S21400B48800000000000000000000000000000000AF
S21400B498000000000000000000000000000000009F
S21400B4A8000000000000000000000000000000008F
S21400B4B8000000000000000000000000000000007F
S21400B4C8000000000000000000000000000000006F
S21400B4D8000000000000000000000000000000005F
S21400B4E8000000000000000000000000000000004F
S21400B4F8000000000000000000000000000000003F
S21400B508000000000000000000000000000000002E
S21400B518000000000000000000000000000000001E
S21400B528000000000000000000000000000000000E
S21400B53800000000000000000000000000000000FE
S21400B54800000000000000000000000000000000EE
S21400B55800000000000000000000000000000000DE
S21400B56800000000000000000000000000000000CE
S21400B57800000000000000000000000000000000BE
S21400B58800000000000000000000000000000000AE
S21400B598000000000000000000000000000000009E
S21400B5A8000000000000000000000000000000008E
S21400B5B8000000000000000000000000000000007E
S21400B5C8000000000000000000000000000000006E
S21400B5D8000000000000000000000000000000005E
S21400B5E8000000000000000000000000000000004E
S21400B5F8000000000000000000000000000000003E
S21400B608000000000000000000000000000000002D
S21400B618000000000000000000000000000000001D
S21400B628000000000000000000000000000000000D
S21400B63800000000000000000000000000000000FD
S21400B64800000000000000000000000000000000ED
S21400B65800000000000000000000000000000000DD
S21400B66800000000000000000000000000000000CD
S21400B67800000000000000000000000000000000BD
S21400B68800000000000000000000000000000000AD
S21400B698000000000000000000000000000000009D
S21400B6A8000000000000000000000000000000008D
S21400B6B8000000000000000000000000000000007D
S21400B6C8000000000000000000000000000000006D
S21400B6D8000000000000000000000000000000005D
S21400B6E8000000000000000000000000000000004D
S21400B6F8000000000000000000000000000000003D
S21400B708000000000000000000000000000000002C
S21400B718000000000000000000000000000000001C
S21400B728000000000000000000000000000000000C
S21400B73800000000000000000000000000000000FC
S21400B74800000000000000000000000000000000EC
S21400B75800000000000000000000000000000000DC
S21400B76800000000000000000000000000000000CC
S21400B77800000000000000000000000000000000BC
S21400B78800000000000000000000000000000000AC
S21400B798000000000000000000000000000000009C
S21400B7A8000000000000000000000000000000008C
S21400B7B8000000000000000000000000000000007C
S21400B7C8000000000000000000000000000000006C
S21400B7D8000000000000000000000000000000005C
S21400B7E8000000000000000000000000000000004C
S21400B7F8000000000000000000000000000000003C
S21400B808000000000000000000000000000000002B
S21400B818000000000000000000000000000000001B
S21400B828000000000000000000000000000000000B
S21400B83800000000000000000000000000000000FB
S21400B84800000000000000000000000000000000EB
S21400B85800000000000000000000000000000000DB
S21400B86800000000000000000000000000000000CB
S21400B87800000000000000000000000000000000BB
S21400B88800000000000000000000000000000000AB
S21400B898000000000000000000000000000000009B
S21400B8A8000000000000000000000000000000008B
S21400B8B8000000000000000000000000000000007B
S21400B8C8000000000000000000000000000000006B
S21400B8D8000000000000000000000000000000005B
S21400B8E8000000000000000000000000000000004B
S21400B8F8000000000000000000000000000000003B
S21400B908000000000000000000000000000000002A
S21400B918000000000000000000000000000000001A
S21400B928000000000000000000000000000000000A
S21400B93800000000000000000000000000000000FA
S21400B94800000000000000000000000000000000EA
S21400B95800000000000000000000000000000000DA
S21400B96800000000000000000000000000000000CA
S21400B97800000000000000000000000000000000BA
S21400B98800000000000000000000000000000000AA
S21400B998000000000000000000000000000000009A
S21400B9A8000000000000000000000000000000008A
S21400B9B8000000000000000000000000000000007A
S21400B9C8000000000000000000000000000000006A
S21400B9D8000000000000000000000000000000005A
S21400B9E8000000000000000000000000000000004A
S21400B9F8000000000000000000000000000000003A
S21400BA080000000000000000000000000000000029
S21400BA180000000000000000000000000000000019
S21400BA280000000000000000000000000000000009
S21400BA3800000000000000000000000000000000F9
S21400BA4800000000000000000000000000000000E9
S21400BA5800000000000000000000000000000000D9
S21400BA6800000000000000000000000000000000C9
S21400BA7800000000000000000000000000000000B9
S21400BA8800000000000000000000000000000000A9
S21400BA980000000000000000000000000000000099
S21400BAA80000000000000000000000000000000089
S21400BAB80000000000000000000000000000000079
S21400BAC80000000000000000000000000000000069
S21400BAD80000000000000000000000000000000059
S21400BAE80000000000000000000000000000000049
S21400BAF80000000000000000000000000000000039
S21400BB080000000000000000000000000000000028
S21400BB180000000000000000000000000000000018
S21400BB280000000000000000000000000000000008
S21400BB3800000000000000000000000000000000F8
S21400BB4800000000000000000000000000000000E8
S21400BB5800000000000000000000000000000000D8
S21400BB6800000000000000000000000000000000C8
S21400BB7800000000000000000000000000000000B8
S21400BB8800000000000000000000000000000000A8
S21400BB980000000000000000000000000000000098
S21400BBA80000000000000000000000000000000088
S21400BBB80000000000000000000000000000000078
S21400BBC80000000000000000000000000000000068
S21400BBD80000000000000000000000000000000058
S21400BBE80000000000000000000000000000000048
S21400BBF80000000000000000000000000000000038
S21400BC080000000000000000000000000000000027
S21400BC180000000000000000000000000000000017
S21400BC280000000000000000000000000000000007
S21400BC3800000000000000000000000000000000F7
S21400BC4800000000000000000000000000000000E7
S21400BC5800000000000000000000000000000000D7
S21400BC6800000000000000000000000000000000C7
S21400BC7800000000000000000000000000000000B7
S21400BC8800000000000000000000000000000000A7
S21400BC980000000000000000000000000000000097
S21400BCA80000000000000000000000000000000087
S21400BCB80000000000000000000000000000000077
S21400BCC80000000000000000000000000000000067
S21400BCD80000000000000000000000000000000057
S21400BCE80000000000000000000000000000000047
S21400BCF80000000000000000000000000000000037
S21400BD080000000000000000000000000000000026
S21400BD180000000000000000000000000000000016
S21400BD280000000000000000000000000000000006
S21400BD3800000000000000000000000000000000F6
S21400BD4800000000000000000000000000000000E6
S21400BD5800000000000000000000000000000000D6
S21400BD6800000000000000000000000000000000C6
S21400BD7800000000000000000000000000000000B6
S21400BD8800000000000000000000000000000000A6
S21400BD980000000000000000000000000000000096
S21400BDA80000000000000000000000000000000086
S21400BDB80000000000000000000000000000000076
S21400BDC80000000000000000000000000000000066
S21400BDD80000000000000000000000000000000056
S21400BDE80000000000000000000000000000000046
S21400BDF80000000000000000000000000000000036
S21400BE080000000000000000000000000000000025
S21400BE180000000000000000000000000000000015
S21400BE280000000000000000000000000000000005
S21400BE3800000000000000000000000000000000F5
S21400BE4800000000000000000000000000000000E5
S21400BE5800000000000000000000000000000000D5
S21400BE6800000000000000000000000000000000C5
S21400BE7800000000000000000000000000000000B5
S21400BE8800000000000000000000000000000000A5
S21400BE980000000000000000000000000000000095
S21400BEA80000000000000000000000000000000085
S21400BEB80000000000000000000000000000000075
S21400BEC80000000000000000000000000000000065
S21400BED80000000000000000000000000000000055
S21400BEE80000000000000000000000000000000045
S21400BEF80000000000000000000000000000000035
S21400BF080000000000000000000000000000000024
S21400BF180000000000000000000000000000000014
S21400BF280000000000000000000000000000000004
S21400BF3800000000000000000000000000000000F4
S21400BF4800000000000000000000000000000000E4
S21400BF5800000000000000000000000000000000D4
S21400BF6800000000000000000000000000000000C4
S21400BF7800000000000000000000000000000000B4
S21400BF8800000000000000000000000000000000A4
S21400BF980000000000000000000000000000000094
S21400BFA80000000000000000000000000000000084
S21400BFB80000000000000000000000000000000074
S21400BFC80000000000000000000000000000000064
S21400BFD80000000000000000000000000000000054
S21400BFE80000000000000000000000000000000044
S21400BFF80000000000000000000000000000000034
S21400C0080000000000000000000000000000000023
S21400C0180000000000000000000000000000000013
S21400C0280000000000000000000000000000000003
S21400C03800000000000000000000000000000000F3
S21400C04800000000000000000000000000000000E3
S21400C05800000000000000000000000000000000D3
S21400C06800000000000000000000000000000000C3
S21400C07800000000000000000000000000000000B3
S21400C08800000000000000000000000000000000A3
S21400C0980000000000000000000000000000000093
S21400C0A80000000000000000000000000000000083
S21400C0B80000000000000000000000000000000073
S21400C0C80000000000000000000000000000000063
S21400C0D80000000000000000000000000000000053
S21400C0E80000000000000000000000000000000043
S21400C0F80000000000000000000000000000000033
S21400C1080000000000000000000000000000000022
S21400C1180000000000000000000000000000000012
S21400C1280000000000000000000000000000000002
S21400C13800000000000000000000000000000000F2
S21400C14800000000000000000000000000000000E2
S21400C15800000000000000000000000000000000D2
S21400C16800000000000000000000000000000000C2
S21400C17800000000000000000000000000000000B2
S21400C18800000000000000000000000000000000A2
S21400C1980000000000000000000000000000000092
S21400C1A80000000000000000000000000000000082
S21400C1B80000000000000000000000000000000072
S21400C1C80000000000000000000000000000000062
S21400C1D80000000000000000000000000000000052
S21400C1E80000000000000000000000000000000042
S21400C1F80000000000000000000000000000000032
S21400C2080000000000000000000000000000000021
S21400C2180000000000000000000000000000000011
S21400C2280000000000000000000000000000000001
S21400C23800000000000000000000000000000000F1
S21400C24800000000000000000000000000000000E1
S21400C25800000000000000000000000000000000D1
S21400C26800000000000000000000000000000000C1
S21400C27800000000000000000000000000000000B1
S21400C28800000000000000000000000000000000A1
S21400C2980000000000000000000000000000000091
S21400C2A80000000000000000000000000000000081
S21400C2B80000000000000000000000000000000071
S21400C2C80000000000000000000000000000000061
S21400C2D80000000000000000000000000000000051
S21400C2E80000000000000000000000000000000041
S21400C2F80000000000000000000000000000000031
S21400C3080000000000000000000000000000000020
S21400C3180000000000000000000000000000000010
S21400C3280000000000000000000000000000000000
S21400C33800000000000000000000000000000000F0
S21400C34800000000000000000000000000000000E0
S21400C35800000000000000000000000000000000D0
S21400C36800000000000000000000000000000000C0
S21400C37800000000000000000000000000000000B0
S21400C38800000000000000000000000000000000A0
S21400C3980000000000000000000000000000000090
S21400C3A80000000000000000000000000000000080
S21400C3B80000000000000000000000000000000070
S21400C3C80000000000000000000000000000000060
S21400C3D80000000000000000000000000000000050
S21400C3E80000000000000000000000000000000040
S21400C3F80000000000000000000000000000000030
S21400C408000000000000000000000000000000001F
S21400C418000000000000000000000000000000000F
S21400C42800000000000000000000000000000000FF
S21400C43800000000000000000000000000000000EF
S21400C44800000000000000000000000000000000DF
S21400C45800000000000000000000000000000000CF
S21400C46800000000000000000000000000000000BF
S21400C47800000000000000000000000000000000AF
S21400C488000000000000000000000000000000009F
S21400C498000000000000000000000000000000008F
S21400C4A8000000000000000000000000000000007F
S21400C4B8000000000000000000000000000000006F
S21400C4C8000000000000000000000000000000005F
S21400C4D8000000000000000000000000000000004F
S21400C4E8000000000000000000000000000000003F
S21400C4F8000000000000000000000000000000002F
S21400C508000000000000000000000000000000001E
S21400C518000000000000000000000000000000000E
S21400C52800000000000000000000000000000000FE
S21400C53800000000000000000000000000000000EE
S21400C54800000000000000000000000000000000DE
S21400C55800000000000000000000000000000000CE
S21400C56800000000000000000000000000000000BE
S21400C57800000000000000000000000000000000AE
S21400C588000000000000000000000000000000009E
S21400C598000000000000000000000000000000008E
S21400C5A8000000000000000000000000000000007E
S21400C5B8000000000000000000000000000000006E
S21400C5C8000000000000000000000000000000005E
S21400C5D8000000000000000000000000000000004E
S21400C5E8000000000000000000000000000000003E
S21400C5F8000000000000000000000000000000002E
S21400C608000000000000000000000000000000001D
S21400C618000000000000000000000000000000000D
S21400C62800000000000000000000000000000000FD
S21400C63800000000000000000000000000000000ED
S21400C64800000000000000000000000000000000DD
S21400C65800000000000000000000000000000000CD
S21400C66800000000000000000000000000000000BD
S21400C67800000000000000000000000000000000AD
S21400C688000000000000000000000000000000009D
S21400C698000000000000000000000000000000008D
S21400C6A8000000000000000000000000000000007D
S21400C6B8000000000000000000000000000000006D
S21400C6C8000000000000000000000000000000005D
S21400C6D8000000000000000000000000000000004D
S21400C6E8000000000000000000000000000000003D
S21400C6F8000000000000000000000000000000002D
S21400C708000000000000000000000000000000001C
S21400C718000000000000000000000000000000000C
S21400C72800000000000000000000000000000000FC
S21400C73800000000000000000000000000000000EC
S21400C74800000000000000000000000000000000DC
S21400C75800000000000000000000000000000000CC
S21400C76800000000000000000000000000000000BC
S21400C77800000000000000000000000000000000AC
S21400C788000000000000000000000000000000009C
S21400C798000000000000000000000000000000008C
S21400C7A8000000000000000000000000000000007C
S21400C7B8000000000000000000000000000000006C
S21400C7C8000000000000000000000000000000005C
S21400C7D8000000000000000000000000000000004C
S21400C7E8000000000000000000000000000000003C
S21400C7F8000000000000000000000000000000002C
S21400C808000000000000000000000000000000001B
S21400C818000000000000000000000000000000000B
S21400C82800000000000000000000000000000000FB
S21400C83800000000000000000000000000000000EB
S21400C84800000000000000000000000000000000DB
S21400C85800000000000000000000000000000000CB
S21400C86800000000000000000000000000000000BB
S21400C87800000000000000000000000000000000AB
S21400C888000000000000000000000000000000009B
S21400C898000000000000000000000000000000008B
S21400C8A8000000000000000000000000000000007B
S21400C8B8000000000000000000000000000000006B
S21400C8C8000000000000000000000000000000005B
S21400C8D8000000000000000000000000000000004B
S21400C8E8000000000000000000000000000000003B
S21400C8F8000000000000000000000000000000002B
S21400C908000000000000000000000000000000001A
S21400C918000000000000000000000000000000000A
S21400C92800000000000000000000000000000000FA
S21400C93800000000000000000000000000000000EA
S21400C94800000000000000000000000000000000DA
S21400C95800000000000000000000000000000000CA
S21400C96800000000000000000000000000000000BA
S21400C97800000000000000000000000000000000AA
S21400C988000000000000000000000000000000009A
S21400C998000000000000000000000000000000008A
S21400C9A8000000000000000000000000000000007A
S21400C9B8000000000000000000000000000000006A
S21400C9C8000000000000000000000000000000005A
S21400C9D8000000000000000000000000000000004A
S21400C9E8000000000000000000000000000000003A
S21400C9F8000000000000000000000000000000002A
S21400CA080000000000000000000000000000000019
S21400CA180000000000000000000000000000000009
S21400CA2800000000000000000000000000000000F9
S21400CA3800000000000000000000000000000000E9
S21400CA4800000000000000000000000000000000D9
S21400CA5800000000000000000000000000000000C9
S21400CA6800000000000000000000000000000000B9
S21400CA7800000000000000000000000000000000A9
S21400CA880000000000000000000000000000000099
S21400CA980000000000000000000000000000000089
S21400CAA80000000000000000000000000000000079
S21400CAB80000000000000000000000000000000069
S21400CAC80000000000000000000000000000000059
S21400CAD80000000000000000000000000000000049
S21400CAE80000000000000000000000000000000039
S21400CAF80000000000000000000000000000000029
S21400CB080000000000000000000000000000000018
S21400CB180000000000000000000000000000000008
S21400CB2800000000000000000000000000000000F8
S21400CB3800000000000000000000000000000000E8
S21400CB4800000000000000000000000000000000D8
S21400CB5800000000000000000000000000000000C8
S21400CB6800000000000000000000000000000000B8
S21400CB7800000000000000000000000000000000A8
S21400CB880000000000000000000000000000000098
S21400CB980000000000000000000000000000000088
S21400CBA80000000000000000000000000000000078
S21400CBB80000000000000000000000000000000068
S21400CBC80000000000000000000000000000000058
S21400CBD80000000000000000000000000000000048
S21400CBE80000000000000000000000000000000038
S21400CBF80000000000000000000000000000000028
S21400CC080000000000000000000000000000000017
S21400CC180000000000000000000000000000000007
S21400CC2800000000000000000000000000000000F7
S21400CC3800000000000000000000000000000000E7
S21400CC4800000000000000000000000000000000D7
S21400CC5800000000000000000000000000000000C7
S21400CC6800000000000000000000000000000000B7
S21400CC7800000000000000000000000000000000A7
S21400CC880000000000000000000000000000000097
S21400CC980000000000000000000000000000000087
S21400CCA80000000000000000000000000000000077
S21400CCB80000000000000000000000000000000067
S21400CCC80000000000000000000000000000000057
S21400CCD80000000000000000000000000000000047
S21400CCE80000000000000000000000000000000037
S21400CCF80000000000000000000000000000000027
S21400CD080000000000000000000000000000000016
S21400CD180000000000000000000000000000000006
S21400CD2800000000000000000000000000000000F6
S21400CD3800000000000000000000000000000000E6
S21400CD4800000000000000000000000000000000D6
S21400CD5800000000000000000000000000000000C6
S21400CD6800000000000000000000000000000000B6
S21400CD7800000000000000000000000000000000A6
S21400CD880000000000000000000000000000000096
S21400CD980000000000000000000000000000000086
S21400CDA80000000000000000000000000000000076
S21400CDB80000000000000000000000000000000066
S21400CDC80000000000000000000000000000000056
S21400CDD80000000000000000000000000000000046
S21400CDE80000000000000000000000000000000036
S21400CDF80000000000000000000000000000000026
S21400CE080000000000000000000000000000000015
S21400CE180000000000000000000000000000000005
S21400CE2800000000000000000000000000000000F5
S21400CE3800000000000000000000000000000000E5
S21400CE4800000000000000000000000000000000D5
S21400CE5800000000000000000000000000000000C5
S21400CE6800000000000000000000000000000000B5
S21400CE7800000000000000000000000000000000A5
S21400CE880000000000000000000000000000000095
S21400CE980000000000000000000000000000000085
S21400CEA80000000000000000000000000000000075
S21400CEB80000000000000000000000000000000065
S21400CEC80000000000000000000000000000000055
S21400CED80000000000000000000000000000000045
S21400CEE80000000000000000000000000000000035
S21400CEF80000000000000000000000000000000025
S21400CF080000000000000000000000000000000014
S21400CF180000000000000000000000000000000004
S21400CF2800000000000000000000000000000000F4
S21400CF3800000000000000000000000000000000E4
S21400CF4800000000000000000000000000000000D4
S21400CF5800000000000000000000000000000000C4
S21400CF6800000000000000000000000000000000B4
S21400CF7800000000000000000000000000000000A4
S21400CF880000000000000000000000000000000094
S21400CF980000000000000000000000000000000084
S21400CFA80000000000000000000000000000000074
S21400CFB80000000000000000000000000000000064
S21400CFC80000000000000000000000000000000054
S21400CFD80000000000000000000000000000000044
S21400CFE80000000000000000000000000000000034
S21400CFF80000000000000000000000000000000024
S21400D0080000000000000000000000000000000013
S21400D0180000000000000000000000000000000003
S21400D02800000000000000000000000000000000F3
S21400D03800000000000000000000000000000000E3
S21400D04800000000000000000000000000000000D3
S21400D05800000000000000000000000000000000C3
S21400D06800000000000000000000000000000000B3
S21400D07800000000000000000000000000000000A3
S21400D0880000000000000000000000000000000093
S21400D0980000000000000000000000000000000083
S21400D0A80000000000000000000000000000000073
S21400D0B80000000000000000000000000000000063
S21400D0C80000000000000000000000000000000053
S21400D0D80000000000000000000000000000000043
S21400D0E80000000000000000000000000000000033
S21400D0F80000000000000000000000000000000023
S21400D1080000000000000000000000000000000012
S21400D1180000000000000000000000000000000002
S21400D12800000000000000000000000000000000F2
S21400D13800000000000000000000000000000000E2
S21400D14800000000000000000000000000000000D2
S21400D15800000000000000000000000000000000C2
S21400D16800000000000000000000000000000000B2
S21400D17800000000000000000000000000000000A2
S21400D1880000000000000000000000000000000092
S21400D1980000000000000000000000000000000082
S21400D1A80000000000000000000000000000000072
S21400D1B80000000000000000000000000000000062
S21400D1C80000000000000000000000000000000052
S21400D1D80000000000000000000000000000000042
S21400D1E80000000000000000000000000000000032
S21400D1F80000000000000000000000000000000022
S21400D2080000000000000000000000000000000011
S21400D2180000000000000000000000000000000001
S21400D22800000000000000000000000000000000F1
S21400D23800000000000000000000000000000000E1
S21400D24800000000000000000000000000000000D1
S21400D25800000000000000000000000000000000C1
S21400D26800000000000000000000000000000000B1
S21400D27800000000000000000000000000000000A1
S21400D2880000000000000000000000000000000091
S21400D2980000000000000000000000000000000081
S21400D2A80000000000000000000000000000000071
S21400D2B80000000000000000000000000000000061
S21400D2C80000000000000000000000000000000051
S21400D2D80000000000000000000000000000000041
S21400D2E80000000000000000000000000000000031
S21400D2F80000000000000000000000000000000021
S21400D3080000000000000000000000000000000010
S21400D3180000000000000000000000000000000000
S21400D32800000000000000000000000000000000F0
S21400D33800000000000000000000000000000000E0
S21400D34800000000000000000000000000000000D0
S21400D35800000000000000000000000000000000C0
S21400D36800000000000000000000000000000000B0
S21400D37800000000000000000000000000000000A0
S21400D3880000000000000000000000000000000090
S21400D3980000000000000000000000000000000080
S21400D3A80000000000000000000000000000000070
S21400D3B80000000000000000000000000000000060
S21400D3C80000000000000000000000000000000050
S21400D3D80000000000000000000000000000000040
S21400D3E80000000000000000000000000000000030
S21400D3F80000000000000000000000000000000020
S21400D408000000000000000000000000000000000F
S21400D41800000000000000000000000000000000FF
S21400D42800000000000000000000000000000000EF
S21400D43800000000000000000000000000000000DF
S21400D44800000000000000000000000000000000CF
S21400D45800000000000000000000000000000000BF
S21400D46800000000000000000000000000000000AF
S21400D478000000000000000000000000000000009F
S21400D488000000000000000000000000000000008F
S21400D498000000000000000000000000000000007F
S21400D4A8000000000000000000000000000000006F
S21400D4B8000000000000000000000000000000005F
S21400D4C8000000000000000000000000000000004F
S21400D4D8000000000000000000000000000000003F
S21400D4E8000000000000000000000000000000002F
S21400D4F8000000000000000000000000000000001F
S21400D508000000000000000000000000000000000E
S21400D51800000000000000000000000000000000FE
S21400D52800000000000000000000000000000000EE
S21400D53800000000000000000000000000000000DE
S21400D54800000000000000000000000000000000CE
S21400D55800000000000000000000000000000000BE
S21400D56800000000000000000000000000000000AE
S21400D578000000000000000000000000000000009E
S21400D588000000000000000000000000000000008E
S21400D598000000000000000000000000000000007E
S21400D5A8000000000000000000000000000000006E
S21400D5B8000000000000000000000000000000005E
S21400D5C8000000000000000000000000000000004E
S21400D5D8000000000000000000000000000000003E
S21400D5E8000000000000000000000000000000002E
S21400D5F8000000000000000000000000000000001E
S21400D608000000000000000000000000000000000D
S21400D61800000000000000000000000000000000FD
S21400D62800000000000000000000000000000000ED
S21400D63800000000000000000000000000000000DD
S21400D64800000000000000000000000000000000CD
S21400D65800000000000000000000000000000000BD
S21400D66800000000000000000000000000000000AD
S21400D678000000000000000000000000000000009D
S21400D688000000000000000000000000000000008D
S21400D698000000000000000000000000000000007D
S21400D6A8000000000000000000000000000000006D
S21400D6B8000000000000000000000000000000005D
S21400D6C8000000000000000000000000000000004D
S21400D6D8000000000000000000000000000000003D
S21400D6E8000000000000000000000000000000002D
S21400D6F8000000000000000000000000000000001D
S21400D708000000000000000000000000000000000C
S21400D71800000000000000000000000000000000FC
S21400D72800000000000000000000000000000000EC
S21400D73800000000000000000000000000000000DC
S21400D74800000000000000000000000000000000CC
S21400D75800000000000000000000000000000000BC
S21400D76800000000000000000000000000000000AC
S21400D778000000000000000000000000000000009C
S21400D788000000000000000000000000000000008C
S21400D798000000000000000000000000000000007C
S21400D7A8000000000000000000000000000000006C
S21400D7B8000000000000000000000000000000005C
S21400D7C8000000000000000000000000000000004C
S21400D7D8000000000000000000000000000000003C
S21400D7E8000000000000000000000000000000002C
S21400D7F8000000000000000000000000000000001C
S21400D808000000000000000000000000000000000B
S21400D81800000000000000000000000000000000FB
S21400D82800000000000000000000000000000000EB
S21400D83800000000000000000000000000000000DB
S21400D84800000000000000000000000000000000CB
S21400D85800000000000000000000000000000000BB
S21400D86800000000000000000000000000000000AB
S21400D878000000000000000000000000000000009B
S21400D888000000000000000000000000000000008B
S21400D898000000000000000000000000000000007B
S21400D8A8000000000000000000000000000000006B
S21400D8B8000000000000000000000000000000005B
S21400D8C8000000000000000000000000000000004B
S21400D8D8000000000000000000000000000000003B
S21400D8E8000000000000000000000000000000002B
S21400D8F8000000000000000000000000000000001B
S21400D908000000000000000000000000000000000A
S21400D91800000000000000000000000000000000FA
S21400D92800000000000000000000000000000000EA
S21400D93800000000000000000000000000000000DA
S21400D94800000000000000000000000000000000CA
S21400D95800000000000000000000000000000000BA
S21400D96800000000000000000000000000000000AA
S21400D978000000000000000000000000000000009A
S21400D988000000000000000000000000000000008A
S21400D998000000000000000000000000000000007A
S21400D9A8000000000000000000000000000000006A
S21400D9B8000000000000000000000000000000005A
S21400D9C8000000000000000000000000000000004A
S21400D9D8000000000000000000000000000000003A
S21400D9E8000000000000000000000000000000002A
S21400D9F8000000000000000000000000000000001A
S21400DA080000000000000000000000000000000009
S21400DA1800000000000000000000000000000000F9
S21400DA2800000000000000000000000000000000E9
S21400DA3800000000000000000000000000000000D9
S21400DA4800000000000000000000000000000000C9
S21400DA5800000000000000000000000000000000B9
S21400DA6800000000000000000000000000000000A9
S21400DA780000000000000000000000000000000099
S21400DA880000000000000000000000000000000089
S21400DA980000000000000000000000000000000079
S21400DAA80000000000000000000000000000000069
S21400DAB80000000000000000000000000000000059
S21400DAC80000000000000000000000000000000049
S21400DAD80000000000000000000000000000000039
S21400DAE80000000000000000000000000000000029
S21400DAF80000000000000000000000000000000019
S21400DB080000000000000000000000000000000008
S21400DB1800000000000000000000000000000000F8
S21400DB2800000000000000000000000000000000E8
S21400DB3800000000000000000000000000000000D8
S21400DB4800000000000000000000000000000000C8
S21400DB5800000000000000000000000000000000B8
S21400DB6800000000000000000000000000000000A8
S21400DB780000000000000000000000000000000098
S21400DB880000000000000000000000000000000088
S21400DB980000000000000000000000000000000078
S21400DBA80000000000000000000000000000000068
S21400DBB80000000000000000000000000000000058
S21400DBC80000000000000000000000000000000048
S21400DBD80000000000000000000000000000000038
S21400DBE80000000000000000000000000000000028
S21400DBF80000000000000000000000000000000018
S21400DC080000000000000000000000000000000007
S21400DC1800000000000000000000000000000000F7
S21400DC2800000000000000000000000000000000E7
S21400DC3800000000000000000000000000000000D7
S21400DC4800000000000000000000000000000000C7
S21400DC5800000000000000000000000000000000B7
S21400DC6800000000000000000000000000000000A7
S21400DC780000000000000000000000000000000097
S21400DC880000000000000000000000000000000087
S21400DC980000000000000000000000000000000077
S21400DCA80000000000000000000000000000000067
S21400DCB80000000000000000000000000000000057
S21400DCC80000000000000000000000000000000047
S21400DCD80000000000000000000000000000000037
S21400DCE80000000000000000000000000000000027
S21400DCF80000000000000000000000000000000017
S21400DD080000000000000000000000000000000006
S21400DD1800000000000000000000000000000000F6
S21400DD2800000000000000000000000000000000E6
S21400DD3800000000000000000000000000000000D6
S21400DD4800000000000000000000000000000000C6
S21400DD5800000000000000000000000000000000B6
S21400DD6800000000000000000000000000000000A6
S21400DD780000000000000000000000000000000096
S21400DD880000000000000000000000000000000086
S21400DD980000000000000000000000000000000076
S21400DDA80000000000000000000000000000000066
S21400DDB80000000000000000000000000000000056
S21400DDC80000000000000000000000000000000046
S21400DDD80000000000000000000000000000000036
S21400DDE80000000000000000000000000000000026
S21400DDF80000000000000000000000000000000016
S21400DE080000000000000000000000000000000005
S21400DE1800000000000000000000000000000000F5
S21400DE2800000000000000000000000000000000E5
S21400DE3800000000000000000000000000000000D5
S21400DE4800000000000000000000000000000000C5
S21400DE5800000000000000000000000000000000B5
S21400DE6800000000000000000000000000000000A5
S21400DE780000000000000000000000000000000095
S21400DE880000000000000000000000000000000085
S21400DE980000000000000000000000000000000075
S21400DEA80000000000000000000000000000000065
S21400DEB80000000000000000000000000000000055
S21400DEC80000000000000000000000000000000045
S21400DED80000000000000000000000000000000035
S21400DEE80000000000000000000000000000000025
S21400DEF80000000000000000000000000000000015
S21400DF080000000000000000000000000000000004
S21400DF1800000000000000000000000000000000F4
S21400DF2800000000000000000000000000000000E4
S21400DF3800000000000000000000000000000000D4
S21400DF4800000000000000000000000000000000C4
S21400DF5800000000000000000000000000000000B4
S21400DF6800000000000000000000000000000000A4
S21400DF780000000000000000000000000000000094
S21400DF880000000000000000000000000000000084
S21400DF980000000000000000000000000000000074
S21400DFA80000000000000000000000000000000064
S21400DFB80000000000000000000000000000000054
S21400DFC80000000000000000000000000000000044
S21400DFD80000000000000000000000000000000034
S21400DFE80000000000000000000000000000000024
S21400DFF80000000000000000000000000000000014
S21400E0080000000000000000000000000000000003
S21400E01800000000000000000000000000000000F3
S21400E02800000000000000000000000000000000E3
S21400E03800000000000000000000000000000000D3
S21400E04800000000000000000000000000000000C3
S21400E05800000000000000000000000000000000B3
S21400E06800000000000000000000000000000000A3
S21400E0780000000000000000000000000000000093
S21400E0880000000000000000000000000000000083
S21400E0980000000000000000000000000000000073
S21400E0A80000000000000000000000000000000063
S21400E0B80000000000000000000000000000000053
S21400E0C80000000000000000000000000000000043
S21400E0D80000000000000000000000000000000033
S21400E0E80000000000000000000000000000000023
S21400E0F80000000000000000000000000000000013
S21400E1080000000000000000000000000000000002
S21400E11800000000000000000000000000000000F2
S21400E12800000000000000000000000000000000E2
S21400E13800000000000000000000000000000000D2
S21400E14800000000000000000000000000000000C2
S21400E15800000000000000000000000000000000B2
S21400E16800000000000000000000000000000000A2
S21400E1780000000000000000000000000000000092
S21400E1880000000000000000000000000000000082
S21400E1980000000000000000000000000000000072
S21400E1A80000000000000000000000000000000062
S21400E1B80000000000000000000000000000000052
S21400E1C80000000000000000000000000000000042
S21400E1D80000000000000000000000000000000032
S21400E1E80000000000000000000000000000000022
S21400E1F80000000000000000000000000000000012
S21400E2080000000000000000000000000000000001
S21400E21800000000000000000000000000000000F1
S21400E22800000000000000000000000000000000E1
S21400E23800000000000000000000000000000000D1
S21400E24800000000000000000000000000000000C1
S21400E25800000000000000000000000000000000B1
S21400E26800000000000000000000000000000000A1
S21400E2780000000000000000000000000000000091
S21400E2880000000000000000000000000000000081
S21400E2980000000000000000000000000000000071
S21400E2A80000000000000000000000000000000061
S21400E2B80000000000000000000000000000000051
S21400E2C80000000000000000000000000000000041
S21400E2D80000000000000000000000000000000031
S21400E2E80000000000000000000000000000000021
S21400E2F80000000000000000000000000000000011
S21400E3080000000000000000000000000000000000
S21400E31800000000000000000000000000000000F0
S21400E32800000000000000000000000000000000E0
S21400E33800000000000000000000000000000000D0
S21400E34800000000000000000000000000000000C0
S21400E35800000000000000000000000000000000B0
S21400E36800000000000000000000000000000000A0
S21400E3780000000000000000000000000000000090
S21400E3880000000000000000000000000000000080
S21400E3980000000000000000000000000000000070
S21400E3A80000000000000000000000000000000060
S21400E3B80000000000000000000000000000000050
S21400E3C80000000000000000000000000000000040
S21400E3D80000000000000000000000000000000030
S21400E3E80000000000000000000000000000000020
S21400E3F80000000000000000000000000000000010
S21400E40800000000000000000000000000000000FF
S21400E41800000000000000000000000000000000EF
S21400E42800000000000000000000000000000000DF
S21400E43800000000000000000000000000000000CF
S21400E44800000000000000000000000000000000BF
S21400E45800000000000000000000000000000000AF
S21400E468000000000000000000000000000000009F
S21400E478000000000000000000000000000000008F
S21400E488000000000000000000000000000000007F
S21400E498000000000000000000000000000000006F
S21400E4A8000000000000000000000000000000005F
S21400E4B8000000000000000000000000000000004F
S21400E4C8000000000000000000000000000000003F
S21400E4D8000000000000000000000000000000002F
S21400E4E8000000000000000000000000000000001F
S21400E4F8000000000000000000000000000000000F
S21400E50800000000000000000000000000000000FE
S21400E51800000000000000000000000000000000EE
S21400E52800000000000000000000000000000000DE
S21400E53800000000000000000000000000000000CE
S21400E54800000000000000000000000000000000BE
S21400E55800000000000000000000000000000000AE
S21400E568000000000000000000000000000000009E
S21400E578000000000000000000000000000000008E
S21400E588000000000000000000000000000000007E
S21400E598000000000000000000000000000000006E
S21400E5A8000000000000000000000000000000005E
S21400E5B8000000000000000000000000000000004E
S21400E5C8000000000000000000000000000000003E
S21400E5D8000000000000000000000000000000002E
S21400E5E8000000000000000000000000000000001E
S21400E5F8000000000000000000000000000000000E
S21400E60800000000000000000000000000000000FD
S21400E61800000000000000000000000000000000ED
S21400E62800000000000000000000000000000000DD
S21400E63800000000000000000000000000000000CD
S21400E64800000000000000000000000000000000BD
S21400E65800000000000000000000000000000000AD
S21400E668000000000000000000000000000000009D
S21400E678000000000000000000000000000000008D
S21400E688000000000000000000000000000000007D
S21400E698000000000000000000000000000000006D
S21400E6A8000000000000000000000000000000005D
S21400E6B8000000000000000000000000000000004D
S21400E6C8000000000000000000000000000000003D
S21400E6D8000000000000000000000000000000002D
S21400E6E8000000000000000000000000000000001D
S21400E6F8000000000000000000000000000000000D
S21400E70800000000000000000000000000000000FC
S21400E71800000000000000000000000000000000EC
S21400E72800000000000000000000000000000000DC
S21400E73800000000000000000000000000000000CC
S21400E74800000000000000000000000000000000BC
S21400E75800000000000000000000000000000000AC
S21400E768000000000000000000000000000000009C
S21400E778000000000000000000000000000000008C
S21400E788000000000000000000000000000000007C
S21400E798000000000000000000000000000000006C
S21400E7A8000000000000000000000000000000005C
S21400E7B8000000000000000000000000000000004C
S21400E7C8000000000000000000000000000000003C
S21400E7D8000000000000000000000000000000002C
S21400E7E8000000000000000000000000000000001C
S21400E7F8000000000000000000000000000000000C
S21400E80800000000000000000000000000000000FB
S21400E81800000000000000000000000000000000EB
S21400E82800000000000000000000000000000000DB
S21400E83800000000000000000000000000000000CB
S21400E84800000000000000000000000000000000BB
S21400E85800000000000000000000000000000000AB
S21400E868000000000000000000000000000000009B
S21400E878000000000000000000000000000000008B
S21400E888000000000000000000000000000000007B
S21400E898000000000000000000000000000000006B
S21400E8A8000000000000000000000000000000005B
S21400E8B8000000000000000000000000000000004B
S21400E8C8000000000000000000000000000000003B
S21400E8D8000000000000000000000000000000002B
S21400E8E8000000000000000000000000000000001B
S21400E8F8000000000000000000000000000000000B
S21400E90800000000000000000000000000000000FA
S21400E91800000000000000000000000000000000EA
S21400E92800000000000000000000000000000000DA
S21400E93800000000000000000000000000000000CA
S21400E94800000000000000000000000000000000BA
S21400E95800000000000000000000000000000000AA
S21400E968000000000000000000000000000000009A
S21400E978000000000000000000000000000000008A
S21400E988000000000000000000000000000000007A
S21400E998000000000000000000000000000000006A
S21400E9A8000000000000000000000000000000005A
S21400E9B8000000000000000000000000000000004A
S21400E9C8000000000000000000000000000000003A
S21400E9D8000000000000000000000000000000002A
S21400E9E8000000000000000000000000000000001A
S21400E9F8000000000000000000000000000000000A
S21400EA0800000000000000000000000000000000F9
S21400EA1800000000000000000000000000000000E9
S21400EA2800000000000000000000000000000000D9
S21400EA3800000000000000000000000000000000C9
S21400EA4800000000000000000000000000000000B9
S21400EA5800000000000000000000000000000000A9
S21400EA680000000000000000000000000000000099
S21400EA780000000000000000000000000000000089
S21400EA880000000000000000000000000000000079
S21400EA980000000000000000000000000000000069
S21400EAA80000000000000000000000000000000059
S21400EAB80000000000000000000000000000000049
S21400EAC80000000000000000000000000000000039
S21400EAD80000000000000000000000000000000029
S21400EAE80000000000000000000000000000000019
S21400EAF80000000000000000000000000000000009
S21400EB0800000000000000000000000000000000F8
S21400EB1800000000000000000000000000000000E8
S21400EB2800000000000000000000000000000000D8
S21400EB3800000000000000000000000000000000C8
S21400EB4800000000000000000000000000000000B8
S21400EB5800000000000000000000000000000000A8
S21400EB680000000000000000000000000000000098
S21400EB780000000000000000000000000000000088
S21400EB880000000000000000000000000000000078
S21400EB980000000000000000000000000000000068
S21400EBA80000000000000000000000000000000058
S21400EBB80000000000000000000000000000000048
S21400EBC80000000000000000000000000000000038
S21400EBD80000000000000000000000000000000028
S21400EBE80000000000000000000000000000000018
S21400EBF80000000000000000000000000000000008
S21400EC0800000000000000000000000000000000F7
S21400EC1800000000000000000000000000000000E7
S21400EC2800000000000000000000000000000000D7
S21400EC3800000000000000000000000000000000C7
S21400EC4800000000000000000000000000000000B7
S21400EC5800000000000000000000000000000000A7
S21400EC680000000000000000000000000000000097
S21400EC780000000000000000000000000000000087
S21400EC880000000000000000000000000000000077
S21400EC980000000000000000000000000000000067
S21400ECA80000000000000000000000000000000057
S21400ECB80000000000000000000000000000000047
S21400ECC80000000000000000000000000000000037
S21400ECD80000000000000000000000000000000027
S21400ECE80000000000000000000000000000000017
S21400ECF80000000000000000000000000000000007
S21400ED0800000000000000000000000000000000F6
S21400ED1800000000000000000000000000000000E6
S21400ED2800000000000000000000000000000000D6
S21400ED3800000000000000000000000000000000C6
S21400ED4800000000000000000000000000000000B6
S21400ED5800000000000000000000000000000000A6
S21400ED680000000000000000000000000000000096
S21400ED780000000000000000000000000000000086
S21400ED880000000000000000000000000000000076
S21400ED980000000000000000000000000000000066
S21400EDA80000000000000000000000000000000056
S21400EDB80000000000000000000000000000000046
S21400EDC80000000000000000000000000000000036
S21400EDD80000000000000000000000000000000026
S21400EDE80000000000000000000000000000000016
S21400EDF80000000000000000000000000000000006
S21400EE0800000000000000000000000000000000F5
S21400EE1800000000000000000000000000000000E5
S21400EE2800000000000000000000000000000000D5
S21400EE3800000000000000000000000000000000C5
S21400EE4800000000000000000000000000000000B5
S21400EE5800000000000000000000000000000000A5
S21400EE680000000000000000000000000000000095
S21400EE780000000000000000000000000000000085
S21400EE880000000000000000000000000000000075
S21400EE980000000000000000000000000000000065
S21400EEA80000000000000000000000000000000055
S21400EEB80000000000000000000000000000000045
S21400EEC80000000000000000000000000000000035
S21400EED80000000000000000000000000000000025
S21400EEE80000000000000000000000000000000015
S21400EEF80000000000000000000000000000000005
S21400EF0800000000000000000000000000000000F4
S21400EF1800000000000000000000000000000000E4
S21400EF2800000000000000000000000000000000D4
S21400EF3800000000000000000000000000000000C4
S21400EF4800000000000000000000000000000000B4
S21400EF5800000000000000000000000000000000A4
S21400EF680000000000000000000000000000000094
S21400EF780000000000000000000000000000000084
S21400EF880000000000000000000000000000000074
S21400EF980000000000000000000000000000000064
S21400EFA80000000000000000000000000000000054
S21400EFB80000000000000000000000000000000044
S21400EFC80000000000000000000000000000000034
S21400EFD80000000000000000000000000000000024
S21400EFE80000000000000000000000000000000014
S21400EFF80000000000000000000000000000000004
S21400F00800000000000000000000000000000000F3
S21400F01800000000000000000000000000000000E3
S21400F02800000000000000000000000000000000D3
S21400F03800000000000000000000000000000000C3
S21400F04800000000000000000000000000000000B3
S21400F05800000000000000000000000000000000A3
S21400F0680000000000000000000000000000000093
S21400F0780000000000000000000000000000000083
S21400F0880000000000000000000000000000000073
S21400F0980000000000000000000000000000000063
S21400F0A80000000000000000000000000000000053
S21400F0B80000000000000000000000000000000043
S21400F0C80000000000000000000000000000000033
S21400F0D80000000000000000000000000000000023
S21400F0E80000000000000000000000000000000013
S21400F0F80000000000000000000000000000000003
S21400F10800000000000000000000000000000000F2
S21400F11800000000000000000000000000000000E2
S21400F12800000000000000000000000000000000D2
S21400F13800000000000000000000000000000000C2
S21400F14800000000000000000000000000000000B2
S21400F15800000000000000000000000000000000A2
S21400F1680000000000000000000000000000000092
S21400F1780000000000000000000000000000000082
S21400F1880000000000000000000000000000000072
S21400F1980000000000000000000000000000000062
S21400F1A80000000000000000000000000000000052
S21400F1B80000000000000000000000000000000042
S21400F1C80000000000000000000000000000000032
S21400F1D80000000000000000000000000000000022
S21400F1E80000000000000000000000000000000012
S21400F1F80000000000000000000000000000000002
S21400F20800000000000000000000000000000000F1
S21400F21800000000000000000000000000000000E1
S21400F22800000000000000000000000000000000D1
S21400F23800000000000000000000000000000000C1
S21400F24800000000000000000000000000000000B1
S21400F25800000000000000000000000000000000A1
S21400F2680000000000000000000000000000000091
S21400F2780000000000000000000000000000000081
S21400F2880000000000000000000000000000000071
S21400F2980000000000000000000000000000000061
S21400F2A80000000000000000000000000000000051
S21400F2B80000000000000000000000000000000041
S21400F2C80000000000000000000000000000000031
S21400F2D80000000000000000000000000000000021
S21400F2E80000000000000000000000000000000011
S21400F2F80000000000000000000000000000000001
S21400F30800000000000000000000000000000000F0
S21400F31800000000000000000000000000000000E0
S21400F32800000000000000000000000000000000D0
S21400F33800000000000000000000000000000000C0
S21400F34800000000000000000000000000000000B0
S21400F35800000000000000000000000000000000A0
S21400F3680000000000000000000000000000000090
S21400F3780000000000000000000000000000000080
S21400F3880000000000000000000000000000000070
S21400F3980000000000000000000000000000000060
S21400F3A80000000000000000000000000000000050
S21400F3B80000000000000000000000000000000040
S21400F3C80000000000000000000000000000000030
S21400F3D80000000000000000000000000000000020
S21400F3E80000000000000000000000000000000010
S21400F3F80000000000000000000000000000000000
S21400F40800000000000000000000000000000000EF
S21400F41800000000000000000000000000000000DF
S21400F42800000000000000000000000000000000CF
S21400F43800000000000000000000000000000000BF
S21400F44800000000000000000000000000000000AF
S21400F458000000000000000000000000000000009F
S21400F468000000000000000000000000000000008F
S21400F478000000000000000000000000000000007F
S21400F488000000000000000000000000000000006F
S21400F498000000000000000000000000000000005F
S21400F4A8000000000000000000000000000000004F
S21400F4B8000000000000000000000000000000003F
S21400F4C8000000000000000000000000000000002F
S21400F4D8000000000000000000000000000000001F
S21400F4E8000000000000000000000000000000000F
S21400F4F800000000000000000000000000000000FF
S21400F50800000000000000000000000000000000EE
S21400F51800000000000000000000000000000000DE
S21400F52800000000000000000000000000000000CE
S21400F53800000000000000000000000000000000BE
S21400F54800000000000000000000000000000000AE
S21400F558000000000000000000000000000000009E
S21400F568000000000000000000000000000000008E
S21400F578000000000000000000000000000000007E
S21400F588000000000000000000000000000000006E
S21400F598000000000000000000000000000000005E
S21400F5A8000000000000000000000000000000004E
S21400F5B8000000000000000000000000000000003E
S21400F5C8000000000000000000000000000000002E
S21400F5D8000000000000000000000000000000001E
S21400F5E8000000000000000000000000000000000E
S21400F5F800000000000000000000000000000000FE
S21400F60800000000000000000000000000000000ED
S21400F61800000000000000000000000000000000DD
S21400F62800000000000000000000000000000000CD
S21400F63800000000000000000000000000000000BD
S21400F64800000000000000000000000000000000AD
S21400F658000000000000000000000000000000009D
S21400F668000000000000000000000000000000008D
S21400F678000000000000000000000000000000007D
S21400F688000000000000000000000000000000006D
S21400F698000000000000000000000000000000005D
S21400F6A8000000000000000000000000000000004D
S21400F6B8000000000000000000000000000000003D
S21400F6C8000000000000000000000000000000002D
S21400F6D8000000000000000000000000000000001D
S21400F6E8000000000000000000000000000000000D
S21400F6F800000000000000000000000000000000FD
S21400F70800000000000000000000000000000000EC
S21400F71800000000000000000000000000000000DC
S21400F72800000000000000000000000000000000CC
S21400F73800000000000000000000000000000000BC
S21400F74800000000000000000000000000000000AC
S21400F758000000000000000000000000000000009C
S21400F768000000000000000000000000000000008C
S21400F778000000000000000000000000000000007C
S21400F788000000000000000000000000000000006C
S21400F798000000000000000000000000000000005C
S21400F7A8000000000000000000000000000000004C
S21400F7B8000000000000000000000000000000003C
S21400F7C8000000000000000000000000000000002C
S21400F7D8000000000000000000000000000000001C
S21400F7E8000000000000000000000000000000000C
S21400F7F800000000000000000000000000000000FC
S21400F80800000000000000000000000000000000EB
S21400F81800000000000000000000000000000000DB
S21400F82800000000000000000000000000000000CB
S21400F83800000000000000000000000000000000BB
S21400F84800000000000000000000000000000000AB
S21400F858000000000000000000000000000000009B
S21400F868000000000000000000000000000000008B
S21400F878000000000000000000000000000000007B
S21400F888000000000000000000000000000000006B
S21400F898000000000000000000000000000000005B
S21400F8A8000000000000000000000000000000004B
S21400F8B8000000000000000000000000000000003B
S21400F8C8000000000000000000000000000000002B
S21400F8D8000000000000000000000000000000001B
S21400F8E8000000000000000000000000000000000B
S21400F8F800000000000000000000000000000000FB
S21400F90800000000000000000000000000000000EA
S21400F91800000000000000000000000000000000DA
S21400F92800000000000000000000000000000000CA
S21400F93800000000000000000000000000000000BA
S21400F94800000000000000000000000000000000AA
S21400F958000000000000000000000000000000009A
S21400F968000000000000000000000000000000008A
S21400F978000000000000000000000000000000007A
S21400F988000000000000000000000000000000006A
S21400F998000000000000000000000000000000005A
S21400F9A8000000000000000000000000000000004A
S21400F9B8000000000000000000000000000000003A
S21400F9C8000000000000000000000000000000002A
S21400F9D8000000000000000000000000000000001A
S21400F9E8000000000000000000000000000000000A
S21400F9F800000000000000000000000000000000FA
S21400FA0800000000000000000000000000000000E9
S21400FA1800000000000000000000000000000000D9
S21400FA2800000000000000000000000000000000C9
S21400FA3800000000000000000000000000000000B9
S21400FA4800000000000000000000000000000000A9
S21400FA580000000000000000000000000000000099
S21400FA680000000000000000000000000000000089
S21400FA780000000000000000000000000000000079
S21400FA880000000000000000000000000000000069
S21400FA980000000000000000000000000000000059
S21400FAA80000000000000000000000000000000049
S21400FAB80000000000000000000000000000000039
S21400FAC80000000000000000000000000000000029
S21400FAD80000000000000000000000000000000019
S21400FAE80000000000000000000000000000000009
S21400FAF800000000000000000000000000000000F9
S21400FB0800000000000000000000000000000000E8
S21400FB1800000000000000000000000000000000D8
S21400FB2800000000000000000000000000000000C8
S21400FB3800000000000000000000000000000000B8
S21400FB4800000000000000000000000000000000A8
S21400FB580000000000000000000000000000000098
S21400FB680000000000000000000000000000000088
S21400FB780000000000000000000000000000000078
S21400FB880000000000000000000000000000000068
S21400FB980000000000000000000000000000000058
S21400FBA80000000000000000000000000000000048
S21400FBB80000000000000000000000000000000038
S21400FBC80000000000000000000000000000000028
S21400FBD80000000000000000000000000000000018
S21400FBE80000000000000000000000000000000008
S21400FBF800000000000000000000000000000000F8
S21400FC0800000000000000000000000000000000E7
S21400FC1800000000000000000000000000000000D7
S21400FC2800000000000000000000000000000000C7
S21400FC3800000000000000000000000000000000B7
S21400FC4800000000000000000000000000000000A7
S21400FC580000000000000000000000000000000097
S21400FC680000000000000000000000000000000087
S21400FC780000000000000000000000000000000077
S21400FC880000000000000000000000000000000067
S21400FC980000000000000000000000000000000057
S21400FCA80000000000000000000000000000000047
S21400FCB80000000000000000000000000000000037
S21400FCC80000000000000000000000000000000027
S21400FCD80000000000000000000000000000000017
S21400FCE80000000000000000000000000000000007
S21400FCF800000000000000000000000000000000F7
S21400FD0800000000000000000000000000000000E6
S21400FD1800000000000000000000000000000000D6
S21400FD2800000000000000000000000000000000C6
S21400FD3800000000000000000000000000000000B6
S21400FD4800000000000000000000000000000000A6
S21400FD580000000000000000000000000000000096
S21400FD680000000000000000000000000000000086
S21400FD780000000000000000000000000000000076
S21400FD880000000000000000000000000000000066
S21400FD980000000000000000000000000000000056
S21400FDA80000000000000000000000000000000046
S21400FDB80000000000000000000000000000000036
S21400FDC80000000000000000000000000000000026
S21400FDD80000000000000000000000000000000016
S21400FDE80000000000000000000000000000000006
S21400FDF800000000000000000000000000000000F6
S21400FE0800000000000000000000000000000000E5
S21400FE1800000000000000000000000000000000D5
S21400FE2800000000000000000000000000000000C5
S21400FE3800000000000000000000000000000000B5
S21400FE4800000000000000000000000000000000A5
S21400FE580000000000000000000000000000000095
S21400FE680000000000000000000000000000000085
S21400FE780000000000000000000000000000000075
S21400FE880000000000000000000000000000000065
S21400FE980000000000000000000000000000000055
S21400FEA80000000000000000000000000000000045
S21400FEB80000000000000000000000000000000035
S21400FEC80000000000000000000000000000000025
S21400FED80000000000000000000000000000000015
S21400FEE80000000000000000000000000000000005
S21400FEF800000000000000000000000000000000F5
S21400FF0800000000000000000000000000000000E4
S21400FF1800000000000000000000000000000000D4
S21400FF2800000000000000000000000000000000C4
S21400FF3800000000000000000000000000000000B4
S21400FF4800000000000000000000000000000000A4
S21400FF580000000000000000000000000000000094
S21400FF680000000000000000000000000000000084
S21400FF780000000000000000000000000000000074
S21400FF880000000000000000000000000000000064
S21400FF980000000000000000000000000000000054
S21400FFA80000000000000000000000000000000044
S21400FFB80000000000000000000000000000000034
S21400FFC80000000000000000000000000000000024
S21400FFD80000000000000000000000000000000014
S21400FFE80000000000000000000000000000000004
S21400FFF800000000000000000000000000000000F4
S21401000800000000000000000000000000000000E2
S21401001800000000000000000000000000000000D2
S21401002800000000000000000000000000000000C2
S21401003800000000000000000000000000000000B2
S21401004800000000000000000000000000000000A2
S2140100580000000000000000000000000000000092
S2140100680000000000000000000000000000000082
S2140100780000000000000000000000000000000072
S2140100880000000000000000000000000000000062
S2140100980000000000000000000000000000000052
S2140100A80000000000000000000000000000000042
S2140100B80000000000000000000000000000000032
S2140100C80000000000000000000000000000000022
S2140100D80000000000000000000000000000000012
S2140100E80000000000000000000000000000000002
S2140100F800000000000000000000000000000000F2
S21401010800000000000000000000000000000000E1
S21401011800000000000000000000000000000000D1
S21401012800000000000000000000000000000000C1
S21401013800000000000000000000000000000000B1
S21401014800000000000000000000000000000000A1
S2140101580000000000000000000000000000000091
S2140101680000000000000000000000000000000081
S2140101780000000000000000000000000000000071
S2140101880000000000000000000000000000000061
S2140101980000000000000000000000000000000051
S2140101A80000000000000000000000000000000041
S2140101B80000000000000000000000000000000031
S2140101C80000000000000000000000000000000021
S2140101D80000000000000000000000000000000011
S2140101E80000000000000000000000000000000001
S2140101F800000000000000000000000000000000F1
S21401020800000000000000000000000000000000E0
S21401021800000000000000000000000000000000D0
S21401022800000000000000000000000000000000C0
S21401023800000000000000000000000000000000B0
S21401024800000000000000000000000000000000A0
S2140102580000000000000000000000000000000090
S2140102680000000000000000000000000000000080
S2140102780000000000000000000000000000000070
S2140102880000000000000000000000000000000060
S2140102980000000000000000000000000000000050
S2140102A80000000000000000000000000000000040
S2140102B80000000000000000000000000000000030
S2140102C80000000000000000000000000000000020
S2140102D80000000000000000000000000000000010
S2140102E80000000000000000000000000000000000
S2140102F800000000000000000000000000000000F0
S21401030800000000000000000000000000000000DF
S21401031800000000000000000000000000000000CF
S21401032800000000000000000000000000000000BF
S21401033800000000000000000000000000000000AF
S214010348000000000000000000000000000000009F
S214010358000000000000000000000000000000008F
S214010368000000000000000000000000000000007F
S214010378000000000000000000000000000000006F
S214010388000000000000000000000000000000005F
S214010398000000000000000000000000000000004F
S2140103A8000000000000000000000000000000003F
S2140103B8000000000000000000000000000000002F
S2140103C8000000000000000000000000000000001F
S2140103D8000000000000000000000000000000000F
S2140103E800000000000000000000000000000000FF
S2140103F800000000000000000000000000000000EF
S21401040800000000000000000000000000000000DE
S21401041800000000000000000000000000000000CE
S21401042800000000000000000000000000000000BE
S21401043800000000000000000000000000000000AE
S214010448000000000000000000000000000000009E
S214010458000000000000000000000000000000008E
S214010468000000000000000000000000000000007E
S214010478000000000000000000000000000000006E
S214010488000000000000000000000000000000005E
S214010498000000000000000000000000000000004E
S2140104A8000000000000000000000000000000003E
S2140104B8000000000000000000000000000000002E
S2140104C8000000000000000000000000000000001E
S2140104D8000000000000000000000000000000000E
S2140104E800000000000000000000000000000000FE
S2140104F800000000000000000000000000000000EE
S21401050800000000000000000000000000000000DD
S21401051800000000000000000000000000000000CD
S21401052800000000000000000000000000000000BD
S21401053800000000000000000000000000000000AD
S214010548000000000000000000000000000000009D
S214010558000000000000000000000000000000008D
S214010568000000000000000000000000000000007D
S214010578000000000000000000000000000000006D
S214010588000000000000000000000000000000005D
S214010598000000000000000000000000000000004D
S2140105A8000000000000000000000000000000003D
S2140105B8000000000000000000000000000000002D
S2140105C8000000000000000000000000000000001D
S2140105D8000000000000000000000000000000000D
S2140105E800000000000000000000000000000000FD
S2140105F800000000000000000000000000000000ED
S21401060800000000000000000000000000000000DC
S21401061800000000000000000000000000000000CC
S21401062800000000000000000000000000000000BC
S21401063800000000000000000000000000000000AC
S214010648000000000000000000000000000000009C
S214010658000000000000000000000000000000008C
S214010668000000000000000000000000000000007C
S214010678000000000000000000000000000000006C
S214010688000000000000000000000000000000005C
S214010698000000000000000000000000000000004C
S2140106A8000000000000000000000000000000003C
S2140106B8000000000000000000000000000000002C
S2140106C8000000000000000000000000000000001C
S2140106D8000000000000000000000000000000000C
S2140106E800000000000000000000000000000000FC
S2140106F800000000000000000000000000000000EC
S21401070800000000000000000000000000000000DB
S21401071800000000000000000000000000000000CB
S21401072800000000000000000000000000000000BB
S21401073800000000000000000000000000000000AB
S214010748000000000000000000000000000000009B
S214010758000000000000000000000000000000008B
S214010768000000000000000000000000000000007B
S214010778000000000000000000000000000000006B
S214010788000000000000000000000000000000005B
S214010798000000000000000000000000000000004B
S2140107A8000000000000000000000000000000003B
S2140107B8000000000000000000000000000000002B
S2140107C8000000000000000000000000000000001B
S2140107D8000000000000000000000000000000000B
S2140107E800000000000000000000000000000000FB
S2140107F800000000000000000000000000000000EB
S21401080800000000000000000000000000000000DA
S21401081800000000000000000000000000000000CA
S21401082800000000000000000000000000000000BA
S21401083800000000000000000000000000000000AA
S214010848000000000000000000000000000000009A
S214010858000000000000000000000000000000008A
S214010868000000000000000000000000000000007A
S214010878000000000000000000000000000000006A
S214010888000000000000000000000000000000005A
S214010898000000000000000000000000000000004A
S2140108A8000000000000000000000000000000003A
S2140108B8000000000000000000000000000000002A
S2140108C8000000000000000000000000000000001A
S2140108D8000000000000000000000000000000000A
S2140108E800000000000000000000000000000000FA
S2140108F800000000000000000000000000000000EA
S21401090800000000000000000000000000000000D9
S21401091800000000000000000000000000000000C9
S21401092800000000000000000000000000000000B9
S21401093800000000000000000000000000000000A9
S2140109480000000000000000000000000000000099
S2140109580000000000000000000000000000000089
S2140109680000000000000000000000000000000079
S2140109780000000000000000000000000000000069
S2140109880000000000000000000000000000000059
S2140109980000000000000000000000000000000049
S2140109A80000000000000000000000000000000039
S2140109B80000000000000000000000000000000029
S2140109C80000000000000000000000000000000019
S2140109D80000000000000000000000000000000009
S2140109E800000000000000000000000000000000F9
S2140109F800000000000000000000000000000000E9
S214010A0800000000000000000000000000000000D8
S214010A1800000000000000000000000000000000C8
S214010A2800000000000000000000000000000000B8
S214010A3800000000000000000000000000000000A8
S214010A480000000000000000000000000000000098
S214010A580000000000000000000000000000000088
S214010A680000000000000000000000000000000078
S214010A780000000000000000000000000000000068
S214010A880000000000000000000000000000000058
S214010A980000000000000000000000000000000048
S214010AA80000000000000000000000000000000038
S214010AB80000000000000000000000000000000028
S214010AC80000000000000000000000000000000018
S214010AD80000000000000000000000000000000008
S214010AE800000000000000000000000000000000F8
S214010AF800000000000000000000000000000000E8
S214010B0800000000000000000000000000000000D7
S214010B1800000000000000000000000000000000C7
S214010B2800000000000000000000000000000000B7
S214010B3800000000000000000000000000000000A7
S214010B480000000000000000000000000000000097
S214010B580000000000000000000000000000000087
S214010B680000000000000000000000000000000077
S214010B780000000000000000000000000000000067
S214010B880000000000000000000000000000000057
S214010B980000000000000000000000000000000047
S214010BA80000000000000000000000000000000037
S214010BB80000000000000000000000000000000027
S214010BC80000000000000000000000000000000017
S214010BD80000000000000000000000000000000007
S214010BE800000000000000000000000000000000F7
S214010BF800000000000000000000000000000000E7
S214010C0800000000000000000000000000000000D6
S214010C1800000000000000000000000000000000C6
S214010C2800000000000000000000000000000000B6
S214010C3800000000000000000000000000000000A6
S214010C480000000000000000000000000000000096
S214010C580000000000000000000000000000000086
S214010C680000000000000000000000000000000076
S214010C780000000000000000000000000000000066
S214010C880000000000000000000000000000000056
S214010C980000000000000000000000000000000046
S214010CA80000000000000000000000000000000036
S214010CB80000000000000000000000000000000026
S214010CC80000000000000000000000000000000016
S214010CD80000000000000000000000000000000006
S214010CE800000000000000000000000000000000F6
S214010CF800000000000000000000000000000000E6
S214010D0800000000000000000000000000000000D5
S214010D1800000000000000000000000000000000C5
S214010D2800000000000000000000000000000000B5
S214010D3800000000000000000000000000000000A5
S214010D480000000000000000000000000000000095
S214010D580000000000000000000000000000000085
S214010D680000000000000000000000000000000075
S214010D780000000000000000000000000000000065
S214010D880000000000000000000000000000000055
S214010D980000000000000000000000000000000045
S214010DA80000000000000000000000000000000035
S214010DB80000000000000000000000000000000025
S214010DC80000000000000000000000000000000015
S214010DD80000000000000000000000000000000005
S214010DE800000000000000000000000000000000F5
S214010DF800000000000000000000000000000000E5
S214010E0800000000000000000000000000000000D4
S214010E1800000000000000000000000000000000C4
S214010E2800000000000000000000000000000000B4
S214010E3800000000000000000000000000000000A4
S214010E480000000000000000000000000000000094
S214010E580000000000000000000000000000000084
S214010E680000000000000000000000000000000074
S214010E780000000000000000000000000000000064
S214010E880000000000000000000000000000000054
S214010E980000000000000000000000000000000044
S214010EA80000000000000000000000000000000034
S214010EB80000000000000000000000000000000024
S214010EC80000000000000000000000000000000014
S214010ED80000000000000000000000000000000004
S214010EE800000000000000000000000000000000F4
S214010EF800000000000000000000000000000000E4
S214010F0800000000000000000000000000000000D3
S214010F1800000000000000000000000000000000C3
S214010F2800000000000000000000000000000000B3
S214010F3800000000000000000000000000000000A3
S214010F480000000000000000000000000000000093
S214010F580000000000000000000000000000000083
S214010F680000000000000000000000000000000073
S214010F780000000000000000000000000000000063
S214010F880000000000000000000000000000000053
S214010F980000000000000000000000000000000043
S214010FA80000000000000000000000000000000033
S214010FB80000000000000000000000000000000023
S214010FC80000000000000000000000000000000013
S214010FD80000000000000000000000000000000003
S214010FE800000000000000000000000000000000F3
S214010FF800000000000000000000000000000000E3
S21401100800000000000000000000000000000000D2
S21401101800000000000000000000000000000000C2
S21401102800000000000000000000000000000000B2
S21401103800000000000000000000000000000000A2
S2140110480000000000000000000000000000000092
S2140110580000000000000000000000000000000082
S2140110680000000000000000000000000000000072
S2140110780000000000000000000000000000000062
S2140110880000000000000000000000000000000052
S2140110980000000000000000000000000000000042
S2140110A80000000000000000000000000000000032
S2140110B80000000000000000000000000000000022
S2140110C80000000000000000000000000000000012
S2140110D80000000000000000000000000000000002
S2140110E800000000000000000000000000000000F2
S2140110F800000000000000000000000000000000E2
S21401110800000000000000000000000000000000D1
S21401111800000000000000000000000000000000C1
S21401112800000000000000000000000000000000B1
S21401113800000000000000000000000000000000A1
S2140111480000000000000000000000000000000091
S2140111580000000000000000000000000000000081
S2140111680000000000000000000000000000000071
S2140111780000000000000000000000000000000061
S2140111880000000000000000000000000000000051
S2140111980000000000000000000000000000000041
S2140111A80000000000000000000000000000000031
S2140111B80000000000000000000000000000000021
S2140111C80000000000000000000000000000000011
S2140111D80000000000000000000000000000000001
S2140111E800000000000000000000000000000000F1
S2140111F800000000000000000000000000000000E1
S21401120800000000000000000000000000000000D0
S21401121800000000000000000000000000000000C0
S21401122800000000000000000000000000000000B0
S21401123800000000000000000000000000000000A0
S2140112480000000000000000000000000000000090
S2140112580000000000000000000000000000000080
S2140112680000000000000000000000000000000070
S2140112780000000000000000000000000000000060
S2140112880000000000000000000000000000000050
S2140112980000000000000000000000000000000040
S2140112A80000000000000000000000000000000030
S2140112B80000000000000000000000000000000020
S2140112C80000000000000000000000000000000010
S2140112D80000000000000000000000000000000000
S2140112E800000000000000000000000000000000F0
S2140112F800000000000000000000000000000000E0
S21401130800000000000000000000000000000000CF
S21401131800000000000000000000000000000000BF
S21401132800000000000000000000000000000000AF
S214011338000000000000000000000000000000009F
S214011348000000000000000000000000000000008F
S214011358000000000000000000000000000000007F
S214011368000000000000000000000000000000006F
S214011378000000000000000000000000000000005F
S214011388000000000000000000000000000000004F
S214011398000000000000000000000000000000003F
S2140113A8000000000000000000000000000000002F
S2140113B8000000000000000000000000000000001F
S2140113C8000000000000000000000000000000000F
S2140113D800000000000000000000000000000000FF
S2140113E800000000000000000000000000000000EF
S2140113F800000000000000000000000000000000DF
S21401140800000000000000000000000000000000CE
S21401141800000000000000000000000000000000BE
S21401142800000000000000000000000000000000AE
S214011438000000000000000000000000000000009E
S214011448000000000000000000000000000000008E
S214011458000000000000000000000000000000007E
S214011468000000000000000000000000000000006E
S214011478000000000000000000000000000000005E
S214011488000000000000000000000000000000004E
S214011498000000000000000000000000000000003E
S2140114A8000000000000000000000000000000002E
S2140114B8000000000000000000000000000000001E
S2140114C8000000000000000000000000000000000E
S2140114D800000000000000000000000000000000FE
S2140114E800000000000000000000000000000000EE
S2140114F800000000000000000000000000000000DE
S21401150800000000000000000000000000000000CD
S21401151800000000000000000000000000000000BD
S21401152800000000000000000000000000000000AD
S214011538000000000000000000000000000000009D
S214011548000000000000000000000000000000008D
S214011558000000000000000000000000000000007D
S214011568000000000000000000000000000000006D
S214011578000000000000000000000000000000005D
S214011588000000000000000000000000000000004D
S214011598000000000000000000000000000000003D
S2140115A8000000000000000000000000000000002D
S2140115B8000000000000000000000000000000001D
S2140115C8000000000000000000000000000000000D
S2140115D800000000000000000000000000000000FD
S2140115E800000000000000000000000000000000ED
S2140115F800000000000000000000000000000000DD
S21401160800000000000000000000000000000000CC
S21401161800000000000000000000000000000000BC
S21401162800000000000000000000000000000000AC
S214011638000000000000000000000000000000009C
S214011648000000000000000000000000000000008C
S214011658000000000000000000000000000000007C
S214011668000000000000000000000000000000006C
S214011678000000000000000000000000000000005C
S214011688000000000000000000000000000000004C
S214011698000000000000000000000000000000003C
S2140116A8000000000000000000000000000000002C
S2140116B8000000000000000000000000000000001C
S2140116C8000000000000000000000000000000000C
S2140116D800000000000000000000000000000000FC
S2140116E800000000000000000000000000000000EC
S2140116F800000000000000000000000000000000DC
S21401170800000000000000000000000000000000CB
S21401171800000000000000000000000000000000BB
S21401172800000000000000000000000000000000AB
S214011738000000000000000000000000000000009B
S214011748000000000000000000000000000000008B
S214011758000000000000000000000000000000007B
S214011768000000000000000000000000000000006B
S214011778000000000000000000000000000000005B
S214011788000000000000000000000000000000004B
S214011798000000000000000000000000000000003B
S2140117A8000000000000000000000000000000002B
S2140117B8000000000000000000000000000000001B
S2140117C8000000000000000000000000000000000B
S2140117D800000000000000000000000000000000FB
S2140117E800000000000000000000000000000000EB
S2140117F800000000000000000000000000000000DB
S21401180800000000000000000000000000000000CA
S21401181800000000000000000000000000000000BA
S21401182800000000000000000000000000000000AA
S214011838000000000000000000000000000000009A
S214011848000000000000000000000000000000008A
S214011858000000000000000000000000000000007A
S214011868000000000000000000000000000000006A
S214011878000000000000000000000000000000005A
S214011888000000000000000000000000000000004A
S214011898000000000000000000000000000000003A
S2140118A8000000000000000000000000000000002A
S2140118B8000000000000000000000000000000001A
S2140118C8000000000000000000000000000000000A
S2140118D800000000000000000000000000000000FA
S2140118E800000000000000000000000000000000EA
S2140118F800000000000000000000000000000000DA
S21401190800000000000000000000000000000000C9
S21401191800000000000000000000000000000000B9
S21401192800000000000000000000000000000000A9
S2140119380000000000000000000000000000000099
S2140119480000000000000000000000000000000089
S2140119580000000000000000000000000000000079
S2140119680000000000000000000000000000000069
S2140119780000000000000000000000000000000059
S2140119880000000000000000000000000000000049
S2140119980000000000000000000000000000000039
S2140119A80000000000000000000000000000000029
S2140119B80000000000000000000000000000000019
S2140119C80000000000000000000000000000000009
S2140119D800000000000000000000000000000000F9
S2140119E800000000000000000000000000000000E9
S2140119F800000000000000000000000000000000D9
S214011A0800000000000000000000000000000000C8
S214011A1800000000000000000000000000000000B8
S214011A2800000000000000000000000000000000A8
S214011A380000000000000000000000000000000098
S214011A480000000000000000000000000000000088
S214011A580000000000000000000000000000000078
S214011A680000000000000000000000000000000068
S214011A780000000000000000000000000000000058
S214011A880000000000000000000000000000000048
S214011A980000000000000000000000000000000038
S214011AA80000000000000000000000000000000028
S214011AB80000000000000000000000000000000018
S214011AC80000000000000000000000000000000008
S214011AD800000000000000000000000000000000F8
S214011AE800000000000000000000000000000000E8
S214011AF800000000000000000000000000000000D8
S214011B0800000000000000000000000000000000C7
S214011B1800000000000000000000000000000000B7
S214011B2800000000000000000000000000000000A7
S214011B380000000000000000000000000000000097
S214011B480000000000000000000000000000000087
S214011B580000000000000000000000000000000077
S214011B680000000000000000000000000000000067
S214011B780000000000000000000000000000000057
S214011B880000000000000000000000000000000047
S214011B980000000000000000000000000000000037
S214011BA80000000000000000000000000000000027
S214011BB80000000000000000000000000000000017
S214011BC80000000000000000000000000000000007
S214011BD800000000000000000000000000000000F7
S214011BE800000000000000000000000000000000E7
S214011BF800000000000000000000000000000000D7
S214011C0800000000000000000000000000000000C6
S214011C1800000000000000000000000000000000B6
S214011C2800000000000000000000000000000000A6
S214011C380000000000000000000000000000000096
S214011C480000000000000000000000000000000086
S214011C580000000000000000000000000000000076
S214011C680000000000000000000000000000000066
S214011C780000000000000000000000000000000056
S214011C880000000000000000000000000000000046
S214011C980000000000000000000000000000000036
S214011CA80000000000000000000000000000000026
S214011CB80000000000000000000000000000000016
S214011CC80000000000000000000000000000000006
S214011CD800000000000000000000000000000000F6
S214011CE800000000000000000000000000000000E6
S214011CF800000000000000000000000000000000D6
S214011D0800000000000000000000000000000000C5
S214011D1800000000000000000000000000000000B5
S214011D2800000000000000000000000000000000A5
S214011D380000000000000000000000000000000095
S214011D480000000000000000000000000000000085
S214011D580000000000000000000000000000000075
S214011D680000000000000000000000000000000065
S214011D780000000000000000000000000000000055
S214011D880000000000000000000000000000000045
S214011D980000000000000000000000000000000035
S214011DA80000000000000000000000000000000025
S214011DB80000000000000000000000000000000015
S214011DC80000000000000000000000000000000005
S214011DD800000000000000000000000000000000F5
S214011DE800000000000000000000000000000000E5
S214011DF800000000000000000000000000000000D5
S214011E0800000000000000000000000000000000C4
S214011E1800000000000000000000000000000000B4
S214011E2800000000000000000000000000000000A4
S214011E380000000000000000000000000000000094
S214011E480000000000000000000000000000000084
S214011E580000000000000000000000000000000074
S214011E680000000000000000000000000000000064
S214011E780000000000000000000000000000000054
S214011E880000000000000000000000000000000044
S214011E980000000000000000000000000000000034
S214011EA80000000000000000000000000000000024
S214011EB80000000000000000000000000000000014
S214011EC80000000000000000000000000000000004
S214011ED800000000000000000000000000000000F4
S214011EE800000000000000000000000000000000E4
S214011EF800000000000000000000000000000000D4
S214011F0800000000000000000000000000000000C3
S214011F1800000000000000000000000000000000B3
S214011F2800000000000000000000000000000000A3
S214011F380000000000000000000000000000000093
S214011F480000000000000000000000000000000083
S214011F580000000000000000000000000000000073
S214011F680000000000000000000000000000000063
S214011F780000000000000000000000000000000053
S214011F880000000000000000000000000000000043
S214011F980000000000000000000000000000000033
S214011FA80000000000000000000000000000000023
S214011FB80000000000000000000000000000000013
S214011FC80000000000000000000000000000000003
S214011FD800000000000000000000000000000000F3
S214011FE800000000000000000000000000000000E3
S214011FF800000000000000000000000000000000D3
S21401200800000000000000000000000000000000C2
S21401201800000000000000000000000000000000B2
S21401202800000000000000000000000000000000A2
S2140120380000000000000000000000000000000092
S2140120480000000000000000000000000000000082
S2140120580000000000000000000000000000000072
S2140120680000000000000000000000000000000062
S2140120780000000000000000000000000000000052
S2140120880000000000000000000000000000000042
S2140120980000000000000000000000000000000032
S2140120A80000000000000000000000000000000022
S2140120B80000000000000000000000000000000012
S2140120C80000000000000000000000000000000002
S2140120D800000000000000000000000000000000F2
S2140120E800000000000000000000000000000000E2
S2140120F800000000000000000000000000000000D2
S21401210800000000000000000000000000000000C1
S21401211800000000000000000000000000000000B1
S21401212800000000000000000000000000000000A1
S2140121380000000000000000000000000000000091
S2140121480000000000000000000000000000000081
S2140121580000000000000000000000000000000071
S2140121680000000000000000000000000000000061
S2140121780000000000000000000000000000000051
S2140121880000000000000000000000000000000041
S2140121980000000000000000000000000000000031
S2140121A80000000000000000000000000000000021
S2140121B80000000000000000000000000000000011
S2140121C80000000000000000000000000000000001
S2140121D800000000000000000000000000000000F1
S2140121E800000000000000000000000000000000E1
S2140121F800000000000000000000000000000000D1
S21401220800000000000000000000000000000000C0
S21401221800000000000000000000000000000000B0
S21401222800000000000000000000000000000000A0
S2140122380000000000000000000000000000000090
S2140122480000000000000000000000000000000080
S2140122580000000000000000000000000000000070
S2140122680000000000000000000000000000000060
S2140122780000000000000000000000000000000050
S2140122880000000000000000000000000000000040
S2140122980000000000000000000000000000000030
S2140122A80000000000000000000000000000000020
S2140122B80000000000000000000000000000000010
S2140122C80000000000000000000000000000000000
S2140122D800000000000000000000000000000000F0
S2140122E800000000000000000000000000000000E0
S2140122F800000000000000000000000000000000D0
S21401230800000000000000000000000000000000BF
S21401231800000000000000000000000000000000AF
S214012328000000000000000000000000000000009F
S214012338000000000000000000000000000000008F
S214012348000000000000000000000000000000007F
S214012358000000000000000000000000000000006F
S214012368000000000000000000000000000000005F
S214012378000000000000000000000000000000004F
S214012388000000000000000000000000000000003F
S214012398000000000000000000000000000000002F
S2140123A8000000000000000000000000000000001F
S2140123B8000000000000000000000000000000000F
S2140123C800000000000000000000000000000000FF
S2140123D800000000000000000000000000000000EF
S2140123E800000000000000000000000000000000DF
S2140123F800000000000000000000000000000000CF
S21401240800000000000000000000000000000000BE
S21401241800000000000000000000000000000000AE
S214012428000000000000000000000000000000009E
S214012438000000000000000000000000000000008E
S214012448000000000000000000000000000000007E
S214012458000000000000000000000000000000006E
S214012468000000000000000000000000000000005E
S214012478000000000000000000000000000000004E
S214012488000000000000000000000000000000003E
S214012498000000000000000000000000000000002E
S2140124A8000000000000000000000000000000001E
S2140124B8000000000000000000000000000000000E
S2140124C800000000000000000000000000000000FE
S2140124D800000000000000000000000000000000EE
S2140124E800000000000000000000000000000000DE
S2140124F800000000000000000000000000000000CE
S21401250800000000000000000000000000000000BD
S21401251800000000000000000000000000000000AD
S214012528000000000000000000000000000000009D
S214012538000000000000000000000000000000008D
S214012548000000000000000000000000000000007D
S214012558000000000000000000000000000000006D
S214012568000000000000000000000000000000005D
S214012578000000000000000000000000000000004D
S214012588000000000000000000000000000000003D
S214012598000000000000000000000000000000002D
S2140125A8000000000000000000000000000000001D
S2140125B8000000000000000000000000000000000D
S2140125C800000000000000000000000000000000FD
S2140125D800000000000000000000000000000000ED
S2140125E800000000000000000000000000000000DD
S2140125F800000000000000000000000000000000CD
S21401260800000000000000000000000000000000BC
S21401261800000000000000000000000000000000AC
S214012628000000000000000000000000000000009C
S214012638000000000000000000000000000000008C
S214012648000000000000000000000000000000007C
S214012658000000000000000000000000000000006C
S214012668000000000000000000000000000000005C
S214012678000000000000000000000000000000004C
S214012688000000000000000000000000000000003C
S214012698000000000000000000000000000000002C
S2140126A8000000000000000000000000000000001C
S2140126B8000000000000000000000000000000000C
S2140126C800000000000000000000000000000000FC
S2140126D800000000000000000000000000000000EC
S2140126E800000000000000000000000000000000DC
S2140126F800000000000000000000000000000000CC
S21401270800000000000000000000000000000000BB
S21401271800000000000000000000000000000000AB
S214012728000000000000000000000000000000009B
S214012738000000000000000000000000000000008B
S214012748000000000000000000000000000000007B
S214012758000000000000000000000000000000006B
S214012768000000000000000000000000000000005B
S214012778000000000000000000000000000000004B
S214012788000000000000000000000000000000003B
S214012798000000000000000000000000000000002B
S2140127A8000000000000000000000000000000001B
S2140127B8000000000000000000000000000000000B
S2140127C800000000000000000000000000000000FB
S2140127D800000000000000000000000000000000EB
S2140127E800000000000000000000000000000000DB
S2140127F800000000000000000000000000000000CB
S21401280800000000000000000000000000000000BA
S21401281800000000000000000000000000000000AA
S214012828000000000000000000000000000000009A
S214012838000000000000000000000000000000008A
S214012848000000000000000000000000000000007A
S214012858000000000000000000000000000000006A
S214012868000000000000000000000000000000005A
S214012878000000000000000000000000000000004A
S214012888000000000000000000000000000000003A
S214012898000000000000000000000000000000002A
S2140128A8000000000000000000000000000000001A
S2140128B8000000000000000000000000000000000A
S2140128C800000000000000000000000000000000FA
S2140128D800000000000000000000000000000000EA
S2140128E800000000000000000000000000000000DA
S2140128F800000000000000000000000000000000CA
S21401290800000000000000000000000000000000B9
S21401291800000000000000000000000000000000A9
S2140129280000000000000000000000000000000099
S2140129380000000000000000000000000000000089
S2140129480000000000000000000000000000000079
S2140129580000000000000000000000000000000069
S2140129680000000000000000000000000000000059
S2140129780000000000000000000000000000000049
S2140129880000000000000000000000000000000039
S2140129980000000000000000000000000000000029
S2140129A80000000000000000000000000000000019
S2140129B80000000000000000000000000000000009
S2140129C800000000000000000000000000000000F9
S2140129D800000000000000000000000000000000E9
S2140129E800000000000000000000000000000000D9
S2140129F800000000000000000000000000000000C9
S214012A0800000000000000000000000000000000B8
S214012A1800000000000000000000000000000000A8
S214012A280000000000000000000000000000000098
S214012A380000000000000000000000000000000088
S214012A480000000000000000000000000000000078
S214012A580000000000000000000000000000000068
S214012A680000000000000000000000000000000058
S214012A780000000000000000000000000000000048
S214012A880000000000000000000000000000000038
S214012A980000000000000000000000000000000028
S214012AA80000000000000000000000000000000018
S214012AB80000000000000000000000000000000008
S214012AC800000000000000000000000000000000F8
S214012AD800000000000000000000000000000000E8
S214012AE800000000000000000000000000000000D8
S214012AF800000000000000000000000000000000C8
S214012B0800000000000000000000000000000000B7
S214012B1800000000000000000000000000000000A7
S214012B280000000000000000000000000000000097
S214012B380000000000000000000000000000000087
S214012B480000000000000000000000000000000077
S214012B580000000000000000000000000000000067
S214012B680000000000000000000000000000000057
S214012B780000000000000000000000000000000047
S214012B880000000000000000000000000000000037
S214012B980000000000000000000000000000000027
S214012BA80000000000000000000000000000000017
S214012BB80000000000000000000000000000000007
S214012BC800000000000000000000000000000000F7
S214012BD800000000000000000000000000000000E7
S214012BE800000000000000000000000000000000D7
S214012BF800000000000000000000000000000000C7
S214012C0800000000000000000000000000000000B6
S214012C1800000000000000000000000000000000A6
S214012C280000000000000000000000000000000096
S214012C380000000000000000000000000000000086
S214012C480000000000000000000000000000000076
S214012C580000000000000000000000000000000066
S214012C680000000000000000000000000000000056
S214012C780000000000000000000000000000000046
S214012C880000000000000000000000000000000036
S214012C980000000000000000000000000000000026
S214012CA80000000000000000000000000000000016
S214012CB80000000000000000000000000000000006
S214012CC800000000000000000000000000000000F6
S214012CD800000000000000000000000000000000E6
S214012CE800000000000000000000000000000000D6
S214012CF800000000000000000000000000000000C6
S214012D0800000000000000000000000000000000B5
S214012D1800000000000000000000000000000000A5
S214012D280000000000000000000000000000000095
S214012D380000000000000000000000000000000085
S214012D480000000000000000000000000000000075
S214012D580000000000000000000000000000000065
S214012D680000000000000000000000000000000055
S214012D780000000000000000000000000000000045
S214012D880000000000000000000000000000000035
S214012D980000000000000000000000000000000025
S214012DA80000000000000000000000000000000015
S214012DB80000000000000000000000000000000005
S214012DC800000000000000000000000000000000F5
S214012DD800000000000000000000000000000000E5
S214012DE800000000000000000000000000000000D5
S214012DF800000000000000000000000000000000C5
S214012E0800000000000000000000000000000000B4
S214012E1800000000000000000000000000000000A4
S214012E280000000000000000000000000000000094
S214012E380000000000000000000000000000000084
S214012E480000000000000000000000000000000074
S214012E580000000000000000000000000000000064
S214012E680000000000000000000000000000000054
S214012E780000000000000000000000000000000044
S214012E880000000000000000000000000000000034
S214012E980000000000000000000000000000000024
S214012EA80000000000000000000000000000000014
S214012EB80000000000000000000000000000000004
S214012EC800000000000000000000000000000000F4
S214012ED800000000000000000000000000000000E4
S214012EE800000000000000000000000000000000D4
S214012EF800000000000000000000000000000000C4
S214012F0800000000000000000000000000000000B3
S214012F1800000000000000000000000000000000A3
S214012F280000000000000000000000000000000093
S214012F380000000000000000000000000000000083
S214012F480000000000000000000000000000000073
S214012F580000000000000000000000000000000063
S214012F680000000000000000000000000000000053
S214012F780000000000000000000000000000000043
S214012F880000000000000000000000000000000033
S214012F980000000000000000000000000000000023
S214012FA80000000000000000000000000000000013
S214012FB80000000000000000000000000000000003
S214012FC800000000000000000000000000000000F3
S214012FD800000000000000000000000000000000E3
S214012FE800000000000000000000000000000000D3
S214012FF800000000000000000000000000000000C3
S21401300800000000000000000000000000000000B2
S21401301800000000000000000000000000000000A2
S2140130280000000000000000000000000000000092
S2140130380000000000000000000000000000000082
S2140130480000000000000000000000000000000072
S2140130580000000000000000000000000000000062
S2140130680000000000000000000000000000000052
S2140130780000000000000000000000000000000042
S2140130880000000000000000000000000000000032
S2140130980000000000000000000000000000000022
S2140130A80000000000000000000000000000000012
S2140130B80000000000000000000000000000000002
S2140130C800000000000000000000000000000000F2
S2140130D800000000000000000000000000000000E2
S2140130E800000000000000000000000000000000D2
S2140130F800000000000000000000000000000000C2
S21401310800000000000000000000000000000000B1
S21401311800000000000000000000000000000000A1
S2140131280000000000000000000000000000000091
S2140131380000000000000000000000000000000081
S2140131480000000000000000000000000000000071
S2140131580000000000000000000000000000000061
S2140131680000000000000000000000000000000051
S2140131780000000000000000000000000000000041
S2140131880000000000000000000000000000000031
S2140131980000000000000000000000000000000021
S2140131A80000000000000000000000000000000011
S2140131B80000000000000000000000000000000001
S2140131C800000000000000000000000000000000F1
S2140131D800000000000000000000000000000000E1
S2140131E800000000000000000000000000000000D1
S2140131F800000000000000000000000000000000C1
S21401320800000000000000000000000000000000B0
S21401321800000000000000000000000000000000A0
S2140132280000000000000000000000000000000090
S2140132380000000000000000000000000000000080
S2140132480000000000000000000000000000000070
S2140132580000000000000000000000000000000060
S2140132680000000000000000000000000000000050
S2140132780000000000000000000000000000000040
S2140132880000000000000000000000000000000030
S2140132980000000000000000000000000000000020
S2140132A80000000000000000000000000000000010
S2140132B80000000000000000000000000000000000
S2140132C800000000000000000000000000000000F0
S2140132D800000000000000000000000000000000E0
S2140132E800000000000000000000000000000000D0
S2140132F800000000000000000000000000000000C0
S21401330800000000000000000000000000000000AF
S214013318000000000000000000000000000000009F
S214013328000000000000000000000000000000008F
S214013338000000000000000000000000000000007F
S214013348000000000000000000000000000000006F
S214013358000000000000000000000000000000005F
S214013368000000000000000000000000000000004F
S214013378000000000000000000000000000000003F
S214013388000000000000000000000000000000002F
S214013398000000000000000000000000000000001F
S2140133A8000000000000000000000000000000000F
S2140133B800000000000000000000000000000000FF
S2140133C800000000000000000000000000000000EF
S2140133D800000000000000000000000000000000DF
S2140133E800000000000000000000000000000000CF
S2140133F800000000000000000000000000000000BF
S21401340800000000000000000000000000000000AE
S214013418000000000000000000000000000000009E
S214013428000000000000000000000000000000008E
S214013438000000000000000000000000000000007E
S214013448000000000000000000000000000000006E
S214013458000000000000000000000000000000005E
S214013468000000000000000000000000000000004E
S214013478000000000000000000000000000000003E
S214013488000000000000000000000000000000002E
S214013498000000000000000000000000000000001E
S2140134A8000000000000000000000000000000000E
S2140134B800000000000000000000000000000000FE
S2140134C800000000000000000000000000000000EE
S2140134D800000000000000000000000000000000DE
S2140134E800000000000000000000000000000000CE
S2140134F800000000000000000000000000000000BE
S21401350800000000000000000000000000000000AD
S214013518000000000000000000000000000000009D
S214013528000000000000000000000000000000008D
S214013538000000000000000000000000000000007D
S214013548000000000000000000000000000000006D
S214013558000000000000000000000000000000005D
S214013568000000000000000000000000000000004D
S214013578000000000000000000000000000000003D
S214013588000000000000000000000000000000002D
S214013598000000000000000000000000000000001D
S2140135A8000000000000000000000000000000000D
S2140135B800000000000000000000000000000000FD
S2140135C800000000000000000000000000000000ED
S2140135D800000000000000000000000000000000DD
S2140135E800000000000000000000000000000000CD
S2140135F800000000000000000000000000000000BD
S21401360800000000000000000000000000000000AC
S214013618000000000000000000000000000000009C
S214013628000000000000000000000000000000008C
S214013638000000000000000000000000000000007C
S214013648000000000000000000000000000000006C
S214013658000000000000000000000000000000005C
S214013668000000000000000000000000000000004C
S214013678000000000000000000000000000000003C
S214013688000000000000000000000000000000002C
S214013698000000000000000000000000000000001C
S2140136A8000000000000000000000000000000000C
S2140136B800000000000000000000000000000000FC
S2140136C800000000000000000000000000000000EC
S2140136D800000000000000000000000000000000DC
S2140136E800000000000000000000000000000000CC
S2140136F800000000000000000000000000000000BC
S21401370800000000000000000000000000000000AB
S214013718000000000000000000000000000000009B
S214013728000000000000000000000000000000008B
S214013738000000000000000000000000000000007B
S214013748000000000000000000000000000000006B
S214013758000000000000000000000000000000005B
S214013768000000000000000000000000000000004B
S214013778000000000000000000000000000000003B
S214013788000000000000000000000000000000002B
S214013798000000000000000000000000000000001B
S2140137A8000000000000000000000000000000000B
S2140137B800000000000000000000000000000000FB
S2140137C800000000000000000000000000000000EB
S2140137D800000000000000000000000000000000DB
S2140137E800000000000000000000000000000000CB
S2140137F800000000000000000000000000000000BB
S21401380800000000000000000000000000000000AA
S214013818000000000000000000000000000000009A
S214013828000000000000000000000000000000008A
S214013838000000000000000000000000000000007A
S214013848000000000000000000000000000000006A
S214013858000000000000000000000000000000005A
S214013868000000000000000000000000000000004A
S214013878000000000000000000000000000000003A
S214013888000000000000000000000000000000002A
S214013898000000000000000000000000000000001A
S2140138A8000000000000000000000000000000000A
S2140138B800000000000000000000000000000000FA
S2140138C800000000000000000000000000000000EA
S2140138D800000000000000000000000000000000DA
S2140138E800000000000000000000000000000000CA
S2140138F800000000000000000000000000000000BA
S21401390800000000000000000000000000000000A9
S2140139180000000000000000000000000000000099
S2140139280000000000000000000000000000000089
S2140139380000000000000000000000000000000079
S2140139480000000000000000000000000000000069
S2140139580000000000000000000000000000000059
S2140139680000000000000000000000000000000049
S2140139780000000000000000000000000000000039
S2140139880000000000000000000000000000000029
S2140139980000000000000000000000000000000019
S2140139A80000000000000000000000000000000009
S2140139B800000000000000000000000000000000F9
S2140139C800000000000000000000000000000000E9
S2140139D800000000000000000000000000000000D9
S2140139E800000000000000000000000000000000C9
S2140139F800000000000000000000000000000000B9
S214013A0800000000000000000000000000000000A8
S214013A180000000000000000000000000000000098
S214013A280000000000000000000000000000000088
S214013A380000000000000000000000000000000078
S214013A480000000000000000000000000000000068
S214013A580000000000000000000000000000000058
S214013A680000000000000000000000000000000048
S214013A780000000000000000000000000000000038
S214013A880000000000000000000000000000000028
S214013A980000000000000000000000000000000018
S214013AA80000000000000000000000000000000008
S214013AB800000000000000000000000000000000F8
S214013AC800000000000000000000000000000000E8
S214013AD800000000000000000000000000000000D8
S214013AE800000000000000000000000000000000C8
S214013AF800000000000000000000000000000000B8
S214013B0800000000000000000000000000000000A7
S214013B180000000000000000000000000000000097
S214013B280000000000000000000000000000000087
S214013B380000000000000000000000000000000077
S214013B480000000000000000000000000000000067
S214013B580000000000000000000000000000000057
S214013B680000000000000000000000000000000047
S214013B780000000000000000000000000000000037
S214013B880000000000000000000000000000000027
S214013B980000000000000000000000000000000017
S214013BA80000000000000000000000000000000007
S214013BB800000000000000000000000000000000F7
S214013BC800000000000000000000000000000000E7
S214013BD800000000000000000000000000000000D7
S214013BE800000000000000000000000000000000C7
S214013BF800000000000000000000000000000000B7
S214013C0800000000000000000000000000000000A6
S214013C180000000000000000000000000000000096
S214013C280000000000000000000000000000000086
S214013C380000000000000000000000000000000076
S214013C480000000000000000000000000000000066
S214013C580000000000000000000000000000000056
S214013C680000000000000000000000000000000046
S214013C780000000000000000000000000000000036
S214013C880000000000000000000000000000000026
S214013C980000000000000000000000000000000016
S214013CA80000000000000000000000000000000006
S214013CB800000000000000000000000000000000F6
S214013CC800000000000000000000000000000000E6
S214013CD800000000000000000000000000000000D6
S214013CE800000000000000000000000000000000C6
S214013CF800000000000000000000000000000000B6
S214013D0800000000000000000000000000000000A5
S214013D180000000000000000000000000000000095
S214013D280000000000000000000000000000000085
S214013D380000000000000000000000000000000075
S214013D480000000000000000000000000000000065
S214013D580000000000000000000000000000000055
S214013D680000000000000000000000000000000045
S214013D780000000000000000000000000000000035
S214013D880000000000000000000000000000000025
S214013D980000000000000000000000000000000015
S214013DA80000000000000000000000000000000005
S214013DB800000000000000000000000000000000F5
S214013DC800000000000000000000000000000000E5
S214013DD800000000000000000000000000000000D5
S214013DE800000000000000000000000000000000C5
S214013DF800000000000000000000000000000000B5
S214013E0800000000000000000000000000000000A4
S214013E180000000000000000000000000000000094
S214013E280000000000000000000000000000000084
S214013E380000000000000000000000000000000074
S214013E480000000000000000000000000000000064
S214013E580000000000000000000000000000000054
S214013E680000000000000000000000000000000044
S214013E780000000000000000000000000000000034
S214013E880000000000000000000000000000000024
S214013E980000000000000000000000000000000014
S214013EA80000000000000000000000000000000004
S214013EB800000000000000000000000000000000F4
S214013EC800000000000000000000000000000000E4
S214013ED800000000000000000000000000000000D4
S214013EE800000000000000000000000000000000C4
S214013EF800000000000000000000000000000000B4
S214013F0800000000000000000000000000000000A3
S214013F180000000000000000000000000000000093
S214013F280000000000000000000000000000000083
S214013F380000000000000000000000000000000073
S214013F480000000000000000000000000000000063
S214013F580000000000000000000000000000000053
S214013F680000000000000000000000000000000043
S214013F780000000000000000000000000000000033
S214013F880000000000000000000000000000000023
S214013F980000000000000000000000000000000013
S214013FA80000000000000000000000000000000003
S214013FB800000000000000000000000000000000F3
S214013FC800000000000000000000000000000000E3
S214013FD800000000000000000000000000000000D3
S214013FE800000000000000000000000000000000C3
S214013FF800000000000000000000000000000000B3
S21401400800000000000000000000000000000000A2
S2140140180000000000000000000000000000000092
S2140140280000000000000000000000000000000082
S2140140380000000000000000000000000000000072
S2140140480000000000000000000000000000000062
S2140140580000000000000000000000000000000052
S2140140680000000000000000000000000000000042
S2140140780000000000000000000000000000000032
S2140140880000000000000000000000000000000022
S2140140980000000000000000000000000000000012
S2140140A80000000000000000000000000000000002
S2140140B800000000000000000000000000000000F2
S2140140C800000000000000000000000000000000E2
S2140140D800000000000000000000000000000000D2
S2140140E800000000000000000000000000000000C2
S2140140F800000000000000000000000000000000B2
S21401410800000000000000000000000000000000A1
S2140141180000000000000000000000000000000091
S2140141280000000000000000000000000000000081
S2140141380000000000000000000000000000000071
S2140141480000000000000000000000000000000061
S2140141580000000000000000000000000000000051
S2140141680000000000000000000000000000000041
S2140141780000000000000000000000000000000031
S2140141880000000000000000000000000000000021
S2140141980000000000000000000000000000000011
S2140141A80000000000000000000000000000000001
S2140141B800000000000000000000000000000000F1
S2140141C800000000000000000000000000000000E1
S2140141D800000000000000000000000000000000D1
S2140141E800000000000000000000000000000000C1
S2140141F800000000000000000000000000000000B1
S21401420800000000000000000000000000000000A0
S2140142180000000000000000000000000000000090
S2140142280000000000000000000000000000000080
S2140142380000000000000000000000000000000070
S2140142480000000000000000000000000000000060
S2140142580000000000000000000000000000000050
S2140142680000000000000000000000000000000040
S2140142780000000000000000000000000000000030
S2140142880000000000000000000000000000000020
S2140142980000000000000000000000000000000010
S2140142A80000000000000000000000000000000000
S2140142B800000000000000000000000000000000F0
S2140142C800000000000000000000000000000000E0
S2140142D800000000000000000000000000000000D0
S2140142E800000000000000000000000000000000C0
S2140142F800000000000000000000000000000000B0
S214014308000000000000000000000000000000009F
S214014318000000000000000000000000000000008F
S214014328000000000000000000000000000000007F
S214014338000000000000000000000000000000006F
S214014348000000000000000000000000000000005F
S214014358000000000000000000000000000000004F
S214014368000000000000000000000000000000003F
S214014378000000000000000000000000000000002F
S214014388000000000000000000000000000000001F
S214014398000000000000000000000000000000000F
S2140143A800000000000000000000000000000000FF
S2140143B800000000000000000000000000000000EF
S2140143C800000000000000000000000000000000DF
S2140143D800000000000000000000000000000000CF
S2140143E800000000000000000000000000000000BF
S2140143F800000000000000000000000000000000AF
S214014408000000000000000000000000000000009E
S214014418000000000000000000000000000000008E
S214014428000000000000000000000000000000007E
S214014438000000000000000000000000000000006E
S214014448000000000000000000000000000000005E
S214014458000000000000000000000000000000004E
S214014468000000000000000000000000000000003E
S214014478000000000000000000000000000000002E
S214014488000000000000000000000000000000001E
S214014498000000000000000000000000000000000E
S2140144A800000000000000000000000000000000FE
S2140144B800000000000000000000000000000000EE
S2140144C800000000000000000000000000000000DE
S2140144D800000000000000000000000000000000CE
S2140144E800000000000000000000000000000000BE
S2140144F800000000000000000000000000000000AE
S214014508000000000000000000000000000000009D
S214014518000000000000000000000000000000008D
S214014528000000000000000000000000000000007D
S214014538000000000000000000000000000000006D
S214014548000000000000000000000000000000005D
S214014558000000000000000000000000000000004D
S214014568000000000000000000000000000000003D
S214014578000000000000000000000000000000002D
S214014588000000000000000000000000000000001D
S214014598000000000000000000000000000000000D
S2140145A800000000000000000000000000000000FD
S2140145B800000000000000000000000000000000ED
S2140145C800000000000000000000000000000000DD
S2140145D800000000000000000000000000000000CD
S2140145E800000000000000000000000000000000BD
S2140145F800000000000000000000000000000000AD
S214014608000000000000000000000000000000009C
S214014618000000000000000000000000000000008C
S214014628000000000000000000000000000000007C
S214014638000000000000000000000000000000006C
S214014648000000000000000000000000000000005C
S214014658000000000000000000000000000000004C
S214014668000000000000000000000000000000003C
S214014678000000000000000000000000000000002C
S214014688000000000000000000000000000000001C
S214014698000000000000000000000000000000000C
S2140146A800000000000000000000000000000000FC
S2140146B800000000000000000000000000000000EC
S2140146C800000000000000000000000000000000DC
S2140146D800000000000000000000000000000000CC
S2140146E800000000000000000000000000000000BC
S2140146F800000000000000000000000000000000AC
S214014708000000000000000000000000000000009B
S214014718000000000000000000000000000000008B
S214014728000000000000000000000000000000007B
S214014738000000000000000000000000000000006B
S214014748000000000000000000000000000000005B
S214014758000000000000000000000000000000004B
S214014768000000000000000000000000000000003B
S214014778000000000000000000000000000000002B
S214014788000000000000000000000000000000001B
S214014798000000000000000000000000000000000B
S2140147A800000000000000000000000000000000FB
S2140147B800000000000000000000000000000000EB
S2140147C800000000000000000000000000000000DB
S2140147D800000000000000000000000000000000CB
S2140147E800000000000000000000000000000000BB
S2140147F800000000000000000000000000000000AB
S214014808000000000000000000000000000000009A
S214014818000000000000000000000000000000008A
S214014828000000000000000000000000000000007A
S214014838000000000000000000000000000000006A
S214014848000000000000000000000000000000005A
S214014858000000000000000000000000000000004A
S214014868000000000000000000000000000000003A
S214014878000000000000000000000000000000002A
S214014888000000000000000000000000000000001A
S214014898000000000000000000000000000000000A
S2140148A800000000000000000000000000000000FA
S2140148B800000000000000000000000000000000EA
S2140148C800000000000000000000000000000000DA
S2140148D800000000000000000000000000000000CA
S2140148E800000000000000000000000000000000BA
S2140148F800000000000000000000000000000000AA
S2140149080000000000000000000000000000000099
S2140149180000000000000000000000000000000089
S2140149280000000000000000000000000000000079
S2140149380000000000000000000000000000000069
S2140149480000000000000000000000000000000059
S2140149580000000000000000000000000000000049
S2140149680000000000000000000000000000000039
S2140149780000000000000000000000000000000029
S2140149880000000000000000000000000000000019
S2140149980000000000000000000000000000000009
S2140149A800000000000000000000000000000000F9
S2140149B800000000000000000000000000000000E9
S2140149C800000000000000000000000000000000D9
S2140149D800000000000000000000000000000000C9
S2140149E800000000000000000000000000000000B9
S2140149F800000000000000000000000000000000A9
S214014A080000000000000000000000000000000098
S214014A180000000000000000000000000000000088
S214014A280000000000000000000000000000000078
S214014A380000000000000000000000000000000068
S214014A480000000000000000000000000000000058
S214014A580000000000000000000000000000000048
S214014A680000000000000000000000000000000038
S214014A780000000000000000000000000000000028
S214014A880000000000000000000000000000000018
S214014A980000000000000000000000000000000008
S214014AA800000000000000000000000000000000F8
S214014AB800000000000000000000000000000000E8
S214014AC800000000000000000000000000000000D8
S214014AD800000000000000000000000000000000C8
S214014AE800000000000000000000000000000000B8
S214014AF800000000000000000000000000000000A8
S214014B080000000000000000000000000000000097
S214014B180000000000000000000000000000000087
S214014B280000000000000000000000000000000077
S214014B380000000000000000000000000000000067
S214014B480000000000000000000000000000000057
S214014B580000000000000000000000000000000047
S214014B680000000000000000000000000000000037
S214014B780000000000000000000000000000000027
S214014B880000000000000000000000000000000017
S214014B980000000000000000000000000000000007
S214014BA800000000000000000000000000000000F7
S214014BB800000000000000000000000000000000E7
S214014BC800000000000000000000000000000000D7
S214014BD800000000000000000000000000000000C7
S214014BE800000000000000000000000000000000B7
S214014BF800000000000000000000000000000000A7
S214014C080000000000000000000000000000000096
S214014C180000000000000000000000000000000086
S214014C280000000000000000000000000000000076
S214014C380000000000000000000000000000000066
S214014C480000000000000000000000000000000056
S214014C580000000000000000000000000000000046
S214014C680000000000000000000000000000000036
S214014C780000000000000000000000000000000026
S214014C880000000000000000000000000000000016
S214014C980000000000000000000000000000000006
S214014CA800000000000000000000000000000000F6
S214014CB800000000000000000000000000000000E6
S214014CC800000000000000000000000000000000D6
S214014CD800000000000000000000000000000000C6
S214014CE800000000000000000000000000000000B6
S214014CF800000000000000000000000000000000A6
S214014D080000000000000000000000000000000095
S214014D180000000000000000000000000000000085
S214014D280000000000000000000000000000000075
S214014D380000000000000000000000000000000065
S214014D480000000000000000000000000000000055
S214014D580000000000000000000000000000000045
S214014D680000000000000000000000000000000035
S214014D780000000000000000000000000000000025
S214014D880000000000000000000000000000000015
S214014D980000000000000000000000000000000005
S214014DA800000000000000000000000000000000F5
S214014DB800000000000000000000000000000000E5
S214014DC800000000000000000000000000000000D5
S214014DD800000000000000000000000000000000C5
S214014DE800000000000000000000000000000000B5
S214014DF800000000000000000000000000000000A5
S214014E080000000000000000000000000000000094
S214014E180000000000000000000000000000000084
S214014E280000000000000000000000000000000074
S214014E380000000000000000000000000000000064
S214014E480000000000000000000000000000000054
S214014E580000000000000000000000000000000044
S214014E680000000000000000000000000000000034
S214014E780000000000000000000000000000000024
S214014E880000000000000000000000000000000014
S214014E980000000000000000000000000000000004
S214014EA800000000000000000000000000000000F4
S214014EB800000000000000000000000000000000E4
S214014EC800000000000000000000000000000000D4
S214014ED800000000000000000000000000000000C4
S214014EE800000000000000000000000000000000B4
S214014EF800000000000000000000000000000000A4
S214014F080000000000000000000000000000000093
S214014F180000000000000000000000000000000083
S214014F280000000000000000000000000000000073
S214014F380000000000000000000000000000000063
S214014F480000000000000000000000000000000053
S214014F580000000000000000000000000000000043
S214014F680000000000000000000000000000000033
S214014F780000000000000000000000000000000023
S214014F880000000000000000000000000000000013
S214014F980000000000000000000000000000000003
S214014FA800000000000000000000000000000000F3
S214014FB800000000000000000000000000000000E3
S214014FC800000000000000000000000000000000D3
S214014FD800000000000000000000000000000000C3
S214014FE800000000000000000000000000000000B3
S214014FF800000000000000000000000000000000A3
S2140150080000000000000000000000000000000092
S2140150180000000000000000000000000000000082
S2140150280000000000000000000000000000000072
S2140150380000000000000000000000000000000062
S2140150480000000000000000000000000000000052
S2140150580000000000000000000000000000000042
S2140150680000000000000000000000000000000032
S2140150780000000000000000000000000000000022
S2140150880000000000000000000000000000000012
S2140150980000000000000000000000000000000002
S2140150A800000000000000000000000000000000F2
S2140150B800000000000000000000000000000000E2
S2140150C800000000000000000000000000000000D2
S2140150D800000000000000000000000000000000C2
S2140150E800000000000000000000000000000000B2
S2140150F800000000000000000000000000000000A2
S2140151080000000000000000000000000000000091
S2140151180000000000000000000000000000000081
S2140151280000000000000000000000000000000071
S2140151380000000000000000000000000000000061
S2140151480000000000000000000000000000000051
S2140151580000000000000000000000000000000041
S2140151680000000000000000000000000000000031
S2140151780000000000000000000000000000000021
S2140151880000000000000000000000000000000011
S2140151980000000000000000000000000000000001
S2140151A800000000000000000000000000000000F1
S2140151B800000000000000000000000000000000E1
S2140151C800000000000000000000000000000000D1
S2140151D800000000000000000000000000000000C1
S2140151E800000000000000000000000000000000B1
S2140151F800000000000000000000000000000000A1
S2140152080000000000000000000000000000000090
S2140152180000000000000000000000000000000080
S2140152280000000000000000000000000000000070
S2140152380000000000000000000000000000000060
S2140152480000000000000000000000000000000050
S2140152580000000000000000000000000000000040
S2140152680000000000000000000000000000000030
S2140152780000000000000000000000000000000020
S2140152880000000000000000000000000000000010
S2140152980000000000000000000000000000000000
S2140152A800000000000000000000000000000000F0
S2140152B800000000000000000000000000000000E0
S2140152C800000000000000000000000000000000D0
S2140152D800000000000000000000000000000000C0
S2140152E800000000000000000000000000000000B0
S2140152F800000000000000000000000000000000A0
S214015308000000000000000000000000000000008F
S214015318000000000000000000000000000000007F
S214015328000000000000000000000000000000006F
S214015338000000000000000000000000000000005F
S214015348000000000000000000000000000000004F
S214015358000000000000000000000000000000003F
S214015368000000000000000000000000000000002F
S214015378000000000000000000000000000000001F
S214015388000000000000000000000000000000000F
S21401539800000000000000000000000000000000FF
S2140153A800000000000000000000000000000000EF
S2140153B800000000000000000000000000000000DF
S2140153C800000000000000000000000000000000CF
S2140153D800000000000000000000000000000000BF
S2140153E800000000000000000000000000000000AF
S2140153F8000000000000000000000000000000009F
S214015408000000000000000000000000000000008E
S214015418000000000000000000000000000000007E
S214015428000000000000000000000000000000006E
S214015438000000000000000000000000000000005E
S214015448000000000000000000000000000000004E
S214015458000000000000000000000000000000003E
S214015468000000000000000000000000000000002E
S214015478000000000000000000000000000000001E
S214015488000000000000000000000000000000000E
S21401549800000000000000000000000000000000FE
S2140154A800000000000000000000000000000000EE
S2140154B800000000000000000000000000000000DE
S2140154C800000000000000000000000000000000CE
S2140154D800000000000000000000000000000000BE
S2140154E800000000000000000000000000000000AE
S2140154F8000000000000000000000000000000009E
S214015508000000000000000000000000000000008D
S214015518000000000000000000000000000000007D
S214015528000000000000000000000000000000006D
S214015538000000000000000000000000000000005D
S214015548000000000000000000000000000000004D
S214015558000000000000000000000000000000003D
S214015568000000000000000000000000000000002D
S214015578000000000000000000000000000000001D
S214015588000000000000000000000000000000000D
S21401559800000000000000000000000000000000FD
S2140155A800000000000000000000000000000000ED
S2140155B800000000000000000000000000000000DD
S2140155C800000000000000000000000000000000CD
S2140155D800000000000000000000000000000000BD
S2140155E800000000000000000000000000000000AD
S2140155F8000000000000000000000000000000009D
S214015608000000000000000000000000000000008C
S214015618000000000000000000000000000000007C
S214015628000000000000000000000000000000006C
S214015638000000000000000000000000000000005C
S214015648000000000000000000000000000000004C
S214015658000000000000000000000000000000003C
S214015668000000000000000000000000000000002C
S214015678000000000000000000000000000000001C
S214015688000000000000000000000000000000000C
S21401569800000000000000000000000000000000FC
S2140156A800000000000000000000000000000000EC
S2140156B800000000000000000000000000000000DC
S2140156C800000000000000000000000000000000CC
S2140156D800000000000000000000000000000000BC
S2140156E800000000000000000000000000000000AC
S2140156F8000000000000000000000000000000009C
S214015708000000000000000000000000000000008B
S214015718000000000000000000000000000000007B
S214015728000000000000000000000000000000006B
S214015738000000000000000000000000000000005B
S214015748000000000000000000000000000000004B
S214015758000000000000000000000000000000003B
S214015768000000000000000000000000000000002B
S214015778000000000000000000000000000000001B
S214015788000000000000000000000000000000000B
S21401579800000000000000000000000000000000FB
S2140157A800000000000000000000000000000000EB
S2140157B800000000000000000000000000000000DB
S2140157C800000000000000000000000000000000CB
S2140157D800000000000000000000000000000000BB
S2140157E800000000000000000000000000000000AB
S2140157F8000000000000000000000000000000009B
S214015808000000000000000000000000000000008A
S214015818000000000000000000000000000000007A
S214015828000000000000000000000000000000006A
S214015838000000000000000000000000000000005A
S214015848000000000000000000000000000000004A
S214015858000000000000000000000000000000003A
S214015868000000000000000000000000000000002A
S214015878000000000000000000000000000000001A
S214015888000000000000000000000000000000000A
S21401589800000000000000000000000000000000FA
S2140158A800000000000000000000000000000000EA
S2140158B800000000000000000000000000000000DA
S2140158C800000000000000000000000000000000CA
S2140158D800000000000000000000000000000000BA
S2140158E800000000000000000000000000000000AA
S2140158F8000000000000000000000000000000009A
S2140159080000000000000000000000000000000089
S2140159180000000000000000000000000000000079
S2140159280000000000000000000000000000000069
S2140159380000000000000000000000000000000059
S2140159480000000000000000000000000000000049
S2140159580000000000000000000000000000000039
S2140159680000000000000000000000000000000029
S2140159780000000000000000000000000000000019
S2140159880000000000000000000000000000000009
S21401599800000000000000000000000000000000F9
S2140159A800000000000000000000000000000000E9
S2140159B800000000000000000000000000000000D9
S2140159C800000000000000000000000000000000C9
S2140159D800000000000000000000000000000000B9
S2140159E800000000000000000000000000000000A9
S2140159F80000000000000000000000000000000099
S214015A080000000000000000000000000000000088
S214015A180000000000000000000000000000000078
S214015A280000000000000000000000000000000068
S214015A380000000000000000000000000000000058
S214015A480000000000000000000000000000000048
S214015A580000000000000000000000000000000038
S214015A680000000000000000000000000000000028
S214015A780000000000000000000000000000000018
S214015A880000000000000000000000000000000008
S214015A9800000000000000000000000000000000F8
S214015AA800000000000000000000000000000000E8
S214015AB800000000000000000000000000000000D8
S214015AC800000000000000000000000000000000C8
S214015AD800000000000000000000000000000000B8
S214015AE800000000000000000000000000000000A8
S214015AF80000000000000000000000000000000098
S214015B080000000000000000000000000000000087
S214015B180000000000000000000000000000000077
S214015B280000000000000000000000000000000067
S214015B380000000000000000000000000000000057
S214015B480000000000000000000000000000000047
S214015B580000000000000000000000000000000037
S214015B680000000000000000000000000000000027
S214015B780000000000000000000000000000000017
S214015B880000000000000000000000000000000007
S214015B9800000000000000000000000000000000F7
S214015BA800000000000000000000000000000000E7
S214015BB800000000000000000000000000000000D7
S214015BC800000000000000000000000000000000C7
S214015BD800000000000000000000000000000000B7
S214015BE800000000000000000000000000000000A7
S214015BF80000000000000000000000000000000097
S214015C080000000000000000000000000000000086
S214015C180000000000000000000000000000000076
S214015C280000000000000000000000000000000066
S214015C380000000000000000000000000000000056
S214015C480000000000000000000000000000000046
S214015C580000000000000000000000000000000036
S214015C680000000000000000000000000000000026
S214015C780000000000000000000000000000000016
S214015C880000000000000000000000000000000006
S214015C9800000000000000000000000000000000F6
S214015CA800000000000000000000000000000000E6
S214015CB800000000000000000000000000000000D6
S214015CC800000000000000000000000000000000C6
S214015CD800000000000000000000000000000000B6
S214015CE800000000000000000000000000000000A6
S214015CF80000000000000000000000000000000096
S214015D080000000000000000000000000000000085
S214015D180000000000000000000000000000000075
S214015D280000000000000000000000000000000065
S214015D380000000000000000000000000000000055
S214015D480000000000000000000000000000000045
S214015D580000000000000000000000000000000035
S214015D680000000000000000000000000000000025
S214015D780000000000000000000000000000000015
S214015D880000000000000000000000000000000005
S214015D9800000000000000000000000000000000F5
S214015DA800000000000000000000000000000000E5
S214015DB800000000000000000000000000000000D5
S214015DC800000000000000000000000000000000C5
S214015DD800000000000000000000000000000000B5
S214015DE800000000000000000000000000000000A5
S214015DF80000000000000000000000000000000095
S214015E080000000000000000000000000000000084
S214015E180000000000000000000000000000000074
S214015E280000000000000000000000000000000064
S214015E380000000000000000000000000000000054
S214015E480000000000000000000000000000000044
S214015E580000000000000000000000000000000034
S214015E680000000000000000000000000000000024
S214015E780000000000000000000000000000000014
S214015E880000000000000000000000000000000004
S214015E9800000000000000000000000000000000F4
S214015EA800000000000000000000000000000000E4
S214015EB800000000000000000000000000000000D4
S214015EC800000000000000000000000000000000C4
S214015ED800000000000000000000000000000000B4
S214015EE800000000000000000000000000000000A4
S214015EF80000000000000000000000000000000094
S214015F080000000000000000000000000000000083
S214015F180000000000000000000000000000000073
S214015F280000000000000000000000000000000063
S214015F380000000000000000000000000000000053
S214015F480000000000000000000000000000000043
S214015F580000000000000000000000000000000033
S214015F680000000000000000000000000000000023
S214015F780000000000000000000000000000000013
S214015F880000000000000000000000000000000003
S214015F9800000000000000000000000000000000F3
S214015FA800000000000000000000000000000000E3
S214015FB800000000000000000000000000000000D3
S214015FC800000000000000000000000000000000C3
S214015FD800000000000000000000000000000000B3
S214015FE800000000000000000000000000000000A3
S214015FF80000000000000000000000000000000093
S2140160080000000000000000000000000000000082
S2140160180000000000000000000000000000000072
S2140160280000000000000000000000000000000062
S2140160380000000000000000000000000000000052
S2140160480000000000000000000000000000000042
S2140160580000000000000000000000000000000032
S2140160680000000000000000000000000000000022
S2140160780000000000000000000000000000000012
S2140160880000000000000000000000000000000002
S21401609800000000000000000000000000000000F2
S2140160A800000000000000000000000000000000E2
S2140160B800000000000000000000000000000000D2
S2140160C800000000000000000000000000000000C2
S2140160D800000000000000000000000000000000B2
S2140160E800000000000000000000000000000000A2
S2140160F80000000000000000000000000000000092
S2140161080000000000000000000000000000000081
S2140161180000000000000000000000000000000071
S2140161280000000000000000000000000000000061
S2140161380000000000000000000000000000000051
S2140161480000000000000000000000000000000041
S2140161580000000000000000000000000000000031
S2140161680000000000000000000000000000000021
S2140161780000000000000000000000000000000011
S2140161880000000000000000000000000000000001
S21401619800000000000000000000000000000000F1
S2140161A800000000000000000000000000000000E1
S2140161B800000000000000000000000000000000D1
S2140161C800000000000000000000000000000000C1
S2140161D800000000000000000000000000000000B1
S2140161E800000000000000000000000000000000A1
S2140161F80000000000000000000000000000000091
S2140162080000000000000000000000000000000080
S2140162180000000000000000000000000000000070
S2140162280000000000000000000000000000000060
S2140162380000000000000000000000000000000050
S2140162480000000000000000000000000000000040
S2140162580000000000000000000000000000000030
S2140162680000000000000000000000000000000020
S2140162780000000000000000000000000000000010
S2140162880000000000000000000000000000000000
S21401629800000000000000000000000000000000F0
S2140162A800000000000000000000000000000000E0
S2140162B800000000000000000000000000000000D0
S2140162C800000000000000000000000000000000C0
S2140162D800000000000000000000000000000000B0
S2140162E800000000000000000000000000000000A0
S2140162F80000000000000000000000000000000090
S214016308000000000000000000000000000000007F
S214016318000000000000000000000000000000006F
S214016328000000000000000000000000000000005F
S214016338000000000000000000000000000000004F
S214016348000000000000000000000000000000003F
S214016358000000000000000000000000000000002F
S214016368000000000000000000000000000000001F
S214016378000000000000000000000000000000000F
S21401638800000000000000000000000000000000FF
S21401639800000000000000000000000000000000EF
S2140163A800000000000000000000000000000000DF
S2140163B800000000000000000000000000000000CF
S2140163C800000000000000000000000000000000BF
S2140163D800000000000000000000000000000000AF
S2140163E8000000000000000000000000000000009F
S2140163F8000000000000000000000000000000008F
S214016408000000000000000000000000000000007E
S214016418000000000000000000000000000000006E
S214016428000000000000000000000000000000005E
S214016438000000000000000000000000000000004E
S214016448000000000000000000000000000000003E
S214016458000000000000000000000000000000002E
S214016468000000000000000000000000000000001E
S214016478000000000000000000000000000000000E
S21401648800000000000000000000000000000000FE
S21401649800000000000000000000000000000000EE
S2140164A800000000000000000000000000000000DE
S2140164B800000000000000000000000000000000CE
S2140164C800000000000000000000000000000000BE
S2140164D800000000000000000000000000000000AE
S2140164E8000000000000000000000000000000009E
S2140164F8000000000000000000000000000000008E
S214016508000000000000000000000000000000007D
S214016518000000000000000000000000000000006D
S214016528000000000000000000000000000000005D
S214016538000000000000000000000000000000004D
S214016548000000000000000000000000000000003D
S214016558000000000000000000000000000000002D
S214016568000000000000000000000000000000001D
S214016578000000000000000000000000000000000D
S21401658800000000000000000000000000000000FD
S21401659800000000000000000000000000000000ED
S2140165A800000000000000000000000000000000DD
S2140165B800000000000000000000000000000000CD
S2140165C800000000000000000000000000000000BD
S2140165D800000000000000000000000000000000AD
S2140165E8000000000000000000000000000000009D
S2140165F8000000000000000000000000000000008D
S214016608000000000000000000000000000000007C
S214016618000000000000000000000000000000006C
S214016628000000000000000000000000000000005C
S214016638000000000000000000000000000000004C
S214016648000000000000000000000000000000003C
S214016658000000000000000000000000000000002C
S214016668000000000000000000000000000000001C
S214016678000000000000000000000000000000000C
S21401668800000000000000000000000000000000FC
S21401669800000000000000000000000000000000EC
S2140166A800000000000000000000000000000000DC
S2140166B800000000000000000000000000000000CC
S2140166C800000000000000000000000000000000BC
S2140166D800000000000000000000000000000000AC
S2140166E8000000000000000000000000000000009C
S2140166F8000000000000000000000000000000008C
S214016708000000000000000000000000000000007B
S214016718000000000000000000000000000000006B
S214016728000000000000000000000000000000005B
S214016738000000000000000000000000000000004B
S214016748000000000000000000000000000000003B
S214016758000000000000000000000000000000002B
S214016768000000000000000000000000000000001B
S214016778000000000000000000000000000000000B
S21401678800000000000000000000000000000000FB
S21401679800000000000000000000000000000000EB
S2140167A800000000000000000000000000000000DB
S2140167B800000000000000000000000000000000CB
S2140167C800000000000000000000000000000000BB
S2140167D800000000000000000000000000000000AB
S2140167E8000000000000000000000000000000009B
S2140167F8000000000000000000000000000000008B
S214016808000000000000000000000000000000007A
S214016818000000000000000000000000000000006A
S214016828000000000000000000000000000000005A
S214016838000000000000000000000000000000004A
S214016848000000000000000000000000000000003A
S214016858000000000000000000000000000000002A
S214016868000000000000000000000000000000001A
S214016878000000000000000000000000000000000A
S21401688800000000000000000000000000000000FA
S21401689800000000000000000000000000000000EA
S2140168A800000000000000000000000000000000DA
S2140168B800000000000000000000000000000000CA
S2140168C800000000000000000000000000000000BA
S2140168D800000000000000000000000000000000AA
S2140168E8000000000000000000000000000000009A
S2140168F8000000000000000000000000000000008A
S2140169080000000000000000000000000000000079
S2140169180000000000000000000000000000000069
S2140169280000000000000000000000000000000059
S2140169380000000000000000000000000000000049
S2140169480000000000000000000000000000000039
S2140169580000000000000000000000000000000029
S2140169680000000000000000000000000000000019
S2140169780000000000000000000000000000000009
S21401698800000000000000000000000000000000F9
S21401699800000000000000000000000000000000E9
S2140169A800000000000000000000000000000000D9
S2140169B800000000000000000000000000000000C9
S2140169C800000000000000000000000000000000B9
S2140169D800000000000000000000000000000000A9
S2140169E80000000000000000000000000000000099
S2140169F80000000000000000000000000000000089
S214016A080000000000000000000000000000000078
S214016A180000000000000000000000000000000068
S214016A280000000000000000000000000000000058
S214016A380000000000000000000000000000000048
S214016A480000000000000000000000000000000038
S214016A580000000000000000000000000000000028
S214016A680000000000000000000000000000000018
S214016A780000000000000000000000000000000008
S214016A8800000000000000000000000000000000F8
S214016A9800000000000000000000000000000000E8
S214016AA800000000000000000000000000000000D8
S214016AB800000000000000000000000000000000C8
S214016AC800000000000000000000000000000000B8
S214016AD800000000000000000000000000000000A8
S214016AE80000000000000000000000000000000098
S214016AF80000000000000000000000000000000088
S214016B080000000000000000000000000000000077
S214016B180000000000000000000000000000000067
S214016B280000000000000000000000000000000057
S214016B380000000000000000000000000000000047
S214016B480000000000000000000000000000000037
S214016B580000000000000000000000000000000027
S214016B680000000000000000000000000000000017
S214016B780000000000000000000000000000000007
S214016B8800000000000000000000000000000000F7
S214016B9800000000000000000000000000000000E7
S214016BA800000000000000000000000000000000D7
S214016BB800000000000000000000000000000000C7
S214016BC800000000000000000000000000000000B7
S214016BD800000000000000000000000000000000A7
S214016BE80000000000000000000000000000000097
S214016BF80000000000000000000000000000000087
S214016C080000000000000000000000000000000076
S214016C180000000000000000000000000000000066
S214016C280000000000000000000000000000000056
S214016C380000000000000000000000000000000046
S214016C480000000000000000000000000000000036
S214016C580000000000000000000000000000000026
S214016C680000000000000000000000000000000016
S214016C780000000000000000000000000000000006
S214016C8800000000000000000000000000000000F6
S214016C9800000000000000000000000000000000E6
S214016CA800000000000000000000000000000000D6
S214016CB800000000000000000000000000000000C6
S214016CC800000000000000000000000000000000B6
S214016CD800000000000000000000000000000000A6
S214016CE80000000000000000000000000000000096
S214016CF80000000000000000000000000000000086
S214016D080000000000000000000000000000000075
S214016D180000000000000000000000000000000065
S214016D280000000000000000000000000000000055
S214016D380000000000000000000000000000000045
S214016D480000000000000000000000000000000035
S214016D580000000000000000000000000000000025
S214016D680000000000000000000000000000000015
S214016D780000000000000000000000000000000005
S214016D8800000000000000000000000000000000F5
S214016D9800000000000000000000000000000000E5
S214016DA800000000000000000000000000000000D5
S214016DB800000000000000000000000000000000C5
S214016DC800000000000000000000000000000000B5
S214016DD800000000000000000000000000000000A5
S214016DE80000000000000000000000000000000095
S214016DF80000000000000000000000000000000085
S214016E080000000000000000000000000000000074
S214016E180000000000000000000000000000000064
S214016E280000000000000000000000000000000054
S214016E380000000000000000000000000000000044
S214016E480000000000000000000000000000000034
S214016E580000000000000000000000000000000024
S214016E680000000000000000000000000000000014
S214016E780000000000000000000000000000000004
S214016E8800000000000000000000000000000000F4
S214016E9800000000000000000000000000000000E4
S214016EA800000000000000000000000000000000D4
S214016EB800000000000000000000000000000000C4
S214016EC800000000000000000000000000000000B4
S214016ED800000000000000000000000000000000A4
S214016EE80000000000000000000000000000000094
S214016EF80000000000000000000000000000000084
S214016F080000000000000000000000000000000073
S214016F180000000000000000000000000000000063
S214016F280000000000000000000000000000000053
S214016F380000000000000000000000000000000043
S214016F480000000000000000000000000000000033
S214016F580000000000000000000000000000000023
S214016F680000000000000000000000000000000013
S214016F780000000000000000000000000000000003
S214016F8800000000000000000000000000000000F3
S214016F9800000000000000000000000000000000E3
S214016FA800000000000000000000000000000000D3
S214016FB800000000000000000000000000000000C3
S214016FC800000000000000000000000000000000B3
S214016FD800000000000000000000000000000000A3
S214016FE80000000000000000000000000000000093
S214016FF80000000000000000000000000000000083
S2140170080000000000000000000000000000000072
S2140170180000000000000000000000000000000062
S2140170280000000000000000000000000000000052
S2140170380000000000000000000000000000000042
S2140170480000000000000000000000000000000032
S2140170580000000000000000000000000000000022
S2140170680000000000000000000000000000000012
S2140170780000000000000000000000000000000002
S21401708800000000000000000000000000000000F2
S21401709800000000000000000000000000000000E2
S2140170A800000000000000000000000000000000D2
S2140170B800000000000000000000000000000000C2
S2140170C800000000000000000000000000000000B2
S2140170D800000000000000000000000000000000A2
S2140170E80000000000000000000000000000000092
S2140170F80000000000000000000000000000000082
S2140171080000000000000000000000000000000071
S2140171180000000000000000000000000000000061
S2140171280000000000000000000000000000000051
S2140171380000000000000000000000000000000041
S2140171480000000000000000000000000000000031
S2140171580000000000000000000000000000000021
S2140171680000000000000000000000000000000011
S2140171780000000000000000000000000000000001
S21401718800000000000000000000000000000000F1
S21401719800000000000000000000000000000000E1
S2140171A800000000000000000000000000000000D1
S2140171B800000000000000000000000000000000C1
S2140171C800000000000000000000000000000000B1
S2140171D800000000000000000000000000000000A1
S2140171E80000000000000000000000000000000091
S2140171F80000000000000000000000000000000081
S2140172080000000000000000000000000000000070
S2140172180000000000000000000000000000000060
S2140172280000000000000000000000000000000050
S2140172380000000000000000000000000000000040
S2140172480000000000000000000000000000000030
S2140172580000000000000000000000000000000020
S2140172680000000000000000000000000000000010
S2140172780000000000000000000000000000000000
S21401728800000000000000000000000000000000F0
S21401729800000000000000000000000000000000E0
S2140172A800000000000000000000000000000000D0
S2140172B800000000000000000000000000000000C0
S2140172C800000000000000000000000000000000B0
S2140172D800000000000000000000000000000000A0
S2140172E80000000000000000000000000000000090
S2140172F80000000000000000000000000000000080
S214017308000000000000000000000000000000006F
S214017318000000000000000000000000000000005F
S214017328000000000000000000000000000000004F
S214017338000000000000000000000000000000003F
S214017348000000000000000000000000000000002F
S214017358000000000000000000000000000000001F
S214017368000000000000000000000000000000000F
S21401737800000000000000000000000000000000FF
S21401738800000000000000000000000000000000EF
S21401739800000000000000000000000000000000DF
S2140173A800000000000000000000000000000000CF
S2140173B800000000000000000000000000000000BF
S2140173C800000000000000000000000000000000AF
S2140173D8000000000000000000000000000000009F
S2140173E8000000000000000000000000000000008F
S2140173F8000000000000000000000000000000007F
S214017408000000000000000000000000000000006E
S214017418000000000000000000000000000000005E
S214017428000000000000000000000000000000004E
S214017438000000000000000000000000000000003E
S214017448000000000000000000000000000000002E
S214017458000000000000000000000000000000001E
S214017468000000000000000000000000000000000E
S21401747800000000000000000000000000000000FE
S21401748800000000000000000000000000000000EE
S21401749800000000000000000000000000000000DE
S2140174A800000000000000000000000000000000CE
S2140174B800000000000000000000000000000000BE
S2140174C800000000000000000000000000000000AE
S2140174D8000000000000000000000000000000009E
S2140174E8000000000000000000000000000000008E
S2140174F8000000000000000000000000000000007E
S214017508000000000000000000000000000000006D
S214017518000000000000000000000000000000005D
S214017528000000000000000000000000000000004D
S214017538000000000000000000000000000000003D
S214017548000000000000000000000000000000002D
S214017558000000000000000000000000000000001D
S214017568000000000000000000000000000000000D
S21401757800000000000000000000000000000000FD
S21401758800000000000000000000000000000000ED
S21401759800000000000000000000000000000000DD
S2140175A800000000000000000000000000000000CD
S2140175B800000000000000000000000000000000BD
S2140175C800000000000000000000000000000000AD
S2140175D8000000000000000000000000000000009D
S2140175E8000000000000000000000000000000008D
S2140175F8000000000000000000000000000000007D
S214017608000000000000000000000000000000006C
S214017618000000000000000000000000000000005C
S214017628000000000000000000000000000000004C
S214017638000000000000000000000000000000003C
S214017648000000000000000000000000000000002C
S214017658000000000000000000000000000000001C
S214017668000000000000000000000000000000000C
S21401767800000000000000000000000000000000FC
S21401768800000000000000000000000000000000EC
S21401769800000000000000000000000000000000DC
S2140176A800000000000000000000000000000000CC
S2140176B800000000000000000000000000000000BC
S2140176C800000000000000000000000000000000AC
S2140176D8000000000000000000000000000000009C
S2140176E8000000000000000000000000000000008C
S2140176F8000000000000000000000000000000007C
S214017708000000000000000000000000000000006B
S214017718000000000000000000000000000000005B
S214017728000000000000000000000000000000004B
S214017738000000000000000000000000000000003B
S214017748000000000000000000000000000000002B
S214017758000000000000000000000000000000001B
S214017768000000000000000000000000000000000B
S21401777800000000000000000000000000000000FB
S21401778800000000000000000000000000000000EB
S21401779800000000000000000000000000000000DB
S2140177A800000000000000000000000000000000CB
S2140177B800000000000000000000000000000000BB
S2140177C800000000000000000000000000000000AB
S2140177D8000000000000000000000000000000009B
S2140177E8000000000000000000000000000000008B
S2140177F8000000000000000000000000000000007B
S214017808000000000000000000000000000000006A
S214017818000000000000000000000000000000005A
S214017828000000000000000000000000000000004A
S214017838000000000000000000000000000000003A
S214017848000000000000000000000000000000002A
S214017858000000000000000000000000000000001A
S214017868000000000000000000000000000000000A
S21401787800000000000000000000000000000000FA
S21401788800000000000000000000000000000000EA
S21401789800000000000000000000000000000000DA
S2140178A800000000000000000000000000000000CA
S2140178B800000000000000000000000000000000BA
S2140178C800000000000000000000000000000000AA
S2140178D8000000000000000000000000000000009A
S2140178E8000000000000000000000000000000008A
S2140178F8000000000000000000000000000000007A
S2140179080000000000000000000000000000000069
S2140179180000000000000000000000000000000059
S2140179280000000000000000000000000000000049
S2140179380000000000000000000000000000000039
S2140179480000000000000000000000000000000029
S2140179580000000000000000000000000000000019
S2140179680000000000000000000000000000000009
S21401797800000000000000000000000000000000F9
S21401798800000000000000000000000000000000E9
S21401799800000000000000000000000000000000D9
S2140179A800000000000000000000000000000000C9
S2140179B800000000000000000000000000000000B9
S2140179C800000000000000000000000000000000A9
S2140179D80000000000000000000000000000000099
S2140179E80000000000000000000000000000000089
S2140179F80000000000000000000000000000000079
S214017A080000000000000000000000000000000068
S214017A180000000000000000000000000000000058
S214017A280000000000000000000000000000000048
S214017A380000000000000000000000000000000038
S214017A480000000000000000000000000000000028
S214017A580000000000000000000000000000000018
S214017A680000000000000000000000000000000008
S214017A7800000000000000000000000000000000F8
S214017A8800000000000000000000000000000000E8
S214017A9800000000000000000000000000000000D8
S214017AA800000000000000000000000000000000C8
S214017AB800000000000000000000000000000000B8
S214017AC800000000000000000000000000000000A8
S214017AD80000000000000000000000000000000098
S214017AE80000000000000000000000000000000088
S214017AF80000000000000000000000000000000078
S214017B080000000000000000000000000000000067
S214017B180000000000000000000000000000000057
S214017B280000000000000000000000000000000047
S214017B380000000000000000000000000000000037
S214017B480000000000000000000000000000000027
S214017B580000000000000000000000000000000017
S214017B680000000000000000000000000000000007
S214017B7800000000000000000000000000000000F7
S214017B8800000000000000000000000000000000E7
S214017B9800000000000000000000000000000000D7
S214017BA800000000000000000000000000000000C7
S214017BB800000000000000000000000000000000B7
S214017BC800000000000000000000000000000000A7
S214017BD80000000000000000000000000000000097
S214017BE80000000000000000000000000000000087
S214017BF80000000000000000000000000000000077
S214017C080000000000000000000000000000000066
S214017C180000000000000000000000000000000056
S214017C280000000000000000000000000000000046
S214017C380000000000000000000000000000000036
S214017C480000000000000000000000000000000026
S214017C580000000000000000000000000000000016
S214017C680000000000000000000000000000000006
S214017C7800000000000000000000000000000000F6
S214017C8800000000000000000000000000000000E6
S214017C9800000000000000000000000000000000D6
S214017CA800000000000000000000000000000000C6
S214017CB800000000000000000000000000000000B6
S214017CC800000000000000000000000000000000A6
S214017CD80000000000000000000000000000000096
S214017CE80000000000000000000000000000000086
S214017CF80000000000000000000000000000000076
S214017D080000000000000000000000000000000065
S214017D180000000000000000000000000000000055
S214017D280000000000000000000000000000000045
S214017D380000000000000000000000000000000035
S214017D480000000000000000000000000000000025
S214017D580000000000000000000000000000000015
S214017D680000000000000000000000000000000005
S214017D7800000000000000000000000000000000F5
S214017D8800000000000000000000000000000000E5
S214017D9800000000000000000000000000000000D5
S214017DA800000000000000000000000000000000C5
S214017DB800000000000000000000000000000000B5
S214017DC800000000000000000000000000000000A5
S214017DD80000000000000000000000000000000095
S214017DE80000000000000000000000000000000085
S214017DF80000000000000000000000000000000075
S214017E080000000000000000000000000000000064
S214017E180000000000000000000000000000000054
S214017E280000000000000000000000000000000044
S214017E380000000000000000000000000000000034
S214017E480000000000000000000000000000000024
S214017E580000000000000000000000000000000014
S214017E680000000000000000000000000000000004
S214017E7800000000000000000000000000000000F4
S214017E8800000000000000000000000000000000E4
S214017E9800000000000000000000000000000000D4
S214017EA800000000000000000000000000000000C4
S214017EB800000000000000000000000000000000B4
S214017EC800000000000000000000000000000000A4
S214017ED80000000000000000000000000000000094
S214017EE80000000000000000000000000000000084
S214017EF80000000000000000000000000000000074
S214017F080000000000000000000000000000000063
S214017F180000000000000000000000000000000053
S214017F280000000000000000000000000000000043
S214017F380000000000000000000000000000000033
S214017F480000000000000000000000000000000023
S214017F580000000000000000000000000000000013
S214017F680000000000000000000000000000000003
S214017F7800000000000000000000000000000000F3
S214017F8800000000000000000000000000000000E3
S214017F9800000000000000000000000000000000D3
S214017FA800000000000000000000000000000000C3
S214017FB800000000000000000000000000000000B3
S214017FC800000000000000000000000000000000A3
S214017FD80000000000000000000000000000000093
S214017FE80000000000000000000000000000000083
S214017FF80000000000000000000000000000000073
S2140180080000000000000000000000000000000062
S2140180180000000000000000000000000000000052
S2140180280000000000000000000000000000000042
S2140180380000000000000000000000000000000032
S2140180480000000000000000000000000000000022
S2140180580000000000000000000000000000000012
S2140180680000000000000000000000000000000002
S21401807800000000000000000000000000000000F2
S21401808800000000000000000000000000000000E2
S21401809800000000000000000000000000000000D2
S2140180A800000000000000000000000000000000C2
S2140180B800000000000000000000000000000000B2
S2140180C800000000000000000000000000000000A2
S2140180D80000000000000000000000000000000092
S2140180E80000000000000000000000000000000082
S2140180F80000000000000000000000000000000072
S2140181080000000000000000000000000000000061
S2140181180000000000000000000000000000000051
S2140181280000000000000000000000000000000041
S2140181380000000000000000000000000000000031
S2140181480000000000000000000000000000000021
S2140181580000000000000000000000000000000011
S2140181680000000000000000000000000000000001
S21401817800000000000000000000000000000000F1
S21401818800000000000000000000000000000000E1
S21401819800000000000000000000000000000000D1
S2140181A800000000000000000000000000000000C1
S2140181B800000000000000000000000000000000B1
S2140181C800000000000000000000000000000000A1
S2140181D80000000000000000000000000000000091
S2140181E80000000000000000000000000000000081
S2140181F80000000000000000000000000000000071
S2140182080000000000000000000000000000000060
S2140182180000000000000000000000000000000050
S2140182280000000000000000000000000000000040
S2140182380000000000000000000000000000000030
S2140182480000000000000000000000000000000020
S2140182580000000000000000000000000000000010
S2140182680000000000000000000000000000000000
S21401827800000000000000000000000000000000F0
S21401828800000000000000000000000000000000E0
S21401829800000000000000000000000000000000D0
S2140182A800000000000000000000000000000000C0
S2140182B800000000000000000000000000000000B0
S2140182C800000000000000000000000000000000A0
S2140182D80000000000000000000000000000000090
S2140182E80000000000000000000000000000000080
S2140182F80000000000000000000000000000000070
S214018308000000000000000000000000000000005F
S214018318000000000000000000000000000000004F
S214018328000000000000000000000000000000003F
S214018338000000000000000000000000000000002F
S214018348000000000000000000000000000000001F
S214018358000000000000000000000000000000000F
S21401836800000000000000000000000000000000FF
S21401837800000000000000000000000000000000EF
S21401838800000000000000000000000000000000DF
S21401839800000000000000000000000000000000CF
S2140183A800000000000000000000000000000000BF
S2140183B800000000000000000000000000000000AF
S2140183C8000000000000000000000000000000009F
S2140183D8000000000000000000000000000000008F
S2140183E8000000000000000000000000000000007F
S2140183F8000000000000000000000000000000006F
S214018408000000000000000000000000000000005E
S214018418000000000000000000000000000000004E
S214018428000000000000000000000000000000003E
S214018438000000000000000000000000000000002E
S214018448000000000000000000000000000000001E
S214018458000000000000000000000000000000000E
S21401846800000000000000000000000000000000FE
S21401847800000000000000000000000000000000EE
S21401848800000000000000000000000000000000DE
S21401849800000000000000000000000000000000CE
S2140184A800000000000000000000000000000000BE
S2140184B800000000000000000000000000000000AE
S2140184C8000000000000000000000000000000009E
S2140184D8000000000000000000000000000000008E
S2140184E8000000000000000000000000000000007E
S2140184F8000000000000000000000000000000006E
S214018508000000000000000000000000000000005D
S214018518000000000000000000000000000000004D
S214018528000000000000000000000000000000003D
S214018538000000000000000000000000000000002D
S214018548000000000000000000000000000000001D
S214018558000000000000000000000000000000000D
S21401856800000000000000000000000000000000FD
S21401857800000000000000000000000000000000ED
S21401858800000000000000000000000000000000DD
S21401859800000000000000000000000000000000CD
S2140185A800000000000000000000000000000000BD
S2140185B800000000000000000000000000000000AD
S2140185C8000000000000000000000000000000009D
S2140185D8000000000000000000000000000000008D
S2140185E8000000000000000000000000000000007D
S2140185F8000000000000000000000000000000006D
S214018608000000000000000000000000000000005C
S214018618000000000000000000000000000000004C
S214018628000000000000000000000000000000003C
S214018638000000000000000000000000000000002C
S214018648000000000000000000000000000000001C
S214018658000000000000000000000000000000000C
S21401866800000000000000000000000000000000FC
S21401867800000000000000000000000000000000EC
S21401868800000000000000000000000000000000DC
S21401869800000000000000000000000000000000CC
S2140186A800000000000000000000000000000000BC
S2140186B800000000000000000000000000000000AC
S2140186C8000000000000000000000000000000009C
S2140186D8000000000000000000000000000000008C
S2140186E8000000000000000000000000000000007C
S2140186F8000000000000000000000000000000006C
S214018708000000000000000000000000000000005B
S214018718000000000000000000000000000000004B
S214018728000000000000000000000000000000003B
S214018738000000000000000000000000000000002B
S214018748000000000000000000000000000000001B
S214018758000000000000000000000000000000000B
S21401876800000000000000000000000000000000FB
S21401877800000000000000000000000000000000EB
S21401878800000000000000000000000000000000DB
S21401879800000000000000000000000000000000CB
S2140187A800000000000000000000000000000000BB
S2140187B800000000000000000000000000000000AB
S2140187C8000000000000000000000000000000009B
S2140187D8000000000000000000000000000000008B
S2140187E8000000000000000000000000000000007B
S2140187F8000000000000000000000000000000006B
S214018808000000000000000000000000000000005A
S214018818000000000000000000000000000000004A
S214018828000000000000000000000000000000003A
S214018838000000000000000000000000000000002A
S214018848000000000000000000000000000000001A
S214018858000000000000000000000000000000000A
S21401886800000000000000000000000000000000FA
S21401887800000000000000000000000000000000EA
S21401888800000000000000000000000000000000DA
S21401889800000000000000000000000000000000CA
S2140188A800000000000000000000000000000000BA
S2140188B800000000000000000000000000000000AA
S2140188C8000000000000000000000000000000009A
S2140188D8000000000000000000000000000000008A
S2140188E8000000000000000000000000000000007A
S2140188F8000000000000000000000000000000006A
S2140189080000000000000000000000000000000059
S2140189180000000000000000000000000000000049
S2140189280000000000000000000000000000000039
S2140189380000000000000000000000000000000029
S2140189480000000000000000000000000000000019
S2140189580000000000000000000000000000000009
S21401896800000000000000000000000000000000F9
S21401897800000000000000000000000000000000E9
S21401898800000000000000000000000000000000D9
S21401899800000000000000000000000000000000C9
S2140189A800000000000000000000000000000000B9
S2140189B800000000000000000000000000000000A9
S2140189C80000000000000000000000000000000099
S2140189D80000000000000000000000000000000089
S2140189E80000000000000000000000000000000079
S2140189F80000000000000000000000000000000069
S214018A080000000000000000000000000000000058
S214018A180000000000000000000000000000000048
S214018A280000000000000000000000000000000038
S214018A380000000000000000000000000000000028
S214018A480000000000000000000000000000000018
S214018A580000000000000000000000000000000008
S214018A6800000000000000000000000000000000F8
S214018A7800000000000000000000000000000000E8
S214018A8800000000000000000000000000000000D8
S214018A9800000000000000000000000000000000C8
S214018AA800000000000000000000000000000000B8
S214018AB800000000000000000000000000000000A8
S214018AC80000000000000000000000000000000098
S214018AD80000000000000000000000000000000088
S214018AE80000000000000000000000000000000078
S214018AF80000000000000000000000000000000068
S214018B080000000000000000000000000000000057
S214018B180000000000000000000000000000000047
S214018B280000000000000000000000000000000037
S214018B380000000000000000000000000000000027
S214018B480000000000000000000000000000000017
S214018B580000000000000000000000000000000007
S214018B6800000000000000000000000000000000F7
S214018B7800000000000000000000000000000000E7
S214018B8800000000000000000000000000000000D7
S214018B9800000000000000000000000000000000C7
S214018BA800000000000000000000000000000000B7
S214018BB800000000000000000000000000000000A7
S214018BC80000000000000000000000000000000097
S214018BD80000000000000000000000000000000087
S214018BE80000000000000000000000000000000077
S214018BF80000000000000000000000000000000067
S214018C080000000000000000000000000000000056
S214018C180000000000000000000000000000000046
S214018C280000000000000000000000000000000036
S214018C380000000000000000000000000000000026
S214018C480000000000000000000000000000000016
S214018C580000000000000000000000000000000006
S214018C6800000000000000000000000000000000F6
S214018C7800000000000000000000000000000000E6
S214018C8800000000000000000000000000000000D6
S214018C9800000000000000000000000000000000C6
S214018CA800000000000000000000000000000000B6
S214018CB800000000000000000000000000000000A6
S214018CC80000000000000000000000000000000096
S214018CD80000000000000000000000000000000086
S214018CE80000000000000000000000000000000076
S214018CF80000000000000000000000000000000066
S214018D080000000000000000000000000000000055
S214018D180000000000000000000000000000000045
S214018D280000000000000000000000000000000035
S214018D380000000000000000000000000000000025
S214018D480000000000000000000000000000000015
S214018D580000000000000000000000000000000005
S214018D6800000000000000000000000000000000F5
S214018D7800000000000000000000000000000000E5
S214018D8800000000000000000000000000000000D5
S214018D9800000000000000000000000000000000C5
S214018DA800000000000000000000000000000000B5
S214018DB800000000000000000000000000000000A5
S214018DC80000000000000000000000000000000095
S214018DD80000000000000000000000000000000085
S214018DE80000000000000000000000000000000075
S214018DF80000000000000000000000000000000065
S214018E080000000000000000000000000000000054
S214018E180000000000000000000000000000000044
S214018E280000000000000000000000000000000034
S214018E380000000000000000000000000000000024
S214018E480000000000000000000000000000000014
S214018E580000000000000000000000000000000004
S214018E6800000000000000000000000000000000F4
S214018E7800000000000000000000000000000000E4
S214018E8800000000000000000000000000000000D4
S214018E9800000000000000000000000000000000C4
S214018EA800000000000000000000000000000000B4
S214018EB800000000000000000000000000000000A4
S214018EC80000000000000000000000000000000094
S214018ED80000000000000000000000000000000084
S214018EE80000000000000000000000000000000074
S214018EF80000000000000000000000000000000064
S214018F080000000000000000000000000000000053
S214018F180000000000000000000000000000000043
S214018F280000000000000000000000000000000033
S214018F380000000000000000000000000000000023
S214018F480000000000000000000000000000000013
S214018F580000000000000000000000000000000003
S214018F6800000000000000000000000000000000F3
S214018F7800000000000000000000000000000000E3
S214018F8800000000000000000000000000000000D3
S214018F9800000000000000000000000000000000C3
S214018FA800000000000000000000000000000000B3
S214018FB800000000000000000000000000000000A3
S214018FC80000000000000000000000000000000093
S214018FD80000000000000000000000000000000083
S214018FE80000000000000000000000000000000073
S214018FF80000000000000000000000000000000063
S2140190080000000000000000000000000000000052
S2140190180000000000000000000000000000000042
S2140190280000000000000000000000000000000032
S2140190380000000000000000000000000000000022
S2140190480000000000000000000000000000000012
S2140190580000000000000000000000000000000002
S21401906800000000000000000000000000000000F2
S21401907800000000000000000000000000000000E2
S21401908800000000000000000000000000000000D2
S21401909800000000000000000000000000000000C2
S2140190A800000000000000000000000000000000B2
S2140190B800000000000000000000000000000000A2
S2140190C80000000000000000000000000000000092
S2140190D80000000000000000000000000000000082
S2140190E80000000000000000000000000000000072
S2140190F80000000000000000000000000000000062
S2140191080000000000000000000000000000000051
S2140191180000000000000000000000000000000041
S2140191280000000000000000000000000000000031
S2140191380000000000000000000000000000000021
S2140191480000000000000000000000000000000011
S2140191580000000000000000000000000000000001
S21401916800000000000000000000000000000000F1
S21401917800000000000000000000000000000000E1
S21401918800000000000000000000000000000000D1
S21401919800000000000000000000000000000000C1
S2140191A800000000000000000000000000000000B1
S2140191B800000000000000000000000000000000A1
S2140191C80000000000000000000000000000000091
S2140191D80000000000000000000000000000000081
S2140191E80000000000000000000000000000000071
S2140191F80000000000000000000000000000000061
S2140192080000000000000000000000000000000050
S2140192180000000000000000000000000000000040
S2140192280000000000000000000000000000000030
S2140192380000000000000000000000000000000020
S2140192480000000000000000000000000000000010
S2140192580000000000000000000000000000000000
S21401926800000000000000000000000000000000F0
S21401927800000000000000000000000000000000E0
S21401928800000000000000000000000000000000D0
S21401929800000000000000000000000000000000C0
S2140192A800000000000000000000000000000000B0
S2140192B800000000000000000000000000000000A0
S2140192C80000000000000000000000000000000090
S2140192D80000000000000000000000000000000080
S2140192E80000000000000000000000000000000070
S2140192F80000000000000000000000000000000060
S214019308000000000000000000000000000000004F
S214019318000000000000000000000000000000003F
S214019328000000000000000000000000000000002F
S214019338000000000000000000000000000000001F
S214019348000000000000000000000000000000000F
S21401935800000000000000000000000000000000FF
S21401936800000000000000000000000000000000EF
S21401937800000000000000000000000000000000DF
S21401938800000000000000000000000000000000CF
S21401939800000000000000000000000000000000BF
S2140193A800000000000000000000000000000000AF
S2140193B8000000000000000000000000000000009F
S2140193C8000000000000000000000000000000008F
S2140193D8000000000000000000000000000000007F
S2140193E8000000000000000000000000000000006F
S2140193F8000000000000000000000000000000005F
S214019408000000000000000000000000000000004E
S214019418000000000000000000000000000000003E
S214019428000000000000000000000000000000002E
S214019438000000000000000000000000000000001E
S214019448000000000000000000000000000000000E
S21401945800000000000000000000000000000000FE
S21401946800000000000000000000000000000000EE
S21401947800000000000000000000000000000000DE
S21401948800000000000000000000000000000000CE
S21401949800000000000000000000000000000000BE
S2140194A800000000000000000000000000000000AE
S2140194B8000000000000000000000000000000009E
S2140194C8000000000000000000000000000000008E
S2140194D8000000000000000000000000000000007E
S2140194E8000000000000000000000000000000006E
S2140194F8000000000000000000000000000000005E
S214019508000000000000000000000000000000004D
S214019518000000000000000000000000000000003D
S214019528000000000000000000000000000000002D
S214019538000000000000000000000000000000001D
S214019548000000000000000000000000000000000D
S21401955800000000000000000000000000000000FD
S21401956800000000000000000000000000000000ED
S21401957800000000000000000000000000000000DD
S21401958800000000000000000000000000000000CD
S21401959800000000000000000000000000000000BD
S2140195A800000000000000000000000000000000AD
S2140195B8000000000000000000000000000000009D
S2140195C8000000000000000000000000000000008D
S2140195D8000000000000000000000000000000007D
S2140195E8000000000000000000000000000000006D
S2140195F8000000000000000000000000000000005D
S214019608000000000000000000000000000000004C
S214019618000000000000000000000000000000003C
S214019628000000000000000000000000000000002C
S214019638000000000000000000000000000000001C
S214019648000000000000000000000000000000000C
S21401965800000000000000000000000000000000FC
S21401966800000000000000000000000000000000EC
S21401967800000000000000000000000000000000DC
S21401968800000000000000000000000000000000CC
S21401969800000000000000000000000000000000BC
S2140196A800000000000000000000000000000000AC
S2140196B8000000000000000000000000000000009C
S2140196C8000000000000000000000000000000008C
S2140196D8000000000000000000000000000000007C
S2140196E8000000000000000000000000000000006C
S2140196F8000000000000000000000000000000005C
S214019708000000000000000000000000000000004B
S214019718000000000000000000000000000000003B
S214019728000000000000000000000000000000002B
S214019738000000000000000000000000000000001B
S214019748000000000000000000000000000000000B
S21401975800000000000000000000000000000000FB
S21401976800000000000000000000000000000000EB
S21401977800000000000000000000000000000000DB
S21401978800000000000000000000000000000000CB
S21401979800000000000000000000000000000000BB
S2140197A800000000000000000000000000000000AB
S2140197B8000000000000000000000000000000009B
S2140197C8000000000000000000000000000000008B
S2140197D8000000000000000000000000000000007B
S2140197E8000000000000000000000000000000006B
S2140197F8000000000000000000000000000000005B
S214019808000000000000000000000000000000004A
S214019818000000000000000000000000000000003A
S214019828000000000000000000000000000000002A
S214019838000000000000000000000000000000001A
S214019848000000000000000000000000000000000A
S21401985800000000000000000000000000000000FA
S21401986800000000000000000000000000000000EA
S21401987800000000000000000000000000000000DA
S21401988800000000000000000000000000000000CA
S21401989800000000000000000000000000000000BA
S2140198A800000000000000000000000000000000AA
S2140198B8000000000000000000000000000000009A
S2140198C8000000000000000000000000000000008A
S2140198D8000000000000000000000000000000007A
S2140198E8000000000000000000000000000000006A
S2140198F8000000000000000000000000000000005A
S2140199080000000000000000000000000000000049
S2140199180000000000000000000000000000000039
S2140199280000000000000000000000000000000029
S2140199380000000000000000000000000000000019
S2140199480000000000000000000000000000000009
S21401995800000000000000000000000000000000F9
S21401996800000000000000000000000000000000E9
S21401997800000000000000000000000000000000D9
S21401998800000000000000000000000000000000C9
S21401999800000000000000000000000000000000B9
S2140199A800000000000000000000000000000000A9
S2140199B80000000000000000000000000000000099
S2140199C80000000000000000000000000000000089
S2140199D80000000000000000000000000000000079
S2140199E80000000000000000000000000000000069
S2140199F80000000000000000000000000000000059
S214019A080000000000000000000000000000000048
S214019A180000000000000000000000000000000038
S214019A280000000000000000000000000000000028
S214019A380000000000000000000000000000000018
S214019A480000000000000000000000000000000008
S214019A5800000000000000000000000000000000F8
S214019A6800000000000000000000000000000000E8
S214019A7800000000000000000000000000000000D8
S214019A8800000000000000000000000000000000C8
S214019A9800000000000000000000000000000000B8
S214019AA800000000000000000000000000000000A8
S214019AB80000000000000000000000000000000098
S214019AC80000000000000000000000000000000088
S214019AD80000000000000000000000000000000078
S214019AE80000000000000000000000000000000068
S214019AF80000000000000000000000000000000058
S214019B080000000000000000000000000000000047
S214019B180000000000000000000000000000000037
S214019B280000000000000000000000000000000027
S214019B380000000000000000000000000000000017
S214019B480000000000000000000000000000000007
S214019B5800000000000000000000000000000000F7
S214019B6800000000000000000000000000000000E7
S214019B7800000000000000000000000000000000D7
S214019B8800000000000000000000000000000000C7
S214019B9800000000000000000000000000000000B7
S214019BA800000000000000000000000000000000A7
S214019BB80000000000000000000000000000000097
S214019BC80000000000000000000000000000000087
S214019BD80000000000000000000000000000000077
S214019BE80000000000000000000000000000000067
S214019BF80000000000000000000000000000000057
S214019C080000000000000000000000000000000046
S214019C180000000000000000000000000000000036
S214019C280000000000000000000000000000000026
S214019C380000000000000000000000000000000016
S214019C480000000000000000000000000000000006
S214019C5800000000000000000000000000000000F6
S214019C6800000000000000000000000000000000E6
S214019C7800000000000000000000000000000000D6
S214019C8800000000000000000000000000000000C6
S214019C9800000000000000000000000000000000B6
S214019CA800000000000000000000000000000000A6
S214019CB80000000000000000000000000000000096
S214019CC80000000000000000000000000000000086
S214019CD80000000000000000000000000000000076
S214019CE80000000000000000000000000000000066
S214019CF80000000000000000000000000000000056
S214019D080000000000000000000000000000000045
S214019D180000000000000000000000000000000035
S214019D280000000000000000000000000000000025
S214019D380000000000000000000000000000000015
S214019D480000000000000000000000000000000005
S214019D5800000000000000000000000000000000F5
S214019D6800000000000000000000000000000000E5
S214019D7800000000000000000000000000000000D5
S214019D8800000000000000000000000000000000C5
S214019D9800000000000000000000000000000000B5
S214019DA800000000000000000000000000000000A5
S214019DB80000000000000000000000000000000095
S214019DC80000000000000000000000000000000085
S214019DD80000000000000000000000000000000075
S214019DE80000000000000000000000000000000065
S214019DF80000000000000000000000000000000055
S214019E080000000000000000000000000000000044
S214019E180000000000000000000000000000000034
S214019E280000000000000000000000000000000024
S214019E380000000000000000000000000000000014
S214019E480000000000000000000000000000000004
S214019E5800000000000000000000000000000000F4
S214019E6800000000000000000000000000000000E4
S214019E7800000000000000000000000000000000D4
S214019E8800000000000000000000000000000000C4
S214019E9800000000000000000000000000000000B4
S214019EA800000000000000000000000000000000A4
S214019EB80000000000000000000000000000000094
S214019EC80000000000000000000000000000000084
S214019ED80000000000000000000000000000000074
S214019EE80000000000000000000000000000000064
S214019EF80000000000000000000000000000000054
S214019F080000000000000000000000000000000043
S214019F180000000000000000000000000000000033
S214019F280000000000000000000000000000000023
S214019F380000000000000000000000000000000013
S214019F480000000000000000000000000000000003
S214019F5800000000000000000000000000000000F3
S214019F6800000000000000000000000000000000E3
S214019F7800000000000000000000000000000000D3
S214019F8800000000000000000000000000000000C3
S214019F9800000000000000000000000000000000B3
S214019FA800000000000000000000000000000000A3
S214019FB80000000000000000000000000000000093
S214019FC80000000000000000000000000000000083
S214019FD80000000000000000000000000000000073
S214019FE80000000000000000000000000000000063
S214019FF80000000000000000000000000000000053
S21401A0080000000000000000000000000000000042
S21401A0180000000000000000000000000000000032
S21401A0280000000000000000000000000000000022
S21401A0380000000000000000000000000000000012
S21401A0480000000000000000000000000000000002
S21401A05800000000000000000000000000000000F2
S21401A06800000000000000000000000000000000E2
S21401A07800000000000000000000000000000000D2
S21401A08800000000000000000000000000000000C2
S21401A09800000000000000000000000000000000B2
S21401A0A800000000000000000000000000000000A2
S21401A0B80000000000000000000000000000000092
S21401A0C80000000000000000000000000000000082
S21401A0D80000000000000000000000000000000072
S21401A0E80000000000000000000000000000000062
S21401A0F80000000000000000000000000000000052
S21401A1080000000000000000000000000000000041
S21401A1180000000000000000000000000000000031
S21401A1280000000000000000000000000000000021
S21401A1380000000000000000000000000000000011
S21401A1480000000000000000000000000000000001
S21401A15800000000000000000000000000000000F1
S21401A16800000000000000000000000000000000E1
S21401A17800000000000000000000000000000000D1
S21401A18800000000000000000000000000000000C1
S21401A19800000000000000000000000000000000B1
S21401A1A800000000000000000000000000000000A1
S21401A1B80000000000000000000000000000000091
S21401A1C80000000000000000000000000000000081
S21401A1D80000000000000000000000000000000071
S21401A1E80000000000000000000000000000000061
S21401A1F80000000000000000000000000000000051
S21401A2080000000000000000000000000000000040
S21401A2180000000000000000000000000000000030
S21401A2280000000000000000000000000000000020
S21401A2380000000000000000000000000000000010
S21401A2480000000000000000000000000000000000
S21401A25800000000000000000000000000000000F0
S21401A26800000000000000000000000000000000E0
S21401A27800000000000000000000000000000000D0
S21401A28800000000000000000000000000000000C0
S21401A29800000000000000000000000000000000B0
S21401A2A800000000000000000000000000000000A0
S21401A2B80000000000000000000000000000000090
S21401A2C80000000000000000000000000000000080
S21401A2D80000000000000000000000000000000070
S21401A2E80000000000000000000000000000000060
S21401A2F80000000000000000000000000000000050
S21401A308000000000000000000000000000000003F
S21401A318000000000000000000000000000000002F
S21401A328000000000000000000000000000000001F
S21401A338000000000000000000000000000000000F
S21401A34800000000000000000000000000000000FF
S21401A35800000000000000000000000000000000EF
S21401A36800000000000000000000000000000000DF
S21401A37800000000000000000000000000000000CF
S21401A38800000000000000000000000000000000BF
S21401A39800000000000000000000000000000000AF
S21401A3A8000000000000000000000000000000009F
S21401A3B8000000000000000000000000000000008F
S21401A3C8000000000000000000000000000000007F
S21401A3D8000000000000000000000000000000006F
S21401A3E8000000000000000000000000000000005F
S21401A3F8000000000000000000000000000000004F
S21401A408000000000000000000000000000000003E
S21401A418000000000000000000000000000000002E
S21401A428000000000000000000000000000000001E
S21401A438000000000000000000000000000000000E
S21401A44800000000000000000000000000000000FE
S21401A45800000000000000000000000000000000EE
S21401A46800000000000000000000000000000000DE
S21401A47800000000000000000000000000000000CE
S21401A48800000000000000000000000000000000BE
S21401A49800000000000000000000000000000000AE
S21401A4A8000000000000000000000000000000009E
S21401A4B8000000000000000000000000000000008E
S21401A4C8000000000000000000000000000000007E
S21401A4D8000000000000000000000000000000006E
S21401A4E8000000000000000000000000000000005E
S21401A4F8000000000000000000000000000000004E
S21401A508000000000000000000000000000000003D
S21401A518000000000000000000000000000000002D
S21401A528000000000000000000000000000000001D
S21401A538000000000000000000000000000000000D
S21401A54800000000000000000000000000000000FD
S21401A55800000000000000000000000000000000ED
S21401A56800000000000000000000000000000000DD
S21401A57800000000000000000000000000000000CD
S21401A58800000000000000000000000000000000BD
S21401A59800000000000000000000000000000000AD
S21401A5A8000000000000000000000000000000009D
S21401A5B8000000000000000000000000000000008D
S21401A5C8000000000000000000000000000000007D
S21401A5D8000000000000000000000000000000006D
S21401A5E8000000000000000000000000000000005D
S21401A5F8000000000000000000000000000000004D
S21401A608000000000000000000000000000000003C
S21401A618000000000000000000000000000000002C
S21401A628000000000000000000000000000000001C
S21401A638000000000000000000000000000000000C
S21401A64800000000000000000000000000000000FC
S21401A65800000000000000000000000000000000EC
S21401A66800000000000000000000000000000000DC
S21401A67800000000000000000000000000000000CC
S21401A68800000000000000000000000000000000BC
S21401A69800000000000000000000000000000000AC
S21401A6A8000000000000000000000000000000009C
S21401A6B8000000000000000000000000000000008C
S21401A6C8000000000000000000000000000000007C
S21401A6D8000000000000000000000000000000006C
S21401A6E8000000000000000000000000000000005C
S21401A6F8000000000000000000000000000000004C
S21401A708000000000000000000000000000000003B
S21401A718000000000000000000000000000000002B
S21401A728000000000000000000000000000000001B
S21401A738000000000000000000000000000000000B
S21401A74800000000000000000000000000000000FB
S21401A75800000000000000000000000000000000EB
S21401A76800000000000000000000000000000000DB
S21401A77800000000000000000000000000000000CB
S21401A78800000000000000000000000000000000BB
S21401A79800000000000000000000000000000000AB
S21401A7A8000000000000000000000000000000009B
S21401A7B8000000000000000000000000000000008B
S21401A7C8000000000000000000000000000000007B
S21401A7D8000000000000000000000000000000006B
S21401A7E8000000000000000000000000000000005B
S21401A7F8000000000000000000000000000000004B
S21401A808000000000000000000000000000000003A
S21401A818000000000000000000000000000000002A
S21401A828000000000000000000000000000000001A
S21401A838000000000000000000000000000000000A
S21401A84800000000000000000000000000000000FA
S21401A85800000000000000000000000000000000EA
S21401A86800000000000000000000000000000000DA
S21401A87800000000000000000000000000000000CA
S21401A88800000000000000000000000000000000BA
S21401A89800000000000000000000000000000000AA
S21401A8A8000000000000000000000000000000009A
S21401A8B8000000000000000000000000000000008A
S21401A8C8000000000000000000000000000000007A
S21401A8D8000000000000000000000000000000006A
S21401A8E8000000000000000000000000000000005A
S21401A8F8000000000000000000000000000000004A
S21401A9080000000000000000000000000000000039
S21401A9180000000000000000000000000000000029
S21401A9280000000000000000000000000000000019
S21401A9380000000000000000000000000000000009
S21401A94800000000000000000000000000000000F9
S21401A95800000000000000000000000000000000E9
S21401A96800000000000000000000000000000000D9
S21401A97800000000000000000000000000000000C9
S21401A98800000000000000000000000000000000B9
S21401A99800000000000000000000000000000000A9
S21401A9A80000000000000000000000000000000099
S21401A9B80000000000000000000000000000000089
S21401A9C80000000000000000000000000000000079
S21401A9D80000000000000000000000000000000069
S21401A9E80000000000000000000000000000000059
S21401A9F80000000000000000000000000000000049
S21401AA080000000000000000000000000000000038
S21401AA180000000000000000000000000000000028
S21401AA280000000000000000000000000000000018
S21401AA380000000000000000000000000000000008
S21401AA4800000000000000000000000000000000F8
S21401AA5800000000000000000000000000000000E8
S21401AA6800000000000000000000000000000000D8
S21401AA7800000000000000000000000000000000C8
S21401AA8800000000000000000000000000000000B8
S21401AA9800000000000000000000000000000000A8
S21401AAA80000000000000000000000000000000098
S21401AAB80000000000000000000000000000000088
S21401AAC80000000000000000000000000000000078
S21401AAD80000000000000000000000000000000068
S21401AAE80000000000000000000000000000000058
S21401AAF80000000000000000000000000000000048
S21401AB080000000000000000000000000000000037
S21401AB180000000000000000000000000000000027
S21401AB280000000000000000000000000000000017
S21401AB380000000000000000000000000000000007
S21401AB4800000000000000000000000000000000F7
S21401AB5800000000000000000000000000000000E7
S21401AB6800000000000000000000000000000000D7
S21401AB7800000000000000000000000000000000C7
S21401AB8800000000000000000000000000000000B7
S21401AB9800000000000000000000000000000000A7
S21401ABA80000000000000000000000000000000097
S21401ABB80000000000000000000000000000000087
S21401ABC80000000000000000000000000000000077
S21401ABD80000000000000000000000000000000067
S21401ABE80000000000000000000000000000000057
S21401ABF80000000000000000000000000000000047
S21401AC080000000000000000000000000000000036
S21401AC180000000000000000000000000000000026
S21401AC280000000000000000000000000000000016
S21401AC380000000000000000000000000000000006
S21401AC4800000000000000000000000000000000F6
S21401AC5800000000000000000000000000000000E6
S21401AC6800000000000000000000000000000000D6
S21401AC7800000000000000000000000000000000C6
S21401AC8800000000000000000000000000000000B6
S21401AC9800000000000000000000000000000000A6
S21401ACA80000000000000000000000000000000096
S21401ACB80000000000000000000000000000000086
S21401ACC80000000000000000000000000000000076
S21401ACD80000000000000000000000000000000066
S21401ACE80000000000000000000000000000000056
S21401ACF80000000000000000000000000000000046
S21401AD080000000000000000000000000000000035
S21401AD180000000000000000000000000000000025
S21401AD280000000000000000000000000000000015
S21401AD380000000000000000000000000000000005
S21401AD4800000000000000000000000000000000F5
S21401AD5800000000000000000000000000000000E5
S21401AD6800000000000000000000000000000000D5
S21401AD7800000000000000000000000000000000C5
S21401AD8800000000000000000000000000000000B5
S21401AD9800000000000000000000000000000000A5
S21401ADA80000000000000000000000000000000095
S21401ADB80000000000000000000000000000000085
S21401ADC80000000000000000000000000000000075
S21401ADD80000000000000000000000000000000065
S21401ADE80000000000000000000000000000000055
S21401ADF80000000000000000000000000000000045
S21401AE080000000000000000000000000000000034
S21401AE180000000000000000000000000000000024
S21401AE280000000000000000000000000000000014
S21401AE380000000000000000000000000000000004
S21401AE4800000000000000000000000000000000F4
S21401AE5800000000000000000000000000000000E4
S21401AE6800000000000000000000000000000000D4
S21401AE7800000000000000000000000000000000C4
S21401AE8800000000000000000000000000000000B4
S21401AE9800000000000000000000000000000000A4
S21401AEA80000000000000000000000000000000094
S21401AEB80000000000000000000000000000000084
S21401AEC80000000000000000000000000000000074
S21401AED80000000000000000000000000000000064
S21401AEE80000000000000000000000000000000054
S21401AEF80000000000000000000000000000000044
S21401AF080000000000000000000000000000000033
S21401AF180000000000000000000000000000000023
S21401AF280000000000000000000000000000000013
S21401AF380000000000000000000000000000000003
S21401AF4800000000000000000000000000000000F3
S21401AF5800000000000000000000000000000000E3
S21401AF6800000000000000000000000000000000D3
S21401AF7800000000000000000000000000000000C3
S21401AF8800000000000000000000000000000000B3
S21401AF9800000000000000000000000000000000A3
S21401AFA80000000000000000000000000000000093
S21401AFB80000000000000000000000000000000083
S21401AFC80000000000000000000000000000000073
S21401AFD80000000000000000000000000000000063
S21401AFE80000000000000000000000000000000053
S21401AFF80000000000000000000000000000000043
S21401B0080000000000000000000000000000000032
S21401B0180000000000000000000000000000000022
S21401B0280000000000000000000000000000000012
S21401B0380000000000000000000000000000000002
S21401B04800000000000000000000000000000000F2
S21401B05800000000000000000000000000000000E2
S21401B06800000000000000000000000000000000D2
S21401B07800000000000000000000000000000000C2
S21401B08800000000000000000000000000000000B2
S21401B09800000000000000000000000000000000A2
S21401B0A80000000000000000000000000000000092
S21401B0B80000000000000000000000000000000082
S21401B0C80000000000000000000000000000000072
S21401B0D80000000000000000000000000000000062
S21401B0E80000000000000000000000000000000052
S21401B0F80000000000000000000000000000000042
S21401B1080000000000000000000000000000000031
S21401B1180000000000000000000000000000000021
S21401B1280000000000000000000000000000000011
S21401B1380000000000000000000000000000000001
S21401B14800000000000000000000000000000000F1
S21401B15800000000000000000000000000000000E1
S21401B16800000000000000000000000000000000D1
S21401B17800000000000000000000000000000000C1
S21401B18800000000000000000000000000000000B1
S21401B19800000000000000000000000000000000A1
S21401B1A80000000000000000000000000000000091
S21401B1B80000000000000000000000000000000081
S21401B1C80000000000000000000000000000000071
S21401B1D80000000000000000000000000000000061
S21401B1E80000000000000000000000000000000051
S21401B1F80000000000000000000000000000000041
S21401B2080000000000000000000000000000000030
S21401B2180000000000000000000000000000000020
S21401B2280000000000000000000000000000000010
S21401B2380000000000000000000000000000000000
S21401B24800000000000000000000000000000000F0
S21401B25800000000000000000000000000000000E0
S21401B26800000000000000000000000000000000D0
S21401B27800000000000000000000000000000000C0
S21401B28800000000000000000000000000000000B0
S21401B29800000000000000000000000000000000A0
S21401B2A80000000000000000000000000000000090
S21401B2B80000000000000000000000000000000080
S21401B2C80000000000000000000000000000000070
S21401B2D80000000000000000000000000000000060
S21401B2E80000000000000000000000000000000050
S21401B2F80000000000000000000000000000000040
S21401B308000000000000000000000000000000002F
S21401B318000000000000000000000000000000001F
S21401B328000000000000000000000000000000000F
S21401B33800000000000000000000000000000000FF
S21401B34800000000000000000000000000000000EF
S21401B35800000000000000000000000000000000DF
S21401B36800000000000000000000000000000000CF
S21401B37800000000000000000000000000000000BF
S21401B38800000000000000000000000000000000AF
S21401B398000000000000000000000000000000009F
S21401B3A8000000000000000000000000000000008F
S21401B3B8000000000000000000000000000000007F
S21401B3C8000000000000000000000000000000006F
S21401B3D8000000000000000000000000000000005F
S21401B3E8000000000000000000000000000000004F
S21401B3F8000000000000000000000000000000003F
S21401B408000000000000000000000000000000002E
S21401B418000000000000000000000000000000001E
S21401B428000000000000000000000000000000000E
S21401B43800000000000000000000000000000000FE
S21401B44800000000000000000000000000000000EE
S21401B45800000000000000000000000000000000DE
S21401B46800000000000000000000000000000000CE
S21401B47800000000000000000000000000000000BE
S21401B48800000000000000000000000000000000AE
S21401B498000000000000000000000000000000009E
S21401B4A8000000000000000000000000000000008E
S21401B4B8000000000000000000000000000000007E
S21401B4C8000000000000000000000000000000006E
S21401B4D8000000000000000000000000000000005E
S21401B4E8000000000000000000000000000000004E
S21401B4F8000000000000000000000000000000003E
S21401B508000000000000000000000000000000002D
S21401B518000000000000000000000000000000001D
S21401B528000000000000000000000000000000000D
S21401B53800000000000000000000000000000000FD
S21401B54800000000000000000000000000000000ED
S21401B55800000000000000000000000000000000DD
S21401B56800000000000000000000000000000000CD
S21401B57800000000000000000000000000000000BD
S21401B58800000000000000000000000000000000AD
S21401B598000000000000000000000000000000009D
S21401B5A8000000000000000000000000000000008D
S21401B5B8000000000000000000000000000000007D
S21401B5C8000000000000000000000000000000006D
S21401B5D8000000000000000000000000000000005D
S21401B5E8000000000000000000000000000000004D
S21401B5F8000000000000000000000000000000003D
S21401B608000000000000000000000000000000002C
S21401B618000000000000000000000000000000001C
S21401B628000000000000000000000000000000000C
S21401B63800000000000000000000000000000000FC
S21401B64800000000000000000000000000000000EC
S21401B65800000000000000000000000000000000DC
S21401B66800000000000000000000000000000000CC
S21401B67800000000000000000000000000000000BC
S21401B68800000000000000000000000000000000AC
S21401B698000000000000000000000000000000009C
S21401B6A8000000000000000000000000000000008C
S21401B6B8000000000000000000000000000000007C
S21401B6C8000000000000000000000000000000006C
S21401B6D8000000000000000000000000000000005C
S21401B6E8000000000000000000000000000000004C
S21401B6F8000000000000000000000000000000003C
S21401B708000000000000000000000000000000002B
S21401B718000000000000000000000000000000001B
S21401B728000000000000000000000000000000000B
S21401B73800000000000000000000000000000000FB
S21401B74800000000000000000000000000000000EB
S21401B75800000000000000000000000000000000DB
S21401B76800000000000000000000000000000000CB
S21401B77800000000000000000000000000000000BB
S21401B78800000000000000000000000000000000AB
S21401B798000000000000000000000000000000009B
S21401B7A8000000000000000000000000000000008B
S21401B7B8000000000000000000000000000000007B
S21401B7C8000000000000000000000000000000006B
S21401B7D8000000000000000000000000000000005B
S21401B7E8000000000000000000000000000000004B
S21401B7F8000000000000000000000000000000003B
S21401B808000000000000000000000000000000002A
S21401B818000000000000000000000000000000001A
S21401B828000000000000000000000000000000000A
S21401B83800000000000000000000000000000000FA
S21401B84800000000000000000000000000000000EA
S21401B85800000000000000000000000000000000DA
S21401B86800000000000000000000000000000000CA
S21401B87800000000000000000000000000000000BA
S21401B88800000000000000000000000000000000AA
S21401B898000000000000000000000000000000009A
S21401B8A8000000000000000000000000000000008A
S21401B8B8000000000000000000000000000000007A
S21401B8C8000000000000000000000000000000006A
S21401B8D8000000000000000000000000000000005A
S21401B8E8000000000000000000000000000000004A
S21401B8F8000000000000000000000000000000003A
S21401B9080000000000000000000000000000000029
S21401B9180000000000000000000000000000000019
S21401B9280000000000000000000000000000000009
S21401B93800000000000000000000000000000000F9
S21401B94800000000000000000000000000000000E9
S21401B95800000000000000000000000000000000D9
S21401B96800000000000000000000000000000000C9
S21401B97800000000000000000000000000000000B9
S21401B98800000000000000000000000000000000A9
S21401B9980000000000000000000000000000000099
S21401B9A80000000000000000000000000000000089
S21401B9B80000000000000000000000000000000079
S21401B9C80000000000000000000000000000000069
S21401B9D80000000000000000000000000000000059
S21401B9E80000000000000000000000000000000049
S21401B9F80000000000000000000000000000000039
S21401BA080000000000000000000000000000000028
S21401BA180000000000000000000000000000000018
S21401BA280000000000000000000000000000000008
S21401BA3800000000000000000000000000000000F8
S21401BA4800000000000000000000000000000000E8
S21401BA5800000000000000000000000000000000D8
S21401BA6800000000000000000000000000000000C8
S21401BA7800000000000000000000000000000000B8
S21401BA8800000000000000000000000000000000A8
S21401BA980000000000000000000000000000000098
S21401BAA80000000000000000000000000000000088
S21401BAB80000000000000000000000000000000078
S21401BAC80000000000000000000000000000000068
S21401BAD80000000000000000000000000000000058
S21401BAE80000000000000000000000000000000048
S21401BAF80000000000000000000000000000000038
S21401BB080000000000000000000000000000000027
S21401BB180000000000000000000000000000000017
S21401BB280000000000000000000000000000000007
S21401BB3800000000000000000000000000000000F7
S21401BB4800000000000000000000000000000000E7
S21401BB5800000000000000000000000000000000D7
S21401BB6800000000000000000000000000000000C7
S21401BB7800000000000000000000000000000000B7
S21401BB8800000000000000000000000000000000A7
S21401BB980000000000000000000000000000000097
S21401BBA80000000000000000000000000000000087
S21401BBB80000000000000000000000000000000077
S21401BBC80000000000000000000000000000000067
S21401BBD80000000000000000000000000000000057
S21401BBE80000000000000000000000000000000047
S21401BBF80000000000000000000000000000000037
S21401BC080000000000000000000000000000000026
S21401BC180000000000000000000000000000000016
S21401BC280000000000000000000000000000000006
S21401BC3800000000000000000000000000000000F6
S21401BC4800000000000000000000000000000000E6
S21401BC5800000000000000000000000000000000D6
S21401BC6800000000000000000000000000000000C6
S21401BC7800000000000000000000000000000000B6
S21401BC8800000000000000000000000000000000A6
S21401BC980000000000000000000000000000000096
S21401BCA80000000000000000000000000000000086
S21401BCB80000000000000000000000000000000076
S21401BCC80000000000000000000000000000000066
S21401BCD80000000000000000000000000000000056
S21401BCE80000000000000000000000000000000046
S21401BCF80000000000000000000000000000000036
S21401BD080000000000000000000000000000000025
S21401BD180000000000000000000000000000000015
S21401BD280000000000000000000000000000000005
S21401BD3800000000000000000000000000000000F5
S21401BD4800000000000000000000000000000000E5
S21401BD5800000000000000000000000000000000D5
S21401BD6800000000000000000000000000000000C5
S21401BD7800000000000000000000000000000000B5
S21401BD8800000000000000000000000000000000A5
S21401BD980000000000000000000000000000000095
S21401BDA80000000000000000000000000000000085
S21401BDB80000000000000000000000000000000075
S21401BDC80000000000000000000000000000000065
S21401BDD80000000000000000000000000000000055
S21401BDE80000000000000000000000000000000045
S21401BDF80000000000000000000000000000000035
S21401BE080000000000000000000000000000000024
S21401BE180000000000000000000000000000000014
S21401BE280000000000000000000000000000000004
S21401BE3800000000000000000000000000000000F4
S21401BE4800000000000000000000000000000000E4
S21401BE5800000000000000000000000000000000D4
S21401BE6800000000000000000000000000000000C4
S21401BE7800000000000000000000000000000000B4
S21401BE8800000000000000000000000000000000A4
S21401BE980000000000000000000000000000000094
S21401BEA80000000000000000000000000000000084
S21401BEB80000000000000000000000000000000074
S21401BEC80000000000000000000000000000000064
S21401BED80000000000000000000000000000000054
S21401BEE80000000000000000000000000000000044
S21401BEF80000000000000000000000000000000034
S21401BF080000000000000000000000000000000023
S21401BF180000000000000000000000000000000013
S21401BF280000000000000000000000000000000003
S21401BF3800000000000000000000000000000000F3
S21401BF4800000000000000000000000000000000E3
S21401BF5800000000000000000000000000000000D3
S21401BF6800000000000000000000000000000000C3
S21401BF7800000000000000000000000000000000B3
S21401BF8800000000000000000000000000000000A3
S21401BF980000000000000000000000000000000093
S21401BFA80000000000000000000000000000000083
S21401BFB80000000000000000000000000000000073
S21401BFC80000000000000000000000000000000063
S21401BFD80000000000000000000000000000000053
S21401BFE80000000000000000000000000000000043
S21401BFF80000000000000000000000000000000033
S21401C0080000000000000000000000000000000022
S21401C0180000000000000000000000000000000012
S21401C0280000000000000000000000000000000002
S21401C03800000000000000000000000000000000F2
S21401C04800000000000000000000000000000000E2
S21401C05800000000000000000000000000000000D2
S21401C06800000000000000000000000000000000C2
S21401C07800000000000000000000000000000000B2
S21401C08800000000000000000000000000000000A2
S21401C0980000000000000000000000000000000092
S21401C0A80000000000000000000000000000000082
S21401C0B80000000000000000000000000000000072
S21401C0C80000000000000000000000000000000062
S21401C0D80000000000000000000000000000000052
S21401C0E80000000000000000000000000000000042
S21401C0F80000000000000000000000000000000032
S21401C1080000000000000000000000000000000021
S21401C1180000000000000000000000000000000011
S21401C1280000000000000000000000000000000001
S21401C13800000000000000000000000000000000F1
S21401C14800000000000000000000000000000000E1
S21401C15800000000000000000000000000000000D1
S21401C16800000000000000000000000000000000C1
S21401C17800000000000000000000000000000000B1
S21401C18800000000000000000000000000000000A1
S21401C1980000000000000000000000000000000091
S21401C1A80000000000000000000000000000000081
S21401C1B80000000000000000000000000000000071
S21401C1C80000000000000000000000000000000061
S21401C1D80000000000000000000000000000000051
S21401C1E80000000000000000000000000000000041
S21401C1F80000000000000000000000000000000031
S21401C2080000000000000000000000000000000020
S21401C2180000000000000000000000000000000010
S21401C2280000000000000000000000000000000000
S21401C23800000000000000000000000000000000F0
S21401C24800000000000000000000000000000000E0
S21401C25800000000000000000000000000000000D0
S21401C26800000000000000000000000000000000C0
S21401C27800000000000000000000000000000000B0
S21401C28800000000000000000000000000000000A0
S21401C2980000000000000000000000000000000090
S21401C2A80000000000000000000000000000000080
S21401C2B80000000000000000000000000000000070
S21401C2C80000000000000000000000000000000060
S21401C2D80000000000000000000000000000000050
S21401C2E80000000000000000000000000000000040
S21401C2F80000000000000000000000000000000030
S21401C308000000000000000000000000000000001F
S21401C318000000000000000000000000000000000F
S21401C32800000000000000000000000000000000FF
S21401C33800000000000000000000000000000000EF
S21401C34800000000000000000000000000000000DF
S21401C35800000000000000000000000000000000CF
S21401C36800000000000000000000000000000000BF
S21401C37800000000000000000000000000000000AF
S21401C388000000000000000000000000000000009F
S21401C398000000000000000000000000000000008F
S21401C3A8000000000000000000000000000000007F
S21401C3B8000000000000000000000000000000006F
S21401C3C8000000000000000000000000000000005F
S21401C3D8000000000000000000000000000000004F
S21401C3E8000000000000000000000000000000003F
S21401C3F8000000000000000000000000000000002F
S21401C408000000000000000000000000000000001E
S21401C418000000000000000000000000000000000E
S21401C42800000000000000000000000000000000FE
S21401C43800000000000000000000000000000000EE
S21401C44800000000000000000000000000000000DE
S21401C45800000000000000000000000000000000CE
S21401C46800000000000000000000000000000000BE
S21401C47800000000000000000000000000000000AE
S21401C488000000000000000000000000000000009E
S21401C498000000000000000000000000000000008E
S21401C4A8000000000000000000000000000000007E
S21401C4B8000000000000000000000000000000006E
S21401C4C8000000000000000000000000000000005E
S21401C4D8000000000000000000000000000000004E
S21401C4E8000000000000000000000000000000003E
S21401C4F8000000000000000000000000000000002E
S21401C508000000000000000000000000000000001D
S21401C518000000000000000000000000000000000D
S21401C52800000000000000000000000000000000FD
S21401C53800000000000000000000000000000000ED
S21401C54800000000000000000000000000000000DD
S21401C55800000000000000000000000000000000CD
S21401C56800000000000000000000000000000000BD
S21401C57800000000000000000000000000000000AD
S21401C588000000000000000000000000000000009D
S21401C598000000000000000000000000000000008D
S21401C5A8000000000000000000000000000000007D
S21401C5B8000000000000000000000000000000006D
S21401C5C8000000000000000000000000000000005D
S21401C5D8000000000000000000000000000000004D
S21401C5E8000000000000000000000000000000003D
S21401C5F8000000000000000000000000000000002D
S21401C608000000000000000000000000000000001C
S21401C618000000000000000000000000000000000C
S21401C62800000000000000000000000000000000FC
S21401C63800000000000000000000000000000000EC
S21401C64800000000000000000000000000000000DC
S21401C65800000000000000000000000000000000CC
S21401C66800000000000000000000000000000000BC
S21401C67800000000000000000000000000000000AC
S21401C688000000000000000000000000000000009C
S21401C698000000000000000000000000000000008C
S21401C6A8000000000000000000000000000000007C
S21401C6B8000000000000000000000000000000006C
S21401C6C8000000000000000000000000000000005C
S21401C6D8000000000000000000000000000000004C
S21401C6E8000000000000000000000000000000003C
S21401C6F8000000000000000000000000000000002C
S21401C708000000000000000000000000000000001B
S21401C718000000000000000000000000000000000B
S21401C72800000000000000000000000000000000FB
S21401C73800000000000000000000000000000000EB
S21401C74800000000000000000000000000000000DB
S21401C75800000000000000000000000000000000CB
S21401C76800000000000000000000000000000000BB
S21401C77800000000000000000000000000000000AB
S21401C788000000000000000000000000000000009B
S21401C798000000000000000000000000000000008B
S21401C7A8000000000000000000000000000000007B
S21401C7B8000000000000000000000000000000006B
S21401C7C8000000000000000000000000000000005B
S21401C7D8000000000000000000000000000000004B
S21401C7E8000000000000000000000000000000003B
S21401C7F8000000000000000000000000000000002B
S21401C808000000000000000000000000000000001A
S21401C818000000000000000000000000000000000A
S21401C82800000000000000000000000000000000FA
S21401C83800000000000000000000000000000000EA
S21401C84800000000000000000000000000000000DA
S21401C85800000000000000000000000000000000CA
S21401C86800000000000000000000000000000000BA
S21401C87800000000000000000000000000000000AA
S21401C888000000000000000000000000000000009A
S21401C898000000000000000000000000000000008A
S21401C8A8000000000000000000000000000000007A
S21401C8B8000000000000000000000000000000006A
S21401C8C8000000000000000000000000000000005A
S21401C8D8000000000000000000000000000000004A
S21401C8E8000000000000000000000000000000003A
S21401C8F8000000000000000000000000000000002A
S21401C9080000000000000000000000000000000019
S21401C9180000000000000000000000000000000009
S21401C92800000000000000000000000000000000F9
S21401C93800000000000000000000000000000000E9
S21401C94800000000000000000000000000000000D9
S21401C95800000000000000000000000000000000C9
S21401C96800000000000000000000000000000000B9
S21401C97800000000000000000000000000000000A9
S21401C9880000000000000000000000000000000099
S21401C9980000000000000000000000000000000089
S21401C9A80000000000000000000000000000000079
S21401C9B80000000000000000000000000000000069
S21401C9C80000000000000000000000000000000059
S21401C9D80000000000000000000000000000000049
S21401C9E80000000000000000000000000000000039
S21401C9F80000000000000000000000000000000029
S21401CA080000000000000000000000000000000018
S21401CA180000000000000000000000000000000008
S21401CA2800000000000000000000000000000000F8
S21401CA3800000000000000000000000000000000E8
S21401CA4800000000000000000000000000000000D8
S21401CA5800000000000000000000000000000000C8
S21401CA6800000000000000000000000000000000B8
S21401CA7800000000000000000000000000000000A8
S21401CA880000000000000000000000000000000098
S21401CA980000000000000000000000000000000088
S21401CAA80000000000000000000000000000000078
S21401CAB80000000000000000000000000000000068
S21401CAC80000000000000000000000000000000058
S21401CAD80000000000000000000000000000000048
S21401CAE80000000000000000000000000000000038
S21401CAF80000000000000000000000000000000028
S21401CB080000000000000000000000000000000017
S21401CB180000000000000000000000000000000007
S21401CB2800000000000000000000000000000000F7
S21401CB3800000000000000000000000000000000E7
S21401CB4800000000000000000000000000000000D7
S21401CB5800000000000000000000000000000000C7
S21401CB6800000000000000000000000000000000B7
S21401CB7800000000000000000000000000000000A7
S21401CB880000000000000000000000000000000097
S21401CB980000000000000000000000000000000087
S21401CBA80000000000000000000000000000000077
S21401CBB80000000000000000000000000000000067
S21401CBC80000000000000000000000000000000057
S21401CBD80000000000000000000000000000000047
S21401CBE80000000000000000000000000000000037
S21401CBF80000000000000000000000000000000027
S21401CC080000000000000000000000000000000016
S21401CC180000000000000000000000000000000006
S21401CC2800000000000000000000000000000000F6
S21401CC3800000000000000000000000000000000E6
S21401CC4800000000000000000000000000000000D6
S21401CC5800000000000000000000000000000000C6
S21401CC6800000000000000000000000000000000B6
S21401CC7800000000000000000000000000000000A6
S21401CC880000000000000000000000000000000096
S21401CC980000000000000000000000000000000086
S21401CCA80000000000000000000000000000000076
S21401CCB80000000000000000000000000000000066
S21401CCC80000000000000000000000000000000056
S21401CCD80000000000000000000000000000000046
S21401CCE80000000000000000000000000000000036
S21401CCF80000000000000000000000000000000026
S21401CD080000000000000000000000000000000015
S21401CD180000000000000000000000000000000005
S21401CD2800000000000000000000000000000000F5
S21401CD3800000000000000000000000000000000E5
S21401CD4800000000000000000000000000000000D5
S21401CD5800000000000000000000000000000000C5
S21401CD6800000000000000000000000000000000B5
S21401CD7800000000000000000000000000000000A5
S21401CD880000000000000000000000000000000095
S21401CD980000000000000000000000000000000085
S21401CDA80000000000000000000000000000000075
S21401CDB80000000000000000000000000000000065
S21401CDC80000000000000000000000000000000055
S21401CDD80000000000000000000000000000000045
S21401CDE80000000000000000000000000000000035
S21401CDF80000000000000000000000000000000025
S21401CE080000000000000000000000000000000014
S21401CE180000000000000000000000000000000004
S21401CE2800000000000000000000000000000000F4
S21401CE3800000000000000000000000000000000E4
S21401CE4800000000000000000000000000000000D4
S21401CE5800000000000000000000000000000000C4
S21401CE6800000000000000000000000000000000B4
S21401CE7800000000000000000000000000000000A4
S21401CE880000000000000000000000000000000094
S21401CE980000000000000000000000000000000084
S21401CEA80000000000000000000000000000000074
S21401CEB80000000000000000000000000000000064
S21401CEC80000000000000000000000000000000054
S21401CED80000000000000000000000000000000044
S21401CEE80000000000000000000000000000000034
S21401CEF80000000000000000000000000000000024
S21401CF080000000000000000000000000000000013
S21401CF180000000000000000000000000000000003
S21401CF2800000000000000000000000000000000F3
S21401CF3800000000000000000000000000000000E3
S21401CF4800000000000000000000000000000000D3
S21401CF5800000000000000000000000000000000C3
S21401CF6800000000000000000000000000000000B3
S21401CF7800000000000000000000000000000000A3
S21401CF880000000000000000000000000000000093
S21401CF980000000000000000000000000000000083
S21401CFA80000000000000000000000000000000073
S21401CFB80000000000000000000000000000000063
S21401CFC80000000000000000000000000000000053
S21401CFD80000000000000000000000000000000043
S21401CFE80000000000000000000000000000000033
S21401CFF80000000000000000000000000000000023
S21401D0080000000000000000000000000000000012
S21401D0180000000000000000000000000000000002
S21401D02800000000000000000000000000000000F2
S21401D03800000000000000000000000000000000E2
S21401D04800000000000000000000000000000000D2
S21401D05800000000000000000000000000000000C2
S21401D06800000000000000000000000000000000B2
S21401D07800000000000000000000000000000000A2
S21401D0880000000000000000000000000000000092
S21401D0980000000000000000000000000000000082
S21401D0A80000000000000000000000000000000072
S21401D0B80000000000000000000000000000000062
S21401D0C80000000000000000000000000000000052
S21401D0D80000000000000000000000000000000042
S21401D0E80000000000000000000000000000000032
S21401D0F80000000000000000000000000000000022
S21401D1080000000000000000000000000000000011
S21401D1180000000000000000000000000000000001
S21401D12800000000000000000000000000000000F1
S21401D13800000000000000000000000000000000E1
S21401D14800000000000000000000000000000000D1
S21401D15800000000000000000000000000000000C1
S21401D16800000000000000000000000000000000B1
S21401D17800000000000000000000000000000000A1
S21401D1880000000000000000000000000000000091
S21401D1980000000000000000000000000000000081
S21401D1A80000000000000000000000000000000071
S21401D1B80000000000000000000000000000000061
S21401D1C80000000000000000000000000000000051
S21401D1D80000000000000000000000000000000041
S21401D1E80000000000000000000000000000000031
S21401D1F80000000000000000000000000000000021
S21401D2080000000000000000000000000000000010
S21401D2180000000000000000000000000000000000
S21401D22800000000000000000000000000000000F0
S21401D23800000000000000000000000000000000E0
S21401D24800000000000000000000000000000000D0
S21401D25800000000000000000000000000000000C0
S21401D26800000000000000000000000000000000B0
S21401D27800000000000000000000000000000000A0
S21401D2880000000000000000000000000000000090
S21401D2980000000000000000000000000000000080
S21401D2A80000000000000000000000000000000070
S21401D2B80000000000000000000000000000000060
S21401D2C80000000000000000000000000000000050
S21401D2D80000000000000000000000000000000040
S21401D2E80000000000000000000000000000000030
S21401D2F80000000000000000000000000000000020
S21401D308000000000000000000000000000000000F
S21401D31800000000000000000000000000000000FF
S21401D32800000000000000000000000000000000EF
S21401D33800000000000000000000000000000000DF
S21401D34800000000000000000000000000000000CF
S21401D35800000000000000000000000000000000BF
S21401D36800000000000000000000000000000000AF
S21401D378000000000000000000000000000000009F
S21401D388000000000000000000000000000000008F
S21401D398000000000000000000000000000000007F
S21401D3A8000000000000000000000000000000006F
S21401D3B8000000000000000000000000000000005F
S21401D3C8000000000000000000000000000000004F
S21401D3D8000000000000000000000000000000003F
S21401D3E8000000000000000000000000000000002F
S21401D3F8000000000000000000000000000000001F
S21401D408000000000000000000000000000000000E
S21401D41800000000000000000000000000000000FE
S21401D42800000000000000000000000000000000EE
S21401D43800000000000000000000000000000000DE
S21401D44800000000000000000000000000000000CE
S21401D45800000000000000000000000000000000BE
S21401D46800000000000000000000000000000000AE
S21401D478000000000000000000000000000000009E
S21401D488000000000000000000000000000000008E
S21401D498000000000000000000000000000000007E
S21401D4A8000000000000000000000000000000006E
S21401D4B8000000000000000000000000000000005E
S21401D4C8000000000000000000000000000000004E
S21401D4D8000000000000000000000000000000003E
S21401D4E8000000000000000000000000000000002E
S21401D4F8000000000000000000000000000000001E
S21401D508000000000000000000000000000000000D
S21401D51800000000000000000000000000000000FD
S21401D52800000000000000000000000000000000ED
S21401D53800000000000000000000000000000000DD
S21401D54800000000000000000000000000000000CD
S21401D55800000000000000000000000000000000BD
S21401D56800000000000000000000000000000000AD
S21401D578000000000000000000000000000000009D
S21401D588000000000000000000000000000000008D
S21401D598000000000000000000000000000000007D
S21401D5A8000000000000000000000000000000006D
S21401D5B8000000000000000000000000000000005D
S21401D5C8000000000000000000000000000000004D
S21401D5D8000000000000000000000000000000003D
S21401D5E8000000000000000000000000000000002D
S21401D5F8000000000000000000000000000000001D
S21401D608000000000000000000000000000000000C
S21401D61800000000000000000000000000000000FC
S21401D62800000000000000000000000000000000EC
S21401D63800000000000000000000000000000000DC
S21401D64800000000000000000000000000000000CC
S21401D65800000000000000000000000000000000BC
S21401D66800000000000000000000000000000000AC
S21401D678000000000000000000000000000000009C
S21401D688000000000000000000000000000000008C
S21401D698000000000000000000000000000000007C
S21401D6A8000000000000000000000000000000006C
S21401D6B8000000000000000000000000000000005C
S21401D6C8000000000000000000000000000000004C
S21401D6D8000000000000000000000000000000003C
S21401D6E8000000000000000000000000000000002C
S21401D6F8000000000000000000000000000000001C
S21401D708000000000000000000000000000000000B
S21401D71800000000000000000000000000000000FB
S21401D72800000000000000000000000000000000EB
S21401D73800000000000000000000000000000000DB
S21401D74800000000000000000000000000000000CB
S21401D75800000000000000000000000000000000BB
S21401D76800000000000000000000000000000000AB
S21401D778000000000000000000000000000000009B
S21401D788000000000000000000000000000000008B
S21401D798000000000000000000000000000000007B
S21401D7A8000000000000000000000000000000006B
S21401D7B8000000000000000000000000000000005B
S21401D7C8000000000000000000000000000000004B
S21401D7D8000000000000000000000000000000003B
S21401D7E8000000000000000000000000000000002B
S21401D7F8000000000000000000000000000000001B
S21401D808000000000000000000000000000000000A
S21401D81800000000000000000000000000000000FA
S21401D82800000000000000000000000000000000EA
S21401D83800000000000000000000000000000000DA
S21401D84800000000000000000000000000000000CA
S21401D85800000000000000000000000000000000BA
S21401D86800000000000000000000000000000000AA
S21401D878000000000000000000000000000000009A
S21401D888000000000000000000000000000000008A
S21401D898000000000000000000000000000000007A
S21401D8A8000000000000000000000000000000006A
S21401D8B8000000000000000000000000000000005A
S21401D8C8000000000000000000000000000000004A
S21401D8D8000000000000000000000000000000003A
S21401D8E8000000000000000000000000000000002A
S21401D8F8000000000000000000000000000000001A
S21401D9080000000000000000000000000000000009
S21401D91800000000000000000000000000000000F9
S21401D92800000000000000000000000000000000E9
S21401D93800000000000000000000000000000000D9
S21401D94800000000000000000000000000000000C9
S21401D95800000000000000000000000000000000B9
S21401D96800000000000000000000000000000000A9
S21401D9780000000000000000000000000000000099
S21401D9880000000000000000000000000000000089
S21401D9980000000000000000000000000000000079
S21401D9A80000000000000000000000000000000069
S21401D9B80000000000000000000000000000000059
S21401D9C80000000000000000000000000000000049
S21401D9D80000000000000000000000000000000039
S21401D9E80000000000000000000000000000000029
S21401D9F80000000000000000000000000000000019
S21401DA080000000000000000000000000000000008
S21401DA1800000000000000000000000000000000F8
S21401DA2800000000000000000000000000000000E8
S21401DA3800000000000000000000000000000000D8
S21401DA4800000000000000000000000000000000C8
S21401DA5800000000000000000000000000000000B8
S21401DA6800000000000000000000000000000000A8
S21401DA780000000000000000000000000000000098
S21401DA880000000000000000000000000000000088
S21401DA980000000000000000000000000000000078
S21401DAA80000000000000000000000000000000068
S21401DAB80000000000000000000000000000000058
S21401DAC80000000000000000000000000000000048
S21401DAD80000000000000000000000000000000038
S21401DAE80000000000000000000000000000000028
S21401DAF80000000000000000000000000000000018
S21401DB080000000000000000000000000000000007
S21401DB1800000000000000000000000000000000F7
S21401DB2800000000000000000000000000000000E7
S21401DB3800000000000000000000000000000000D7
S21401DB4800000000000000000000000000000000C7
S21401DB5800000000000000000000000000000000B7
S21401DB6800000000000000000000000000000000A7
S21401DB780000000000000000000000000000000097
S21401DB880000000000000000000000000000000087
S21401DB980000000000000000000000000000000077
S21401DBA80000000000000000000000000000000067
S21401DBB80000000000000000000000000000000057
S21401DBC80000000000000000000000000000000047
S21401DBD80000000000000000000000000000000037
S21401DBE80000000000000000000000000000000027
S21401DBF80000000000000000000000000000000017
S21401DC080000000000000000000000000000000006
S21401DC1800000000000000000000000000000000F6
S21401DC2800000000000000000000000000000000E6
S21401DC3800000000000000000000000000000000D6
S21401DC4800000000000000000000000000000000C6
S21401DC5800000000000000000000000000000000B6
S21401DC6800000000000000000000000000000000A6
S21401DC780000000000000000000000000000000096
S21401DC880000000000000000000000000000000086
S21401DC980000000000000000000000000000000076
S21401DCA80000000000000000000000000000000066
S21401DCB80000000000000000000000000000000056
S21401DCC80000000000000000000000000000000046
S21401DCD80000000000000000000000000000000036
S21401DCE80000000000000000000000000000000026
S21401DCF80000000000000000000000000000000016
S21401DD080000000000000000000000000000000005
S21401DD1800000000000000000000000000000000F5
S21401DD2800000000000000000000000000000000E5
S21401DD3800000000000000000000000000000000D5
S21401DD4800000000000000000000000000000000C5
S21401DD5800000000000000000000000000000000B5
S21401DD6800000000000000000000000000000000A5
S21401DD780000000000000000000000000000000095
S21401DD880000000000000000000000000000000085
S21401DD980000000000000000000000000000000075
S21401DDA80000000000000000000000000000000065
S21401DDB80000000000000000000000000000000055
S21401DDC80000000000000000000000000000000045
S21401DDD80000000000000000000000000000000035
S21401DDE80000000000000000000000000000000025
S21401DDF80000000000000000000000000000000015
S21401DE080000000000000000000000000000000004
S21401DE1800000000000000000000000000000000F4
S21401DE2800000000000000000000000000000000E4
S21401DE3800000000000000000000000000000000D4
S21401DE4800000000000000000000000000000000C4
S21401DE5800000000000000000000000000000000B4
S21401DE6800000000000000000000000000000000A4
S21401DE780000000000000000000000000000000094
S21401DE880000000000000000000000000000000084
S21401DE980000000000000000000000000000000074
S21401DEA80000000000000000000000000000000064
S21401DEB80000000000000000000000000000000054
S21401DEC80000000000000000000000000000000044
S21401DED80000000000000000000000000000000034
S21401DEE80000000000000000000000000000000024
S21401DEF80000000000000000000000000000000014
S21401DF080000000000000000000000000000000003
S21401DF1800000000000000000000000000000000F3
S21401DF2800000000000000000000000000000000E3
S21401DF3800000000000000000000000000000000D3
S21401DF4800000000000000000000000000000000C3
S21401DF5800000000000000000000000000000000B3
S21401DF6800000000000000000000000000000000A3
S21401DF780000000000000000000000000000000093
S21401DF880000000000000000000000000000000083
S21401DF980000000000000000000000000000000073
S21401DFA80000000000000000000000000000000063
S21401DFB80000000000000000000000000000000053
S21401DFC80000000000000000000000000000000043
S21401DFD80000000000000000000000000000000033
S21401DFE80000000000000000000000000000000023
S21401DFF80000000000000000000000000000000013
S21401E0080000000000000000000000000000000002
S21401E01800000000000000000000000000000000F2
S21401E02800000000000000000000000000000000E2
S21401E03800000000000000000000000000000000D2
S21401E04800000000000000000000000000000000C2
S21401E05800000000000000000000000000000000B2
S21401E06800000000000000000000000000000000A2
S21401E0780000000000000000000000000000000092
S21401E0880000000000000000000000000000000082
S21401E0980000000000000000000000000000000072
S21401E0A80000000000000000000000000000000062
S21401E0B80000000000000000000000000000000052
S21401E0C80000000000000000000000000000000042
S21401E0D80000000000000000000000000000000032
S21401E0E80000000000000000000000000000000022
S21401E0F80000000000000000000000000000000012
S21401E1080000000000000000000000000000000001
S21401E11800000000000000000000000000000000F1
S21401E12800000000000000000000000000000000E1
S21401E13800000000000000000000000000000000D1
S21401E14800000000000000000000000000000000C1
S21401E15800000000000000000000000000000000B1
S21401E16800000000000000000000000000000000A1
S21401E1780000000000000000000000000000000091
S21401E1880000000000000000000000000000000081
S21401E1980000000000000000000000000000000071
S21401E1A80000000000000000000000000000000061
S21401E1B80000000000000000000000000000000051
S21401E1C80000000000000000000000000000000041
S21401E1D80000000000000000000000000000000031
S21401E1E80000000000000000000000000000000021
S21401E1F80000000000000000000000000000000011
S21401E2080000000000000000000000000000000000
S21401E21800000000000000000000000000000000F0
S21401E22800000000000000000000000000000000E0
S21401E23800000000000000000000000000000000D0
S21401E24800000000000000000000000000000000C0
S21401E25800000000000000000000000000000000B0
S21401E26800000000000000000000000000000000A0
S21401E2780000000000000000000000000000000090
S21401E2880000000000000000000000000000000080
S21401E2980000000000000000000000000000000070
S21401E2A80000000000000000000000000000000060
S21401E2B80000000000000000000000000000000050
S21401E2C80000000000000000000000000000000040
S21401E2D80000000000000000000000000000000030
S21401E2E80000000000000000000000000000000020
S21401E2F80000000000000000000000000000000010
S21401E30800000000000000000000000000000000FF
S21401E31800000000000000000000000000000000EF
S21401E32800000000000000000000000000000000DF
S21401E33800000000000000000000000000000000CF
S21401E34800000000000000000000000000000000BF
S21401E35800000000000000000000000000000000AF
S21401E368000000000000000000000000000000009F
S21401E378000000000000000000000000000000008F
S21401E388000000000000000000000000000000007F
S21401E398000000000000000000000000000000006F
S21401E3A8000000000000000000000000000000005F
S21401E3B8000000000000000000000000000000004F
S21401E3C8000000000000000000000000000000003F
S21401E3D8000000000000000000000000000000002F
S21401E3E8000000000000000000000000000000001F
S21401E3F8000000000000000000000000000000000F
S21401E40800000000000000000000000000000000FE
S21401E41800000000000000000000000000000000EE
S21401E42800000000000000000000000000000000DE
S21401E43800000000000000000000000000000000CE
S21401E44800000000000000000000000000000000BE
S21401E45800000000000000000000000000000000AE
S21401E468000000000000000000000000000000009E
S21401E478000000000000000000000000000000008E
S21401E488000000000000000000000000000000007E
S21401E498000000000000000000000000000000006E
S21401E4A8000000000000000000000000000000005E
S21401E4B8000000000000000000000000000000004E
S21401E4C8000000000000000000000000000000003E
S21401E4D8000000000000000000000000000000002E
S21401E4E8000000000000000000000000000000001E
S21401E4F8000000000000000000000000000000000E
S21401E50800000000000000000000000000000000FD
S21401E51800000000000000000000000000000000ED
S21401E52800000000000000000000000000000000DD
S21401E53800000000000000000000000000000000CD
S21401E54800000000000000000000000000000000BD
S21401E55800000000000000000000000000000000AD
S21401E568000000000000000000000000000000009D
S21401E578000000000000000000000000000000008D
S21401E588000000000000000000000000000000007D
S21401E598000000000000000000000000000000006D
S21401E5A8000000000000000000000000000000005D
S21401E5B8000000000000000000000000000000004D
S21401E5C8000000000000000000000000000000003D
S21401E5D8000000000000000000000000000000002D
S21401E5E8000000000000000000000000000000001D
S21401E5F8000000000000000000000000000000000D
S21401E60800000000000000000000000000000000FC
S21401E61800000000000000000000000000000000EC
S21401E62800000000000000000000000000000000DC
S21401E63800000000000000000000000000000000CC
S21401E64800000000000000000000000000000000BC
S21401E65800000000000000000000000000000000AC
S21401E668000000000000000000000000000000009C
S21401E678000000000000000000000000000000008C
S21401E688000000000000000000000000000000007C
S21401E698000000000000000000000000000000006C
S21401E6A8000000000000000000000000000000005C
S21401E6B8000000000000000000000000000000004C
S21401E6C8000000000000000000000000000000003C
S21401E6D8000000000000000000000000000000002C
S21401E6E8000000000000000000000000000000001C
S21401E6F8000000000000000000000000000000000C
S21401E70800000000000000000000000000000000FB
S21401E71800000000000000000000000000000000EB
S21401E72800000000000000000000000000000000DB
S21401E73800000000000000000000000000000000CB
S21401E74800000000000000000000000000000000BB
S21401E75800000000000000000000000000000000AB
S21401E768000000000000000000000000000000009B
S21401E778000000000000000000000000000000008B
S21401E788000000000000000000000000000000007B
S21401E798000000000000000000000000000000006B
S21401E7A8000000000000000000000000000000005B
S21401E7B8000000000000000000000000000000004B
S21401E7C8000000000000000000000000000000003B
S21401E7D8000000000000000000000000000000002B
S21401E7E8000000000000000000000000000000001B
S21401E7F8000000000000000000000000000000000B
S21401E80800000000000000000000000000000000FA
S21401E81800000000000000000000000000000000EA
S21401E82800000000000000000000000000000000DA
S21401E83800000000000000000000000000000000CA
S21401E84800000000000000000000000000000000BA
S21401E85800000000000000000000000000000000AA
S21401E868000000000000000000000000000000009A
S21401E878000000000000000000000000000000008A
S21401E888000000000000000000000000000000007A
S21401E898000000000000000000000000000000006A
S21401E8A8000000000000000000000000000000005A
S21401E8B8000000000000000000000000000000004A
S21401E8C8000000000000000000000000000000003A
S21401E8D8000000000000000000000000000000002A
S21401E8E8000000000000000000000000000000001A
S21401E8F8000000000000000000000000000000000A
S21401E90800000000000000000000000000000000F9
S21401E91800000000000000000000000000000000E9
S21401E92800000000000000000000000000000000D9
S21401E93800000000000000000000000000000000C9
S21401E94800000000000000000000000000000000B9
S21401E95800000000000000000000000000000000A9
S21401E9680000000000000000000000000000000099
S21401E9780000000000000000000000000000000089
S21401E9880000000000000000000000000000000079
S21401E9980000000000000000000000000000000069
S21401E9A80000000000000000000000000000000059
S21401E9B80000000000000000000000000000000049
S21401E9C80000000000000000000000000000000039
S21401E9D80000000000000000000000000000000029
S21401E9E80000000000000000000000000000000019
S21401E9F80000000000000000000000000000000009
S21401EA0800000000000000000000000000000000F8
S21401EA1800000000000000000000000000000000E8
S21401EA2800000000000000000000000000000000D8
S21401EA3800000000000000000000000000000000C8
S21401EA4800000000000000000000000000000000B8
S21401EA5800000000000000000000000000000000A8
S21401EA680000000000000000000000000000000098
S21401EA780000000000000000000000000000000088
S21401EA880000000000000000000000000000000078
S21401EA980000000000000000000000000000000068
S21401EAA80000000000000000000000000000000058
S21401EAB80000000000000000000000000000000048
S21401EAC80000000000000000000000000000000038
S21401EAD80000000000000000000000000000000028
S21401EAE80000000000000000000000000000000018
S21401EAF80000000000000000000000000000000008
S21401EB0800000000000000000000000000000000F7
S21401EB1800000000000000000000000000000000E7
S21401EB2800000000000000000000000000000000D7
S21401EB3800000000000000000000000000000000C7
S21401EB4800000000000000000000000000000000B7
S21401EB5800000000000000000000000000000000A7
S21401EB680000000000000000000000000000000097
S21401EB780000000000000000000000000000000087
S21401EB880000000000000000000000000000000077
S21401EB980000000000000000000000000000000067
S21401EBA80000000000000000000000000000000057
S21401EBB80000000000000000000000000000000047
S21401EBC80000000000000000000000000000000037
S21401EBD80000000000000000000000000000000027
S21401EBE80000000000000000000000000000000017
S21401EBF80000000000000000000000000000000007
S21401EC0800000000000000000000000000000000F6
S21401EC1800000000000000000000000000000000E6
S21401EC2800000000000000000000000000000000D6
S21401EC3800000000000000000000000000000000C6
S21401EC4800000000000000000000000000000000B6
S21401EC5800000000000000000000000000000000A6
S21401EC680000000000000000000000000000000096
S21401EC780000000000000000000000000000000086
S21401EC880000000000000000000000000000000076
S21401EC980000000000000000000000000000000066
S21401ECA80000000000000000000000000000000056
S21401ECB80000000000000000000000000000000046
S21401ECC80000000000000000000000000000000036
S21401ECD80000000000000000000000000000000026
S21401ECE80000000000000000000000000000000016
S21401ECF80000000000000000000000000000000006
S21401ED0800000000000000000000000000000000F5
S21401ED1800000000000000000000000000000000E5
S21401ED2800000000000000000000000000000000D5
S21401ED3800000000000000000000000000000000C5
S21401ED4800000000000000000000000000000000B5
S21401ED5800000000000000000000000000000000A5
S21401ED680000000000000000000000000000000095
S21401ED780000000000000000000000000000000085
S21401ED880000000000000000000000000000000075
S21401ED980000000000000000000000000000000065
S21401EDA80000000000000000000000000000000055
S21401EDB80000000000000000000000000000000045
S21401EDC80000000000000000000000000000000035
S21401EDD80000000000000000000000000000000025
S21401EDE80000000000000000000000000000000015
S21401EDF80000000000000000000000000000000005
S21401EE0800000000000000000000000000000000F4
S21401EE1800000000000000000000000000000000E4
S21401EE2800000000000000000000000000000000D4
S21401EE3800000000000000000000000000000000C4
S21401EE4800000000000000000000000000000000B4
S21401EE5800000000000000000000000000000000A4
S21401EE680000000000000000000000000000000094
S21401EE780000000000000000000000000000000084
S21401EE880000000000000000000000000000000074
S21401EE980000000000000000000000000000000064
S21401EEA80000000000000000000000000000000054
S21401EEB80000000000000000000000000000000044
S21401EEC80000000000000000000000000000000034
S21401EED80000000000000000000000000000000024
S21401EEE80000000000000000000000000000000014
S21401EEF80000000000000000000000000000000004
S21401EF0800000000000000000000000000000000F3
S21401EF1800000000000000000000000000000000E3
S21401EF2800000000000000000000000000000000D3
S21401EF3800000000000000000000000000000000C3
S21401EF4800000000000000000000000000000000B3
S21401EF5800000000000000000000000000000000A3
S21401EF680000000000000000000000000000000093
S21401EF780000000000000000000000000000000083
S21401EF880000000000000000000000000000000073
S21401EF980000000000000000000000000000000063
S21401EFA80000000000000000000000000000000053
S21401EFB80000000000000000000000000000000043
S21401EFC80000000000000000000000000000000033
S21401EFD80000000000000000000000000000000023
S21401EFE80000000000000000000000000000000013
S21401EFF80000000000000000000000000000000003
S21401F00800000000000000000000000000000000F2
S21401F01800000000000000000000000000000000E2
S21401F02800000000000000000000000000000000D2
S21401F03800000000000000000000000000000000C2
S21401F04800000000000000000000000000000000B2
S21401F05800000000000000000000000000000000A2
S21401F0680000000000000000000000000000000092
S21401F0780000000000000000000000000000000082
S21401F0880000000000000000000000000000000072
S21401F0980000000000000000000000000000000062
S21401F0A80000000000000000000000000000000052
S21401F0B80000000000000000000000000000000042
S21401F0C80000000000000000000000000000000032
S21401F0D80000000000000000000000000000000022
S21401F0E80000000000000000000000000000000012
S21401F0F80000000000000000000000000000000002
S21401F10800000000000000000000000000000000F1
S21401F11800000000000000000000000000000000E1
S21401F12800000000000000000000000000000000D1
S21401F13800000000000000000000000000000000C1
S21401F14800000000000000000000000000000000B1
S21401F15800000000000000000000000000000000A1
S21401F1680000000000000000000000000000000091
S21401F1780000000000000000000000000000000081
S21401F1880000000000000000000000000000000071
S21401F1980000000000000000000000000000000061
S21401F1A80000000000000000000000000000000051
S21401F1B80000000000000000000000000000000041
S21401F1C80000000000000000000000000000000031
S21401F1D80000000000000000000000000000000021
S21401F1E80000000000000000000000000000000011
S21401F1F80000000000000000000000000000000001
S21401F20800000000000000000000000000000000F0
S21401F21800000000000000000000000000000000E0
S21401F22800000000000000000000000000000000D0
S21401F23800000000000000000000000000000000C0
S21401F24800000000000000000000000000000000B0
S21401F25800000000000000000000000000000000A0
S21401F2680000000000000000000000000000000090
S21401F2780000000000000000000000000000000080
S21401F2880000000000000000000000000000000070
S21401F2980000000000000000000000000000000060
S21401F2A80000000000000000000000000000000050
S21401F2B80000000000000000000000000000000040
S21401F2C80000000000000000000000000000000030
S21401F2D80000000000000000000000000000000020
S21401F2E80000000000000000000000000000000010
S21401F2F80000000000000000000000000000000000
S21401F30800000000000000000000000000000000EF
S21401F31800000000000000000000000000000000DF
S21401F32800000000000000000000000000000000CF
S21401F33800000000000000000000000000000000BF
S21401F34800000000000000000000000000000000AF
S21401F358000000000000000000000000000000009F
S21401F368000000000000000000000000000000008F
S21401F378000000000000000000000000000000007F
S21401F388000000000000000000000000000000006F
S21401F398000000000000000000000000000000005F
S21401F3A8000000000000000000000000000000004F
S21401F3B8000000000000000000000000000000003F
S21401F3C8000000000000000000000000000000002F
S21401F3D8000000000000000000000000000000001F
S21401F3E8000000000000000000000000000000000F
S21401F3F800000000000000000000000000000000FF
S21401F40800000000000000000000000000000000EE
S21401F41800000000000000000000000000000000DE
S21401F42800000000000000000000000000000000CE
S21401F43800000000000000000000000000000000BE
S21401F44800000000000000000000000000000000AE
S21401F458000000000000000000000000000000009E
S21401F468000000000000000000000000000000008E
S21401F478000000000000000000000000000000007E
S21401F488000000000000000000000000000000006E
S21401F498000000000000000000000000000000005E
S21401F4A8000000000000000000000000000000004E
S21401F4B8000000000000000000000000000000003E
S21401F4C8000000000000000000000000000000002E
S21401F4D8000000000000000000000000000000001E
S21401F4E8000000000000000000000000000000000E
S21401F4F800000000000000000000000000000000FE
S21401F50800000000000000000000000000000000ED
S21401F51800000000000000000000000000000000DD
S21401F52800000000000000000000000000000000CD
S21401F53800000000000000000000000000000000BD
S21401F54800000000000000000000000000000000AD
S21401F558000000000000000000000000000000009D
S21401F568000000000000000000000000000000008D
S21401F578000000000000000000000000000000007D
S21401F588000000000000000000000000000000006D
S21401F598000000000000000000000000000000005D
S21401F5A8000000000000000000000000000000004D
S21401F5B8000000000000000000000000000000003D
S21401F5C8000000000000000000000000000000002D
S21401F5D8000000000000000000000000000000001D
S21401F5E8000000000000000000000000000000000D
S21401F5F800000000000000000000000000000000FD
S21401F60800000000000000000000000000000000EC
S21401F61800000000000000000000000000000000DC
S21401F62800000000000000000000000000000000CC
S21401F63800000000000000000000000000000000BC
S21401F64800000000000000000000000000000000AC
S21401F658000000000000000000000000000000009C
S21401F668000000000000000000000000000000008C
S21401F678000000000000000000000000000000007C
S21401F688000000000000000000000000000000006C
S21401F698000000000000000000000000000000005C
S21401F6A8000000000000000000000000000000004C
S21401F6B8000000000000000000000000000000003C
S21401F6C8000000000000000000000000000000002C
S21401F6D8000000000000000000000000000000001C
S21401F6E8000000000000000000000000000000000C
S21401F6F800000000000000000000000000000000FC
S21401F70800000000000000000000000000000000EB
S21401F71800000000000000000000000000000000DB
S21401F72800000000000000000000000000000000CB
S21401F73800000000000000000000000000000000BB
S21401F74800000000000000000000000000000000AB
S21401F758000000000000000000000000000000009B
S21401F768000000000000000000000000000000008B
S21401F778000000000000000000000000000000007B
S21401F788000000000000000000000000000000006B
S21401F798000000000000000000000000000000005B
S21401F7A8000000000000000000000000000000004B
S21401F7B8000000000000000000000000000000003B
S21401F7C8000000000000000000000000000000002B
S21401F7D8000000000000000000000000000000001B
S21401F7E8000000000000000000000000000000000B
S21401F7F800000000000000000000000000000000FB
S21401F80800000000000000000000000000000000EA
S21401F81800000000000000000000000000000000DA
S21401F82800000000000000000000000000000000CA
S21401F83800000000000000000000000000000000BA
S21401F84800000000000000000000000000000000AA
S21401F858000000000000000000000000000000009A
S21401F868000000000000000000000000000000008A
S21401F878000000000000000000000000000000007A
S21401F888000000000000000000000000000000006A
S21401F898000000000000000000000000000000005A
S21401F8A8000000000000000000000000000000004A
S21401F8B8000000000000000000000000000000003A
S21401F8C8000000000000000000000000000000002A
S21401F8D8000000000000000000000000000000001A
S21401F8E8000000000000000000000000000000000A
S21401F8F800000000000000000000000000000000FA
S21401F90800000000000000000000000000000000E9
S21401F91800000000000000000000000000000000D9
S21401F92800000000000000000000000000000000C9
S21401F93800000000000000000000000000000000B9
S21401F94800000000000000000000000000000000A9
S21401F9580000000000000000000000000000000099
S21401F9680000000000000000000000000000000089
S21401F9780000000000000000000000000000000079
S21401F9880000000000000000000000000000000069
S21401F9980000000000000000000000000000000059
S21401F9A80000000000000000000000000000000049
S21401F9B80000000000000000000000000000000039
S21401F9C80000000000000000000000000000000029
S21401F9D80000000000000000000000000000000019
S21401F9E80000000000000000000000000000000009
S21401F9F800000000000000000000000000000000F9
S21401FA0800000000000000000000000000000000E8
S21401FA1800000000000000000000000000000000D8
S21401FA2800000000000000000000000000000000C8
S21401FA3800000000000000000000000000000000B8
S21401FA4800000000000000000000000000000000A8
S21401FA580000000000000000000000000000000098
S21401FA680000000000000000000000000000000088
S21401FA780000000000000000000000000000000078
S21401FA880000000000000000000000000000000068
S21401FA980000000000000000000000000000000058
S21401FAA80000000000000000000000000000000048
S21401FAB80000000000000000000000000000000038
S21401FAC80000000000000000000000000000000028
S21401FAD80000000000000000000000000000000018
S21401FAE80000000000000000000000000000000008
S21401FAF800000000000000000000000000000000F8
S21401FB0800000000000000000000000000000000E7
S21401FB1800000000000000000000000000000000D7
S21401FB2800000000000000000000000000000000C7
S21401FB3800000000000000000000000000000000B7
S21401FB4800000000000000000000000000000000A7
S21401FB580000000000000000000000000000000097
S21401FB680000000000000000000000000000000087
S21401FB780000000000000000000000000000000077
S21401FB880000000000000000000000000000000067
S21401FB980000000000000000000000000000000057
S21401FBA80000000000000000000000000000000047
S21401FBB80000000000000000000000000000000037
S21401FBC80000000000000000000000000000000027
S21401FBD80000000000000000000000000000000017
S21401FBE80000000000000000000000000000000007
S21401FBF800000000000000000000000000000000F7
S21401FC0800000000000000000000000000000000E6
S21401FC1800000000000000000000000000000000D6
S21401FC2800000000000000000000000000000000C6
S21401FC3800000000000000000000000000000000B6
S21401FC4800000000000000000000000000000000A6
S21401FC580000000000000000000000000000000096
S21401FC680000000000000000000000000000000086
S21401FC780000000000000000000000000000000076
S21401FC880000000000000000000000000000000066
S21401FC980000000000000000000000000000000056
S21401FCA80000000000000000000000000000000046
S21401FCB80000000000000000000000000000000036
S21401FCC80000000000000000000000000000000026
S21401FCD80000000000000000000000000000000016
S21401FCE80000000000000000000000000000000006
S21401FCF800000000000000000000000000000000F6
S21401FD0800000000000000000000000000000000E5
S21401FD1800000000000000000000000000000000D5
S21401FD2800000000000000000000000000000000C5
S21401FD3800000000000000000000000000000000B5
S21401FD4800000000000000000000000000000000A5
S21401FD580000000000000000000000000000000095
S21401FD680000000000000000000000000000000085
S21401FD780000000000000000000000000000000075
S21401FD880000000000000000000000000000000065
S21401FD980000000000000000000000000000000055
S21401FDA80000000000000000000000000000000045
S21401FDB80000000000000000000000000000000035
S21401FDC80000000000000000000000000000000025
S21401FDD80000000000000000000000000000000015
S21401FDE80000000000000000000000000000000005
S21401FDF800000000000000000000000000000000F5
S21401FE0800000000000000000000000000000000E4
S21401FE1800000000000000000000000000000000D4
S21401FE2800000000000000000000000000000000C4
S21401FE3800000000000000000000000000000000B4
S21401FE4800000000000000000000000000000000A4
S21401FE580000000000000000000000000000000094
S21401FE680000000000000000000000000000000084
S21401FE780000000000000000000000000000000074
S21401FE880000000000000000000000000000000064
S21401FE980000000000000000000000000000000054
S21401FEA80000000000000000000000000000000044
S21401FEB80000000000000000000000000000000034
S21401FEC80000000000000000000000000000000024
S21401FED80000000000000000000000000000000014
S21401FEE80000000000000000000000000000000004
S21401FEF800000000000000000000000000000000F4
S21401FF0800000000000000000000000000000000E3
S21401FF1800000000000000000000000000000000D3
S21401FF2800000000000000000000000000000000C3
S21401FF3800000000000000000000000000000000B3
S21401FF4800000000000000000000000000000000A3
S21401FF580000000000000000000000000000000093
S21401FF680000000000000000000000000000000083
S21401FF780000000000000000000000000000000073
S21401FF880000000000000000000000000000000063
S21401FF980000000000000000000000000000000053
S21401FFA80000000000000000000000000000000043
S21401FFB80000000000000000000000000000000033
S21401FFC80000000000000000000000000000000023
S21401FFD80000000000000000000000000000000013
S21401FFE80000000000000000000000000000000003
S20C01FFF80000000000000000FB
S214020000B7D70D60370703009387E7AF2322F700C1
S214020010930710002320F70067800000000000000E
S2080200200000F8FFDE
S21402002400000000000000000000000000000000C5
S21402003400000000000000000000000000000000B5
S21402004400000000000000000000000000000000A5
S2140200540000000000000000000000000000000095
S2140200640000000000000000000000000000000085
S2140200740000000000000000000000000000000075
S2140200840000000000000000000000000000000065
S2140200940000000000000000000000000000000055
S2140200A40000000000000000000000000000000045
S2140200B40000000000000000000000000000000035
S2140200C40000000000000000000000000000000025
S2140200D40000000000000000000000000000000015
S2140200E40000000000000000000000000000000005
S2140200F400000000000000000000000000000000F5
S21402010400000000000000000000000000000000E4
S21402011400000000000000000000000000000000D4
S21402012400000000000000000000000000000000C4
S21402013400000000000000000000000000000000B4
S21402014400000000000000000000000000000000A4
S2140201540000000000000000000000000000000094
S2140201640000000000000000000000000000000084
S2140201740000000000000000000000000000000074
S2140201840000000000000000000000000000000064
S2140201940000000000000000000000000000000054
S2140201A40000000000000000000000000000000044
S2140201B40000000000000000000000000000000034
S2140201C40000000000000000000000000000000024
S2140201D40000000000000000000000000000000014
S2140201E40000000000000000000000000000000004
S2140201F400000000000000000000000000000000F4
S21402020400000000000000000000000000000000E3
S21402021400000000000000000000000000000000D3
S21402022400000000000000000000000000000000C3
S21402023400000000000000000000000000000000B3
S21402024400000000000000000000000000000000A3
S2140202540000000000000000000000000000000093
S2140202640000000000000000000000000000000083
S2140202740000000000000000000000000000000073
S2140202840000000000000000000000000000000063
S2140202940000000000000000000000000000000053
S2140202A40000000000000000000000000000000043
S2140202B40000000000000000000000000000000033
S2140202C40000000000000000000000000000000023
S2140202D40000000000000000000000000000000013
S2140202E40000000000000000000000000000000003
S2140202F400000000000000000000000000000000F3
S21402030400000000000000000000000000000000E2
S21402031400000000000000000000000000000000D2
S21402032400000000000000000000000000000000C2
S21402033400000000000000000000000000000000B2
S21402034400000000000000000000000000000000A2
S2140203540000000000000000000000000000000092
S2140203640000000000000000000000000000000082
S2140203740000000000000000000000000000000072
S2140203840000000000000000000000000000000062
S2140203940000000000000000000000000000000052
S2140203A40000000000000000000000000000000042
S2140203B40000000000000000000000000000000032
S2140203C40000000000000000000000000000000022
S2140203D40000000000000000000000000000000012
S2140203E40000000000000000000000000000000002
S2140203F400000000000000000000000000000000F2
S21402040400000000000000000000000000000000E1
S21402041400000000000000000000000000000000D1
S21402042400000000000000000000000000000000C1
S21402043400000000000000000000000000000000B1
S21402044400000000000000000000000000000000A1
S2140204540000000000000000000000000000000091
S2140204640000000000000000000000000000000081
S2140204740000000000000000000000000000000071
S2140204840000000000000000000000000000000061
S2140204940000000000000000000000000000000051
S2140204A40000000000000000000000000000000041
S2140204B40000000000000000000000000000000031
S2140204C40000000000000000000000000000000021
S2140204D40000000000000000000000000000000011
S2140204E40000000000000000000000000000000001
S2140204F400000000000000000000000000000000F1
S21402050400000000000000000000000000000000E0
S21402051400000000000000000000000000000000D0
S21402052400000000000000000000000000000000C0
S21402053400000000000000000000000000000000B0
S21402054400000000000000000000000000000000A0
S2140205540000000000000000000000000000000090
S2140205640000000000000000000000000000000080
S2140205740000000000000000000000000000000070
S2140205840000000000000000000000000000000060
S2140205940000000000000000000000000000000050
S2140205A40000000000000000000000000000000040
S2140205B40000000000000000000000000000000030
S2140205C40000000000000000000000000000000020
S2140205D40000000000000000000000000000000010
S2140205E40000000000000000000000000000000000
S2140205F400000000000000000000000000000000F0
S21402060400000000000000000000000000000000DF
S21402061400000000000000000000000000000000CF
S21402062400000000000000000000000000000000BF
S21402063400000000000000000000000000000000AF
S214020644000000000000000000000000000000009F
S214020654000000000000000000000000000000008F
S214020664000000000000000000000000000000007F
S214020674000000000000000000000000000000006F
S214020684000000000000000000000000000000005F
S214020694000000000000000000000000000000004F
S2140206A4000000000000000000000000000000003F
S2140206B4000000000000000000000000000000002F
S2140206C4000000000000000000000000000000001F
S2140206D4000000000000000000000000000000000F
S2140206E400000000000000000000000000000000FF
S2140206F400000000000000000000000000000000EF
S21402070400000000000000000000000000000000DE
S21402071400000000000000000000000000000000CE
S21402072400000000000000000000000000000000BE
S21402073400000000000000000000000000000000AE
S214020744000000000000000000000000000000009E
S214020754000000000000000000000000000000008E
S214020764000000000000000000000000000000007E
S214020774000000000000000000000000000000006E
S214020784000000000000000000000000000000005E
S214020794000000000000000000000000000000004E
S2140207A4000000000000000000000000000000003E
S2140207B4000000000000000000000000000000002E
S2140207C4000000000000000000000000000000001E
S2140207D4000000000000000000000000000000000E
S2140207E400000000000000000000000000000000FE
S2140207F400000000000000000000000000000000EE
S21402080400000000000000000000000000000000DD
S21402081400000000000000000000000000000000CD
S21402082400000000000000000000000000000000BD
S21402083400000000000000000000000000000000AD
S214020844000000000000000000000000000000009D
S214020854000000000000000000000000000000008D
S214020864000000000000000000000000000000007D
S214020874000000000000000000000000000000006D
S214020884000000000000000000000000000000005D
S214020894000000000000000000000000000000004D
S2140208A4000000000000000000000000000000003D
S2140208B4000000000000000000000000000000002D
S2140208C4000000000000000000000000000000001D
S2140208D4000000000000000000000000000000000D
S2140208E400000000000000000000000000000000FD
S2140208F400000000000000000000000000000000ED
S21402090400000000000000000000000000000000DC
S21402091400000000000000000000000000000000CC
S21402092400000000000000000000000000000000BC
S21402093400000000000000000000000000000000AC
S214020944000000000000000000000000000000009C
S214020954000000000000000000000000000000008C
S214020964000000000000000000000000000000007C
S214020974000000000000000000000000000000006C
S214020984000000000000000000000000000000005C
S214020994000000000000000000000000000000004C
S2140209A4000000000000000000000000000000003C
S2140209B4000000000000000000000000000000002C
S2140209C4000000000000000000000000000000001C
S2140209D4000000000000000000000000000000000C
S2140209E400000000000000000000000000000000FC
S2140209F400000000000000000000000000000000EC
S214020A0400000000000000000000000000000000DB
S214020A1400000000000000000000000000000000CB
S214020A2400000000000000000000000000000000BB
S214020A3400000000000000000000000000000000AB
S214020A44000000000000000000000000000000009B
S214020A54000000000000000000000000000000008B
S214020A64000000000000000000000000000000007B
S214020A74000000000000000000000000000000006B
S214020A84000000000000000000000000000000005B
S214020A94000000000000000000000000000000004B
S214020AA4000000000000000000000000000000003B
S214020AB4000000000000000000000000000000002B
S214020AC4000000000000000000000000000000001B
S214020AD4000000000000000000000000000000000B
S214020AE400000000000000000000000000000000FB
S214020AF400000000000000000000000000000000EB
S214020B0400000000000000000000000000000000DA
S214020B1400000000000000000000000000000000CA
S214020B2400000000000000000000000000000000BA
S214020B3400000000000000000000000000000000AA
S214020B44000000000000000000000000000000009A
S214020B54000000000000000000000000000000008A
S214020B64000000000000000000000000000000007A
S214020B74000000000000000000000000000000006A
S214020B84000000000000000000000000000000005A
S214020B94000000000000000000000000000000004A
S214020BA4000000000000000000000000000000003A
S214020BB4000000000000000000000000000000002A
S214020BC4000000000000000000000000000000001A
S214020BD4000000000000000000000000000000000A
S214020BE400000000000000000000000000000000FA
S214020BF400000000000000000000000000000000EA
S214020C0400000000000000000000000000000000D9
S214020C1400000000000000000000000000000000C9
S214020C2400000000000000000000000000000000B9
S214020C3400000000000000000000000000000000A9
S214020C440000000000000000000000000000000099
S214020C540000000000000000000000000000000089
S214020C640000000000000000000000000000000079
S214020C740000000000000000000000000000000069
S214020C840000000000000000000000000000000059
S214020C940000000000000000000000000000000049
S214020CA40000000000000000000000000000000039
S214020CB40000000000000000000000000000000029
S214020CC40000000000000000000000000000000019
S214020CD40000000000000000000000000000000009
S214020CE400000000000000000000000000000000F9
S214020CF400000000000000000000000000000000E9
S214020D0400000000000000000000000000000000D8
S214020D1400000000000000000000000000000000C8
S214020D2400000000000000000000000000000000B8
S214020D3400000000000000000000000000000000A8
S214020D440000000000000000000000000000000098
S214020D540000000000000000000000000000000088
S214020D640000000000000000000000000000000078
S214020D740000000000000000000000000000000068
S214020D840000000000000000000000000000000058
S214020D940000000000000000000000000000000048
S214020DA40000000000000000000000000000000038
S214020DB40000000000000000000000000000000028
S214020DC40000000000000000000000000000000018
S214020DD40000000000000000000000000000000008
S214020DE400000000000000000000000000000000F8
S214020DF400000000000000000000000000000000E8
S214020E0400000000000000000000000000000000D7
S214020E1400000000000000000000000000000000C7
S214020E2400000000000000000000000000000000B7
S214020E3400000000000000000000000000000000A7
S214020E440000000000000000000000000000000097
S214020E540000000000000000000000000000000087
S214020E640000000000000000000000000000000077
S214020E740000000000000000000000000000000067
S214020E840000000000000000000000000000000057
S214020E940000000000000000000000000000000047
S214020EA40000000000000000000000000000000037
S214020EB40000000000000000000000000000000027
S214020EC40000000000000000000000000000000017
S214020ED40000000000000000000000000000000007
S214020EE400000000000000000000000000000000F7
S214020EF400000000000000000000000000000000E7
S214020F0400000000000000000000000000000000D6
S214020F1400000000000000000000000000000000C6
S214020F2400000000000000000000000000000000B6
S214020F3400000000000000000000000000000000A6
S214020F440000000000000000000000000000000096
S214020F540000000000000000000000000000000086
S214020F640000000000000000000000000000000076
S214020F740000000000000000000000000000000066
S214020F840000000000000000000000000000000056
S214020F940000000000000000000000000000000046
S214020FA40000000000000000000000000000000036
S214020FB40000000000000000000000000000000026
S214020FC40000000000000000000000000000000016
S214020FD40000000000000000000000000000000006
S214020FE400000000000000000000000000000000F6
S214020FF400000000000000000000000000000000E6
S21402100400000000000000000000000000000000D5
S21402101400000000000000000000000000000000C5
S21402102400000000000000000000000000000000B5
S21402103400000000000000000000000000000000A5
S2140210440000000000000000000000000000000095
S2140210540000000000000000000000000000000085
S2140210640000000000000000000000000000000075
S2140210740000000000000000000000000000000065
S2140210840000000000000000000000000000000055
S2140210940000000000000000000000000000000045
S2140210A40000000000000000000000000000000035
S2140210B40000000000000000000000000000000025
S2140210C40000000000000000000000000000000015
S2140210D40000000000000000000000000000000005
S2140210E400000000000000000000000000000000F5
S2140210F400000000000000000000000000000000E5
S21402110400000000000000000000000000000000D4
S21402111400000000000000000000000000000000C4
S21402112400000000000000000000000000000000B4
S21402113400000000000000000000000000000000A4
S2140211440000000000000000000000000000000094
S2140211540000000000000000000000000000000084
S2140211640000000000000000000000000000000074
S2140211740000000000000000000000000000000064
S2140211840000000000000000000000000000000054
S2140211940000000000000000000000000000000044
S2140211A40000000000000000000000000000000034
S2140211B40000000000000000000000000000000024
S2140211C40000000000000000000000000000000014
S2140211D40000000000000000000000000000000004
S2140211E400000000000000000000000000000000F4
S2140211F400000000000000000000000000000000E4
S21402120400000000000000000000000000000000D3
S21402121400000000000000000000000000000000C3
S21402122400000000000000000000000000000000B3
S21402123400000000000000000000000000000000A3
S2140212440000000000000000000000000000000093
S2140212540000000000000000000000000000000083
S2140212640000000000000000000000000000000073
S2140212740000000000000000000000000000000063
S2140212840000000000000000000000000000000053
S2140212940000000000000000000000000000000043
S2140212A40000000000000000000000000000000033
S2140212B40000000000000000000000000000000023
S2140212C40000000000000000000000000000000013
S2140212D40000000000000000000000000000000003
S2140212E400000000000000000000000000000000F3
S2140212F400000000000000000000000000000000E3
S21402130400000000000000000000000000000000D2
S21402131400000000000000000000000000000000C2
S21402132400000000000000000000000000000000B2
S21402133400000000000000000000000000000000A2
S2140213440000000000000000000000000000000092
S2140213540000000000000000000000000000000082
S2140213640000000000000000000000000000000072
S2140213740000000000000000000000000000000062
S2140213840000000000000000000000000000000052
S2140213940000000000000000000000000000000042
S2140213A40000000000000000000000000000000032
S2140213B40000000000000000000000000000000022
S2140213C40000000000000000000000000000000012
S2140213D40000000000000000000000000000000002
S2140213E400000000000000000000000000000000F2
S2140213F400000000000000000000000000000000E2
S21402140400000000000000000000000000000000D1
S21402141400000000000000000000000000000000C1
S21402142400000000000000000000000000000000B1
S21402143400000000000000000000000000000000A1
S2140214440000000000000000000000000000000091
S2140214540000000000000000000000000000000081
S2140214640000000000000000000000000000000071
S2140214740000000000000000000000000000000061
S2140214840000000000000000000000000000000051
S2140214940000000000000000000000000000000041
S2140214A40000000000000000000000000000000031
S2140214B40000000000000000000000000000000021
S2140214C40000000000000000000000000000000011
S2140214D40000000000000000000000000000000001
S2140214E400000000000000000000000000000000F1
S2140214F400000000000000000000000000000000E1
S21402150400000000000000000000000000000000D0
S21402151400000000000000000000000000000000C0
S21402152400000000000000000000000000000000B0
S21402153400000000000000000000000000000000A0
S2140215440000000000000000000000000000000090
S2140215540000000000000000000000000000000080
S2140215640000000000000000000000000000000070
S2140215740000000000000000000000000000000060
S2140215840000000000000000000000000000000050
S2140215940000000000000000000000000000000040
S2140215A40000000000000000000000000000000030
S2140215B40000000000000000000000000000000020
S2140215C40000000000000000000000000000000010
S2140215D40000000000000000000000000000000000
S2140215E400000000000000000000000000000000F0
S2140215F400000000000000000000000000000000E0
S21402160400000000000000000000000000000000CF
S21402161400000000000000000000000000000000BF
S21402162400000000000000000000000000000000AF
S214021634000000000000000000000000000000009F
S214021644000000000000000000000000000000008F
S214021654000000000000000000000000000000007F
S214021664000000000000000000000000000000006F
S214021674000000000000000000000000000000005F
S214021684000000000000000000000000000000004F
S214021694000000000000000000000000000000003F
S2140216A4000000000000000000000000000000002F
S2140216B4000000000000000000000000000000001F
S2140216C4000000000000000000000000000000000F
S2140216D400000000000000000000000000000000FF
S2140216E400000000000000000000000000000000EF
S2140216F400000000000000000000000000000000DF
S21402170400000000000000000000000000000000CE
S21402171400000000000000000000000000000000BE
S21402172400000000000000000000000000000000AE
S214021734000000000000000000000000000000009E
S214021744000000000000000000000000000000008E
S214021754000000000000000000000000000000007E
S214021764000000000000000000000000000000006E
S214021774000000000000000000000000000000005E
S214021784000000000000000000000000000000004E
S214021794000000000000000000000000000000003E
S2140217A4000000000000000000000000000000002E
S2140217B4000000000000000000000000000000001E
S2140217C4000000000000000000000000000000000E
S2140217D400000000000000000000000000000000FE
S2140217E400000000000000000000000000000000EE
S2140217F400000000000000000000000000000000DE
S21402180400000000000000000000000000000000CD
S21402181400000000000000000000000000000000BD
S21402182400000000000000000000000000000000AD
S214021834000000000000000000000000000000009D
S214021844000000000000000000000000000000008D
S214021854000000000000000000000000000000007D
S214021864000000000000000000000000000000006D
S214021874000000000000000000000000000000005D
S214021884000000000000000000000000000000004D
S214021894000000000000000000000000000000003D
S2140218A4000000000000000000000000000000002D
S2140218B4000000000000000000000000000000001D
S2140218C4000000000000000000000000000000000D
S2140218D400000000000000000000000000000000FD
S2140218E400000000000000000000000000000000ED
S2140218F400000000000000000000000000000000DD
S21402190400000000000000000000000000000000CC
S21402191400000000000000000000000000000000BC
S21402192400000000000000000000000000000000AC
S214021934000000000000000000000000000000009C
S214021944000000000000000000000000000000008C
S214021954000000000000000000000000000000007C
S214021964000000000000000000000000000000006C
S214021974000000000000000000000000000000005C
S214021984000000000000000000000000000000004C
S214021994000000000000000000000000000000003C
S2140219A4000000000000000000000000000000002C
S2140219B4000000000000000000000000000000001C
S2140219C4000000000000000000000000000000000C
S2140219D400000000000000000000000000000000FC
S2140219E400000000000000000000000000000000EC
S2140219F400000000000000000000000000000000DC
S214021A0400000000000000000000000000000000CB
S214021A1400000000000000000000000000000000BB
S214021A2400000000000000000000000000000000AB
S214021A34000000000000000000000000000000009B
S214021A44000000000000000000000000000000008B
S214021A54000000000000000000000000000000007B
S214021A64000000000000000000000000000000006B
S214021A74000000000000000000000000000000005B
S214021A84000000000000000000000000000000004B
S214021A94000000000000000000000000000000003B
S214021AA4000000000000000000000000000000002B
S214021AB4000000000000000000000000000000001B
S214021AC4000000000000000000000000000000000B
S214021AD400000000000000000000000000000000FB
S214021AE400000000000000000000000000000000EB
S214021AF400000000000000000000000000000000DB
S214021B0400000000000000000000000000000000CA
S214021B1400000000000000000000000000000000BA
S214021B2400000000000000000000000000000000AA
S214021B34000000000000000000000000000000009A
S214021B44000000000000000000000000000000008A
S214021B54000000000000000000000000000000007A
S214021B64000000000000000000000000000000006A
S214021B74000000000000000000000000000000005A
S214021B84000000000000000000000000000000004A
S214021B94000000000000000000000000000000003A
S214021BA4000000000000000000000000000000002A
S214021BB4000000000000000000000000000000001A
S214021BC4000000000000000000000000000000000A
S214021BD400000000000000000000000000000000FA
S214021BE400000000000000000000000000000000EA
S214021BF400000000000000000000000000000000DA
S214021C0400000000000000000000000000000000C9
S214021C1400000000000000000000000000000000B9
S214021C2400000000000000000000000000000000A9
S214021C340000000000000000000000000000000099
S214021C440000000000000000000000000000000089
S214021C540000000000000000000000000000000079
S214021C640000000000000000000000000000000069
S214021C740000000000000000000000000000000059
S214021C840000000000000000000000000000000049
S214021C940000000000000000000000000000000039
S214021CA40000000000000000000000000000000029
S214021CB40000000000000000000000000000000019
S214021CC40000000000000000000000000000000009
S214021CD400000000000000000000000000000000F9
S214021CE400000000000000000000000000000000E9
S214021CF400000000000000000000000000000000D9
S214021D0400000000000000000000000000000000C8
S214021D1400000000000000000000000000000000B8
S214021D2400000000000000000000000000000000A8
S214021D340000000000000000000000000000000098
S214021D440000000000000000000000000000000088
S214021D540000000000000000000000000000000078
S214021D640000000000000000000000000000000068
S214021D740000000000000000000000000000000058
S214021D840000000000000000000000000000000048
S214021D940000000000000000000000000000000038
S214021DA40000000000000000000000000000000028
S214021DB40000000000000000000000000000000018
S214021DC40000000000000000000000000000000008
S214021DD400000000000000000000000000000000F8
S214021DE400000000000000000000000000000000E8
S214021DF400000000000000000000000000000000D8
S214021E0400000000000000000000000000000000C7
S214021E1400000000000000000000000000000000B7
S214021E2400000000000000000000000000000000A7
S214021E340000000000000000000000000000000097
S214021E440000000000000000000000000000000087
S214021E540000000000000000000000000000000077
S214021E640000000000000000000000000000000067
S214021E740000000000000000000000000000000057
S214021E840000000000000000000000000000000047
S214021E940000000000000000000000000000000037
S214021EA40000000000000000000000000000000027
S214021EB40000000000000000000000000000000017
S214021EC40000000000000000000000000000000007
S214021ED400000000000000000000000000000000F7
S214021EE400000000000000000000000000000000E7
S214021EF400000000000000000000000000000000D7
S214021F0400000000000000000000000000000000C6
S214021F1400000000000000000000000000000000B6
S214021F2400000000000000000000000000000000A6
S214021F340000000000000000000000000000000096
S214021F440000000000000000000000000000000086
S214021F540000000000000000000000000000000076
S214021F640000000000000000000000000000000066
S214021F740000000000000000000000000000000056
S214021F840000000000000000000000000000000046
S214021F940000000000000000000000000000000036
S214021FA40000000000000000000000000000000026
S214021FB40000000000000000000000000000000016
S214021FC40000000000000000000000000000000006
S214021FD400000000000000000000000000000000F6
S214021FE400000000000000000000000000000000E6
S214021FF400000000000000000000000000000000D6
S21402200400000000000000000000000000000000C5
S21402201400000000000000000000000000000000B5
S21402202400000000000000000000000000000000A5
S2140220340000000000000000000000000000000095
S2140220440000000000000000000000000000000085
S2140220540000000000000000000000000000000075
S2140220640000000000000000000000000000000065
S2140220740000000000000000000000000000000055
S2140220840000000000000000000000000000000045
S2140220940000000000000000000000000000000035
S2140220A40000000000000000000000000000000025
S2140220B40000000000000000000000000000000015
S2140220C40000000000000000000000000000000005
S2140220D400000000000000000000000000000000F5
S2140220E400000000000000000000000000000000E5
S2140220F400000000000000000000000000000000D5
S21402210400000000000000000000000000000000C4
S21402211400000000000000000000000000000000B4
S21402212400000000000000000000000000000000A4
S2140221340000000000000000000000000000000094
S2140221440000000000000000000000000000000084
S2140221540000000000000000000000000000000074
S2140221640000000000000000000000000000000064
S2140221740000000000000000000000000000000054
S2140221840000000000000000000000000000000044
S2140221940000000000000000000000000000000034
S2140221A40000000000000000000000000000000024
S2140221B40000000000000000000000000000000014
S2140221C40000000000000000000000000000000004
S2140221D400000000000000000000000000000000F4
S2140221E400000000000000000000000000000000E4
S2140221F400000000000000000000000000000000D4
S21402220400000000000000000000000000000000C3
S21402221400000000000000000000000000000000B3
S21402222400000000000000000000000000000000A3
S2140222340000000000000000000000000000000093
S2140222440000000000000000000000000000000083
S2140222540000000000000000000000000000000073
S2140222640000000000000000000000000000000063
S2140222740000000000000000000000000000000053
S2140222840000000000000000000000000000000043
S2140222940000000000000000000000000000000033
S2140222A40000000000000000000000000000000023
S2140222B40000000000000000000000000000000013
S2140222C40000000000000000000000000000000003
S2140222D400000000000000000000000000000000F3
S2140222E400000000000000000000000000000000E3
S2140222F400000000000000000000000000000000D3
S21402230400000000000000000000000000000000C2
S21402231400000000000000000000000000000000B2
S21402232400000000000000000000000000000000A2
S2140223340000000000000000000000000000000092
S2140223440000000000000000000000000000000082
S2140223540000000000000000000000000000000072
S2140223640000000000000000000000000000000062
S2140223740000000000000000000000000000000052
S2140223840000000000000000000000000000000042
S2140223940000000000000000000000000000000032
S2140223A40000000000000000000000000000000022
S2140223B40000000000000000000000000000000012
S2140223C40000000000000000000000000000000002
S2140223D400000000000000000000000000000000F2
S2140223E400000000000000000000000000000000E2
S2140223F400000000000000000000000000000000D2
S21402240400000000000000000000000000000000C1
S21402241400000000000000000000000000000000B1
S21402242400000000000000000000000000000000A1
S2140224340000000000000000000000000000000091
S2140224440000000000000000000000000000000081
S2140224540000000000000000000000000000000071
S2140224640000000000000000000000000000000061
S2140224740000000000000000000000000000000051
S2140224840000000000000000000000000000000041
S2140224940000000000000000000000000000000031
S2140224A40000000000000000000000000000000021
S2140224B40000000000000000000000000000000011
S2140224C40000000000000000000000000000000001
S2140224D400000000000000000000000000000000F1
S2140224E400000000000000000000000000000000E1
S2140224F400000000000000000000000000000000D1
S21402250400000000000000000000000000000000C0
S21402251400000000000000000000000000000000B0
S21402252400000000000000000000000000000000A0
S2140225340000000000000000000000000000000090
S2140225440000000000000000000000000000000080
S2140225540000000000000000000000000000000070
S2140225640000000000000000000000000000000060
S2140225740000000000000000000000000000000050
S2140225840000000000000000000000000000000040
S2140225940000000000000000000000000000000030
S2140225A40000000000000000000000000000000020
S2140225B40000000000000000000000000000000010
S2140225C40000000000000000000000000000000000
S2140225D400000000000000000000000000000000F0
S2140225E400000000000000000000000000000000E0
S2140225F400000000000000000000000000000000D0
S21402260400000000000000000000000000000000BF
S21402261400000000000000000000000000000000AF
S214022624000000000000000000000000000000009F
S214022634000000000000000000000000000000008F
S214022644000000000000000000000000000000007F
S214022654000000000000000000000000000000006F
S214022664000000000000000000000000000000005F
S214022674000000000000000000000000000000004F
S214022684000000000000000000000000000000003F
S214022694000000000000000000000000000000002F
S2140226A4000000000000000000000000000000001F
S2140226B4000000000000000000000000000000000F
S2140226C400000000000000000000000000000000FF
S2140226D400000000000000000000000000000000EF
S2140226E400000000000000000000000000000000DF
S2140226F400000000000000000000000000000000CF
S21402270400000000000000000000000000000000BE
S21402271400000000000000000000000000000000AE
S214022724000000000000000000000000000000009E
S214022734000000000000000000000000000000008E
S214022744000000000000000000000000000000007E
S214022754000000000000000000000000000000006E
S214022764000000000000000000000000000000005E
S214022774000000000000000000000000000000004E
S214022784000000000000000000000000000000003E
S214022794000000000000000000000000000000002E
S2140227A4000000000000000000000000000000001E
S2140227B4000000000000000000000000000000000E
S2140227C400000000000000000000000000000000FE
S2140227D400000000000000000000000000000000EE
S2140227E400000000000000000000000000000000DE
S2140227F400000000000000000000000000000000CE
S21402280400000000000000000000000000000000BD
S21402281400000000000000000000000000000000AD
S214022824000000000000000000000000000000009D
S214022834000000000000000000000000000000008D
S214022844000000000000000000000000000000007D
S214022854000000000000000000000000000000006D
S214022864000000000000000000000000000000005D
S214022874000000000000000000000000000000004D
S214022884000000000000000000000000000000003D
S214022894000000000000000000000000000000002D
S2140228A4000000000000000000000000000000001D
S2140228B4000000000000000000000000000000000D
S2140228C400000000000000000000000000000000FD
S2140228D400000000000000000000000000000000ED
S2140228E400000000000000000000000000000000DD
S2140228F400000000000000000000000000000000CD
S21402290400000000000000000000000000000000BC
S21402291400000000000000000000000000000000AC
S214022924000000000000000000000000000000009C
S214022934000000000000000000000000000000008C
S214022944000000000000000000000000000000007C
S214022954000000000000000000000000000000006C
S214022964000000000000000000000000000000005C
S214022974000000000000000000000000000000004C
S214022984000000000000000000000000000000003C
S214022994000000000000000000000000000000002C
S2140229A4000000000000000000000000000000001C
S2140229B4000000000000000000000000000000000C
S2140229C400000000000000000000000000000000FC
S2140229D400000000000000000000000000000000EC
S2140229E400000000000000000000000000000000DC
S2140229F400000000000000000000000000000000CC
S214022A0400000000000000000000000000000000BB
S214022A1400000000000000000000000000000000AB
S214022A24000000000000000000000000000000009B
S214022A34000000000000000000000000000000008B
S214022A44000000000000000000000000000000007B
S214022A54000000000000000000000000000000006B
S214022A64000000000000000000000000000000005B
S214022A74000000000000000000000000000000004B
S214022A84000000000000000000000000000000003B
S214022A94000000000000000000000000000000002B
S214022AA4000000000000000000000000000000001B
S214022AB4000000000000000000000000000000000B
S214022AC400000000000000000000000000000000FB
S214022AD400000000000000000000000000000000EB
S214022AE400000000000000000000000000000000DB
S214022AF400000000000000000000000000000000CB
S214022B0400000000000000000000000000000000BA
S214022B1400000000000000000000000000000000AA
S214022B24000000000000000000000000000000009A
S214022B34000000000000000000000000000000008A
S214022B44000000000000000000000000000000007A
S214022B54000000000000000000000000000000006A
S214022B64000000000000000000000000000000005A
S214022B74000000000000000000000000000000004A
S214022B84000000000000000000000000000000003A
S214022B94000000000000000000000000000000002A
S214022BA4000000000000000000000000000000001A
S214022BB4000000000000000000000000000000000A
S214022BC400000000000000000000000000000000FA
S214022BD400000000000000000000000000000000EA
S214022BE400000000000000000000000000000000DA
S214022BF400000000000000000000000000000000CA
S214022C0400000000000000000000000000000000B9
S214022C1400000000000000000000000000000000A9
S214022C240000000000000000000000000000000099
S214022C340000000000000000000000000000000089
S214022C440000000000000000000000000000000079
S214022C540000000000000000000000000000000069
S214022C640000000000000000000000000000000059
S214022C740000000000000000000000000000000049
S214022C840000000000000000000000000000000039
S214022C940000000000000000000000000000000029
S214022CA40000000000000000000000000000000019
S214022CB40000000000000000000000000000000009
S214022CC400000000000000000000000000000000F9
S214022CD400000000000000000000000000000000E9
S214022CE400000000000000000000000000000000D9
S214022CF400000000000000000000000000000000C9
S214022D0400000000000000000000000000000000B8
S214022D1400000000000000000000000000000000A8
S214022D240000000000000000000000000000000098
S214022D340000000000000000000000000000000088
S214022D440000000000000000000000000000000078
S214022D540000000000000000000000000000000068
S214022D640000000000000000000000000000000058
S214022D740000000000000000000000000000000048
S214022D840000000000000000000000000000000038
S214022D940000000000000000000000000000000028
S214022DA40000000000000000000000000000000018
S214022DB40000000000000000000000000000000008
S214022DC400000000000000000000000000000000F8
S214022DD400000000000000000000000000000000E8
S214022DE400000000000000000000000000000000D8
S214022DF400000000000000000000000000000000C8
S214022E0400000000000000000000000000000000B7
S214022E1400000000000000000000000000000000A7
S214022E240000000000000000000000000000000097
S214022E340000000000000000000000000000000087
S214022E440000000000000000000000000000000077
S214022E540000000000000000000000000000000067
S214022E640000000000000000000000000000000057
S214022E740000000000000000000000000000000047
S214022E840000000000000000000000000000000037
S214022E940000000000000000000000000000000027
S214022EA40000000000000000000000000000000017
S214022EB40000000000000000000000000000000007
S214022EC400000000000000000000000000000000F7
S214022ED400000000000000000000000000000000E7
S214022EE400000000000000000000000000000000D7
S214022EF400000000000000000000000000000000C7
S214022F0400000000000000000000000000000000B6
S214022F1400000000000000000000000000000000A6
S214022F240000000000000000000000000000000096
S214022F340000000000000000000000000000000086
S214022F440000000000000000000000000000000076
S214022F540000000000000000000000000000000066
S214022F640000000000000000000000000000000056
S214022F740000000000000000000000000000000046
S214022F840000000000000000000000000000000036
S214022F940000000000000000000000000000000026
S214022FA40000000000000000000000000000000016
S214022FB40000000000000000000000000000000006
S214022FC400000000000000000000000000000000F6
S214022FD400000000000000000000000000000000E6
S214022FE400000000000000000000000000000000D6
S214022FF400000000000000000000000000000000C6
S21402300400000000000000000000000000000000B5
S21402301400000000000000000000000000000000A5
S2140230240000000000000000000000000000000095
S2140230340000000000000000000000000000000085
S2140230440000000000000000000000000000000075
S2140230540000000000000000000000000000000065
S2140230640000000000000000000000000000000055
S2140230740000000000000000000000000000000045
S2140230840000000000000000000000000000000035
S2140230940000000000000000000000000000000025
S2140230A40000000000000000000000000000000015
S2140230B40000000000000000000000000000000005
S2140230C400000000000000000000000000000000F5
S2140230D400000000000000000000000000000000E5
S2140230E400000000000000000000000000000000D5
S2140230F400000000000000000000000000000000C5
S21402310400000000000000000000000000000000B4
S21402311400000000000000000000000000000000A4
S2140231240000000000000000000000000000000094
S2140231340000000000000000000000000000000084
S2140231440000000000000000000000000000000074
S2140231540000000000000000000000000000000064
S2140231640000000000000000000000000000000054
S2140231740000000000000000000000000000000044
S2140231840000000000000000000000000000000034
S2140231940000000000000000000000000000000024
S2140231A40000000000000000000000000000000014
S2140231B40000000000000000000000000000000004
S2140231C400000000000000000000000000000000F4
S2140231D400000000000000000000000000000000E4
S2140231E400000000000000000000000000000000D4
S2140231F400000000000000000000000000000000C4
S21402320400000000000000000000000000000000B3
S21402321400000000000000000000000000000000A3
S2140232240000000000000000000000000000000093
S2140232340000000000000000000000000000000083
S2140232440000000000000000000000000000000073
S2140232540000000000000000000000000000000063
S2140232640000000000000000000000000000000053
S2140232740000000000000000000000000000000043
S2140232840000000000000000000000000000000033
S2140232940000000000000000000000000000000023
S2140232A40000000000000000000000000000000013
S2140232B40000000000000000000000000000000003
S2140232C400000000000000000000000000000000F3
S2140232D400000000000000000000000000000000E3
S2140232E400000000000000000000000000000000D3
S2140232F400000000000000000000000000000000C3
S21402330400000000000000000000000000000000B2
S21402331400000000000000000000000000000000A2
S2140233240000000000000000000000000000000092
S2140233340000000000000000000000000000000082
S2140233440000000000000000000000000000000072
S2140233540000000000000000000000000000000062
S2140233640000000000000000000000000000000052
S2140233740000000000000000000000000000000042
S2140233840000000000000000000000000000000032
S2140233940000000000000000000000000000000022
S2140233A40000000000000000000000000000000012
S2140233B40000000000000000000000000000000002
S2140233C400000000000000000000000000000000F2
S2140233D400000000000000000000000000000000E2
S2140233E400000000000000000000000000000000D2
S2140233F400000000000000000000000000000000C2
S21402340400000000000000000000000000000000B1
S21402341400000000000000000000000000000000A1
S2140234240000000000000000000000000000000091
S2140234340000000000000000000000000000000081
S2140234440000000000000000000000000000000071
S2140234540000000000000000000000000000000061
S2140234640000000000000000000000000000000051
S2140234740000000000000000000000000000000041
S2140234840000000000000000000000000000000031
S2140234940000000000000000000000000000000021
S2140234A40000000000000000000000000000000011
S2140234B40000000000000000000000000000000001
S2140234C400000000000000000000000000000000F1
S2140234D400000000000000000000000000000000E1
S2140234E400000000000000000000000000000000D1
S2140234F400000000000000000000000000000000C1
S21402350400000000000000000000000000000000B0
S21402351400000000000000000000000000000000A0
S2140235240000000000000000000000000000000090
S2140235340000000000000000000000000000000080
S2140235440000000000000000000000000000000070
S2140235540000000000000000000000000000000060
S2140235640000000000000000000000000000000050
S2140235740000000000000000000000000000000040
S2140235840000000000000000000000000000000030
S2140235940000000000000000000000000000000020
S2140235A40000000000000000000000000000000010
S2140235B40000000000000000000000000000000000
S2140235C400000000000000000000000000000000F0
S2140235D400000000000000000000000000000000E0
S2140235E400000000000000000000000000000000D0
S2140235F400000000000000000000000000000000C0
S21402360400000000000000000000000000000000AF
S214023614000000000000000000000000000000009F
S214023624000000000000000000000000000000008F
S214023634000000000000000000000000000000007F
S214023644000000000000000000000000000000006F
S214023654000000000000000000000000000000005F
S214023664000000000000000000000000000000004F
S214023674000000000000000000000000000000003F
S214023684000000000000000000000000000000002F
S214023694000000000000000000000000000000001F
S2140236A4000000000000000000000000000000000F
S2140236B400000000000000000000000000000000FF
S2140236C400000000000000000000000000000000EF
S2140236D400000000000000000000000000000000DF
S2140236E400000000000000000000000000000000CF
S2140236F400000000000000000000000000000000BF
S21402370400000000000000000000000000000000AE
S214023714000000000000000000000000000000009E
S214023724000000000000000000000000000000008E
S214023734000000000000000000000000000000007E
S214023744000000000000000000000000000000006E
S214023754000000000000000000000000000000005E
S214023764000000000000000000000000000000004E
S214023774000000000000000000000000000000003E
S214023784000000000000000000000000000000002E
S214023794000000000000000000000000000000001E
S2140237A4000000000000000000000000000000000E
S2140237B400000000000000000000000000000000FE
S2140237C400000000000000000000000000000000EE
S2140237D400000000000000000000000000000000DE
S2140237E400000000000000000000000000000000CE
S2140237F400000000000000000000000000000000BE
S21402380400000000000000000000000000000000AD
S214023814000000000000000000000000000000009D
S214023824000000000000000000000000000000008D
S214023834000000000000000000000000000000007D
S214023844000000000000000000000000000000006D
S214023854000000000000000000000000000000005D
S214023864000000000000000000000000000000004D
S214023874000000000000000000000000000000003D
S214023884000000000000000000000000000000002D
S214023894000000000000000000000000000000001D
S2140238A4000000000000000000000000000000000D
S2140238B400000000000000000000000000000000FD
S2140238C400000000000000000000000000000000ED
S2140238D400000000000000000000000000000000DD
S2140238E400000000000000000000000000000000CD
S2140238F400000000000000000000000000000000BD
S21402390400000000000000000000000000000000AC
S214023914000000000000000000000000000000009C
S214023924000000000000000000000000000000008C
S214023934000000000000000000000000000000007C
S214023944000000000000000000000000000000006C
S214023954000000000000000000000000000000005C
S214023964000000000000000000000000000000004C
S214023974000000000000000000000000000000003C
S214023984000000000000000000000000000000002C
S214023994000000000000000000000000000000001C
S2140239A4000000000000000000000000000000000C
S2140239B400000000000000000000000000000000FC
S2140239C400000000000000000000000000000000EC
S2140239D400000000000000000000000000000000DC
S2140239E400000000000000000000000000000000CC
S2140239F400000000000000000000000000000000BC
S214023A0400000000000000000000000000000000AB
S214023A14000000000000000000000000000000009B
S214023A24000000000000000000000000000000008B
S214023A34000000000000000000000000000000007B
S214023A44000000000000000000000000000000006B
S214023A54000000000000000000000000000000005B
S214023A64000000000000000000000000000000004B
S214023A74000000000000000000000000000000003B
S214023A84000000000000000000000000000000002B
S214023A94000000000000000000000000000000001B
S214023AA4000000000000000000000000000000000B
S214023AB400000000000000000000000000000000FB
S214023AC400000000000000000000000000000000EB
S214023AD400000000000000000000000000000000DB
S214023AE400000000000000000000000000000000CB
S214023AF400000000000000000000000000000000BB
S214023B0400000000000000000000000000000000AA
S214023B14000000000000000000000000000000009A
S214023B24000000000000000000000000000000008A
S214023B34000000000000000000000000000000007A
S214023B44000000000000000000000000000000006A
S214023B54000000000000000000000000000000005A
S214023B64000000000000000000000000000000004A
S214023B74000000000000000000000000000000003A
S214023B84000000000000000000000000000000002A
S214023B94000000000000000000000000000000001A
S214023BA4000000000000000000000000000000000A
S214023BB400000000000000000000000000000000FA
S214023BC400000000000000000000000000000000EA
S214023BD400000000000000000000000000000000DA
S214023BE400000000000000000000000000000000CA
S214023BF400000000000000000000000000000000BA
S214023C0400000000000000000000000000000000A9
S214023C140000000000000000000000000000000099
S214023C240000000000000000000000000000000089
S214023C340000000000000000000000000000000079
S214023C440000000000000000000000000000000069
S214023C540000000000000000000000000000000059
S214023C640000000000000000000000000000000049
S214023C740000000000000000000000000000000039
S214023C840000000000000000000000000000000029
S214023C940000000000000000000000000000000019
S214023CA40000000000000000000000000000000009
S214023CB400000000000000000000000000000000F9
S214023CC400000000000000000000000000000000E9
S214023CD400000000000000000000000000000000D9
S214023CE400000000000000000000000000000000C9
S214023CF400000000000000000000000000000000B9
S214023D0400000000000000000000000000000000A8
S214023D140000000000000000000000000000000098
S214023D240000000000000000000000000000000088
S214023D340000000000000000000000000000000078
S214023D440000000000000000000000000000000068
S214023D540000000000000000000000000000000058
S214023D640000000000000000000000000000000048
S214023D740000000000000000000000000000000038
S214023D840000000000000000000000000000000028
S214023D940000000000000000000000000000000018
S214023DA40000000000000000000000000000000008
S214023DB400000000000000000000000000000000F8
S214023DC400000000000000000000000000000000E8
S214023DD400000000000000000000000000000000D8
S214023DE400000000000000000000000000000000C8
S214023DF400000000000000000000000000000000B8
S214023E0400000000000000000000000000000000A7
S214023E140000000000000000000000000000000097
S214023E240000000000000000000000000000000087
S214023E340000000000000000000000000000000077
S214023E440000000000000000000000000000000067
S214023E540000000000000000000000000000000057
S214023E640000000000000000000000000000000047
S214023E740000000000000000000000000000000037
S214023E840000000000000000000000000000000027
S214023E940000000000000000000000000000000017
S214023EA40000000000000000000000000000000007
S214023EB400000000000000000000000000000000F7
S214023EC400000000000000000000000000000000E7
S214023ED400000000000000000000000000000000D7
S214023EE400000000000000000000000000000000C7
S214023EF400000000000000000000000000000000B7
S214023F0400000000000000000000000000000000A6
S214023F140000000000000000000000000000000096
S214023F240000000000000000000000000000000086
S214023F340000000000000000000000000000000076
S214023F440000000000000000000000000000000066
S214023F540000000000000000000000000000000056
S214023F640000000000000000000000000000000046
S214023F740000000000000000000000000000000036
S214023F840000000000000000000000000000000026
S214023F940000000000000000000000000000000016
S214023FA40000000000000000000000000000000006
S214023FB400000000000000000000000000000000F6
S214023FC400000000000000000000000000000000E6
S214023FD400000000000000000000000000000000D6
S214023FE400000000000000000000000000000000C6
S214023FF400000000000000000000000000000000B6
S21402400400000000000000000000000000000000A5
S2140240140000000000000000000000000000000095
S2140240240000000000000000000000000000000085
S2140240340000000000000000000000000000000075
S2140240440000000000000000000000000000000065
S2140240540000000000000000000000000000000055
S2140240640000000000000000000000000000000045
S2140240740000000000000000000000000000000035
S2140240840000000000000000000000000000000025
S2140240940000000000000000000000000000000015
S2140240A40000000000000000000000000000000005
S2140240B400000000000000000000000000000000F5
S2140240C400000000000000000000000000000000E5
S2140240D400000000000000000000000000000000D5
S2140240E400000000000000000000000000000000C5
S2140240F400000000000000000000000000000000B5
S21402410400000000000000000000000000000000A4
S2140241140000000000000000000000000000000094
S2140241240000000000000000000000000000000084
S2140241340000000000000000000000000000000074
S2140241440000000000000000000000000000000064
S2140241540000000000000000000000000000000054
S2140241640000000000000000000000000000000044
S2140241740000000000000000000000000000000034
S2140241840000000000000000000000000000000024
S2140241940000000000000000000000000000000014
S2140241A40000000000000000000000000000000004
S2140241B400000000000000000000000000000000F4
S2140241C400000000000000000000000000000000E4
S2140241D400000000000000000000000000000000D4
S2140241E400000000000000000000000000000000C4
S2140241F400000000000000000000000000000000B4
S21402420400000000000000000000000000000000A3
S2140242140000000000000000000000000000000093
S2140242240000000000000000000000000000000083
S2140242340000000000000000000000000000000073
S2140242440000000000000000000000000000000063
S2140242540000000000000000000000000000000053
S2140242640000000000000000000000000000000043
S2140242740000000000000000000000000000000033
S2140242840000000000000000000000000000000023
S2140242940000000000000000000000000000000013
S2140242A40000000000000000000000000000000003
S2140242B400000000000000000000000000000000F3
S2140242C400000000000000000000000000000000E3
S2140242D400000000000000000000000000000000D3
S2140242E400000000000000000000000000000000C3
S2140242F400000000000000000000000000000000B3
S21402430400000000000000000000000000000000A2
S2140243140000000000000000000000000000000092
S2140243240000000000000000000000000000000082
S2140243340000000000000000000000000000000072
S2140243440000000000000000000000000000000062
S2140243540000000000000000000000000000000052
S2140243640000000000000000000000000000000042
S2140243740000000000000000000000000000000032
S2140243840000000000000000000000000000000022
S2140243940000000000000000000000000000000012
S2140243A40000000000000000000000000000000002
S2140243B400000000000000000000000000000000F2
S2140243C400000000000000000000000000000000E2
S2140243D400000000000000000000000000000000D2
S2140243E400000000000000000000000000000000C2
S2140243F400000000000000000000000000000000B2
S21402440400000000000000000000000000000000A1
S2140244140000000000000000000000000000000091
S2140244240000000000000000000000000000000081
S2140244340000000000000000000000000000000071
S2140244440000000000000000000000000000000061
S2140244540000000000000000000000000000000051
S2140244640000000000000000000000000000000041
S2140244740000000000000000000000000000000031
S2140244840000000000000000000000000000000021
S2140244940000000000000000000000000000000011
S2140244A40000000000000000000000000000000001
S2140244B400000000000000000000000000000000F1
S2140244C400000000000000000000000000000000E1
S2140244D400000000000000000000000000000000D1
S2140244E400000000000000000000000000000000C1
S2140244F400000000000000000000000000000000B1
S21402450400000000000000000000000000000000A0
S2140245140000000000000000000000000000000090
S2140245240000000000000000000000000000000080
S2140245340000000000000000000000000000000070
S2140245440000000000000000000000000000000060
S2140245540000000000000000000000000000000050
S2140245640000000000000000000000000000000040
S2140245740000000000000000000000000000000030
S2140245840000000000000000000000000000000020
S2140245940000000000000000000000000000000010
S2140245A40000000000000000000000000000000000
S2140245B400000000000000000000000000000000F0
S2140245C400000000000000000000000000000000E0
S2140245D400000000000000000000000000000000D0
S2140245E400000000000000000000000000000000C0
S2140245F400000000000000000000000000000000B0
S214024604000000000000000000000000000000009F
S214024614000000000000000000000000000000008F
S214024624000000000000000000000000000000007F
S214024634000000000000000000000000000000006F
S214024644000000000000000000000000000000005F
S214024654000000000000000000000000000000004F
S214024664000000000000000000000000000000003F
S214024674000000000000000000000000000000002F
S214024684000000000000000000000000000000001F
S214024694000000000000000000000000000000000F
S2140246A400000000000000000000000000000000FF
S2140246B400000000000000000000000000000000EF
S2140246C400000000000000000000000000000000DF
S2140246D400000000000000000000000000000000CF
S2140246E400000000000000000000000000000000BF
S2140246F400000000000000000000000000000000AF
S214024704000000000000000000000000000000009E
S214024714000000000000000000000000000000008E
S214024724000000000000000000000000000000007E
S214024734000000000000000000000000000000006E
S214024744000000000000000000000000000000005E
S214024754000000000000000000000000000000004E
S214024764000000000000000000000000000000003E
S214024774000000000000000000000000000000002E
S214024784000000000000000000000000000000001E
S214024794000000000000000000000000000000000E
S2140247A400000000000000000000000000000000FE
S2140247B400000000000000000000000000000000EE
S2140247C400000000000000000000000000000000DE
S2140247D400000000000000000000000000000000CE
S2140247E400000000000000000000000000000000BE
S2140247F400000000000000000000000000000000AE
S214024804000000000000000000000000000000009D
S214024814000000000000000000000000000000008D
S214024824000000000000000000000000000000007D
S214024834000000000000000000000000000000006D
S214024844000000000000000000000000000000005D
S214024854000000000000000000000000000000004D
S214024864000000000000000000000000000000003D
S214024874000000000000000000000000000000002D
S214024884000000000000000000000000000000001D
S214024894000000000000000000000000000000000D
S2140248A400000000000000000000000000000000FD
S2140248B400000000000000000000000000000000ED
S2140248C400000000000000000000000000000000DD
S2140248D400000000000000000000000000000000CD
S2140248E400000000000000000000000000000000BD
S2140248F400000000000000000000000000000000AD
S214024904000000000000000000000000000000009C
S214024914000000000000000000000000000000008C
S214024924000000000000000000000000000000007C
S214024934000000000000000000000000000000006C
S214024944000000000000000000000000000000005C
S214024954000000000000000000000000000000004C
S214024964000000000000000000000000000000003C
S214024974000000000000000000000000000000002C
S214024984000000000000000000000000000000001C
S214024994000000000000000000000000000000000C
S2140249A400000000000000000000000000000000FC
S2140249B400000000000000000000000000000000EC
S2140249C400000000000000000000000000000000DC
S2140249D400000000000000000000000000000000CC
S2140249E400000000000000000000000000000000BC
S2140249F400000000000000000000000000000000AC
S214024A04000000000000000000000000000000009B
S214024A14000000000000000000000000000000008B
S214024A24000000000000000000000000000000007B
S214024A34000000000000000000000000000000006B
S214024A44000000000000000000000000000000005B
S214024A54000000000000000000000000000000004B
S214024A64000000000000000000000000000000003B
S214024A74000000000000000000000000000000002B
S214024A84000000000000000000000000000000001B
S214024A94000000000000000000000000000000000B
S214024AA400000000000000000000000000000000FB
S214024AB400000000000000000000000000000000EB
S214024AC400000000000000000000000000000000DB
S214024AD400000000000000000000000000000000CB
S214024AE400000000000000000000000000000000BB
S214024AF400000000000000000000000000000000AB
S214024B04000000000000000000000000000000009A
S214024B14000000000000000000000000000000008A
S214024B24000000000000000000000000000000007A
S214024B34000000000000000000000000000000006A
S214024B44000000000000000000000000000000005A
S214024B54000000000000000000000000000000004A
S214024B64000000000000000000000000000000003A
S214024B74000000000000000000000000000000002A
S214024B84000000000000000000000000000000001A
S214024B94000000000000000000000000000000000A
S214024BA400000000000000000000000000000000FA
S214024BB400000000000000000000000000000000EA
S214024BC400000000000000000000000000000000DA
S214024BD400000000000000000000000000000000CA
S214024BE400000000000000000000000000000000BA
S214024BF400000000000000000000000000000000AA
S214024C040000000000000000000000000000000099
S214024C140000000000000000000000000000000089
S214024C240000000000000000000000000000000079
S214024C340000000000000000000000000000000069
S214024C440000000000000000000000000000000059
S214024C540000000000000000000000000000000049
S214024C640000000000000000000000000000000039
S214024C740000000000000000000000000000000029
S214024C840000000000000000000000000000000019
S214024C940000000000000000000000000000000009
S214024CA400000000000000000000000000000000F9
S214024CB400000000000000000000000000000000E9
S214024CC400000000000000000000000000000000D9
S214024CD400000000000000000000000000000000C9
S214024CE400000000000000000000000000000000B9
S214024CF400000000000000000000000000000000A9
S214024D040000000000000000000000000000000098
S214024D140000000000000000000000000000000088
S214024D240000000000000000000000000000000078
S214024D340000000000000000000000000000000068
S214024D440000000000000000000000000000000058
S214024D540000000000000000000000000000000048
S214024D640000000000000000000000000000000038
S214024D740000000000000000000000000000000028
S214024D840000000000000000000000000000000018
S214024D940000000000000000000000000000000008
S214024DA400000000000000000000000000000000F8
S214024DB400000000000000000000000000000000E8
S214024DC400000000000000000000000000000000D8
S214024DD400000000000000000000000000000000C8
S214024DE400000000000000000000000000000000B8
S214024DF400000000000000000000000000000000A8
S214024E040000000000000000000000000000000097
S214024E140000000000000000000000000000000087
S214024E240000000000000000000000000000000077
S214024E340000000000000000000000000000000067
S214024E440000000000000000000000000000000057
S214024E540000000000000000000000000000000047
S214024E640000000000000000000000000000000037
S214024E740000000000000000000000000000000027
S214024E840000000000000000000000000000000017
S214024E940000000000000000000000000000000007
S214024EA400000000000000000000000000000000F7
S214024EB400000000000000000000000000000000E7
S214024EC400000000000000000000000000000000D7
S214024ED400000000000000000000000000000000C7
S214024EE400000000000000000000000000000000B7
S214024EF400000000000000000000000000000000A7
S214024F040000000000000000000000000000000096
S214024F140000000000000000000000000000000086
S214024F240000000000000000000000000000000076
S214024F340000000000000000000000000000000066
S214024F440000000000000000000000000000000056
S214024F540000000000000000000000000000000046
S214024F640000000000000000000000000000000036
S214024F740000000000000000000000000000000026
S214024F840000000000000000000000000000000016
S214024F940000000000000000000000000000000006
S214024FA400000000000000000000000000000000F6
S214024FB400000000000000000000000000000000E6
S214024FC400000000000000000000000000000000D6
S214024FD400000000000000000000000000000000C6
S214024FE400000000000000000000000000000000B6
S214024FF400000000000000000000000000000000A6
S2140250040000000000000000000000000000000095
S2140250140000000000000000000000000000000085
S2140250240000000000000000000000000000000075
S2140250340000000000000000000000000000000065
S2140250440000000000000000000000000000000055
S2140250540000000000000000000000000000000045
S2140250640000000000000000000000000000000035
S2140250740000000000000000000000000000000025
S2140250840000000000000000000000000000000015
S2140250940000000000000000000000000000000005
S2140250A400000000000000000000000000000000F5
S2140250B400000000000000000000000000000000E5
S2140250C400000000000000000000000000000000D5
S2140250D400000000000000000000000000000000C5
S2140250E400000000000000000000000000000000B5
S2140250F400000000000000000000000000000000A5
S2140251040000000000000000000000000000000094
S2140251140000000000000000000000000000000084
S2140251240000000000000000000000000000000074
S2140251340000000000000000000000000000000064
S2140251440000000000000000000000000000000054
S2140251540000000000000000000000000000000044
S2140251640000000000000000000000000000000034
S2140251740000000000000000000000000000000024
S2140251840000000000000000000000000000000014
S2140251940000000000000000000000000000000004
S2140251A400000000000000000000000000000000F4
S2140251B400000000000000000000000000000000E4
S2140251C400000000000000000000000000000000D4
S2140251D400000000000000000000000000000000C4
S2140251E400000000000000000000000000000000B4
S2140251F400000000000000000000000000000000A4
S2140252040000000000000000000000000000000093
S2140252140000000000000000000000000000000083
S2140252240000000000000000000000000000000073
S2140252340000000000000000000000000000000063
S2140252440000000000000000000000000000000053
S2140252540000000000000000000000000000000043
S2140252640000000000000000000000000000000033
S2140252740000000000000000000000000000000023
S2140252840000000000000000000000000000000013
S2140252940000000000000000000000000000000003
S2140252A400000000000000000000000000000000F3
S2140252B400000000000000000000000000000000E3
S2140252C400000000000000000000000000000000D3
S2140252D400000000000000000000000000000000C3
S2140252E400000000000000000000000000000000B3
S2140252F400000000000000000000000000000000A3
S2140253040000000000000000000000000000000092
S2140253140000000000000000000000000000000082
S2140253240000000000000000000000000000000072
S2140253340000000000000000000000000000000062
S2140253440000000000000000000000000000000052
S2140253540000000000000000000000000000000042
S2140253640000000000000000000000000000000032
S2140253740000000000000000000000000000000022
S2140253840000000000000000000000000000000012
S2140253940000000000000000000000000000000002
S2140253A400000000000000000000000000000000F2
S2140253B400000000000000000000000000000000E2
S2140253C400000000000000000000000000000000D2
S2140253D400000000000000000000000000000000C2
S2140253E400000000000000000000000000000000B2
S2140253F400000000000000000000000000000000A2
S2140254040000000000000000000000000000000091
S2140254140000000000000000000000000000000081
S2140254240000000000000000000000000000000071
S2140254340000000000000000000000000000000061
S2140254440000000000000000000000000000000051
S2140254540000000000000000000000000000000041
S2140254640000000000000000000000000000000031
S2140254740000000000000000000000000000000021
S2140254840000000000000000000000000000000011
S2140254940000000000000000000000000000000001
S2140254A400000000000000000000000000000000F1
S2140254B400000000000000000000000000000000E1
S2140254C400000000000000000000000000000000D1
S2140254D400000000000000000000000000000000C1
S2140254E400000000000000000000000000000000B1
S2140254F400000000000000000000000000000000A1
S2140255040000000000000000000000000000000090
S2140255140000000000000000000000000000000080
S2140255240000000000000000000000000000000070
S2140255340000000000000000000000000000000060
S2140255440000000000000000000000000000000050
S2140255540000000000000000000000000000000040
S2140255640000000000000000000000000000000030
S2140255740000000000000000000000000000000020
S2140255840000000000000000000000000000000010
S2140255940000000000000000000000000000000000
S2140255A400000000000000000000000000000000F0
S2140255B400000000000000000000000000000000E0
S2140255C400000000000000000000000000000000D0
S2140255D400000000000000000000000000000000C0
S2140255E400000000000000000000000000000000B0
S2140255F400000000000000000000000000000000A0
S214025604000000000000000000000000000000008F
S214025614000000000000000000000000000000007F
S214025624000000000000000000000000000000006F
S214025634000000000000000000000000000000005F
S214025644000000000000000000000000000000004F
S214025654000000000000000000000000000000003F
S214025664000000000000000000000000000000002F
S214025674000000000000000000000000000000001F
S214025684000000000000000000000000000000000F
S21402569400000000000000000000000000000000FF
S2140256A400000000000000000000000000000000EF
S2140256B400000000000000000000000000000000DF
S2140256C400000000000000000000000000000000CF
S2140256D400000000000000000000000000000000BF
S2140256E400000000000000000000000000000000AF
S2140256F4000000000000000000000000000000009F
S214025704000000000000000000000000000000008E
S214025714000000000000000000000000000000007E
S214025724000000000000000000000000000000006E
S214025734000000000000000000000000000000005E
S214025744000000000000000000000000000000004E
S214025754000000000000000000000000000000003E
S214025764000000000000000000000000000000002E
S214025774000000000000000000000000000000001E
S214025784000000000000000000000000000000000E
S21402579400000000000000000000000000000000FE
S2140257A400000000000000000000000000000000EE
S2140257B400000000000000000000000000000000DE
S2140257C400000000000000000000000000000000CE
S2140257D400000000000000000000000000000000BE
S2140257E400000000000000000000000000000000AE
S2140257F4000000000000000000000000000000009E
S214025804000000000000000000000000000000008D
S214025814000000000000000000000000000000007D
S214025824000000000000000000000000000000006D
S214025834000000000000000000000000000000005D
S214025844000000000000000000000000000000004D
S214025854000000000000000000000000000000003D
S214025864000000000000000000000000000000002D
S214025874000000000000000000000000000000001D
S214025884000000000000000000000000000000000D
S21402589400000000000000000000000000000000FD
S2140258A400000000000000000000000000000000ED
S2140258B400000000000000000000000000000000DD
S2140258C400000000000000000000000000000000CD
S2140258D400000000000000000000000000000000BD
S2140258E400000000000000000000000000000000AD
S2140258F4000000000000000000000000000000009D
S214025904000000000000000000000000000000008C
S214025914000000000000000000000000000000007C
S214025924000000000000000000000000000000006C
S214025934000000000000000000000000000000005C
S214025944000000000000000000000000000000004C
S214025954000000000000000000000000000000003C
S214025964000000000000000000000000000000002C
S214025974000000000000000000000000000000001C
S214025984000000000000000000000000000000000C
S21402599400000000000000000000000000000000FC
S2140259A400000000000000000000000000000000EC
S2140259B400000000000000000000000000000000DC
S2140259C400000000000000000000000000000000CC
S2140259D400000000000000000000000000000000BC
S2140259E400000000000000000000000000000000AC
S2140259F4000000000000000000000000000000009C
S214025A04000000000000000000000000000000008B
S214025A14000000000000000000000000000000007B
S214025A24000000000000000000000000000000006B
S214025A34000000000000000000000000000000005B
S214025A44000000000000000000000000000000004B
S214025A54000000000000000000000000000000003B
S214025A64000000000000000000000000000000002B
S214025A74000000000000000000000000000000001B
S214025A84000000000000000000000000000000000B
S214025A9400000000000000000000000000000000FB
S214025AA400000000000000000000000000000000EB
S214025AB400000000000000000000000000000000DB
S214025AC400000000000000000000000000000000CB
S214025AD400000000000000000000000000000000BB
S214025AE400000000000000000000000000000000AB
S214025AF4000000000000000000000000000000009B
S214025B04000000000000000000000000000000008A
S214025B14000000000000000000000000000000007A
S214025B24000000000000000000000000000000006A
S214025B34000000000000000000000000000000005A
S214025B44000000000000000000000000000000004A
S214025B54000000000000000000000000000000003A
S214025B64000000000000000000000000000000002A
S214025B74000000000000000000000000000000001A
S214025B84000000000000000000000000000000000A
S214025B9400000000000000000000000000000000FA
S214025BA400000000000000000000000000000000EA
S214025BB400000000000000000000000000000000DA
S214025BC400000000000000000000000000000000CA
S214025BD400000000000000000000000000000000BA
S214025BE400000000000000000000000000000000AA
S214025BF4000000000000000000000000000000009A
S214025C040000000000000000000000000000000089
S214025C140000000000000000000000000000000079
S214025C240000000000000000000000000000000069
S214025C340000000000000000000000000000000059
S214025C440000000000000000000000000000000049
S214025C540000000000000000000000000000000039
S214025C640000000000000000000000000000000029
S214025C740000000000000000000000000000000019
S214025C840000000000000000000000000000000009
S214025C9400000000000000000000000000000000F9
S214025CA400000000000000000000000000000000E9
S214025CB400000000000000000000000000000000D9
S214025CC400000000000000000000000000000000C9
S214025CD400000000000000000000000000000000B9
S214025CE400000000000000000000000000000000A9
S214025CF40000000000000000000000000000000099
S214025D040000000000000000000000000000000088
S214025D140000000000000000000000000000000078
S214025D240000000000000000000000000000000068
S214025D340000000000000000000000000000000058
S214025D440000000000000000000000000000000048
S214025D540000000000000000000000000000000038
S214025D640000000000000000000000000000000028
S214025D740000000000000000000000000000000018
S214025D840000000000000000000000000000000008
S214025D9400000000000000000000000000000000F8
S214025DA400000000000000000000000000000000E8
S214025DB400000000000000000000000000000000D8
S214025DC400000000000000000000000000000000C8
S214025DD400000000000000000000000000000000B8
S214025DE400000000000000000000000000000000A8
S214025DF40000000000000000000000000000000098
S214025E040000000000000000000000000000000087
S214025E140000000000000000000000000000000077
S214025E240000000000000000000000000000000067
S214025E340000000000000000000000000000000057
S214025E440000000000000000000000000000000047
S214025E540000000000000000000000000000000037
S214025E640000000000000000000000000000000027
S214025E740000000000000000000000000000000017
S214025E840000000000000000000000000000000007
S214025E9400000000000000000000000000000000F7
S214025EA400000000000000000000000000000000E7
S214025EB400000000000000000000000000000000D7
S214025EC400000000000000000000000000000000C7
S214025ED400000000000000000000000000000000B7
S214025EE400000000000000000000000000000000A7
S214025EF40000000000000000000000000000000097
S214025F040000000000000000000000000000000086
S214025F140000000000000000000000000000000076
S214025F240000000000000000000000000000000066
S214025F340000000000000000000000000000000056
S214025F440000000000000000000000000000000046
S214025F540000000000000000000000000000000036
S214025F640000000000000000000000000000000026
S214025F740000000000000000000000000000000016
S214025F840000000000000000000000000000000006
S214025F9400000000000000000000000000000000F6
S214025FA400000000000000000000000000000000E6
S214025FB400000000000000000000000000000000D6
S214025FC400000000000000000000000000000000C6
S214025FD400000000000000000000000000000000B6
S214025FE400000000000000000000000000000000A6
S214025FF40000000000000000000000000000000096
S2140260040000000000000000000000000000000085
S2140260140000000000000000000000000000000075
S2140260240000000000000000000000000000000065
S2140260340000000000000000000000000000000055
S2140260440000000000000000000000000000000045
S2140260540000000000000000000000000000000035
S2140260640000000000000000000000000000000025
S2140260740000000000000000000000000000000015
S2140260840000000000000000000000000000000005
S21402609400000000000000000000000000000000F5
S2140260A400000000000000000000000000000000E5
S2140260B400000000000000000000000000000000D5
S2140260C400000000000000000000000000000000C5
S2140260D400000000000000000000000000000000B5
S2140260E400000000000000000000000000000000A5
S2140260F40000000000000000000000000000000095
S2140261040000000000000000000000000000000084
S2140261140000000000000000000000000000000074
S2140261240000000000000000000000000000000064
S2140261340000000000000000000000000000000054
S2140261440000000000000000000000000000000044
S2140261540000000000000000000000000000000034
S2140261640000000000000000000000000000000024
S2140261740000000000000000000000000000000014
S2140261840000000000000000000000000000000004
S21402619400000000000000000000000000000000F4
S2140261A400000000000000000000000000000000E4
S2140261B400000000000000000000000000000000D4
S2140261C400000000000000000000000000000000C4
S2140261D400000000000000000000000000000000B4
S2140261E400000000000000000000000000000000A4
S2140261F40000000000000000000000000000000094
S2140262040000000000000000000000000000000083
S2140262140000000000000000000000000000000073
S2140262240000000000000000000000000000000063
S2140262340000000000000000000000000000000053
S2140262440000000000000000000000000000000043
S2140262540000000000000000000000000000000033
S2140262640000000000000000000000000000000023
S2140262740000000000000000000000000000000013
S2140262840000000000000000000000000000000003
S21402629400000000000000000000000000000000F3
S2140262A400000000000000000000000000000000E3
S2140262B400000000000000000000000000000000D3
S2140262C400000000000000000000000000000000C3
S2140262D400000000000000000000000000000000B3
S2140262E400000000000000000000000000000000A3
S2140262F40000000000000000000000000000000093
S2140263040000000000000000000000000000000082
S2140263140000000000000000000000000000000072
S2140263240000000000000000000000000000000062
S2140263340000000000000000000000000000000052
S2140263440000000000000000000000000000000042
S2140263540000000000000000000000000000000032
S2140263640000000000000000000000000000000022
S2140263740000000000000000000000000000000012
S2140263840000000000000000000000000000000002
S21402639400000000000000000000000000000000F2
S2140263A400000000000000000000000000000000E2
S2140263B400000000000000000000000000000000D2
S2140263C400000000000000000000000000000000C2
S2140263D400000000000000000000000000000000B2
S2140263E400000000000000000000000000000000A2
S2140263F40000000000000000000000000000000092
S2140264040000000000000000000000000000000081
S2140264140000000000000000000000000000000071
S2140264240000000000000000000000000000000061
S2140264340000000000000000000000000000000051
S2140264440000000000000000000000000000000041
S2140264540000000000000000000000000000000031
S2140264640000000000000000000000000000000021
S2140264740000000000000000000000000000000011
S2140264840000000000000000000000000000000001
S21402649400000000000000000000000000000000F1
S2140264A400000000000000000000000000000000E1
S2140264B400000000000000000000000000000000D1
S2140264C400000000000000000000000000000000C1
S2140264D400000000000000000000000000000000B1
S2140264E400000000000000000000000000000000A1
S2140264F40000000000000000000000000000000091
S2140265040000000000000000000000000000000080
S2140265140000000000000000000000000000000070
S2140265240000000000000000000000000000000060
S2140265340000000000000000000000000000000050
S2140265440000000000000000000000000000000040
S2140265540000000000000000000000000000000030
S2140265640000000000000000000000000000000020
S2140265740000000000000000000000000000000010
S2140265840000000000000000000000000000000000
S21402659400000000000000000000000000000000F0
S2140265A400000000000000000000000000000000E0
S2140265B400000000000000000000000000000000D0
S2140265C400000000000000000000000000000000C0
S2140265D400000000000000000000000000000000B0
S2140265E400000000000000000000000000000000A0
S2140265F40000000000000000000000000000000090
S214026604000000000000000000000000000000007F
S214026614000000000000000000000000000000006F
S214026624000000000000000000000000000000005F
S214026634000000000000000000000000000000004F
S214026644000000000000000000000000000000003F
S214026654000000000000000000000000000000002F
S214026664000000000000000000000000000000001F
S214026674000000000000000000000000000000000F
S21402668400000000000000000000000000000000FF
S21402669400000000000000000000000000000000EF
S2140266A400000000000000000000000000000000DF
S2140266B400000000000000000000000000000000CF
S2140266C400000000000000000000000000000000BF
S2140266D400000000000000000000000000000000AF
S2140266E4000000000000000000000000000000009F
S2140266F4000000000000000000000000000000008F
S214026704000000000000000000000000000000007E
S214026714000000000000000000000000000000006E
S214026724000000000000000000000000000000005E
S214026734000000000000000000000000000000004E
S214026744000000000000000000000000000000003E
S214026754000000000000000000000000000000002E
S214026764000000000000000000000000000000001E
S214026774000000000000000000000000000000000E
S21402678400000000000000000000000000000000FE
S21402679400000000000000000000000000000000EE
S2140267A400000000000000000000000000000000DE
S2140267B400000000000000000000000000000000CE
S2140267C400000000000000000000000000000000BE
S2140267D400000000000000000000000000000000AE
S2140267E4000000000000000000000000000000009E
S2140267F4000000000000000000000000000000008E
S214026804000000000000000000000000000000007D
S214026814000000000000000000000000000000006D
S214026824000000000000000000000000000000005D
S214026834000000000000000000000000000000004D
S214026844000000000000000000000000000000003D
S214026854000000000000000000000000000000002D
S214026864000000000000000000000000000000001D
S214026874000000000000000000000000000000000D
S21402688400000000000000000000000000000000FD
S21402689400000000000000000000000000000000ED
S2140268A400000000000000000000000000000000DD
S2140268B400000000000000000000000000000000CD
S2140268C400000000000000000000000000000000BD
S2140268D400000000000000000000000000000000AD
S2140268E4000000000000000000000000000000009D
S2140268F4000000000000000000000000000000008D
S214026904000000000000000000000000000000007C
S214026914000000000000000000000000000000006C
S214026924000000000000000000000000000000005C
S214026934000000000000000000000000000000004C
S214026944000000000000000000000000000000003C
S214026954000000000000000000000000000000002C
S214026964000000000000000000000000000000001C
S214026974000000000000000000000000000000000C
S21402698400000000000000000000000000000000FC
S21402699400000000000000000000000000000000EC
S2140269A400000000000000000000000000000000DC
S2140269B400000000000000000000000000000000CC
S2140269C400000000000000000000000000000000BC
S2140269D400000000000000000000000000000000AC
S2140269E4000000000000000000000000000000009C
S2140269F4000000000000000000000000000000008C
S214026A04000000000000000000000000000000007B
S214026A14000000000000000000000000000000006B
S214026A24000000000000000000000000000000005B
S214026A34000000000000000000000000000000004B
S214026A44000000000000000000000000000000003B
S214026A54000000000000000000000000000000002B
S214026A64000000000000000000000000000000001B
S214026A74000000000000000000000000000000000B
S214026A8400000000000000000000000000000000FB
S214026A9400000000000000000000000000000000EB
S214026AA400000000000000000000000000000000DB
S214026AB400000000000000000000000000000000CB
S214026AC400000000000000000000000000000000BB
S214026AD400000000000000000000000000000000AB
S214026AE4000000000000000000000000000000009B
S214026AF4000000000000000000000000000000008B
S214026B04000000000000000000000000000000007A
S214026B14000000000000000000000000000000006A
S214026B24000000000000000000000000000000005A
S214026B34000000000000000000000000000000004A
S214026B44000000000000000000000000000000003A
S214026B54000000000000000000000000000000002A
S214026B64000000000000000000000000000000001A
S214026B74000000000000000000000000000000000A
S214026B8400000000000000000000000000000000FA
S214026B9400000000000000000000000000000000EA
S214026BA400000000000000000000000000000000DA
S214026BB400000000000000000000000000000000CA
S214026BC400000000000000000000000000000000BA
S214026BD400000000000000000000000000000000AA
S214026BE4000000000000000000000000000000009A
S214026BF4000000000000000000000000000000008A
S214026C040000000000000000000000000000000079
S214026C140000000000000000000000000000000069
S214026C240000000000000000000000000000000059
S214026C340000000000000000000000000000000049
S214026C440000000000000000000000000000000039
S214026C540000000000000000000000000000000029
S214026C640000000000000000000000000000000019
S214026C740000000000000000000000000000000009
S214026C8400000000000000000000000000000000F9
S214026C9400000000000000000000000000000000E9
S214026CA400000000000000000000000000000000D9
S214026CB400000000000000000000000000000000C9
S214026CC400000000000000000000000000000000B9
S214026CD400000000000000000000000000000000A9
S214026CE40000000000000000000000000000000099
S214026CF40000000000000000000000000000000089
S214026D040000000000000000000000000000000078
S214026D140000000000000000000000000000000068
S214026D240000000000000000000000000000000058
S214026D340000000000000000000000000000000048
S214026D440000000000000000000000000000000038
S214026D540000000000000000000000000000000028
S214026D640000000000000000000000000000000018
S214026D740000000000000000000000000000000008
S214026D8400000000000000000000000000000000F8
S214026D9400000000000000000000000000000000E8
S214026DA400000000000000000000000000000000D8
S214026DB400000000000000000000000000000000C8
S214026DC400000000000000000000000000000000B8
S214026DD400000000000000000000000000000000A8
S214026DE40000000000000000000000000000000098
S214026DF40000000000000000000000000000000088
S214026E040000000000000000000000000000000077
S214026E140000000000000000000000000000000067
S214026E240000000000000000000000000000000057
S214026E340000000000000000000000000000000047
S214026E440000000000000000000000000000000037
S214026E540000000000000000000000000000000027
S214026E640000000000000000000000000000000017
S214026E740000000000000000000000000000000007
S214026E8400000000000000000000000000000000F7
S214026E9400000000000000000000000000000000E7
S214026EA400000000000000000000000000000000D7
S214026EB400000000000000000000000000000000C7
S214026EC400000000000000000000000000000000B7
S214026ED400000000000000000000000000000000A7
S214026EE40000000000000000000000000000000097
S214026EF40000000000000000000000000000000087
S214026F040000000000000000000000000000000076
S214026F140000000000000000000000000000000066
S214026F240000000000000000000000000000000056
S214026F340000000000000000000000000000000046
S214026F440000000000000000000000000000000036
S214026F540000000000000000000000000000000026
S214026F640000000000000000000000000000000016
S214026F740000000000000000000000000000000006
S214026F8400000000000000000000000000000000F6
S214026F9400000000000000000000000000000000E6
S214026FA400000000000000000000000000000000D6
S214026FB400000000000000000000000000000000C6
S214026FC400000000000000000000000000000000B6
S214026FD400000000000000000000000000000000A6
S214026FE40000000000000000000000000000000096
S214026FF40000000000000000000000000000000086
S2140270040000000000000000000000000000000075
S2140270140000000000000000000000000000000065
S2140270240000000000000000000000000000000055
S2140270340000000000000000000000000000000045
S2140270440000000000000000000000000000000035
S2140270540000000000000000000000000000000025
S2140270640000000000000000000000000000000015
S2140270740000000000000000000000000000000005
S21402708400000000000000000000000000000000F5
S21402709400000000000000000000000000000000E5
S2140270A400000000000000000000000000000000D5
S2140270B400000000000000000000000000000000C5
S2140270C400000000000000000000000000000000B5
S2140270D400000000000000000000000000000000A5
S2140270E40000000000000000000000000000000095
S2140270F40000000000000000000000000000000085
S2140271040000000000000000000000000000000074
S2140271140000000000000000000000000000000064
S2140271240000000000000000000000000000000054
S2140271340000000000000000000000000000000044
S2140271440000000000000000000000000000000034
S2140271540000000000000000000000000000000024
S2140271640000000000000000000000000000000014
S2140271740000000000000000000000000000000004
S21402718400000000000000000000000000000000F4
S21402719400000000000000000000000000000000E4
S2140271A400000000000000000000000000000000D4
S2140271B400000000000000000000000000000000C4
S2140271C400000000000000000000000000000000B4
S2140271D400000000000000000000000000000000A4
S2140271E40000000000000000000000000000000094
S2140271F40000000000000000000000000000000084
S2140272040000000000000000000000000000000073
S2140272140000000000000000000000000000000063
S2140272240000000000000000000000000000000053
S2140272340000000000000000000000000000000043
S2140272440000000000000000000000000000000033
S2140272540000000000000000000000000000000023
S2140272640000000000000000000000000000000013
S2140272740000000000000000000000000000000003
S21402728400000000000000000000000000000000F3
S21402729400000000000000000000000000000000E3
S2140272A400000000000000000000000000000000D3
S2140272B400000000000000000000000000000000C3
S2140272C400000000000000000000000000000000B3
S2140272D400000000000000000000000000000000A3
S2140272E40000000000000000000000000000000093
S2140272F40000000000000000000000000000000083
S2140273040000000000000000000000000000000072
S2140273140000000000000000000000000000000062
S2140273240000000000000000000000000000000052
S2140273340000000000000000000000000000000042
S2140273440000000000000000000000000000000032
S2140273540000000000000000000000000000000022
S2140273640000000000000000000000000000000012
S2140273740000000000000000000000000000000002
S21402738400000000000000000000000000000000F2
S21402739400000000000000000000000000000000E2
S2140273A400000000000000000000000000000000D2
S2140273B400000000000000000000000000000000C2
S2140273C400000000000000000000000000000000B2
S2140273D400000000000000000000000000000000A2
S2140273E40000000000000000000000000000000092
S2140273F40000000000000000000000000000000082
S2140274040000000000000000000000000000000071
S2140274140000000000000000000000000000000061
S2140274240000000000000000000000000000000051
S2140274340000000000000000000000000000000041
S2140274440000000000000000000000000000000031
S2140274540000000000000000000000000000000021
S2140274640000000000000000000000000000000011
S2140274740000000000000000000000000000000001
S21402748400000000000000000000000000000000F1
S21402749400000000000000000000000000000000E1
S2140274A400000000000000000000000000000000D1
S2140274B400000000000000000000000000000000C1
S2140274C400000000000000000000000000000000B1
S2140274D400000000000000000000000000000000A1
S2140274E40000000000000000000000000000000091
S2140274F40000000000000000000000000000000081
S2140275040000000000000000000000000000000070
S2140275140000000000000000000000000000000060
S2140275240000000000000000000000000000000050
S2140275340000000000000000000000000000000040
S2140275440000000000000000000000000000000030
S2140275540000000000000000000000000000000020
S2140275640000000000000000000000000000000010
S2140275740000000000000000000000000000000000
S21402758400000000000000000000000000000000F0
S21402759400000000000000000000000000000000E0
S2140275A400000000000000000000000000000000D0
S2140275B400000000000000000000000000000000C0
S2140275C400000000000000000000000000000000B0
S2140275D400000000000000000000000000000000A0
S2140275E40000000000000000000000000000000090
S2140275F40000000000000000000000000000000080
S214027604000000000000000000000000000000006F
S214027614000000000000000000000000000000005F
S214027624000000000000000000000000000000004F
S214027634000000000000000000000000000000003F
S214027644000000000000000000000000000000002F
S214027654000000000000000000000000000000001F
S214027664000000000000000000000000000000000F
S21402767400000000000000000000000000000000FF
S21402768400000000000000000000000000000000EF
S21402769400000000000000000000000000000000DF
S2140276A400000000000000000000000000000000CF
S2140276B400000000000000000000000000000000BF
S2140276C400000000000000000000000000000000AF
S2140276D4000000000000000000000000000000009F
S2140276E4000000000000000000000000000000008F
S2140276F4000000000000000000000000000000007F
S214027704000000000000000000000000000000006E
S214027714000000000000000000000000000000005E
S214027724000000000000000000000000000000004E
S214027734000000000000000000000000000000003E
S214027744000000000000000000000000000000002E
S214027754000000000000000000000000000000001E
S214027764000000000000000000000000000000000E
S21402777400000000000000000000000000000000FE
S21402778400000000000000000000000000000000EE
S21402779400000000000000000000000000000000DE
S2140277A400000000000000000000000000000000CE
S2140277B400000000000000000000000000000000BE
S2140277C400000000000000000000000000000000AE
S2140277D4000000000000000000000000000000009E
S2140277E4000000000000000000000000000000008E
S2140277F4000000000000000000000000000000007E
S214027804000000000000000000000000000000006D
S214027814000000000000000000000000000000005D
S214027824000000000000000000000000000000004D
S214027834000000000000000000000000000000003D
S214027844000000000000000000000000000000002D
S214027854000000000000000000000000000000001D
S214027864000000000000000000000000000000000D
S21402787400000000000000000000000000000000FD
S21402788400000000000000000000000000000000ED
S21402789400000000000000000000000000000000DD
S2140278A400000000000000000000000000000000CD
S2140278B400000000000000000000000000000000BD
S2140278C400000000000000000000000000000000AD
S2140278D4000000000000000000000000000000009D
S2140278E4000000000000000000000000000000008D
S2140278F4000000000000000000000000000000007D
S214027904000000000000000000000000000000006C
S214027914000000000000000000000000000000005C
S214027924000000000000000000000000000000004C
S214027934000000000000000000000000000000003C
S214027944000000000000000000000000000000002C
S214027954000000000000000000000000000000001C
S214027964000000000000000000000000000000000C
S21402797400000000000000000000000000000000FC
S21402798400000000000000000000000000000000EC
S21402799400000000000000000000000000000000DC
S2140279A400000000000000000000000000000000CC
S2140279B400000000000000000000000000000000BC
S2140279C400000000000000000000000000000000AC
S2140279D4000000000000000000000000000000009C
S2140279E4000000000000000000000000000000008C
S2140279F4000000000000000000000000000000007C
S214027A04000000000000000000000000000000006B
S214027A14000000000000000000000000000000005B
S214027A24000000000000000000000000000000004B
S214027A34000000000000000000000000000000003B
S214027A44000000000000000000000000000000002B
S214027A54000000000000000000000000000000001B
S214027A64000000000000000000000000000000000B
S214027A7400000000000000000000000000000000FB
S214027A8400000000000000000000000000000000EB
S214027A9400000000000000000000000000000000DB
S214027AA400000000000000000000000000000000CB
S214027AB400000000000000000000000000000000BB
S214027AC400000000000000000000000000000000AB
S214027AD4000000000000000000000000000000009B
S214027AE4000000000000000000000000000000008B
S214027AF4000000000000000000000000000000007B
S214027B04000000000000000000000000000000006A
S214027B14000000000000000000000000000000005A
S214027B24000000000000000000000000000000004A
S214027B34000000000000000000000000000000003A
S214027B44000000000000000000000000000000002A
S214027B54000000000000000000000000000000001A
S214027B64000000000000000000000000000000000A
S214027B7400000000000000000000000000000000FA
S214027B8400000000000000000000000000000000EA
S214027B9400000000000000000000000000000000DA
S214027BA400000000000000000000000000000000CA
S214027BB400000000000000000000000000000000BA
S214027BC400000000000000000000000000000000AA
S214027BD4000000000000000000000000000000009A
S214027BE4000000000000000000000000000000008A
S214027BF4000000000000000000000000000000007A
S214027C040000000000000000000000000000000069
S214027C140000000000000000000000000000000059
S214027C240000000000000000000000000000000049
S214027C340000000000000000000000000000000039
S214027C440000000000000000000000000000000029
S214027C540000000000000000000000000000000019
S214027C640000000000000000000000000000000009
S214027C7400000000000000000000000000000000F9
S214027C8400000000000000000000000000000000E9
S214027C9400000000000000000000000000000000D9
S214027CA400000000000000000000000000000000C9
S214027CB400000000000000000000000000000000B9
S214027CC400000000000000000000000000000000A9
S214027CD40000000000000000000000000000000099
S214027CE40000000000000000000000000000000089
S214027CF40000000000000000000000000000000079
S214027D040000000000000000000000000000000068
S214027D140000000000000000000000000000000058
S214027D240000000000000000000000000000000048
S214027D340000000000000000000000000000000038
S214027D440000000000000000000000000000000028
S214027D540000000000000000000000000000000018
S214027D640000000000000000000000000000000008
S214027D7400000000000000000000000000000000F8
S214027D8400000000000000000000000000000000E8
S214027D9400000000000000000000000000000000D8
S214027DA400000000000000000000000000000000C8
S214027DB400000000000000000000000000000000B8
S214027DC400000000000000000000000000000000A8
S214027DD40000000000000000000000000000000098
S214027DE40000000000000000000000000000000088
S214027DF40000000000000000000000000000000078
S214027E040000000000000000000000000000000067
S214027E140000000000000000000000000000000057
S214027E240000000000000000000000000000000047
S214027E340000000000000000000000000000000037
S214027E440000000000000000000000000000000027
S214027E540000000000000000000000000000000017
S214027E640000000000000000000000000000000007
S214027E7400000000000000000000000000000000F7
S214027E8400000000000000000000000000000000E7
S214027E9400000000000000000000000000000000D7
S214027EA400000000000000000000000000000000C7
S214027EB400000000000000000000000000000000B7
S214027EC400000000000000000000000000000000A7
S214027ED40000000000000000000000000000000097
S214027EE40000000000000000000000000000000087
S214027EF40000000000000000000000000000000077
S214027F040000000000000000000000000000000066
S214027F140000000000000000000000000000000056
S214027F240000000000000000000000000000000046
S214027F340000000000000000000000000000000036
S214027F440000000000000000000000000000000026
S214027F540000000000000000000000000000000016
S214027F640000000000000000000000000000000006
S214027F7400000000000000000000000000000000F6
S214027F8400000000000000000000000000000000E6
S214027F9400000000000000000000000000000000D6
S214027FA400000000000000000000000000000000C6
S214027FB400000000000000000000000000000000B6
S214027FC400000000000000000000000000000000A6
S214027FD40000000000000000000000000000000096
S214027FE40000000000000000000000000000000086
S214027FF40000000000000000000000000000000076
S2140280040000000000000000000000000000000065
S2140280140000000000000000000000000000000055
S2140280240000000000000000000000000000000045
S2140280340000000000000000000000000000000035
S2140280440000000000000000000000000000000025
S2140280540000000000000000000000000000000015
S2140280640000000000000000000000000000000005
S21402807400000000000000000000000000000000F5
S21402808400000000000000000000000000000000E5
S21402809400000000000000000000000000000000D5
S2140280A400000000000000000000000000000000C5
S2140280B400000000000000000000000000000000B5
S2140280C400000000000000000000000000000000A5
S2140280D40000000000000000000000000000000095
S2140280E40000000000000000000000000000000085
S2140280F40000000000000000000000000000000075
S2140281040000000000000000000000000000000064
S2140281140000000000000000000000000000000054
S2140281240000000000000000000000000000000044
S2140281340000000000000000000000000000000034
S2140281440000000000000000000000000000000024
S2140281540000000000000000000000000000000014
S2140281640000000000000000000000000000000004
S21402817400000000000000000000000000000000F4
S21402818400000000000000000000000000000000E4
S21402819400000000000000000000000000000000D4
S2140281A400000000000000000000000000000000C4
S2140281B400000000000000000000000000000000B4
S2140281C400000000000000000000000000000000A4
S2140281D40000000000000000000000000000000094
S2140281E40000000000000000000000000000000084
S2140281F40000000000000000000000000000000074
S2140282040000000000000000000000000000000063
S2140282140000000000000000000000000000000053
S2140282240000000000000000000000000000000043
S2140282340000000000000000000000000000000033
S2140282440000000000000000000000000000000023
S2140282540000000000000000000000000000000013
S2140282640000000000000000000000000000000003
S21402827400000000000000000000000000000000F3
S21402828400000000000000000000000000000000E3
S21402829400000000000000000000000000000000D3
S2140282A400000000000000000000000000000000C3
S2140282B400000000000000000000000000000000B3
S2140282C400000000000000000000000000000000A3
S2140282D40000000000000000000000000000000093
S2140282E40000000000000000000000000000000083
S2140282F40000000000000000000000000000000073
S2140283040000000000000000000000000000000062
S2140283140000000000000000000000000000000052
S2140283240000000000000000000000000000000042
S2140283340000000000000000000000000000000032
S2140283440000000000000000000000000000000022
S2140283540000000000000000000000000000000012
S2140283640000000000000000000000000000000002
S21402837400000000000000000000000000000000F2
S21402838400000000000000000000000000000000E2
S21402839400000000000000000000000000000000D2
S2140283A400000000000000000000000000000000C2
S2140283B400000000000000000000000000000000B2
S2140283C400000000000000000000000000000000A2
S2140283D40000000000000000000000000000000092
S2140283E40000000000000000000000000000000082
S2140283F40000000000000000000000000000000072
S2140284040000000000000000000000000000000061
S2140284140000000000000000000000000000000051
S2140284240000000000000000000000000000000041
S2140284340000000000000000000000000000000031
S2140284440000000000000000000000000000000021
S2140284540000000000000000000000000000000011
S2140284640000000000000000000000000000000001
S21402847400000000000000000000000000000000F1
S21402848400000000000000000000000000000000E1
S21402849400000000000000000000000000000000D1
S2140284A400000000000000000000000000000000C1
S2140284B400000000000000000000000000000000B1
S2140284C400000000000000000000000000000000A1
S2140284D40000000000000000000000000000000091
S2140284E40000000000000000000000000000000081
S2140284F40000000000000000000000000000000071
S2140285040000000000000000000000000000000060
S2140285140000000000000000000000000000000050
S2140285240000000000000000000000000000000040
S2140285340000000000000000000000000000000030
S2140285440000000000000000000000000000000020
S2140285540000000000000000000000000000000010
S2140285640000000000000000000000000000000000
S21402857400000000000000000000000000000000F0
S21402858400000000000000000000000000000000E0
S21402859400000000000000000000000000000000D0
S2140285A400000000000000000000000000000000C0
S2140285B400000000000000000000000000000000B0
S2140285C400000000000000000000000000000000A0
S2140285D40000000000000000000000000000000090
S2140285E40000000000000000000000000000000080
S2140285F40000000000000000000000000000000070
S214028604000000000000000000000000000000005F
S214028614000000000000000000000000000000004F
S214028624000000000000000000000000000000003F
S214028634000000000000000000000000000000002F
S214028644000000000000000000000000000000001F
S214028654000000000000000000000000000000000F
S21402866400000000000000000000000000000000FF
S21402867400000000000000000000000000000000EF
S21402868400000000000000000000000000000000DF
S21402869400000000000000000000000000000000CF
S2140286A400000000000000000000000000000000BF
S2140286B400000000000000000000000000000000AF
S2140286C4000000000000000000000000000000009F
S2140286D4000000000000000000000000000000008F
S2140286E4000000000000000000000000000000007F
S2140286F4000000000000000000000000000000006F
S214028704000000000000000000000000000000005E
S214028714000000000000000000000000000000004E
S214028724000000000000000000000000000000003E
S214028734000000000000000000000000000000002E
S214028744000000000000000000000000000000001E
S214028754000000000000000000000000000000000E
S21402876400000000000000000000000000000000FE
S21402877400000000000000000000000000000000EE
S21402878400000000000000000000000000000000DE
S21402879400000000000000000000000000000000CE
S2140287A400000000000000000000000000000000BE
S2140287B400000000000000000000000000000000AE
S2140287C4000000000000000000000000000000009E
S2140287D4000000000000000000000000000000008E
S2140287E4000000000000000000000000000000007E
S2140287F4000000000000000000000000000000006E
S214028804000000000000000000000000000000005D
S214028814000000000000000000000000000000004D
S214028824000000000000000000000000000000003D
S214028834000000000000000000000000000000002D
S214028844000000000000000000000000000000001D
S214028854000000000000000000000000000000000D
S21402886400000000000000000000000000000000FD
S21402887400000000000000000000000000000000ED
S21402888400000000000000000000000000000000DD
S21402889400000000000000000000000000000000CD
S2140288A400000000000000000000000000000000BD
S2140288B400000000000000000000000000000000AD
S2140288C4000000000000000000000000000000009D
S2140288D4000000000000000000000000000000008D
S2140288E4000000000000000000000000000000007D
S2140288F4000000000000000000000000000000006D
S214028904000000000000000000000000000000005C
S214028914000000000000000000000000000000004C
S214028924000000000000000000000000000000003C
S214028934000000000000000000000000000000002C
S214028944000000000000000000000000000000001C
S214028954000000000000000000000000000000000C
S21402896400000000000000000000000000000000FC
S21402897400000000000000000000000000000000EC
S21402898400000000000000000000000000000000DC
S21402899400000000000000000000000000000000CC
S2140289A400000000000000000000000000000000BC
S2140289B400000000000000000000000000000000AC
S2140289C4000000000000000000000000000000009C
S2140289D4000000000000000000000000000000008C
S2140289E4000000000000000000000000000000007C
S2140289F4000000000000000000000000000000006C
S214028A04000000000000000000000000000000005B
S214028A14000000000000000000000000000000004B
S214028A24000000000000000000000000000000003B
S214028A34000000000000000000000000000000002B
S214028A44000000000000000000000000000000001B
S214028A54000000000000000000000000000000000B
S214028A6400000000000000000000000000000000FB
S214028A7400000000000000000000000000000000EB
S214028A8400000000000000000000000000000000DB
S214028A9400000000000000000000000000000000CB
S214028AA400000000000000000000000000000000BB
S214028AB400000000000000000000000000000000AB
S214028AC4000000000000000000000000000000009B
S214028AD4000000000000000000000000000000008B
S214028AE4000000000000000000000000000000007B
S214028AF4000000000000000000000000000000006B
S214028B04000000000000000000000000000000005A
S214028B14000000000000000000000000000000004A
S214028B24000000000000000000000000000000003A
S214028B34000000000000000000000000000000002A
S214028B44000000000000000000000000000000001A
S214028B54000000000000000000000000000000000A
S214028B6400000000000000000000000000000000FA
S214028B7400000000000000000000000000000000EA
S214028B8400000000000000000000000000000000DA
S214028B9400000000000000000000000000000000CA
S214028BA400000000000000000000000000000000BA
S214028BB400000000000000000000000000000000AA
S214028BC4000000000000000000000000000000009A
S214028BD4000000000000000000000000000000008A
S214028BE4000000000000000000000000000000007A
S214028BF4000000000000000000000000000000006A
S214028C040000000000000000000000000000000059
S214028C140000000000000000000000000000000049
S214028C240000000000000000000000000000000039
S214028C340000000000000000000000000000000029
S214028C440000000000000000000000000000000019
S214028C540000000000000000000000000000000009
S214028C6400000000000000000000000000000000F9
S214028C7400000000000000000000000000000000E9
S214028C8400000000000000000000000000000000D9
S214028C9400000000000000000000000000000000C9
S214028CA400000000000000000000000000000000B9
S214028CB400000000000000000000000000000000A9
S214028CC40000000000000000000000000000000099
S214028CD40000000000000000000000000000000089
S214028CE40000000000000000000000000000000079
S214028CF40000000000000000000000000000000069
S214028D040000000000000000000000000000000058
S214028D140000000000000000000000000000000048
S214028D240000000000000000000000000000000038
S214028D340000000000000000000000000000000028
S214028D440000000000000000000000000000000018
S214028D540000000000000000000000000000000008
S214028D6400000000000000000000000000000000F8
S214028D7400000000000000000000000000000000E8
S214028D8400000000000000000000000000000000D8
S214028D9400000000000000000000000000000000C8
S214028DA400000000000000000000000000000000B8
S214028DB400000000000000000000000000000000A8
S214028DC40000000000000000000000000000000098
S214028DD40000000000000000000000000000000088
S214028DE40000000000000000000000000000000078
S214028DF40000000000000000000000000000000068
S214028E040000000000000000000000000000000057
S214028E140000000000000000000000000000000047
S214028E240000000000000000000000000000000037
S214028E340000000000000000000000000000000027
S214028E440000000000000000000000000000000017
S214028E540000000000000000000000000000000007
S214028E6400000000000000000000000000000000F7
S214028E7400000000000000000000000000000000E7
S214028E8400000000000000000000000000000000D7
S214028E9400000000000000000000000000000000C7
S214028EA400000000000000000000000000000000B7
S214028EB400000000000000000000000000000000A7
S214028EC40000000000000000000000000000000097
S214028ED40000000000000000000000000000000087
S214028EE40000000000000000000000000000000077
S214028EF40000000000000000000000000000000067
S214028F040000000000000000000000000000000056
S214028F140000000000000000000000000000000046
S214028F240000000000000000000000000000000036
S214028F340000000000000000000000000000000026
S214028F440000000000000000000000000000000016
S214028F540000000000000000000000000000000006
S214028F6400000000000000000000000000000000F6
S214028F7400000000000000000000000000000000E6
S214028F8400000000000000000000000000000000D6
S214028F9400000000000000000000000000000000C6
S214028FA400000000000000000000000000000000B6
S214028FB400000000000000000000000000000000A6
S214028FC40000000000000000000000000000000096
S214028FD40000000000000000000000000000000086
S214028FE40000000000000000000000000000000076
S214028FF40000000000000000000000000000000066
S2140290040000000000000000000000000000000055
S2140290140000000000000000000000000000000045
S2140290240000000000000000000000000000000035
S2140290340000000000000000000000000000000025
S2140290440000000000000000000000000000000015
S2140290540000000000000000000000000000000005
S21402906400000000000000000000000000000000F5
S21402907400000000000000000000000000000000E5
S21402908400000000000000000000000000000000D5
S21402909400000000000000000000000000000000C5
S2140290A400000000000000000000000000000000B5
S2140290B400000000000000000000000000000000A5
S2140290C40000000000000000000000000000000095
S2140290D40000000000000000000000000000000085
S2140290E40000000000000000000000000000000075
S2140290F40000000000000000000000000000000065
S2140291040000000000000000000000000000000054
S2140291140000000000000000000000000000000044
S2140291240000000000000000000000000000000034
S2140291340000000000000000000000000000000024
S2140291440000000000000000000000000000000014
S2140291540000000000000000000000000000000004
S21402916400000000000000000000000000000000F4
S21402917400000000000000000000000000000000E4
S21402918400000000000000000000000000000000D4
S21402919400000000000000000000000000000000C4
S2140291A400000000000000000000000000000000B4
S2140291B400000000000000000000000000000000A4
S2140291C40000000000000000000000000000000094
S2140291D40000000000000000000000000000000084
S2140291E40000000000000000000000000000000074
S2140291F40000000000000000000000000000000064
S2140292040000000000000000000000000000000053
S2140292140000000000000000000000000000000043
S2140292240000000000000000000000000000000033
S2140292340000000000000000000000000000000023
S2140292440000000000000000000000000000000013
S2140292540000000000000000000000000000000003
S21402926400000000000000000000000000000000F3
S21402927400000000000000000000000000000000E3
S21402928400000000000000000000000000000000D3
S21402929400000000000000000000000000000000C3
S2140292A400000000000000000000000000000000B3
S2140292B400000000000000000000000000000000A3
S2140292C40000000000000000000000000000000093
S2140292D40000000000000000000000000000000083
S2140292E40000000000000000000000000000000073
S2140292F40000000000000000000000000000000063
S2140293040000000000000000000000000000000052
S2140293140000000000000000000000000000000042
S2140293240000000000000000000000000000000032
S2140293340000000000000000000000000000000022
S2140293440000000000000000000000000000000012
S2140293540000000000000000000000000000000002
S21402936400000000000000000000000000000000F2
S21402937400000000000000000000000000000000E2
S21402938400000000000000000000000000000000D2
S21402939400000000000000000000000000000000C2
S2140293A400000000000000000000000000000000B2
S2140293B400000000000000000000000000000000A2
S2140293C40000000000000000000000000000000092
S2140293D40000000000000000000000000000000082
S2140293E40000000000000000000000000000000072
S2140293F40000000000000000000000000000000062
S2140294040000000000000000000000000000000051
S2140294140000000000000000000000000000000041
S2140294240000000000000000000000000000000031
S2140294340000000000000000000000000000000021
S2140294440000000000000000000000000000000011
S2140294540000000000000000000000000000000001
S21402946400000000000000000000000000000000F1
S21402947400000000000000000000000000000000E1
S21402948400000000000000000000000000000000D1
S21402949400000000000000000000000000000000C1
S2140294A400000000000000000000000000000000B1
S2140294B400000000000000000000000000000000A1
S2140294C40000000000000000000000000000000091
S2140294D40000000000000000000000000000000081
S2140294E40000000000000000000000000000000071
S2140294F40000000000000000000000000000000061
S2140295040000000000000000000000000000000050
S2140295140000000000000000000000000000000040
S2140295240000000000000000000000000000000030
S2140295340000000000000000000000000000000020
S2140295440000000000000000000000000000000010
S2140295540000000000000000000000000000000000
S21402956400000000000000000000000000000000F0
S21402957400000000000000000000000000000000E0
S21402958400000000000000000000000000000000D0
S21402959400000000000000000000000000000000C0
S2140295A400000000000000000000000000000000B0
S2140295B400000000000000000000000000000000A0
S2140295C40000000000000000000000000000000090
S2140295D40000000000000000000000000000000080
S2140295E40000000000000000000000000000000070
S2140295F40000000000000000000000000000000060
S214029604000000000000000000000000000000004F
S214029614000000000000000000000000000000003F
S214029624000000000000000000000000000000002F
S214029634000000000000000000000000000000001F
S214029644000000000000000000000000000000000F
S21402965400000000000000000000000000000000FF
S21402966400000000000000000000000000000000EF
S21402967400000000000000000000000000000000DF
S21402968400000000000000000000000000000000CF
S21402969400000000000000000000000000000000BF
S2140296A400000000000000000000000000000000AF
S2140296B4000000000000000000000000000000009F
S2140296C4000000000000000000000000000000008F
S2140296D4000000000000000000000000000000007F
S2140296E4000000000000000000000000000000006F
S2140296F4000000000000000000000000000000005F
S214029704000000000000000000000000000000004E
S214029714000000000000000000000000000000003E
S214029724000000000000000000000000000000002E
S214029734000000000000000000000000000000001E
S214029744000000000000000000000000000000000E
S21402975400000000000000000000000000000000FE
S21402976400000000000000000000000000000000EE
S21402977400000000000000000000000000000000DE
S21402978400000000000000000000000000000000CE
S21402979400000000000000000000000000000000BE
S2140297A400000000000000000000000000000000AE
S2140297B4000000000000000000000000000000009E
S2140297C4000000000000000000000000000000008E
S2140297D4000000000000000000000000000000007E
S2140297E4000000000000000000000000000000006E
S2140297F4000000000000000000000000000000005E
S214029804000000000000000000000000000000004D
S214029814000000000000000000000000000000003D
S214029824000000000000000000000000000000002D
S214029834000000000000000000000000000000001D
S214029844000000000000000000000000000000000D
S21402985400000000000000000000000000000000FD
S21402986400000000000000000000000000000000ED
S21402987400000000000000000000000000000000DD
S21402988400000000000000000000000000000000CD
S21402989400000000000000000000000000000000BD
S2140298A400000000000000000000000000000000AD
S2140298B4000000000000000000000000000000009D
S2140298C4000000000000000000000000000000008D
S2140298D4000000000000000000000000000000007D
S2140298E4000000000000000000000000000000006D
S2140298F4000000000000000000000000000000005D
S214029904000000000000000000000000000000004C
S214029914000000000000000000000000000000003C
S214029924000000000000000000000000000000002C
S214029934000000000000000000000000000000001C
S214029944000000000000000000000000000000000C
S21402995400000000000000000000000000000000FC
S21402996400000000000000000000000000000000EC
S21402997400000000000000000000000000000000DC
S21402998400000000000000000000000000000000CC
S21402999400000000000000000000000000000000BC
S2140299A400000000000000000000000000000000AC
S2140299B4000000000000000000000000000000009C
S2140299C4000000000000000000000000000000008C
S2140299D4000000000000000000000000000000007C
S2140299E4000000000000000000000000000000006C
S2140299F4000000000000000000000000000000005C
S214029A04000000000000000000000000000000004B
S214029A14000000000000000000000000000000003B
S214029A24000000000000000000000000000000002B
S214029A34000000000000000000000000000000001B
S214029A44000000000000000000000000000000000B
S214029A5400000000000000000000000000000000FB
S214029A6400000000000000000000000000000000EB
S214029A7400000000000000000000000000000000DB
S214029A8400000000000000000000000000000000CB
S214029A9400000000000000000000000000000000BB
S214029AA400000000000000000000000000000000AB
S214029AB4000000000000000000000000000000009B
S214029AC4000000000000000000000000000000008B
S214029AD4000000000000000000000000000000007B
S214029AE4000000000000000000000000000000006B
S214029AF4000000000000000000000000000000005B
S214029B04000000000000000000000000000000004A
S214029B14000000000000000000000000000000003A
S214029B24000000000000000000000000000000002A
S214029B34000000000000000000000000000000001A
S214029B44000000000000000000000000000000000A
S214029B5400000000000000000000000000000000FA
S214029B6400000000000000000000000000000000EA
S214029B7400000000000000000000000000000000DA
S214029B8400000000000000000000000000000000CA
S214029B9400000000000000000000000000000000BA
S214029BA400000000000000000000000000000000AA
S214029BB4000000000000000000000000000000009A
S214029BC4000000000000000000000000000000008A
S214029BD4000000000000000000000000000000007A
S214029BE4000000000000000000000000000000006A
S214029BF4000000000000000000000000000000005A
S214029C040000000000000000000000000000000049
S214029C140000000000000000000000000000000039
S214029C240000000000000000000000000000000029
S214029C340000000000000000000000000000000019
S214029C440000000000000000000000000000000009
S214029C5400000000000000000000000000000000F9
S214029C6400000000000000000000000000000000E9
S214029C7400000000000000000000000000000000D9
S214029C8400000000000000000000000000000000C9
S214029C9400000000000000000000000000000000B9
S214029CA400000000000000000000000000000000A9
S214029CB40000000000000000000000000000000099
S214029CC40000000000000000000000000000000089
S214029CD40000000000000000000000000000000079
S214029CE40000000000000000000000000000000069
S214029CF40000000000000000000000000000000059
S214029D040000000000000000000000000000000048
S214029D140000000000000000000000000000000038
S214029D240000000000000000000000000000000028
S214029D340000000000000000000000000000000018
S214029D440000000000000000000000000000000008
S214029D5400000000000000000000000000000000F8
S214029D6400000000000000000000000000000000E8
S214029D7400000000000000000000000000000000D8
S214029D8400000000000000000000000000000000C8
S214029D9400000000000000000000000000000000B8
S214029DA400000000000000000000000000000000A8
S214029DB40000000000000000000000000000000098
S214029DC40000000000000000000000000000000088
S214029DD40000000000000000000000000000000078
S214029DE40000000000000000000000000000000068
S214029DF40000000000000000000000000000000058
S214029E040000000000000000000000000000000047
S214029E140000000000000000000000000000000037
S214029E240000000000000000000000000000000027
S214029E340000000000000000000000000000000017
S214029E440000000000000000000000000000000007
S214029E5400000000000000000000000000000000F7
S214029E6400000000000000000000000000000000E7
S214029E7400000000000000000000000000000000D7
S214029E8400000000000000000000000000000000C7
S214029E9400000000000000000000000000000000B7
S214029EA400000000000000000000000000000000A7
S214029EB40000000000000000000000000000000097
S214029EC40000000000000000000000000000000087
S214029ED40000000000000000000000000000000077
S214029EE40000000000000000000000000000000067
S214029EF40000000000000000000000000000000057
S214029F040000000000000000000000000000000046
S214029F140000000000000000000000000000000036
S214029F240000000000000000000000000000000026
S214029F340000000000000000000000000000000016
S214029F440000000000000000000000000000000006
S214029F5400000000000000000000000000000000F6
S214029F6400000000000000000000000000000000E6
S214029F7400000000000000000000000000000000D6
S214029F8400000000000000000000000000000000C6
S214029F9400000000000000000000000000000000B6
S214029FA400000000000000000000000000000000A6
S214029FB40000000000000000000000000000000096
S214029FC40000000000000000000000000000000086
S214029FD40000000000000000000000000000000076
S214029FE40000000000000000000000000000000066
S214029FF40000000000000000000000000000000056
S21402A0040000000000000000000000000000000045
S21402A0140000000000000000000000000000000035
S21402A0240000000000000000000000000000000025
S21402A0340000000000000000000000000000000015
S21402A0440000000000000000000000000000000005
S21402A05400000000000000000000000000000000F5
S21402A06400000000000000000000000000000000E5
S21402A07400000000000000000000000000000000D5
S21402A08400000000000000000000000000000000C5
S21402A09400000000000000000000000000000000B5
S21402A0A400000000000000000000000000000000A5
S21402A0B40000000000000000000000000000000095
S21402A0C40000000000000000000000000000000085
S21402A0D40000000000000000000000000000000075
S21402A0E40000000000000000000000000000000065
S21402A0F40000000000000000000000000000000055
S21402A1040000000000000000000000000000000044
S21402A1140000000000000000000000000000000034
S21402A1240000000000000000000000000000000024
S21402A1340000000000000000000000000000000014
S21402A1440000000000000000000000000000000004
S21402A15400000000000000000000000000000000F4
S21402A16400000000000000000000000000000000E4
S21402A17400000000000000000000000000000000D4
S21402A18400000000000000000000000000000000C4
S21402A19400000000000000000000000000000000B4
S21402A1A400000000000000000000000000000000A4
S21402A1B40000000000000000000000000000000094
S21402A1C40000000000000000000000000000000084
S21402A1D40000000000000000000000000000000074
S21402A1E40000000000000000000000000000000064
S21402A1F40000000000000000000000000000000054
S21402A2040000000000000000000000000000000043
S21402A2140000000000000000000000000000000033
S21402A2240000000000000000000000000000000023
S21402A2340000000000000000000000000000000013
S21402A2440000000000000000000000000000000003
S21402A25400000000000000000000000000000000F3
S21402A26400000000000000000000000000000000E3
S21402A27400000000000000000000000000000000D3
S21402A28400000000000000000000000000000000C3
S21402A29400000000000000000000000000000000B3
S21402A2A400000000000000000000000000000000A3
S21402A2B40000000000000000000000000000000093
S21402A2C40000000000000000000000000000000083
S21402A2D40000000000000000000000000000000073
S21402A2E40000000000000000000000000000000063
S21402A2F40000000000000000000000000000000053
S21402A3040000000000000000000000000000000042
S21402A3140000000000000000000000000000000032
S21402A3240000000000000000000000000000000022
S21402A3340000000000000000000000000000000012
S21402A3440000000000000000000000000000000002
S21402A35400000000000000000000000000000000F2
S21402A36400000000000000000000000000000000E2
S21402A37400000000000000000000000000000000D2
S21402A38400000000000000000000000000000000C2
S21402A39400000000000000000000000000000000B2
S21402A3A400000000000000000000000000000000A2
S21402A3B40000000000000000000000000000000092
S21402A3C40000000000000000000000000000000082
S21402A3D40000000000000000000000000000000072
S21402A3E40000000000000000000000000000000062
S21402A3F40000000000000000000000000000000052
S21402A4040000000000000000000000000000000041
S21402A4140000000000000000000000000000000031
S21402A4240000000000000000000000000000000021
S21402A4340000000000000000000000000000000011
S21402A4440000000000000000000000000000000001
S21402A45400000000000000000000000000000000F1
S21402A46400000000000000000000000000000000E1
S21402A47400000000000000000000000000000000D1
S21402A48400000000000000000000000000000000C1
S21402A49400000000000000000000000000000000B1
S21402A4A400000000000000000000000000000000A1
S21402A4B40000000000000000000000000000000091
S21402A4C40000000000000000000000000000000081
S21402A4D40000000000000000000000000000000071
S21402A4E40000000000000000000000000000000061
S21402A4F40000000000000000000000000000000051
S21402A5040000000000000000000000000000000040
S21402A5140000000000000000000000000000000030
S21402A5240000000000000000000000000000000020
S21402A5340000000000000000000000000000000010
S21402A5440000000000000000000000000000000000
S21402A55400000000000000000000000000000000F0
S21402A56400000000000000000000000000000000E0
S21402A57400000000000000000000000000000000D0
S21402A58400000000000000000000000000000000C0
S21402A59400000000000000000000000000000000B0
S21402A5A400000000000000000000000000000000A0
S21402A5B40000000000000000000000000000000090
S21402A5C40000000000000000000000000000000080
S21402A5D40000000000000000000000000000000070
S21402A5E40000000000000000000000000000000060
S21402A5F40000000000000000000000000000000050
S21402A604000000000000000000000000000000003F
S21402A614000000000000000000000000000000002F
S21402A624000000000000000000000000000000001F
S21402A634000000000000000000000000000000000F
S21402A64400000000000000000000000000000000FF
S21402A65400000000000000000000000000000000EF
S21402A66400000000000000000000000000000000DF
S21402A67400000000000000000000000000000000CF
S21402A68400000000000000000000000000000000BF
S21402A69400000000000000000000000000000000AF
S21402A6A4000000000000000000000000000000009F
S21402A6B4000000000000000000000000000000008F
S21402A6C4000000000000000000000000000000007F
S21402A6D4000000000000000000000000000000006F
S21402A6E4000000000000000000000000000000005F
S21402A6F4000000000000000000000000000000004F
S21402A704000000000000000000000000000000003E
S21402A714000000000000000000000000000000002E
S21402A724000000000000000000000000000000001E
S21402A734000000000000000000000000000000000E
S21402A74400000000000000000000000000000000FE
S21402A75400000000000000000000000000000000EE
S21402A76400000000000000000000000000000000DE
S21402A77400000000000000000000000000000000CE
S21402A78400000000000000000000000000000000BE
S21402A79400000000000000000000000000000000AE
S21402A7A4000000000000000000000000000000009E
S21402A7B4000000000000000000000000000000008E
S21402A7C4000000000000000000000000000000007E
S21402A7D4000000000000000000000000000000006E
S21402A7E4000000000000000000000000000000005E
S21402A7F4000000000000000000000000000000004E
S21402A804000000000000000000000000000000003D
S21402A814000000000000000000000000000000002D
S21402A824000000000000000000000000000000001D
S21402A834000000000000000000000000000000000D
S21402A84400000000000000000000000000000000FD
S21402A85400000000000000000000000000000000ED
S21402A86400000000000000000000000000000000DD
S21402A87400000000000000000000000000000000CD
S21402A88400000000000000000000000000000000BD
S21402A89400000000000000000000000000000000AD
S21402A8A4000000000000000000000000000000009D
S21402A8B4000000000000000000000000000000008D
S21402A8C4000000000000000000000000000000007D
S21402A8D4000000000000000000000000000000006D
S21402A8E4000000000000000000000000000000005D
S21402A8F4000000000000000000000000000000004D
S21402A904000000000000000000000000000000003C
S21402A914000000000000000000000000000000002C
S21402A924000000000000000000000000000000001C
S21402A934000000000000000000000000000000000C
S21402A94400000000000000000000000000000000FC
S21402A95400000000000000000000000000000000EC
S21402A96400000000000000000000000000000000DC
S21402A97400000000000000000000000000000000CC
S21402A98400000000000000000000000000000000BC
S21402A99400000000000000000000000000000000AC
S21402A9A4000000000000000000000000000000009C
S21402A9B4000000000000000000000000000000008C
S21402A9C4000000000000000000000000000000007C
S21402A9D4000000000000000000000000000000006C
S21402A9E4000000000000000000000000000000005C
S21402A9F4000000000000000000000000000000004C
S21402AA04000000000000000000000000000000003B
S21402AA14000000000000000000000000000000002B
S21402AA24000000000000000000000000000000001B
S21402AA34000000000000000000000000000000000B
S21402AA4400000000000000000000000000000000FB
S21402AA5400000000000000000000000000000000EB
S21402AA6400000000000000000000000000000000DB
S21402AA7400000000000000000000000000000000CB
S21402AA8400000000000000000000000000000000BB
S21402AA9400000000000000000000000000000000AB
S21402AAA4000000000000000000000000000000009B
S21402AAB4000000000000000000000000000000008B
S21402AAC4000000000000000000000000000000007B
S21402AAD4000000000000000000000000000000006B
S21402AAE4000000000000000000000000000000005B
S21402AAF4000000000000000000000000000000004B
S21402AB04000000000000000000000000000000003A
S21402AB14000000000000000000000000000000002A
S21402AB24000000000000000000000000000000001A
S21402AB34000000000000000000000000000000000A
S21402AB4400000000000000000000000000000000FA
S21402AB5400000000000000000000000000000000EA
S21402AB6400000000000000000000000000000000DA
S21402AB7400000000000000000000000000000000CA
S21402AB8400000000000000000000000000000000BA
S21402AB9400000000000000000000000000000000AA
S21402ABA4000000000000000000000000000000009A
S21402ABB4000000000000000000000000000000008A
S21402ABC4000000000000000000000000000000007A
S21402ABD4000000000000000000000000000000006A
S21402ABE4000000000000000000000000000000005A
S21402ABF4000000000000000000000000000000004A
S21402AC040000000000000000000000000000000039
S21402AC140000000000000000000000000000000029
S21402AC240000000000000000000000000000000019
S21402AC340000000000000000000000000000000009
S21402AC4400000000000000000000000000000000F9
S21402AC5400000000000000000000000000000000E9
S21402AC6400000000000000000000000000000000D9
S21402AC7400000000000000000000000000000000C9
S21402AC8400000000000000000000000000000000B9
S21402AC9400000000000000000000000000000000A9
S21402ACA40000000000000000000000000000000099
S21402ACB40000000000000000000000000000000089
S21402ACC40000000000000000000000000000000079
S21402ACD40000000000000000000000000000000069
S21402ACE40000000000000000000000000000000059
S21402ACF40000000000000000000000000000000049
S21402AD040000000000000000000000000000000038
S21402AD140000000000000000000000000000000028
S21402AD240000000000000000000000000000000018
S21402AD340000000000000000000000000000000008
S21402AD4400000000000000000000000000000000F8
S21402AD5400000000000000000000000000000000E8
S21402AD6400000000000000000000000000000000D8
S21402AD7400000000000000000000000000000000C8
S21402AD8400000000000000000000000000000000B8
S21402AD9400000000000000000000000000000000A8
S21402ADA40000000000000000000000000000000098
S21402ADB40000000000000000000000000000000088
S21402ADC40000000000000000000000000000000078
S21402ADD40000000000000000000000000000000068
S21402ADE40000000000000000000000000000000058
S21402ADF40000000000000000000000000000000048
S21402AE040000000000000000000000000000000037
S21402AE140000000000000000000000000000000027
S21402AE240000000000000000000000000000000017
S21402AE340000000000000000000000000000000007
S21402AE4400000000000000000000000000000000F7
S21402AE5400000000000000000000000000000000E7
S21402AE6400000000000000000000000000000000D7
S21402AE7400000000000000000000000000000000C7
S21402AE8400000000000000000000000000000000B7
S21402AE9400000000000000000000000000000000A7
S21402AEA40000000000000000000000000000000097
S21402AEB40000000000000000000000000000000087
S21402AEC40000000000000000000000000000000077
S21402AED40000000000000000000000000000000067
S21402AEE40000000000000000000000000000000057
S21402AEF40000000000000000000000000000000047
S21402AF040000000000000000000000000000000036
S21402AF140000000000000000000000000000000026
S21402AF240000000000000000000000000000000016
S21402AF340000000000000000000000000000000006
S21402AF4400000000000000000000000000000000F6
S21402AF5400000000000000000000000000000000E6
S21402AF6400000000000000000000000000000000D6
S21402AF7400000000000000000000000000000000C6
S21402AF8400000000000000000000000000000000B6
S21402AF9400000000000000000000000000000000A6
S21402AFA40000000000000000000000000000000096
S21402AFB40000000000000000000000000000000086
S21402AFC40000000000000000000000000000000076
S21402AFD40000000000000000000000000000000066
S21402AFE40000000000000000000000000000000056
S21402AFF40000000000000000000000000000000046
S21402B0040000000000000000000000000000000035
S21402B0140000000000000000000000000000000025
S21402B0240000000000000000000000000000000015
S21402B0340000000000000000000000000000000005
S21402B04400000000000000000000000000000000F5
S21402B05400000000000000000000000000000000E5
S21402B06400000000000000000000000000000000D5
S21402B07400000000000000000000000000000000C5
S21402B08400000000000000000000000000000000B5
S21402B09400000000000000000000000000000000A5
S21402B0A40000000000000000000000000000000095
S21402B0B40000000000000000000000000000000085
S21402B0C40000000000000000000000000000000075
S21402B0D40000000000000000000000000000000065
S21402B0E40000000000000000000000000000000055
S21402B0F40000000000000000000000000000000045
S21402B1040000000000000000000000000000000034
S21402B1140000000000000000000000000000000024
S21402B1240000000000000000000000000000000014
S21402B1340000000000000000000000000000000004
S21402B14400000000000000000000000000000000F4
S21402B15400000000000000000000000000000000E4
S21402B16400000000000000000000000000000000D4
S21402B17400000000000000000000000000000000C4
S21402B18400000000000000000000000000000000B4
S21402B19400000000000000000000000000000000A4
S21402B1A40000000000000000000000000000000094
S21402B1B40000000000000000000000000000000084
S21402B1C40000000000000000000000000000000074
S21402B1D40000000000000000000000000000000064
S21402B1E40000000000000000000000000000000054
S21402B1F40000000000000000000000000000000044
S21402B2040000000000000000000000000000000033
S21402B2140000000000000000000000000000000023
S21402B2240000000000000000000000000000000013
S21402B2340000000000000000000000000000000003
S21402B24400000000000000000000000000000000F3
S21402B25400000000000000000000000000000000E3
S21402B26400000000000000000000000000000000D3
S21402B27400000000000000000000000000000000C3
S21402B28400000000000000000000000000000000B3
S21402B29400000000000000000000000000000000A3
S21402B2A40000000000000000000000000000000093
S21402B2B40000000000000000000000000000000083
S21402B2C40000000000000000000000000000000073
S21402B2D40000000000000000000000000000000063
S21402B2E40000000000000000000000000000000053
S21402B2F40000000000000000000000000000000043
S21402B3040000000000000000000000000000000032
S21402B3140000000000000000000000000000000022
S21402B3240000000000000000000000000000000012
S21402B3340000000000000000000000000000000002
S21402B34400000000000000000000000000000000F2
S21402B35400000000000000000000000000000000E2
S21402B36400000000000000000000000000000000D2
S21402B37400000000000000000000000000000000C2
S21402B38400000000000000000000000000000000B2
S21402B39400000000000000000000000000000000A2
S21402B3A40000000000000000000000000000000092
S21402B3B40000000000000000000000000000000082
S21402B3C40000000000000000000000000000000072
S21402B3D40000000000000000000000000000000062
S21402B3E40000000000000000000000000000000052
S21402B3F40000000000000000000000000000000042
S21402B4040000000000000000000000000000000031
S21402B4140000000000000000000000000000000021
S21402B4240000000000000000000000000000000011
S21402B4340000000000000000000000000000000001
S21402B44400000000000000000000000000000000F1
S21402B45400000000000000000000000000000000E1
S21402B46400000000000000000000000000000000D1
S21402B47400000000000000000000000000000000C1
S21402B48400000000000000000000000000000000B1
S21402B49400000000000000000000000000000000A1
S21402B4A40000000000000000000000000000000091
S21402B4B40000000000000000000000000000000081
S21402B4C40000000000000000000000000000000071
S21402B4D40000000000000000000000000000000061
S21402B4E40000000000000000000000000000000051
S21402B4F40000000000000000000000000000000041
S21402B5040000000000000000000000000000000030
S21402B5140000000000000000000000000000000020
S21402B5240000000000000000000000000000000010
S21402B5340000000000000000000000000000000000
S21402B54400000000000000000000000000000000F0
S21402B55400000000000000000000000000000000E0
S21402B56400000000000000000000000000000000D0
S21402B57400000000000000000000000000000000C0
S21402B58400000000000000000000000000000000B0
S21402B59400000000000000000000000000000000A0
S21402B5A40000000000000000000000000000000090
S21402B5B40000000000000000000000000000000080
S21402B5C40000000000000000000000000000000070
S21402B5D40000000000000000000000000000000060
S21402B5E40000000000000000000000000000000050
S21402B5F40000000000000000000000000000000040
S21402B604000000000000000000000000000000002F
S21402B614000000000000000000000000000000001F
S21402B624000000000000000000000000000000000F
S21402B63400000000000000000000000000000000FF
S21402B64400000000000000000000000000000000EF
S21402B65400000000000000000000000000000000DF
S21402B66400000000000000000000000000000000CF
S21402B67400000000000000000000000000000000BF
S21402B68400000000000000000000000000000000AF
S21402B694000000000000000000000000000000009F
S21402B6A4000000000000000000000000000000008F
S21402B6B4000000000000000000000000000000007F
S21402B6C4000000000000000000000000000000006F
S21402B6D4000000000000000000000000000000005F
S21402B6E4000000000000000000000000000000004F
S21402B6F4000000000000000000000000000000003F
S21402B704000000000000000000000000000000002E
S21402B714000000000000000000000000000000001E
S21402B724000000000000000000000000000000000E
S21402B73400000000000000000000000000000000FE
S21402B74400000000000000000000000000000000EE
S21402B75400000000000000000000000000000000DE
S21402B76400000000000000000000000000000000CE
S21402B77400000000000000000000000000000000BE
S21402B78400000000000000000000000000000000AE
S21402B794000000000000000000000000000000009E
S21402B7A4000000000000000000000000000000008E
S21402B7B4000000000000000000000000000000007E
S21402B7C4000000000000000000000000000000006E
S21402B7D4000000000000000000000000000000005E
S21402B7E4000000000000000000000000000000004E
S21402B7F4000000000000000000000000000000003E
S21402B804000000000000000000000000000000002D
S21402B814000000000000000000000000000000001D
S21402B824000000000000000000000000000000000D
S21402B83400000000000000000000000000000000FD
S21402B84400000000000000000000000000000000ED
S21402B85400000000000000000000000000000000DD
S21402B86400000000000000000000000000000000CD
S21402B87400000000000000000000000000000000BD
S21402B88400000000000000000000000000000000AD
S21402B894000000000000000000000000000000009D
S21402B8A4000000000000000000000000000000008D
S21402B8B4000000000000000000000000000000007D
S21402B8C4000000000000000000000000000000006D
S21402B8D4000000000000000000000000000000005D
S21402B8E4000000000000000000000000000000004D
S21402B8F4000000000000000000000000000000003D
S21402B904000000000000000000000000000000002C
S21402B914000000000000000000000000000000001C
S21402B924000000000000000000000000000000000C
S21402B93400000000000000000000000000000000FC
S21402B94400000000000000000000000000000000EC
S21402B95400000000000000000000000000000000DC
S21402B96400000000000000000000000000000000CC
S21402B97400000000000000000000000000000000BC
S21402B98400000000000000000000000000000000AC
S21402B994000000000000000000000000000000009C
S21402B9A4000000000000000000000000000000008C
S21402B9B4000000000000000000000000000000007C
S21402B9C4000000000000000000000000000000006C
S21402B9D4000000000000000000000000000000005C
S21402B9E4000000000000000000000000000000004C
S21402B9F4000000000000000000000000000000003C
S21402BA04000000000000000000000000000000002B
S21402BA14000000000000000000000000000000001B
S21402BA24000000000000000000000000000000000B
S21402BA3400000000000000000000000000000000FB
S21402BA4400000000000000000000000000000000EB
S21402BA5400000000000000000000000000000000DB
S21402BA6400000000000000000000000000000000CB
S21402BA7400000000000000000000000000000000BB
S21402BA8400000000000000000000000000000000AB
S21402BA94000000000000000000000000000000009B
S21402BAA4000000000000000000000000000000008B
S21402BAB4000000000000000000000000000000007B
S21402BAC4000000000000000000000000000000006B
S21402BAD4000000000000000000000000000000005B
S21402BAE4000000000000000000000000000000004B
S21402BAF4000000000000000000000000000000003B
S21402BB04000000000000000000000000000000002A
S21402BB14000000000000000000000000000000001A
S21402BB24000000000000000000000000000000000A
S21402BB3400000000000000000000000000000000FA
S21402BB4400000000000000000000000000000000EA
S21402BB5400000000000000000000000000000000DA
S21402BB6400000000000000000000000000000000CA
S21402BB7400000000000000000000000000000000BA
S21402BB8400000000000000000000000000000000AA
S21402BB94000000000000000000000000000000009A
S21402BBA4000000000000000000000000000000008A
S21402BBB4000000000000000000000000000000007A
S21402BBC4000000000000000000000000000000006A
S21402BBD4000000000000000000000000000000005A
S21402BBE4000000000000000000000000000000004A
S21402BBF4000000000000000000000000000000003A
S21402BC040000000000000000000000000000000029
S21402BC140000000000000000000000000000000019
S21402BC240000000000000000000000000000000009
S21402BC3400000000000000000000000000000000F9
S21402BC4400000000000000000000000000000000E9
S21402BC5400000000000000000000000000000000D9
S21402BC6400000000000000000000000000000000C9
S21402BC7400000000000000000000000000000000B9
S21402BC8400000000000000000000000000000000A9
S21402BC940000000000000000000000000000000099
S21402BCA40000000000000000000000000000000089
S21402BCB40000000000000000000000000000000079
S21402BCC40000000000000000000000000000000069
S21402BCD40000000000000000000000000000000059
S21402BCE40000000000000000000000000000000049
S21402BCF40000000000000000000000000000000039
S21402BD040000000000000000000000000000000028
S21402BD140000000000000000000000000000000018
S21402BD240000000000000000000000000000000008
S21402BD3400000000000000000000000000000000F8
S21402BD4400000000000000000000000000000000E8
S21402BD5400000000000000000000000000000000D8
S21402BD6400000000000000000000000000000000C8
S21402BD7400000000000000000000000000000000B8
S21402BD8400000000000000000000000000000000A8
S21402BD940000000000000000000000000000000098
S21402BDA40000000000000000000000000000000088
S21402BDB40000000000000000000000000000000078
S21402BDC40000000000000000000000000000000068
S21402BDD40000000000000000000000000000000058
S21402BDE40000000000000000000000000000000048
S21402BDF40000000000000000000000000000000038
S21402BE040000000000000000000000000000000027
S21402BE140000000000000000000000000000000017
S21402BE240000000000000000000000000000000007
S21402BE3400000000000000000000000000000000F7
S21402BE4400000000000000000000000000000000E7
S21402BE5400000000000000000000000000000000D7
S21402BE6400000000000000000000000000000000C7
S21402BE7400000000000000000000000000000000B7
S21402BE8400000000000000000000000000000000A7
S21402BE940000000000000000000000000000000097
S21402BEA40000000000000000000000000000000087
S21402BEB40000000000000000000000000000000077
S21402BEC40000000000000000000000000000000067
S21402BED40000000000000000000000000000000057
S21402BEE40000000000000000000000000000000047
S21402BEF40000000000000000000000000000000037
S21402BF040000000000000000000000000000000026
S21402BF140000000000000000000000000000000016
S21402BF240000000000000000000000000000000006
S21402BF3400000000000000000000000000000000F6
S21402BF4400000000000000000000000000000000E6
S21402BF5400000000000000000000000000000000D6
S21402BF6400000000000000000000000000000000C6
S21402BF7400000000000000000000000000000000B6
S21402BF8400000000000000000000000000000000A6
S21402BF940000000000000000000000000000000096
S21402BFA40000000000000000000000000000000086
S21402BFB40000000000000000000000000000000076
S21402BFC40000000000000000000000000000000066
S21402BFD40000000000000000000000000000000056
S21402BFE40000000000000000000000000000000046
S21402BFF40000000000000000000000000000000036
S21402C0040000000000000000000000000000000025
S21402C0140000000000000000000000000000000015
S21402C0240000000000000000000000000000000005
S21402C03400000000000000000000000000000000F5
S21402C04400000000000000000000000000000000E5
S21402C05400000000000000000000000000000000D5
S21402C06400000000000000000000000000000000C5
S21402C07400000000000000000000000000000000B5
S21402C08400000000000000000000000000000000A5
S21402C0940000000000000000000000000000000095
S21402C0A40000000000000000000000000000000085
S21402C0B40000000000000000000000000000000075
S21402C0C40000000000000000000000000000000065
S21402C0D40000000000000000000000000000000055
S21402C0E40000000000000000000000000000000045
S21402C0F40000000000000000000000000000000035
S21402C1040000000000000000000000000000000024
S21402C1140000000000000000000000000000000014
S21402C1240000000000000000000000000000000004
S21402C13400000000000000000000000000000000F4
S21402C14400000000000000000000000000000000E4
S21402C15400000000000000000000000000000000D4
S21402C16400000000000000000000000000000000C4
S21402C17400000000000000000000000000000000B4
S21402C18400000000000000000000000000000000A4
S21402C1940000000000000000000000000000000094
S21402C1A40000000000000000000000000000000084
S21402C1B40000000000000000000000000000000074
S21402C1C40000000000000000000000000000000064
S21402C1D40000000000000000000000000000000054
S21402C1E40000000000000000000000000000000044
S21402C1F40000000000000000000000000000000034
S21402C2040000000000000000000000000000000023
S21402C2140000000000000000000000000000000013
S21402C2240000000000000000000000000000000003
S21402C23400000000000000000000000000000000F3
S21402C24400000000000000000000000000000000E3
S21402C25400000000000000000000000000000000D3
S21402C26400000000000000000000000000000000C3
S21402C27400000000000000000000000000000000B3
S21402C28400000000000000000000000000000000A3
S21402C2940000000000000000000000000000000093
S21402C2A40000000000000000000000000000000083
S21402C2B40000000000000000000000000000000073
S21402C2C40000000000000000000000000000000063
S21402C2D40000000000000000000000000000000053
S21402C2E40000000000000000000000000000000043
S21402C2F40000000000000000000000000000000033
S21402C3040000000000000000000000000000000022
S21402C3140000000000000000000000000000000012
S21402C3240000000000000000000000000000000002
S21402C33400000000000000000000000000000000F2
S21402C34400000000000000000000000000000000E2
S21402C35400000000000000000000000000000000D2
S21402C36400000000000000000000000000000000C2
S21402C37400000000000000000000000000000000B2
S21402C38400000000000000000000000000000000A2
S21402C3940000000000000000000000000000000092
S21402C3A40000000000000000000000000000000082
S21402C3B40000000000000000000000000000000072
S21402C3C40000000000000000000000000000000062
S21402C3D40000000000000000000000000000000052
S21402C3E40000000000000000000000000000000042
S21402C3F40000000000000000000000000000000032
S21402C4040000000000000000000000000000000021
S21402C4140000000000000000000000000000000011
S21402C4240000000000000000000000000000000001
S21402C43400000000000000000000000000000000F1
S21402C44400000000000000000000000000000000E1
S21402C45400000000000000000000000000000000D1
S21402C46400000000000000000000000000000000C1
S21402C47400000000000000000000000000000000B1
S21402C48400000000000000000000000000000000A1
S21402C4940000000000000000000000000000000091
S21402C4A40000000000000000000000000000000081
S21402C4B40000000000000000000000000000000071
S21402C4C40000000000000000000000000000000061
S21402C4D40000000000000000000000000000000051
S21402C4E40000000000000000000000000000000041
S21402C4F40000000000000000000000000000000031
S21402C5040000000000000000000000000000000020
S21402C5140000000000000000000000000000000010
S21402C5240000000000000000000000000000000000
S21402C53400000000000000000000000000000000F0
S21402C54400000000000000000000000000000000E0
S21402C55400000000000000000000000000000000D0
S21402C56400000000000000000000000000000000C0
S21402C57400000000000000000000000000000000B0
S21402C58400000000000000000000000000000000A0
S21402C5940000000000000000000000000000000090
S21402C5A40000000000000000000000000000000080
S21402C5B40000000000000000000000000000000070
S21402C5C40000000000000000000000000000000060
S21402C5D40000000000000000000000000000000050
S21402C5E40000000000000000000000000000000040
S21402C5F40000000000000000000000000000000030
S21402C604000000000000000000000000000000001F
S21402C614000000000000000000000000000000000F
S21402C62400000000000000000000000000000000FF
S21402C63400000000000000000000000000000000EF
S21402C64400000000000000000000000000000000DF
S21402C65400000000000000000000000000000000CF
S21402C66400000000000000000000000000000000BF
S21402C67400000000000000000000000000000000AF
S21402C684000000000000000000000000000000009F
S21402C694000000000000000000000000000000008F
S21402C6A4000000000000000000000000000000007F
S21402C6B4000000000000000000000000000000006F
S21402C6C4000000000000000000000000000000005F
S21402C6D4000000000000000000000000000000004F
S21402C6E4000000000000000000000000000000003F
S21402C6F4000000000000000000000000000000002F
S21402C704000000000000000000000000000000001E
S21402C714000000000000000000000000000000000E
S21402C72400000000000000000000000000000000FE
S21402C73400000000000000000000000000000000EE
S21402C74400000000000000000000000000000000DE
S21402C75400000000000000000000000000000000CE
S21402C76400000000000000000000000000000000BE
S21402C77400000000000000000000000000000000AE
S21402C784000000000000000000000000000000009E
S21402C794000000000000000000000000000000008E
S21402C7A4000000000000000000000000000000007E
S21402C7B4000000000000000000000000000000006E
S21402C7C4000000000000000000000000000000005E
S21402C7D4000000000000000000000000000000004E
S21402C7E4000000000000000000000000000000003E
S21402C7F4000000000000000000000000000000002E
S21402C804000000000000000000000000000000001D
S21402C814000000000000000000000000000000000D
S21402C82400000000000000000000000000000000FD
S21402C83400000000000000000000000000000000ED
S21402C84400000000000000000000000000000000DD
S21402C85400000000000000000000000000000000CD
S21402C86400000000000000000000000000000000BD
S21402C87400000000000000000000000000000000AD
S21402C884000000000000000000000000000000009D
S21402C894000000000000000000000000000000008D
S21402C8A4000000000000000000000000000000007D
S21402C8B4000000000000000000000000000000006D
S21402C8C4000000000000000000000000000000005D
S21402C8D4000000000000000000000000000000004D
S21402C8E4000000000000000000000000000000003D
S21402C8F4000000000000000000000000000000002D
S21402C904000000000000000000000000000000001C
S21402C914000000000000000000000000000000000C
S21402C92400000000000000000000000000000000FC
S21402C93400000000000000000000000000000000EC
S21402C94400000000000000000000000000000000DC
S21402C95400000000000000000000000000000000CC
S21402C96400000000000000000000000000000000BC
S21402C97400000000000000000000000000000000AC
S21402C984000000000000000000000000000000009C
S21402C994000000000000000000000000000000008C
S21402C9A4000000000000000000000000000000007C
S21402C9B4000000000000000000000000000000006C
S21402C9C4000000000000000000000000000000005C
S21402C9D4000000000000000000000000000000004C
S21402C9E4000000000000000000000000000000003C
S21402C9F4000000000000000000000000000000002C
S21402CA04000000000000000000000000000000001B
S21402CA14000000000000000000000000000000000B
S21402CA2400000000000000000000000000000000FB
S21402CA3400000000000000000000000000000000EB
S21402CA4400000000000000000000000000000000DB
S21402CA5400000000000000000000000000000000CB
S21402CA6400000000000000000000000000000000BB
S21402CA7400000000000000000000000000000000AB
S21402CA84000000000000000000000000000000009B
S21402CA94000000000000000000000000000000008B
S21402CAA4000000000000000000000000000000007B
S21402CAB4000000000000000000000000000000006B
S21402CAC4000000000000000000000000000000005B
S21402CAD4000000000000000000000000000000004B
S21402CAE4000000000000000000000000000000003B
S21402CAF4000000000000000000000000000000002B
S21402CB04000000000000000000000000000000001A
S21402CB14000000000000000000000000000000000A
S21402CB2400000000000000000000000000000000FA
S21402CB3400000000000000000000000000000000EA
S21402CB4400000000000000000000000000000000DA
S21402CB5400000000000000000000000000000000CA
S21402CB6400000000000000000000000000000000BA
S21402CB7400000000000000000000000000000000AA
S21402CB84000000000000000000000000000000009A
S21402CB94000000000000000000000000000000008A
S21402CBA4000000000000000000000000000000007A
S21402CBB4000000000000000000000000000000006A
S21402CBC4000000000000000000000000000000005A
S21402CBD4000000000000000000000000000000004A
S21402CBE4000000000000000000000000000000003A
S21402CBF4000000000000000000000000000000002A
S21402CC040000000000000000000000000000000019
S21402CC140000000000000000000000000000000009
S21402CC2400000000000000000000000000000000F9
S21402CC3400000000000000000000000000000000E9
S21402CC4400000000000000000000000000000000D9
S21402CC5400000000000000000000000000000000C9
S21402CC6400000000000000000000000000000000B9
S21402CC7400000000000000000000000000000000A9
S21402CC840000000000000000000000000000000099
S21402CC940000000000000000000000000000000089
S21402CCA40000000000000000000000000000000079
S21402CCB40000000000000000000000000000000069
S21402CCC40000000000000000000000000000000059
S21402CCD40000000000000000000000000000000049
S21402CCE40000000000000000000000000000000039
S21402CCF40000000000000000000000000000000029
S21402CD040000000000000000000000000000000018
S21402CD140000000000000000000000000000000008
S21402CD2400000000000000000000000000000000F8
S21402CD3400000000000000000000000000000000E8
S21402CD4400000000000000000000000000000000D8
S21402CD5400000000000000000000000000000000C8
S21402CD6400000000000000000000000000000000B8
S21402CD7400000000000000000000000000000000A8
S21402CD840000000000000000000000000000000098
S21402CD940000000000000000000000000000000088
S21402CDA40000000000000000000000000000000078
S21402CDB40000000000000000000000000000000068
S21402CDC40000000000000000000000000000000058
S21402CDD40000000000000000000000000000000048
S21402CDE40000000000000000000000000000000038
S21402CDF40000000000000000000000000000000028
S21402CE040000000000000000000000000000000017
S21402CE140000000000000000000000000000000007
S21402CE2400000000000000000000000000000000F7
S21402CE3400000000000000000000000000000000E7
S21402CE4400000000000000000000000000000000D7
S21402CE5400000000000000000000000000000000C7
S21402CE6400000000000000000000000000000000B7
S21402CE7400000000000000000000000000000000A7
S21402CE840000000000000000000000000000000097
S21402CE940000000000000000000000000000000087
S21402CEA40000000000000000000000000000000077
S21402CEB40000000000000000000000000000000067
S21402CEC40000000000000000000000000000000057
S21402CED40000000000000000000000000000000047
S21402CEE40000000000000000000000000000000037
S21402CEF40000000000000000000000000000000027
S21402CF040000000000000000000000000000000016
S21402CF140000000000000000000000000000000006
S21402CF2400000000000000000000000000000000F6
S21402CF3400000000000000000000000000000000E6
S21402CF4400000000000000000000000000000000D6
S21402CF5400000000000000000000000000000000C6
S21402CF6400000000000000000000000000000000B6
S21402CF7400000000000000000000000000000000A6
S21402CF840000000000000000000000000000000096
S21402CF940000000000000000000000000000000086
S21402CFA40000000000000000000000000000000076
S21402CFB40000000000000000000000000000000066
S21402CFC40000000000000000000000000000000056
S21402CFD40000000000000000000000000000000046
S21402CFE40000000000000000000000000000000036
S21402CFF40000000000000000000000000000000026
S21402D0040000000000000000000000000000000015
S21402D0140000000000000000000000000000000005
S21402D02400000000000000000000000000000000F5
S21402D03400000000000000000000000000000000E5
S21402D04400000000000000000000000000000000D5
S21402D05400000000000000000000000000000000C5
S21402D06400000000000000000000000000000000B5
S21402D07400000000000000000000000000000000A5
S21402D0840000000000000000000000000000000095
S21402D0940000000000000000000000000000000085
S21402D0A40000000000000000000000000000000075
S21402D0B40000000000000000000000000000000065
S21402D0C40000000000000000000000000000000055
S21402D0D40000000000000000000000000000000045
S21402D0E40000000000000000000000000000000035
S21402D0F40000000000000000000000000000000025
S21402D1040000000000000000000000000000000014
S21402D1140000000000000000000000000000000004
S21402D12400000000000000000000000000000000F4
S21402D13400000000000000000000000000000000E4
S21402D14400000000000000000000000000000000D4
S21402D15400000000000000000000000000000000C4
S21402D16400000000000000000000000000000000B4
S21402D17400000000000000000000000000000000A4
S21402D1840000000000000000000000000000000094
S21402D1940000000000000000000000000000000084
S21402D1A40000000000000000000000000000000074
S21402D1B40000000000000000000000000000000064
S21402D1C40000000000000000000000000000000054
S21402D1D40000000000000000000000000000000044
S21402D1E40000000000000000000000000000000034
S21402D1F40000000000000000000000000000000024
S21402D2040000000000000000000000000000000013
S21402D2140000000000000000000000000000000003
S21402D22400000000000000000000000000000000F3
S21402D23400000000000000000000000000000000E3
S21402D24400000000000000000000000000000000D3
S21402D25400000000000000000000000000000000C3
S21402D26400000000000000000000000000000000B3
S21402D27400000000000000000000000000000000A3
S21402D2840000000000000000000000000000000093
S21402D2940000000000000000000000000000000083
S21402D2A40000000000000000000000000000000073
S21402D2B40000000000000000000000000000000063
S21402D2C40000000000000000000000000000000053
S21402D2D40000000000000000000000000000000043
S21402D2E40000000000000000000000000000000033
S21402D2F40000000000000000000000000000000023
S21402D3040000000000000000000000000000000012
S21402D3140000000000000000000000000000000002
S21402D32400000000000000000000000000000000F2
S21402D33400000000000000000000000000000000E2
S21402D34400000000000000000000000000000000D2
S21402D35400000000000000000000000000000000C2
S21402D36400000000000000000000000000000000B2
S21402D37400000000000000000000000000000000A2
S21402D3840000000000000000000000000000000092
S21402D3940000000000000000000000000000000082
S21402D3A40000000000000000000000000000000072
S21402D3B40000000000000000000000000000000062
S21402D3C40000000000000000000000000000000052
S21402D3D40000000000000000000000000000000042
S21402D3E40000000000000000000000000000000032
S21402D3F40000000000000000000000000000000022
S21402D4040000000000000000000000000000000011
S21402D4140000000000000000000000000000000001
S21402D42400000000000000000000000000000000F1
S21402D43400000000000000000000000000000000E1
S21402D44400000000000000000000000000000000D1
S21402D45400000000000000000000000000000000C1
S21402D46400000000000000000000000000000000B1
S21402D47400000000000000000000000000000000A1
S21402D4840000000000000000000000000000000091
S21402D4940000000000000000000000000000000081
S21402D4A40000000000000000000000000000000071
S21402D4B40000000000000000000000000000000061
S21402D4C40000000000000000000000000000000051
S21402D4D40000000000000000000000000000000041
S21402D4E40000000000000000000000000000000031
S21402D4F40000000000000000000000000000000021
S21402D5040000000000000000000000000000000010
S21402D5140000000000000000000000000000000000
S21402D52400000000000000000000000000000000F0
S21402D53400000000000000000000000000000000E0
S21402D54400000000000000000000000000000000D0
S21402D55400000000000000000000000000000000C0
S21402D56400000000000000000000000000000000B0
S21402D57400000000000000000000000000000000A0
S21402D5840000000000000000000000000000000090
S21402D5940000000000000000000000000000000080
S21402D5A40000000000000000000000000000000070
S21402D5B40000000000000000000000000000000060
S21402D5C40000000000000000000000000000000050
S21402D5D40000000000000000000000000000000040
S21402D5E40000000000000000000000000000000030
S21402D5F40000000000000000000000000000000020
S21402D604000000000000000000000000000000000F
S21402D61400000000000000000000000000000000FF
S21402D62400000000000000000000000000000000EF
S21402D63400000000000000000000000000000000DF
S21402D64400000000000000000000000000000000CF
S21402D65400000000000000000000000000000000BF
S21402D66400000000000000000000000000000000AF
S21402D674000000000000000000000000000000009F
S21402D684000000000000000000000000000000008F
S21402D694000000000000000000000000000000007F
S21402D6A4000000000000000000000000000000006F
S21402D6B4000000000000000000000000000000005F
S21402D6C4000000000000000000000000000000004F
S21402D6D4000000000000000000000000000000003F
S21402D6E4000000000000000000000000000000002F
S21402D6F4000000000000000000000000000000001F
S21402D704000000000000000000000000000000000E
S21402D71400000000000000000000000000000000FE
S21402D72400000000000000000000000000000000EE
S21402D73400000000000000000000000000000000DE
S21402D74400000000000000000000000000000000CE
S21402D75400000000000000000000000000000000BE
S21402D76400000000000000000000000000000000AE
S21402D774000000000000000000000000000000009E
S21402D784000000000000000000000000000000008E
S21402D794000000000000000000000000000000007E
S21402D7A4000000000000000000000000000000006E
S21402D7B4000000000000000000000000000000005E
S21402D7C4000000000000000000000000000000004E
S21402D7D4000000000000000000000000000000003E
S21402D7E4000000000000000000000000000000002E
S21402D7F4000000000000000000000000000000001E
S21402D804000000000000000000000000000000000D
S21402D81400000000000000000000000000000000FD
S21402D82400000000000000000000000000000000ED
S21402D83400000000000000000000000000000000DD
S21402D84400000000000000000000000000000000CD
S21402D85400000000000000000000000000000000BD
S21402D86400000000000000000000000000000000AD
S21402D874000000000000000000000000000000009D
S21402D884000000000000000000000000000000008D
S21402D894000000000000000000000000000000007D
S21402D8A4000000000000000000000000000000006D
S21402D8B4000000000000000000000000000000005D
S21402D8C4000000000000000000000000000000004D
S21402D8D4000000000000000000000000000000003D
S21402D8E4000000000000000000000000000000002D
S21402D8F4000000000000000000000000000000001D
S21402D904000000000000000000000000000000000C
S21402D91400000000000000000000000000000000FC
S21402D92400000000000000000000000000000000EC
S21402D93400000000000000000000000000000000DC
S21402D94400000000000000000000000000000000CC
S21402D95400000000000000000000000000000000BC
S21402D96400000000000000000000000000000000AC
S21402D974000000000000000000000000000000009C
S21402D984000000000000000000000000000000008C
S21402D994000000000000000000000000000000007C
S21402D9A4000000000000000000000000000000006C
S21402D9B4000000000000000000000000000000005C
S21402D9C4000000000000000000000000000000004C
S21402D9D4000000000000000000000000000000003C
S21402D9E4000000000000000000000000000000002C
S21402D9F4000000000000000000000000000000001C
S21402DA04000000000000000000000000000000000B
S21402DA1400000000000000000000000000000000FB
S21402DA2400000000000000000000000000000000EB
S21402DA3400000000000000000000000000000000DB
S21402DA4400000000000000000000000000000000CB
S21402DA5400000000000000000000000000000000BB
S21402DA6400000000000000000000000000000000AB
S21402DA74000000000000000000000000000000009B
S21402DA84000000000000000000000000000000008B
S21402DA94000000000000000000000000000000007B
S21402DAA4000000000000000000000000000000006B
S21402DAB4000000000000000000000000000000005B
S21402DAC4000000000000000000000000000000004B
S21402DAD4000000000000000000000000000000003B
S21402DAE4000000000000000000000000000000002B
S21402DAF4000000000000000000000000000000001B
S21402DB04000000000000000000000000000000000A
S21402DB1400000000000000000000000000000000FA
S21402DB2400000000000000000000000000000000EA
S21402DB3400000000000000000000000000000000DA
S21402DB4400000000000000000000000000000000CA
S21402DB5400000000000000000000000000000000BA
S21402DB6400000000000000000000000000000000AA
S21402DB74000000000000000000000000000000009A
S21402DB84000000000000000000000000000000008A
S21402DB94000000000000000000000000000000007A
S21402DBA4000000000000000000000000000000006A
S21402DBB4000000000000000000000000000000005A
S21402DBC4000000000000000000000000000000004A
S21402DBD4000000000000000000000000000000003A
S21402DBE4000000000000000000000000000000002A
S21402DBF4000000000000000000000000000000001A
S21402DC040000000000000000000000000000000009
S21402DC1400000000000000000000000000000000F9
S21402DC2400000000000000000000000000000000E9
S21402DC3400000000000000000000000000000000D9
S21402DC4400000000000000000000000000000000C9
S21402DC5400000000000000000000000000000000B9
S21402DC6400000000000000000000000000000000A9
S21402DC740000000000000000000000000000000099
S21402DC840000000000000000000000000000000089
S21402DC940000000000000000000000000000000079
S21402DCA40000000000000000000000000000000069
S21402DCB40000000000000000000000000000000059
S21402DCC40000000000000000000000000000000049
S21402DCD40000000000000000000000000000000039
S21402DCE40000000000000000000000000000000029
S21402DCF40000000000000000000000000000000019
S21402DD040000000000000000000000000000000008
S21402DD1400000000000000000000000000000000F8
S21402DD2400000000000000000000000000000000E8
S21402DD3400000000000000000000000000000000D8
S21402DD4400000000000000000000000000000000C8
S21402DD5400000000000000000000000000000000B8
S21402DD6400000000000000000000000000000000A8
S21402DD740000000000000000000000000000000098
S21402DD840000000000000000000000000000000088
S21402DD940000000000000000000000000000000078
S21402DDA40000000000000000000000000000000068
S21402DDB40000000000000000000000000000000058
S21402DDC40000000000000000000000000000000048
S21402DDD40000000000000000000000000000000038
S21402DDE40000000000000000000000000000000028
S21402DDF40000000000000000000000000000000018
S21402DE040000000000000000000000000000000007
S21402DE1400000000000000000000000000000000F7
S21402DE2400000000000000000000000000000000E7
S21402DE3400000000000000000000000000000000D7
S21402DE4400000000000000000000000000000000C7
S21402DE5400000000000000000000000000000000B7
S21402DE6400000000000000000000000000000000A7
S21402DE740000000000000000000000000000000097
S21402DE840000000000000000000000000000000087
S21402DE940000000000000000000000000000000077
S21402DEA40000000000000000000000000000000067
S21402DEB40000000000000000000000000000000057
S21402DEC40000000000000000000000000000000047
S21402DED40000000000000000000000000000000037
S21402DEE40000000000000000000000000000000027
S21402DEF40000000000000000000000000000000017
S21402DF040000000000000000000000000000000006
S21402DF1400000000000000000000000000000000F6
S21402DF2400000000000000000000000000000000E6
S21402DF3400000000000000000000000000000000D6
S21402DF4400000000000000000000000000000000C6
S21402DF5400000000000000000000000000000000B6
S21402DF6400000000000000000000000000000000A6
S21402DF740000000000000000000000000000000096
S21402DF840000000000000000000000000000000086
S21402DF940000000000000000000000000000000076
S21402DFA40000000000000000000000000000000066
S21402DFB40000000000000000000000000000000056
S21402DFC40000000000000000000000000000000046
S21402DFD40000000000000000000000000000000036
S21402DFE40000000000000000000000000000000026
S21402DFF40000000000000000000000000000000016
S21402E0040000000000000000000000000000000005
S21402E01400000000000000000000000000000000F5
S21402E02400000000000000000000000000000000E5
S21402E03400000000000000000000000000000000D5
S21402E04400000000000000000000000000000000C5
S21402E05400000000000000000000000000000000B5
S21402E06400000000000000000000000000000000A5
S21402E0740000000000000000000000000000000095
S21402E0840000000000000000000000000000000085
S21402E0940000000000000000000000000000000075
S21402E0A40000000000000000000000000000000065
S21402E0B40000000000000000000000000000000055
S21402E0C40000000000000000000000000000000045
S21402E0D40000000000000000000000000000000035
S21402E0E40000000000000000000000000000000025
S21402E0F40000000000000000000000000000000015
S21402E1040000000000000000000000000000000004
S21402E11400000000000000000000000000000000F4
S21402E12400000000000000000000000000000000E4
S21402E13400000000000000000000000000000000D4
S21402E14400000000000000000000000000000000C4
S21402E15400000000000000000000000000000000B4
S21402E16400000000000000000000000000000000A4
S21402E1740000000000000000000000000000000094
S21402E1840000000000000000000000000000000084
S21402E1940000000000000000000000000000000074
S21402E1A40000000000000000000000000000000064
S21402E1B40000000000000000000000000000000054
S21402E1C40000000000000000000000000000000044
S21402E1D40000000000000000000000000000000034
S21402E1E40000000000000000000000000000000024
S21402E1F40000000000000000000000000000000014
S21402E2040000000000000000000000000000000003
S21402E21400000000000000000000000000000000F3
S21402E22400000000000000000000000000000000E3
S21402E23400000000000000000000000000000000D3
S21402E24400000000000000000000000000000000C3
S21402E25400000000000000000000000000000000B3
S21402E26400000000000000000000000000000000A3
S21402E2740000000000000000000000000000000093
S21402E2840000000000000000000000000000000083
S21402E2940000000000000000000000000000000073
S21402E2A40000000000000000000000000000000063
S21402E2B40000000000000000000000000000000053
S21402E2C40000000000000000000000000000000043
S21402E2D40000000000000000000000000000000033
S21402E2E40000000000000000000000000000000023
S21402E2F40000000000000000000000000000000013
S21402E3040000000000000000000000000000000002
S21402E31400000000000000000000000000000000F2
S21402E32400000000000000000000000000000000E2
S21402E33400000000000000000000000000000000D2
S21402E34400000000000000000000000000000000C2
S21402E35400000000000000000000000000000000B2
S21402E36400000000000000000000000000000000A2
S21402E3740000000000000000000000000000000092
S21402E3840000000000000000000000000000000082
S21402E3940000000000000000000000000000000072
S21402E3A40000000000000000000000000000000062
S21402E3B40000000000000000000000000000000052
S21402E3C40000000000000000000000000000000042
S21402E3D40000000000000000000000000000000032
S21402E3E40000000000000000000000000000000022
S21402E3F40000000000000000000000000000000012
S21402E4040000000000000000000000000000000001
S21402E41400000000000000000000000000000000F1
S21402E42400000000000000000000000000000000E1
S21402E43400000000000000000000000000000000D1
S21402E44400000000000000000000000000000000C1
S21402E45400000000000000000000000000000000B1
S21402E46400000000000000000000000000000000A1
S21402E4740000000000000000000000000000000091
S21402E4840000000000000000000000000000000081
S21402E4940000000000000000000000000000000071
S21402E4A40000000000000000000000000000000061
S21402E4B40000000000000000000000000000000051
S21402E4C40000000000000000000000000000000041
S21402E4D40000000000000000000000000000000031
S21402E4E40000000000000000000000000000000021
S21402E4F40000000000000000000000000000000011
S21402E5040000000000000000000000000000000000
S21402E51400000000000000000000000000000000F0
S21402E52400000000000000000000000000000000E0
S21402E53400000000000000000000000000000000D0
S21402E54400000000000000000000000000000000C0
S21402E55400000000000000000000000000000000B0
S21402E56400000000000000000000000000000000A0
S21402E5740000000000000000000000000000000090
S21402E5840000000000000000000000000000000080
S21402E5940000000000000000000000000000000070
S21402E5A40000000000000000000000000000000060
S21402E5B40000000000000000000000000000000050
S21402E5C40000000000000000000000000000000040
S21402E5D40000000000000000000000000000000030
S21402E5E40000000000000000000000000000000020
S21402E5F40000000000000000000000000000000010
S21402E60400000000000000000000000000000000FF
S21402E61400000000000000000000000000000000EF
S21402E62400000000000000000000000000000000DF
S21402E63400000000000000000000000000000000CF
S21402E64400000000000000000000000000000000BF
S21402E65400000000000000000000000000000000AF
S21402E664000000000000000000000000000000009F
S21402E674000000000000000000000000000000008F
S21402E684000000000000000000000000000000007F
S21402E694000000000000000000000000000000006F
S21402E6A4000000000000000000000000000000005F
S21402E6B4000000000000000000000000000000004F
S21402E6C4000000000000000000000000000000003F
S21402E6D4000000000000000000000000000000002F
S21402E6E4000000000000000000000000000000001F
S21402E6F4000000000000000000000000000000000F
S21402E70400000000000000000000000000000000FE
S21402E71400000000000000000000000000000000EE
S21402E72400000000000000000000000000000000DE
S21402E73400000000000000000000000000000000CE
S21402E74400000000000000000000000000000000BE
S21402E75400000000000000000000000000000000AE
S21402E764000000000000000000000000000000009E
S21402E774000000000000000000000000000000008E
S21402E784000000000000000000000000000000007E
S21402E794000000000000000000000000000000006E
S21402E7A4000000000000000000000000000000005E
S21402E7B4000000000000000000000000000000004E
S21402E7C4000000000000000000000000000000003E
S21402E7D4000000000000000000000000000000002E
S21402E7E4000000000000000000000000000000001E
S21402E7F4000000000000000000000000000000000E
S21402E80400000000000000000000000000000000FD
S21402E81400000000000000000000000000000000ED
S21402E82400000000000000000000000000000000DD
S21402E83400000000000000000000000000000000CD
S21402E84400000000000000000000000000000000BD
S21402E85400000000000000000000000000000000AD
S21402E864000000000000000000000000000000009D
S21402E874000000000000000000000000000000008D
S21402E884000000000000000000000000000000007D
S21402E894000000000000000000000000000000006D
S21402E8A4000000000000000000000000000000005D
S21402E8B4000000000000000000000000000000004D
S21402E8C4000000000000000000000000000000003D
S21402E8D4000000000000000000000000000000002D
S21402E8E4000000000000000000000000000000001D
S21402E8F4000000000000000000000000000000000D
S21402E90400000000000000000000000000000000FC
S21402E91400000000000000000000000000000000EC
S21402E92400000000000000000000000000000000DC
S21402E93400000000000000000000000000000000CC
S21402E94400000000000000000000000000000000BC
S21402E95400000000000000000000000000000000AC
S21402E964000000000000000000000000000000009C
S21402E974000000000000000000000000000000008C
S21402E984000000000000000000000000000000007C
S21402E994000000000000000000000000000000006C
S21402E9A4000000000000000000000000000000005C
S21402E9B4000000000000000000000000000000004C
S21402E9C4000000000000000000000000000000003C
S21402E9D4000000000000000000000000000000002C
S21402E9E4000000000000000000000000000000001C
S21402E9F4000000000000000000000000000000000C
S21402EA0400000000000000000000000000000000FB
S21402EA1400000000000000000000000000000000EB
S21402EA2400000000000000000000000000000000DB
S21402EA3400000000000000000000000000000000CB
S21402EA4400000000000000000000000000000000BB
S21402EA5400000000000000000000000000000000AB
S21402EA64000000000000000000000000000000009B
S21402EA74000000000000000000000000000000008B
S21402EA84000000000000000000000000000000007B
S21402EA94000000000000000000000000000000006B
S21402EAA4000000000000000000000000000000005B
S21402EAB4000000000000000000000000000000004B
S21402EAC4000000000000000000000000000000003B
S21402EAD4000000000000000000000000000000002B
S21402EAE4000000000000000000000000000000001B
S21402EAF4000000000000000000000000000000000B
S21402EB0400000000000000000000000000000000FA
S21402EB1400000000000000000000000000000000EA
S21402EB2400000000000000000000000000000000DA
S21402EB3400000000000000000000000000000000CA
S21402EB4400000000000000000000000000000000BA
S21402EB5400000000000000000000000000000000AA
S21402EB64000000000000000000000000000000009A
S21402EB74000000000000000000000000000000008A
S21402EB84000000000000000000000000000000007A
S21402EB94000000000000000000000000000000006A
S21402EBA4000000000000000000000000000000005A
S21402EBB4000000000000000000000000000000004A
S21402EBC4000000000000000000000000000000003A
S21402EBD4000000000000000000000000000000002A
S21402EBE4000000000000000000000000000000001A
S21402EBF4000000000000000000000000000000000A
S21402EC0400000000000000000000000000000000F9
S21402EC1400000000000000000000000000000000E9
S21402EC2400000000000000000000000000000000D9
S21402EC3400000000000000000000000000000000C9
S21402EC4400000000000000000000000000000000B9
S21402EC5400000000000000000000000000000000A9
S21402EC640000000000000000000000000000000099
S21402EC740000000000000000000000000000000089
S21402EC840000000000000000000000000000000079
S21402EC940000000000000000000000000000000069
S21402ECA40000000000000000000000000000000059
S21402ECB40000000000000000000000000000000049
S21402ECC40000000000000000000000000000000039
S21402ECD40000000000000000000000000000000029
S21402ECE40000000000000000000000000000000019
S21402ECF40000000000000000000000000000000009
S21402ED0400000000000000000000000000000000F8
S21402ED1400000000000000000000000000000000E8
S21402ED2400000000000000000000000000000000D8
S21402ED3400000000000000000000000000000000C8
S21402ED4400000000000000000000000000000000B8
S21402ED5400000000000000000000000000000000A8
S21402ED640000000000000000000000000000000098
S21402ED740000000000000000000000000000000088
S21402ED840000000000000000000000000000000078
S21402ED940000000000000000000000000000000068
S21402EDA40000000000000000000000000000000058
S21402EDB40000000000000000000000000000000048
S21402EDC40000000000000000000000000000000038
S21402EDD40000000000000000000000000000000028
S21402EDE40000000000000000000000000000000018
S21402EDF40000000000000000000000000000000008
S21402EE0400000000000000000000000000000000F7
S21402EE1400000000000000000000000000000000E7
S21402EE2400000000000000000000000000000000D7
S21402EE3400000000000000000000000000000000C7
S21402EE4400000000000000000000000000000000B7
S21402EE5400000000000000000000000000000000A7
S21402EE640000000000000000000000000000000097
S21402EE740000000000000000000000000000000087
S21402EE840000000000000000000000000000000077
S21402EE940000000000000000000000000000000067
S21402EEA40000000000000000000000000000000057
S21402EEB40000000000000000000000000000000047
S21402EEC40000000000000000000000000000000037
S21402EED40000000000000000000000000000000027
S21402EEE40000000000000000000000000000000017
S21402EEF40000000000000000000000000000000007
S21402EF0400000000000000000000000000000000F6
S21402EF1400000000000000000000000000000000E6
S21402EF2400000000000000000000000000000000D6
S21402EF3400000000000000000000000000000000C6
S21402EF4400000000000000000000000000000000B6
S21402EF5400000000000000000000000000000000A6
S21402EF640000000000000000000000000000000096
S21402EF740000000000000000000000000000000086
S21402EF840000000000000000000000000000000076
S21402EF940000000000000000000000000000000066
S21402EFA40000000000000000000000000000000056
S21402EFB40000000000000000000000000000000046
S21402EFC40000000000000000000000000000000036
S21402EFD40000000000000000000000000000000026
S21402EFE40000000000000000000000000000000016
S21402EFF40000000000000000000000000000000006
S21402F00400000000000000000000000000000000F5
S21402F01400000000000000000000000000000000E5
S21402F02400000000000000000000000000000000D5
S21402F03400000000000000000000000000000000C5
S21402F04400000000000000000000000000000000B5
S21402F05400000000000000000000000000000000A5
S21402F0640000000000000000000000000000000095
S21402F0740000000000000000000000000000000085
S21402F0840000000000000000000000000000000075
S21402F0940000000000000000000000000000000065
S21402F0A40000000000000000000000000000000055
S21402F0B40000000000000000000000000000000045
S21402F0C40000000000000000000000000000000035
S21402F0D40000000000000000000000000000000025
S21402F0E40000000000000000000000000000000015
S21402F0F40000000000000000000000000000000005
S21402F10400000000000000000000000000000000F4
S21402F11400000000000000000000000000000000E4
S21402F12400000000000000000000000000000000D4
S21402F13400000000000000000000000000000000C4
S21402F14400000000000000000000000000000000B4
S21402F15400000000000000000000000000000000A4
S21402F1640000000000000000000000000000000094
S21402F1740000000000000000000000000000000084
S21402F1840000000000000000000000000000000074
S21402F1940000000000000000000000000000000064
S21402F1A40000000000000000000000000000000054
S21402F1B40000000000000000000000000000000044
S21402F1C40000000000000000000000000000000034
S21402F1D40000000000000000000000000000000024
S21402F1E40000000000000000000000000000000014
S21402F1F40000000000000000000000000000000004
S21402F20400000000000000000000000000000000F3
S21402F21400000000000000000000000000000000E3
S21402F22400000000000000000000000000000000D3
S21402F23400000000000000000000000000000000C3
S21402F24400000000000000000000000000000000B3
S21402F25400000000000000000000000000000000A3
S21402F2640000000000000000000000000000000093
S21402F2740000000000000000000000000000000083
S21402F2840000000000000000000000000000000073
S21402F2940000000000000000000000000000000063
S21402F2A40000000000000000000000000000000053
S21402F2B40000000000000000000000000000000043
S21402F2C40000000000000000000000000000000033
S21402F2D40000000000000000000000000000000023
S21402F2E40000000000000000000000000000000013
S21402F2F40000000000000000000000000000000003
S21402F30400000000000000000000000000000000F2
S21402F31400000000000000000000000000000000E2
S21402F32400000000000000000000000000000000D2
S21402F33400000000000000000000000000000000C2
S21402F34400000000000000000000000000000000B2
S21402F35400000000000000000000000000000000A2
S21402F3640000000000000000000000000000000092
S21402F3740000000000000000000000000000000082
S21402F3840000000000000000000000000000000072
S21402F3940000000000000000000000000000000062
S21402F3A40000000000000000000000000000000052
S21402F3B40000000000000000000000000000000042
S21402F3C40000000000000000000000000000000032
S21402F3D40000000000000000000000000000000022
S21402F3E40000000000000000000000000000000012
S21402F3F40000000000000000000000000000000002
S21402F40400000000000000000000000000000000F1
S21402F41400000000000000000000000000000000E1
S21402F42400000000000000000000000000000000D1
S21402F43400000000000000000000000000000000C1
S21402F44400000000000000000000000000000000B1
S21402F45400000000000000000000000000000000A1
S21402F4640000000000000000000000000000000091
S21402F4740000000000000000000000000000000081
S21402F4840000000000000000000000000000000071
S21402F4940000000000000000000000000000000061
S21402F4A40000000000000000000000000000000051
S21402F4B40000000000000000000000000000000041
S21402F4C40000000000000000000000000000000031
S21402F4D40000000000000000000000000000000021
S21402F4E40000000000000000000000000000000011
S21402F4F40000000000000000000000000000000001
S21402F50400000000000000000000000000000000F0
S21402F51400000000000000000000000000000000E0
S21402F52400000000000000000000000000000000D0
S21402F53400000000000000000000000000000000C0
S21402F54400000000000000000000000000000000B0
S21402F55400000000000000000000000000000000A0
S21402F5640000000000000000000000000000000090
S21402F5740000000000000000000000000000000080
S21402F5840000000000000000000000000000000070
S21402F5940000000000000000000000000000000060
S21402F5A40000000000000000000000000000000050
S21402F5B40000000000000000000000000000000040
S21402F5C40000000000000000000000000000000030
S21402F5D40000000000000000000000000000000020
S21402F5E40000000000000000000000000000000010
S21402F5F40000000000000000000000000000000000
S21402F60400000000000000000000000000000000EF
S21402F61400000000000000000000000000000000DF
S21402F62400000000000000000000000000000000CF
S21402F63400000000000000000000000000000000BF
S21402F64400000000000000000000000000000000AF
S21402F654000000000000000000000000000000009F
S21402F664000000000000000000000000000000008F
S21402F674000000000000000000000000000000007F
S21402F684000000000000000000000000000000006F
S21402F694000000000000000000000000000000005F
S21402F6A4000000000000000000000000000000004F
S21402F6B4000000000000000000000000000000003F
S21402F6C4000000000000000000000000000000002F
S21402F6D4000000000000000000000000000000001F
S21402F6E4000000000000000000000000000000000F
S21402F6F400000000000000000000000000000000FF
S21402F70400000000000000000000000000000000EE
S21402F71400000000000000000000000000000000DE
S21402F72400000000000000000000000000000000CE
S21402F73400000000000000000000000000000000BE
S21402F74400000000000000000000000000000000AE
S21402F754000000000000000000000000000000009E
S21402F764000000000000000000000000000000008E
S21402F774000000000000000000000000000000007E
S21402F784000000000000000000000000000000006E
S21402F794000000000000000000000000000000005E
S21402F7A4000000000000000000000000000000004E
S21402F7B4000000000000000000000000000000003E
S21402F7C4000000000000000000000000000000002E
S21402F7D4000000000000000000000000000000001E
S21402F7E4000000000000000000000000000000000E
S21402F7F400000000000000000000000000000000FE
S21402F80400000000000000000000000000000000ED
S21402F81400000000000000000000000000000000DD
S21402F82400000000000000000000000000000000CD
S21402F83400000000000000000000000000000000BD
S21402F84400000000000000000000000000000000AD
S21402F854000000000000000000000000000000009D
S21402F864000000000000000000000000000000008D
S21402F874000000000000000000000000000000007D
S21402F884000000000000000000000000000000006D
S21402F894000000000000000000000000000000005D
S21402F8A4000000000000000000000000000000004D
S21402F8B4000000000000000000000000000000003D
S21402F8C4000000000000000000000000000000002D
S21402F8D4000000000000000000000000000000001D
S21402F8E4000000000000000000000000000000000D
S21402F8F400000000000000000000000000000000FD
S21402F90400000000000000000000000000000000EC
S21402F91400000000000000000000000000000000DC
S21402F92400000000000000000000000000000000CC
S21402F93400000000000000000000000000000000BC
S21402F94400000000000000000000000000000000AC
S21402F954000000000000000000000000000000009C
S21402F964000000000000000000000000000000008C
S21402F974000000000000000000000000000000007C
S21402F984000000000000000000000000000000006C
S21402F994000000000000000000000000000000005C
S21402F9A4000000000000000000000000000000004C
S21402F9B4000000000000000000000000000000003C
S21402F9C4000000000000000000000000000000002C
S21402F9D4000000000000000000000000000000001C
S21402F9E4000000000000000000000000000000000C
S21402F9F400000000000000000000000000000000FC
S21402FA0400000000000000000000000000000000EB
S21402FA1400000000000000000000000000000000DB
S21402FA2400000000000000000000000000000000CB
S21402FA3400000000000000000000000000000000BB
S21402FA4400000000000000000000000000000000AB
S21402FA54000000000000000000000000000000009B
S21402FA64000000000000000000000000000000008B
S21402FA74000000000000000000000000000000007B
S21402FA84000000000000000000000000000000006B
S21402FA94000000000000000000000000000000005B
S21402FAA4000000000000000000000000000000004B
S21402FAB4000000000000000000000000000000003B
S21402FAC4000000000000000000000000000000002B
S21402FAD4000000000000000000000000000000001B
S21402FAE4000000000000000000000000000000000B
S21402FAF400000000000000000000000000000000FB
S21402FB0400000000000000000000000000000000EA
S21402FB1400000000000000000000000000000000DA
S21402FB2400000000000000000000000000000000CA
S21402FB3400000000000000000000000000000000BA
S21402FB4400000000000000000000000000000000AA
S21402FB54000000000000000000000000000000009A
S21402FB64000000000000000000000000000000008A
S21402FB74000000000000000000000000000000007A
S21402FB84000000000000000000000000000000006A
S21402FB94000000000000000000000000000000005A
S21402FBA4000000000000000000000000000000004A
S21402FBB4000000000000000000000000000000003A
S21402FBC4000000000000000000000000000000002A
S21402FBD4000000000000000000000000000000001A
S21402FBE4000000000000000000000000000000000A
S21402FBF400000000000000000000000000000000FA
S21402FC0400000000000000000000000000000000E9
S21402FC1400000000000000000000000000000000D9
S21402FC2400000000000000000000000000000000C9
S21402FC3400000000000000000000000000000000B9
S21402FC4400000000000000000000000000000000A9
S21402FC540000000000000000000000000000000099
S21402FC640000000000000000000000000000000089
S21402FC740000000000000000000000000000000079
S21402FC840000000000000000000000000000000069
S21402FC940000000000000000000000000000000059
S21402FCA40000000000000000000000000000000049
S21402FCB40000000000000000000000000000000039
S21402FCC40000000000000000000000000000000029
S21402FCD40000000000000000000000000000000019
S21402FCE40000000000000000000000000000000009
S21402FCF400000000000000000000000000000000F9
S21402FD0400000000000000000000000000000000E8
S21402FD1400000000000000000000000000000000D8
S21402FD2400000000000000000000000000000000C8
S21402FD3400000000000000000000000000000000B8
S21402FD4400000000000000000000000000000000A8
S21402FD540000000000000000000000000000000098
S21402FD640000000000000000000000000000000088
S21402FD740000000000000000000000000000000078
S21402FD840000000000000000000000000000000068
S21402FD940000000000000000000000000000000058
S21402FDA40000000000000000000000000000000048
S21402FDB40000000000000000000000000000000038
S21402FDC40000000000000000000000000000000028
S21402FDD40000000000000000000000000000000018
S21402FDE40000000000000000000000000000000008
S21402FDF400000000000000000000000000000000F8
S21402FE0400000000000000000000000000000000E7
S21402FE1400000000000000000000000000000000D7
S21402FE2400000000000000000000000000000000C7
S21402FE3400000000000000000000000000000000B7
S21402FE4400000000000000000000000000000000A7
S21402FE540000000000000000000000000000000097
S21402FE640000000000000000000000000000000087
S21402FE740000000000000000000000000000000077
S21402FE840000000000000000000000000000000067
S21402FE940000000000000000000000000000000057
S21402FEA40000000000000000000000000000000047
S21402FEB40000000000000000000000000000000037
S21402FEC40000000000000000000000000000000027
S21402FED40000000000000000000000000000000017
S21402FEE40000000000000000000000000000000007
S21402FEF400000000000000000000000000000000F7
S21402FF0400000000000000000000000000000000E6
S21402FF1400000000000000000000000000000000D6
S21402FF2400000000000000000000000000000000C6
S21402FF3400000000000000000000000000000000B6
S21402FF4400000000000000000000000000000000A6
S21402FF540000000000000000000000000000000096
S21402FF640000000000000000000000000000000086
S21402FF740000000000000000000000000000000076
S21402FF840000000000000000000000000000000066
S21402FF940000000000000000000000000000000056
S21402FFA40000000000000000000000000000000046
S21402FFB40000000000000000000000000000000036
S21402FFC40000000000000000000000000000000026
S21402FFD40000000000000000000000000000000016
S21402FFE40000000000000000000000000000000006
S21002FFF4000000000000000000000000FA
S214030000FFFFFFFFFFFFFFFFFFFFFFFFFFFFFFFFF8
S214030010FFFFFFFFFFFFFFFFFFFFFFFFFFFFFFFFE8
S214030020FFFFFFFFFFFFFFFFFFFFFFFFFFFFFFFFD8
S214030030FFFFFFFFFFFFFFFFFFFFFFFFFFFFFFFFC8
S214030040FFFFFFFFFFFFFFFFFFFFFFFFFFFFFFFFB8
S214030050FFFFFFFFFFFFFFFFFFFFFFFFFFFFFFFFA8
S214030060FFFFFFFFFFFFFFFFFFFFFFFFFFFFFFFF98
S214030070FFFFFFFFFFFFFFFFFFFFFFFFFFFFFFFF88
S214030080FFFFFFFFFFFFFFFFFFFFFFFFFFFFFFFF78
S214030090FFFFFFFFFFFFFFFFFFFFFFFFFFFFFFFF68
S2140300A0FFFFFFFFFFFFFFFFFFFFFFFFFFFFFFFF58
S2140300B0FFFFFFFFFFFFFFFFFFFFFFFFFFFFFFFF48
S2140300C0FFFFFFFFFFFFFFFFFFFFFFFFFFFFFFFF38
S2140300D0FFFFFFFFFFFFFFFFFFFFFFFFFFFFFFFF28
S2140300E0FFFFFFFFFFFFFFFFFFFFFFFFFFFFFFFF18
S2140300F0FFFFFFFFFFFFFFFFFFFFFFFFFFFFFFFF08
S214030100FFFFFFFFFFFFFFFFFFFFFFFFFFFFFFFFF7
S214030110FFFFFFFFFFFFFFFFFFFFFFFFFFFFFFFFE7
S214030120FFFFFFFFFFFFFFFFFFFFFFFFFFFFFFFFD7
S214030130FFFFFFFFFFFFFFFFFFFFFFFFFFFFFFFFC7
S214030140FFFFFFFFFFFFFFFFFFFFFFFFFFFFFFFFB7
S804000000FB
