S01400007468726561645F636F756E742E7372656310
S113000097B10000938101E8996273A002307310E4
S11300103000970200009382E214739052307324EC
S113002040F111EC970200009382C2147390523095
S1130030EF000055970200009382C2398292131395
S11300402400970200009382E20B9A9203A3020019
S11300500F00F00FE31C03FE138E014C93134400B6
S1130060B30E7E00138F8E0083BF0E0003310F008A
S1130070970200009382021073905230732540F16E
S1130080829F1300000013000000130000001300FF
S11300900000130000001300000013000000130010
S11300A00000130000001300000013000000130000
S11300B000001300000013000000130000001300F0
S11300C000001300000013000000130000001300E0
S11300D000001300000013000000130000001300D0
S11300E000001300000013000000130000001300C0
S11300F000001300000013000000130000000100C2
S113010073001000730010007300100073001000DF
S113011073001000730010007300100073001000CF
S113012073001000730010007300100073001000BF
S113013073001000730010007300100073001000AF
S113014013132500970300009383C3FBB3027300CA
S11301500F00500F2FA00208130500008280010039
S113016002900100130000001300000013000000BF
S113017073202034130181DE06E00EE812EC16F041
S11301801AF41EF822FCA6E0AAE4AEE8B2ECB6F03B
S1130190BAF4BEF8C2FC46E14AE54EE952ED56F126
S11301A05AF55EF962FDE6E1EAE5EEE9F2EDF6F113
S11301B0FAF5FEF973250030F32510347326203444
S11301C0AAFD2EE232E6F32230002328511002AEBB
S11301D006B20AB60EBA12BE96A29AA69EAAA2AEFB
S11301E0A6B2AAB6AEBAB2BE36A33AA73EAB42AFE7
S11301F046B34AB74EBB52BFD6A3DAA7DEABE2AFD3
S1130200E6B3EAB7EEBBF2BF2730D1212734E121B0
S11302102738F12163550600EF00204121A08A868A
S1130220EF0060408260C261626282722273C273B4
S1130230627486642665C665666686762677C677A2
S113024066788A682A69CA696A6A8A7A2A7BCA7B52
S11302506A7C8E6C2E6DCE6D6E6E8E7E72209230A8
S11302603231D231723296223623D6237624963412
S11302703635D63576369A263A27DA277A289A38C2
S11302803A39DA397A3A9E2A3E2BDE2B7E2C9E3C72
S11302903E3DDE3D7E3E873E0120073F8120873F75
S11302A00121032F011173103F006E7F926F7310B1
S11302B00F3073901F342E7FCE7F13018121730082
S11302C020300000000000000000000000000000DA
S11302D0000000000000000000000000000000001A
S11302E0000000000000000000000000000000000A
S11302F000000000000000000000000000000000FA
S113030000000000000000000000000000000000E9
S113031000000000000000000000000000000000D9
S113032000000000000000000000000000000000C9
S113033000000000000000000000000000000000B9
S1130340000000000000000083A7812A41118D27CE
S11303503707007023A4F12A06E422E023A0E13643
S11303609BD7270095C303B6012929671307075EA6
S113037081461C43852611071CC283A7812A1106C6
S11303809BD72700E3E7F6FE03A70136B7070F70F4
S1130390114698C3C14513850136EF0060142A84C1
S11303A019E92965130585E3EF00D05AA260228577
S11303B00264410182802A86A9652965938505DE48
S11303C0130585E1EF0030497D54CDB700000000EE
S11303D0EF00001B0A8493020000639E0200138551
S11303E0013617B600001306E629B306A64093D5D6
S11303F03600EF0060199382014823B08200EF00B9
S1130400001AEF00E017EF006037EF00C03AEF008A
S1130410A02917150000130525ACEF001029EF00E3
S1130420B02EEF00E0159382013703A502009382FA
S1130430012B83B5020013060000EFF0FFF0EF007C
S11304409027029000000000000000000000938745
S1130450811F1387811F6308F7009307000081C77A
S11304601385811F828782809387811F9385811FD3
S11304709D8D93D73540FD91BE95858599C593078C
S1130480000081C71385811F82878280411122E089
S113049083C7814806E499EFEFF07FFB93070000E0
S11304A099C71385812D97000000E7000000854758
S11304B02384F148A2600264410182809307000012
S11304C091CF4111938501491385812D06E497004D
S11304D00000E7000000A260410179B771B7828093
S11304E0011122E826E406EC83640500328481C904
S11304F0821513D6E50126858145EF0090272965ED
S1130500130505D8EF00104583B781290547A3805B
S1130510070083B781292380E70003B78129834734
S1130520170093F7F70FE5DF2300070083B781294E
S1130530A38007008C406383850229652286130506
S113054085D8EF0050312965130505DBEF00904095
S1130550E2604264A2640545056182802965130551
S113056005DCEF00502FE2604264A264014505619E
S1130570828003A581388280000000000000000012
S113058082800000000000009387F5FF81C97D5739
S113059023300500FD172105E39CE7FE8280A9674F
S11305A029671386075E9305075E630DB606A96681
S11305B09386065E63F8D5063365B600FD161D897D
S11305C01307075E8D8E39E113B5C6021345150076
S11305D01375F50F05CD8982850613D816000E080C
S11305E09387075E32988863A1072107233CA7FEFF
S11305F0E39B07FF13F5E6FF13172500B307E60097
S1130600BA956381A6029C439CC18280F19A9106AB
S1130610B2969387075E98439107910523AEE5FE52
S1130620E39BF6FE828002908280931716008583F6
S11306302D476384E7000290828079714EE483B988
S11306400138B70720004AE8BE9903A9490052E0DF
S113065006F422F026EC0129138A015C63070902DF
S113066093170902F583D29780639B04090019C488
S11306701C68086CA685829700607DF823A2290176
S113068003A949000129E31D09FCA2700274E26474
S11306904269A269026A4561828083A78138014563
S11306A0852723A4F13882801D71A2E883A78138AD
S11306B086ECA6E4C5C383B701389DE303A5812B6B
S11306C085679387A7DB0A88114789461306200CA0
S11306D08545EF00E06D93170502819323B0F1384F
S11306E083B781379DE303A5812B85679387A7DBB8
S11306F00A88114789461306300C8545EF00406B84
S113070093170502819323BCF13603A7C13883B63E
S1130710013885471B172700130707203207369730
S113072023200700854513060002139727003697F8
S11307300CC38527E39BC7FE85679B87078073A04F
S11307404730A14773A00730E6604664A6640145BC
S11307502561828003A5812B81479307A069014805
S1130760114785461306D00B8545EF00606483A7C7
S11307708138B1F3854723A4F13835BF411122E014
S113078083B7013906E401459DE303A5812B856701
S113079001489387A7DB1147914631468545EF0011
S11307A020610215019123B8A13813351500A26008
S11307B0026441018280797122F083B7013A06F420
S11307C0014589C7A27002744561828003A5812B0B
S11307D085679387A7DB1308810011479146454637
S11307E08545EF00E05C93170502819323B0F13A4D
S11307F00545E9DB03479100A270027423ACE1389C
S1130800014545618280638D051463020620984189
S11308100CFE9B57570093F607067D8BFD8B558F77
S11308202300F600A300E6009C49E1EB0147814662
S1130830014823060601DC4954C218C66388071020
S11308401B970701B706F0FF7D8F758F13F8F7002C
S11308508D480127C286630518179BD747009B97CD
S1130860470193C7F7FF81277D586389070F021754
S113087082170193D98F1CEA9C4D230CD600FD5896
S1130880F1C39B9607013707F0FFFD8EF98E0D43E8
S113089013F7F70081263A88630167101BD74700D6
S11308A01B1747011347F7FF01276307170BDC4D9D
S11308B054CE18D223020603B5CB1B970701B70603
S11308C0F0FF7D8F758F93F5F7000D480127AE86F5
S11308D0638A05099BD747009B97470193C7F7FF96
S11308E08127FD556388B706021701938217D98FB4
S11308F01CF62308D602014582809B960701370720
S1130900F0FFFD8EF98E8D4813F7F70081263A88A3
S1130910630C170D1BD747001B1747011347F7FF3D
S11309200127FD57E317F7F0014721B70147814736
S11309300217019382178146D98F1CF62308D60229
S11309400145828001478146014895B781470147A7
S1130950814631BF814749BF014791BF814701BFEC
S11309600545828093C7F7FF9BD74700B705100062
S1130970938505F09B9787001B57C700ED8F498F20
S113098093E7F70F01278127021701938217D98F65
S11309901CF62308D6020145828013C7F7FF1B57B4
S11309A04700B70710001B178700938707F09BD6F3
S11309B0C6007D8FC98E1367F70F81260127C5BD39
S11309C093C7F7FF9BD74700370810009B97870012
S11309D0130808F01B57C700B3F70701498F93E7C3
S11309E0F70F0127812761B513C7F7FF1B5747008E
S11309F0B70710001B178700938707F09BD6C60024
S1130A007D8FC98E1367F70F812601271DB5094510
S1130A10828015714EFD52F95AF15EED66E56AE188
S1130A2036F086EDA2E9A6E5CAE156F562E9EEFCE8
S1130A30858A46E4AA8C2E8BB28B3A8D3E8AC28973
S1130A40D5CA37F40F00498C021401906304080AD4
S1130A50638E05246306062A85641389048022991B
S1130A60FD1429A0130404026306240914409BD72F
S1130A70C600E58F1BD7860181275D8F01279BD692
S1130A8086016DD3E39066FFE39EFBFCA2851018FC
S1130A906685EFF05FD7A2676A8785465E86DA854A
S1130AA00818829901255DDD7DA8856A93870A80EF
S1130AB0330CF400FD1A1840A28510189B54C7008B
S1130AC0B3F4540181249B578701C58F8127668520
S1130AD0130404021B59870181CFEFF0DFD2A26710
S1130AE06A8785462686CA8508188299012525EDD8
S1130AF0E31384FD0277B707100093840780B3E4FF
S1130B009C00137C2700118B82143AE0856D0567E5
S1130B108190938D0D801309F7FFFD171B071D00AE
S1130B20A69D3AEC3EF403A304001B58C30033779C
S1130B3009019B5783011B5483019B0A0700630A25
S1130B400C00B3E7FA00812791CB630D0B02630B12
S1130B508B0263754D018547630DF404938404028D
S1130B60E3939DFC0145EE604E64AE640E69EA7940
S1130B704A7AAA7A0A7BEA6B4A6CAA6C0A6DE67D09
S1130B802D61828063840B00E3955BFDE38309FCA4
S1130B901018A685668542C8EFF0FFC6A2676A876B
S1130BA089465686A285081882990125424855D15E
S1130BB05DBF93070002638DFA0C8567ED1733F868
S1130BC0070101289307B0046304F80C8267D9D79E
S1130BD09947E395FAF89C4837F40F001B930701F3
S1130BE033F36700B707F0FF3373F3000123336473
S1130BF0830002140190930A040831A06304BB0229
S1130C002104E30D54F518401B56C7003376260122
S1130C1001269B578701D18F81279B558701EDD3EF
S1130C20E31E0BFC63840B00E39CCBFCE38A09FC0E
S1130C309B57570093F607067D8B558FFD8B230832
S1130C40F102A308E1025440A26762671B954600C3
S1130C509BD0C6001BD84600B7061000B3F0A00016
S1130C60138506F0A2761B188800B3F0A000337831
S1130C70A800B3E060003348D800081891461AE889
S1130C80A2E006DA42DC82990125426335D9E1BD4E
S1130C9088440DDDA268626782764E88D2875E86BC
S1130CA0DA85EFF01FD7012515D175BDE30F06DEF8
S1130CB00569930A0980A29A7D1929A013040402E4
S1130CC0E38A8AE20C409BD7C500B3F7270181274A
S1130CD01BD785015D8F01279BD4850165D3E39FD5
S1130CE0FBFCA28510186685EFF0FFB1A2676A8746
S1130CF085465E86A68508188299012561D1A5B529
S1130D000569930A0980A29A7D1929A01304040293
S1130D10E30254DF18409B54C700B3F424019B57EB
S1130D2087018124C58F81271B578701E5D3E31FE2
S1130D30EBFCA28510186685EFF0FFACA2676A870A
S1130D4085462686DA8508188299012561D121BD58
S1130D50A1CD29CE03A8050037071000130307F01F
S1130D609B56580093F806061378F801FD8A33E879
S1130D7008012300D600A3000601DC419306F7FF17
S1130D800CEA1BD7C7009B9547009BD747006D8F84
S1130D909B97870033776700B3F76700598DB58F4A
S1130DA048C21CC60145828005458280094582806F
S1130DB0C2883E88BA870147A9B981CB11476388A5
S1130DC0E600FD360547637CD70048418280186100
S1130DD098E3186598E71869484198EB8280033EC8
S1130DE005000333850083380501033885010C7140
S1130DF010751479187D484123B0C70123B46700E6
S1130E0023B8170123BC07018CF390F794FB98FFD8
S1130E10828083B60138B9C2F375043003A7C138A0
S1130E201B56F5411B56B601299E1B1727001B565E
S1130E305640160732970A07BA960967BA96984237
S1130E408547BB97A70093C7F7FFF98F81279CC2FB
S1130E5093F7850073A007300145828005458280A1
S1130E6003B7013829C37376043083A7C1389B566E
S1130E70F5419BD6B601A99E9B9727009BD6564069
S1130E809607B6978A073E9789673E971C4385461F
S1130E903B95A6005D8D012508C39377860073A05A
S1130EA007300145828005458280AA858146014636
S1130EB001456F2020354111814522E006E42A8452
S1130EC0EF20003D03B501283C6591C3829722853C
S1130ED0EF801025011122E8A96729641304845DB9
S1130EE09387075E818F26E406EC93D4374081C84C
S1130EF0E1173E941C60FD1461148297E5FCE260E6
S1130F004264A26405618280011122E84AE02964F6
S1130F1029699307945C1309995C3309F94006EC39
S1130F2026E413593940630B09001304945C81448B
S1130F301C60850421048297E31C99FE29642969B5
S1130F409307045D1309895D3309F9401359394046
S1130F50630B09001304045D81441C6085042104AF
S1130F608297E31C99FEE2604264A264026905610F
S1130F7082803D432A876371C3029377F700C1E3FC
S1130F80BDE1937606FF3D8ABA960CE30CE7410770
S1130F90E36DD7FE11E28280B306C3408A0697024E
S1130FA0000096966780A6002307B700A306B70043
S1130FB02306B700A305B7002305B700A304B700B1
S1130FC02304B700A303B7002303B700A302B700A9
S1130FD02302B700A301B7002301B700A300B700A1
S1130FE02300B700828093F5F50F93968500D58D85
S1130FF093960501D58D93960502D58D59B7939691
S113100027009702000096968682E78026FA96804B
S1131010C1171D8F3E96E371C3F89DB71D7122F071
S113102032F806F436FCBAE0BEE4C2E8C6EC2A8420
S11310302E8619C11C5999CB0C681418228536ECDC
S1131040EF002026A2700274256182802EE4EF3026
S113105040742266D5B7597122F003B4012CB2E072
S113106006F42EFCB6E4BAE8BEECC2F0C6F42A8656
S113107019C01C5899CB0C683418228536ECEF0043
S11310804022A2700274656182802AE42285EF30D6
S113109040702266CDB75971A2F02A842E85A6EC41
S11310A086F4AE84EF00E016A967938707E3BEE0F9
S11310B08547BEE41C18130715003EEC894726F843
S11310C02AFC3AF43ED035C01C58A9CF0C68A96755
S11310D0938707146388F506A96793878710638548
S11310E0F506A9679387070D6382F50683970501C3
S11310F013972703634D070003A7850A8966D58FD5
S1131100F976FD16758F2398F50023A4E50A3008B7
S11311102285EF30501A0DED2945A6700674E66459
S1131120656182802285EF30C0661C580C68C5F367
S113113022852EE4EF30E065A265A9679387071442
S1131140E39CF5F80C645DB70C684DB70C6C79BF83
S11311507D55E1B75971A2F0A6EC03B4012CAA8421
S113116086F4EF00000BA967938707E3BEE0854789
S1131170BEE41C18130715003EEC894726F82AFC28
S11311803AF43ED035C01C58A9CF0C68A9679387A0
S113119007146388F506A967938787106385F506A6
S11311A0A9679387070D6382F50683970501139753
S11311B02703634D070003A7850A8966D58FF9764F
S11311C0FD16758F2398F50023A4E50A30082285BF
S11311D0EF30700E0DED2945A6700674E664656166
S11311E082802285EF30E05A1C580C68C5F32285B2
S11311F02EE4EF30005AA265A96793870714E39C95
S1131200F5F80C645DB70C684DB70C6C79BF7D556F
S1131210E1B7937775002A87A9EB83B6811FFD5543
S113122010632107B377D600B697D18FD58FE389A2
S1131230B7FE834687FFB307A740A9C6834697FF37
S11312409DCE8346A7FFA9C68346B7FF9DCE83469E
S1131250C7FF0346D7FF0345E7FF95CE21C23335C9
S1131260A0003E9579158280CDDA834707000507F3
S113127093767700F5FB098F1305F7FF82801385BA
S113128097FF8280138587FF82801385B7FF828052
S11312901385A7FF82801385C7FF82801385D7FF3C
S11312A08280130101D923341126233C912423384D
S11312B021252334B121AE84B28D36EC233081262E
S11312C02334312523304125233C51232338612302
S11312D02334712323308123233C91212338A121FA
S11312E0A2BFA6BBCAB7CEB3D2AF2A89EF30704033
S11312F01C613E853EE5EFF0DFF1AAFC63060900C0
S11313008327090363830742A967938707146386C6
S1131310F442A967938787106384F442A96793878B
S1131320070D6394F4006F100008839604010966A6
S113133093970603C193B3F5C70095E183A5840A87
S1131340B3E7C6009B970701F9769BD70741FD16C3
S1131350ED8E2398F400C21723A4D40AC19393F604
S11313608700E386061C946CE383061CE98BA9467C
S1131370E38CD71C87B4012087B9012207B48120EC
S113138007B9012183B78121130A011582F43EEDC7
S113139083C70D00D2E982F182CD02F002F402E9A2
S11313A082F082F802E102E45288638007186E84B6
S11313B0930650026388D766834714000504FDFB37
S11313C0BB09B441638309160E76EE462330B80197
S11313D04E96852623343801B2F1B6CD1B8606001D
S11313E09D464108E3CEC60E22673B87E9003AE4F6
S11313F0638D0712A96903431400A307010A0504B6
S1131400FD58814A814C130BA005938989EB254D26
S113141005049B0B03001306A0029B870BFE9B860F
S113142007006367DB008217F983CE979C438287AA
S1131430638D0B0E2304710FA307010A854901462E
S1131440014D054B814802F802FC82EC930D810E9C
S113145093F22C0063830200892993FF4C088E7752
S113146063960F00BB863A416344D0161DC2EE4614
S11314701306F10A2330C800852605468507233460
S1131480C800B6CD1B860600BEF19D46410863C068
S1131490C61C63830202EE4610192330C800852659
S11314A0094689072334C800B6CD1B860600BEF161
S11314B09D464108E3CFC604930600086387DF6AAC
S11314C0BB8868416349107393F60C106393065EFE
S11314D06E47DA972330B8019B061700368723340A
S11314E06801BACDBEF11D476340D722410813FEFF
S11314F04C0063060E003B8B3A41E342600B568777
S113150063D33A014E87A266359F3AE46393077624
S113151082CD63060D00EA854A85EF300035528896
S1131520A28D83C70D00E39407E88E776380077666
S11315309009A6854A85EF60402A89AF814A83468F
S113154004009B972A00BB8A57011B830BFD9B9ABF
S11315501A009B8706FD0504BB0A53019B8B0600FA
S1131560E37FFDFC5DBD93F78C00E39A072AE267F5
S11315709C23A1073EECBEB4D3A7F7227327100027
S1131580D397F4A273101700E385072CD30700F256
S11315902637D317F7A299C36F10A0040346F10AA4
S11315A09307700463C477016F00F07B2967930D80
S11315B007E613FEFCF702F802FC82EC9B0C0E001B
S11315C08D49014D0D4B8148E30406E8852949B551
S11315D0A96EC1456E46138C8E02414F9D4363C66E
S11315E0D500B1A0C1366354DF040526C1072330FA
S11315F088012334E801BEF1B2CD4108E3D4C3FE2F
S11316009009A6854A85B6E8C6E4FEE016E8EF60D0
S1131610C01C63170566C666414F8E77C1366E4699
S1131620A668866FC26252889D43E340DFFCB6978A
S11316309B0516002334D80023308801BEF1AECDBB
S11316409D46E3C2B65C0346F10A410805B590091C
S1131650A6854A85C6E4FEE016E8EF60001863112B
S113166005628E77A668866FC26252881DB5EE4801
S1131670027705459B8618002330B8018507B68597
S113168013060801E353E50A0545AECD2334A8004B
S1131690BEF19D45E3C7D54A6677AA658526BA9704
S11316A00CE218E69B850600B6CDBEF19D464106C8
S11316B0E3C5B64AD30700F2263702779B881500A4
S11316C05325F7A2C6861B0BF7FF13080601E31E7A
S11316D0050613871D00DA9718E223346601BEF16C
S11316E0C6CD1D47E3481733130706029B88250020
S11316F042863A88CA66980118E2B69714E6BEF1A3
S1131700C6CD1D47E35517DF9009A6854A85EF60CE
S1131710C00C631705568E775288D1BB13EE0C01AB
S1131720034304009B0C0E00E5B14A85EF306006CC
S1131730A96793870714E39EF4BC83348900F5B644
S113174083340901DDB613EE0C019B0C0E00E26636
S113175093F70C0213878600E38207049C62BE8918
S1131760E3CB0704FD576388F85813FEFCF71B0D01
S11317700E00E392094E638408006F10E070EA8C57
S11317803AEC8148014B930DC1140346F10A9B893D
S1131790080063D468019B090B0002F802FC82EC88
S11317A0014DE30706CA1DB5E267A307010A83BD1D
S11317B00700138C8700E3890D30FD57E388F85048
S11317C0468681456E8542EC46E8EF30D07EC2689D
S11317D062682A8D19E16F1040293B0BB54103461D
S11317E0F10A9349FBFF93D9F94362EC02F802FC36
S11317F082ECB3F96901014D8148E30B06C4F9B3E6
S11318006267A307010A1C4321073AEC2304F10E83
S113181035B113EE0C019B0C0E00E26693F70C023B
S1131820138786006383077A83B9060013FEFCBF1F
S11318301B0D0E003AEC8147A307010A7D5763890B
S1131840E81E137EFDF79B0C0E006392091E639540
S1131850082285FB137B1D00930DC114E3070BF2D3
S113186093070003A305F114930DB11439BFE26685
S113187093F70C029862A10636EC639D077893F700
S11318800C016399077893F70C0499C36F108004D3
S113189013FE0C20A26763140E006F10C05D2300BA
S11318A0F700A28DBDB913EE0C02034304009B0C98
S11318B00E00B9BE6267E17793C707832318F10A64
S11318C0A96D9307870013EE2C003EEC93878DE7F8
S11318D03EF4833907001B0D0E008947930B8007E4
S11318E0A1BF034304009307C006E306F31C13EEF1
S11318F00C019B0C0E0029BE0343040093078006D1
S1131900E302F31A13EE0C049B0C0E0011B613EE53
S11319108C00034304009B0C0E00DDBC13EE0C0191
S11319201B0D0E00E26693770D0213878600638D0C
S1131930076A83B9060085473AECFDBD13EE0C082F
S1131940034304009B0C0E00E1B4E267034304006C
S113195083AA0700A1073EECE3DC0AAABB0A5041B4
S113196085A84A8542F846E8EF30A0581C653E85B4
S11319703EE1EFF01F8AAA874A85BE8BBEF8EF309E
S113198040571869C2684278BAF003430400E381FF
S11319900BA8E30F07A683470700E38B07A613EE04
S11319A00C409B0C0E00ADB413EE1C00034304006A
S11319B09B0C0E00B1BC8347F10A03430400E39976
S11319C007A493070002A307F10A99B40343040090
S11319D013EE4C009B0C0E0025BC9307B00203438E
S11319E00400A307F10A2DB4834B040093071400E9
S11319F06394CB006F10205F9B860BFD3E8481486F
S1131A00E36DDDA0834B04009B972800BB8817017E
S1131A109B981800BB88D8009B860BFD0504E373D4
S1131A20DDFEE5BABB09B441E386099C71BA668D53
S1131A3005476384E72C09476389E704130BC11442
S1131A40DA8D93F7790093870703A38FFDFE93D96B
S1131A503900EE86FD1DE39609FE13761D0031C69E
S1131A60130600036383C704F916A38FCDFE3B0B53
S1131A70DB40EA8CB68D11BB05476394E7006F1019
S1131A8080360947668DE39BE7FA130BC114DA8DA0
S1131A90227793F7F900FD1DBA9783C7070093D9FE
S1131AA049002380FD00E39509FE3B0BBB41EA8C12
S1131AB0E9B993065006E3DC76BBD30700F2263778
S1131AC0D326F7A2638806346E47A966938606EB8D
S1131AD005272330D800850785462334D800BACD9E
S1131AE09B060700BEF11D474108E34BD7146A5714
S1131AF08276635CD7502A67E67641082338E8FE8D
S1131B006E47B697233CD8FE05279B060700BACD3F
S1131B10BEF11D476347D77602779B0BF7FFE35867
S1131B20709DA96EC1466E47138C8E03414B9D4D2B
S1131B3063C776016F003021C13BE3567B21052743
S1131B40C1072330880123346801BEF1BACD4108AE
S1131B50E3D4EDFE9009A6854A85EF501048631141
S1131B6005128E776E475288C1BF3B8F3A41E359C5
S1131B70E095A96E4146EE46138C8E03C14F9D42FB
S1131B806346E60189A0413F63DFEF038526C10771
S1131B90233088012334F801BEF1B6CD4108E3D4E3
S1131BA0D2FE9009A6854A85C6E07AE8EF50F04255
S1131BB061E9426FC14F8E77413FEE468668528895
S1131BC09D42E3C5EFFD1B861600FA97233088017A
S1131BD02334E801BEF1B2CD9D464108E3D2C68E5E
S1131BE09009A6854A8546E8EF50303F51E98E7743
S1131BF0C2685288F1B0A96E4146EE46138C8E033A
S1131C00414F9D4F634616013DA8C138635D1F03D4
S1131C108526C107233088012334E801BEF1B6CDFF
S1131C204108E3D4DFFE9009A6854A8546E8EF50D3
S1131C30D03A39E5C268414F8E77C138EE465288B2
S1131C409D4FE3471FFD1B861600C697233088016E
S1131C5023341801BEF1B2CD9D464108E3D6C686B1
S1131C609009A6854A85EF50503719E98E77528836
S1131C70A1B89009A6854A85EF503036E30A058855
S1131C8063060D00EA854A85EF20303E83D70401C0
S1131C9093F7070499C36F10E00B83308126033454
S1131CA00126226583348125033901258339812462
S1131CB0033A0124833A8123033B0123833B81229A
S1131CC0033C0122833C8121033D0121833D81208A
S1131CD07E34DE343E399E397E2A13010127828008
S1131CE09009A6854A85EF50502F4DF18347040093
S1131CF052886FF06FEF668D3AECA54763EB376758
S1131D009B890903A3053115EA8C054B930DB11486
S1131D10ADBC9009A6854A85C6E07EE8EF50F02B5D
S1131D2025F18E778668C26F52886FF0EFF8A6852A
S1131D304A85EF10E03919C16F10C00183D704013F
S1131D40A946E98B6398D7E28397240163C407E229
S1131D5003340126E2668330812683398124033AE1
S1131D600124833A8123033B0123833B8122033CE7
S1131D700122833C8121033D01217E34DE343E393E
S1131D809E397E2A6E86A685833D812083348125F3
S1131D904A8503390125130101276F10202AA96EF2
S1131DA0C1466E47138C8E02C14C9D4B63C66601BF
S1131DB025A8413B63DA6C030527C107233088015A
S1131DC023349801BEF1BACD4108E3D4EBFE900967
S1131DD0A6854A85EF507020E31405EA413B8E77CF
S1131DE06E475288E3CA6CFD9B061700DA972330CE
S1131DF0880123346801BEF1B6CD1D476351D7F085
S1131E009009A6854A85EF50501DE31B05E68E77A1
S1131E106FF0EFEE6A56635CC058666782761B0B00
S1131E20070063C6E63C63506003EE46DA9723304E
S1131E30B8011B86160023346801BEF1B2CD9D465D
S1131E404108E3CBC6249346FBFF6667FD96337BCC
S1131E50DB003B0B6741634B6049666793F60C40BC
S1131E60338BED0063970678EA56027763C6E60083
S1131E7013F61C00E30F06222A666677410823380E
S1131E80C8FE6E46BA97233CE8FE9B051600BEF1D9
S1131E90AECD1D46E345B63A02773B06D7406E9772
S1131EA03B076741B2866353C700BA869B8B060023
S1131EB063507003EE46DE97233068019B8516005D
S1131EC023347801BEF1AECD9D464108E3CDB66220
S1131ED093C6FBFFFD9633F7DB003B0BE6406358EC
S1131EE060E1A96EC1466E47138C8E03C14D9D4BB4
S1131EF063C766016F00B033413BE3DA6D330527F6
S1131F00C107233088012334B801BEF1BACD41089A
S1131F10E3D4EBFE9009A6854A85EF50100CE3113B
S1131F2005D68E776E475288C1BF13F31C00631D1C
S1131F3003F42334A800BEF1B6CD1D47634CD72C5F
S1131F408928130808026FF0EFFA635560FB4147D4
S1131F50634467016F10E006A96E138C8E03C14DB4
S1131F609D4B31A0413B63D96D299B861500C10768
S1131F70233086012334B601BEF19B850600B6CD1D
S1131F804106E3D1BBFE9009A6854A85EF50F004D3
S1131F90E31805CE8E77EE455286E9B793F70C0128
S1131FA06393072493F70C04638E075C83990600FC
S1131FB0CE8763D907FA9307D002A307F10AB309BE
S1131FC030413AEC668D854795B893F70C016398D8
S1131FD0072093F70C0483A90600638E075AC219DD
S1131FE093D909036FF09F8493770D016393071EC0
S1131FF093770D0483A90600638C0756C21993D9FD
S113200009033AEC85476FF03F8313F71C00630024
S113201007CED5B4A267A28D1CE36FF08FD0E26720
S113202042F846E8BD07C19B88638C67C1073EEC54
S1132030EF70B027D307A522AAB4C268D3A7F722AA
S1132040427873271000D397F4A273101700639F8C
S113205007D2A637D3A7F7A2E38007669307100633
S1132060E38CFB5693071004E386FB24FD5713FB14
S1132070FBFDE384F80A93077004E302FB60267710
S113208093E70C108127E689E3450746530A07F2D4
S1132090BE8C02E8014D93076004E304FB0E930732
S11320A0500442F853054A23E308FB58BC01468612
S11320B07819341989454A8546F0EF10804C930706
S11320C0700482784278AA8DE316FB7493F71900A2
S11320D0B3061501E390070E2E6C6A57BB07BC418B
S11320E03EF0BAEC93077004E305FB049307600425
S11320F0E30BFB18E6679305100493F6FB0FFD371B
S11321003EDD01466316BB00BD2693F6F60F054679
S11321102300D10C9306B00263D707006667854796
S11321209306D002999FA300D10CA546E3D1F6569D
S11321309308F10CC6852945930E3006BBE6A70229
S11321402E863E8EFD159B860603A30FD6FEBBC7C7
S1132150A702E3C5CEFF9B8707039306E6FFA38F81
S1132160F5FEE3F5166B9307210C83C5060085067F
S11321708507A38FB7FEE39A16FF9307110D918F7E
S11321801307210CBA979401959F3EE9027785467F
S11321903B0BF700DA87E3D9E65E66773B8BE70013
S11321A09347FBFF13FEF9BF93D9F743012EB3798D
S11321B03B01936C0E10812902F802FC82ECC26789
S11321C0E39007020346F10A8148630306A86FF00F
S11321D0EFBF83B9060085473AEC6FF0EFE583B9AA
S11321E006006FF0AFE49C62BE896FF06FD71B8B63
S11321F00600E34C60C381B99B88150013070601F0
S1132200DA972330860123346601BEF1C6CD9D469C
S113221063D316679009A6854A85EF50005CE311E5
S113222005A6EE488E7713080116852852866FF0AE
S11322306FCCA96D93878DE7930680073EF46266A1
S113224093F70C0213078600F5C78339060093F74A
S11322501C0089CF638C090013EE2C009307000344
S11322602308F10AA308D10A9B0C0E0013FEFCBF3D
S11322701B0D0E003AEC89476FF00FDC668D6FF092
S11322806FEA9009A6854A85EF502055E31A059E0A
S11322908E77528851B0A96D93870DE99306800516
S11322A03EF471BF13EE0C20034314009B0C0E008C
S11322B005046FF0EF9513EE0C02034314009B0C1E
S11322C00E0005046FF0CF9499479B89080063E0E2
S11322D0175F296762EC014D4E8B0146814802F875
S11322E002FC82EC930D87EA6FF08F96A96E41464B
S11322F0EE46138C8E03C1489D4B634666015DAC6C
S1132300413B63D9682B8526C107233088012334D8
S11323101801BEF1B6CD4108E3D4DBFE9009A685D1
S11323204A85EF50804BE31D05948E77EE46528824
S1132330C148F9B793F70C01638A070E8339060085
S113234039B79009A6854A85EF502049E31A0592CA
S11323508E77EE4652866FF02FB49009A6854A8593
S1132360EF50A047E31E05908E77EE4552866FF03E
S11323706FB493770D403EF0130BC114F9EFDA8D6F
S1132380A946A545B3F7D9020277FD1D4E86052758
S11323903AF09B8707032380FD00B3D9D902E3E316
S11323A0C5FE6FF08FF0833489016FE01FF8EE46AD
S11323B0A965938505EB85262330B80085078545F7
S11323C02334B800B6CD9B850600BEF19D46410876
S11323D063C9B64A63160612027793F61C00D98EB7
S11323E0638706906E466677AA66BA972330D8004C
S11323F09B0616002334E800BEF1B6CD1D466342A9
S1132400D650410805A29009A6854A85C6E4FEE097
S113241016E8EF50803CE31505860346F10A8E77F3
S1132420A668866FC26252886FF04F8493F70C04DB
S11324308329060063890716C21993D9090301BDCC
S11324409009A6854A85EF504039E31B05828E77B3
S113245052886FF0CFE93AEC4DB002F05A86A946A3
S1132460A54C130CF00F39A0B3D7D90263FF3CE39A
S1132470BE896E860277930DF6FF05273AF0B3F70F
S1132480D9029B870703A30FF6FE867783C707004D
S1132490E31CF7FCE38A87FD63F93CE1C6778A65B0
S11324A042F8B38DFD403E866E8546E8EF50201815
S11324B00677A946B3D7D90203461700C268427803
S11324C03336C000329702F0BAF05DB76E8542E849
S11324D0EFE03FD41B0B05000346F10A9349FBFFD1
S11324E093D9F94362EC02F802FC82EC4268B3F936
S11324F06901014D814819E26FE09FF56FF00F8D7E
S1132500EE456677AA664108BA972338D8FE9B86BB
S11325101500233CE8FEBEF1B6CD9D4563C3D53E10
S1132520E34E060202771B8616002330B801BA97E1
S11325302334E800BEF1B2CD1D476344C7006FE009
S1132540FFFA6FF06F9C9B061700DE97233088011B
S113255023347801BEF1B6CD1D476344D7006FE044
S1132560FFF86FF06F9A2967930D87E56FF06F841A
S113257093770D20638B073693F9F90F3AEC85476F
S11325806FF08FAB93F70C20638C073483890600BC
S1132590CE876FF0EF9C93F70C20638F073493F989
S11325A0F90F6FF0AFA893F70C206381073293F90A
S11325B0F90F71B91B861600DA972330880123348A
S11325C06801BEF1B2CD9D464108E3D8C6889009A2
S11325D0A6854A85EF506020631405EA8E775288F9
S11325E0ADB89307D002A307F10A1306D0026FE037
S11325F03FFB0277A96E1D436E97BAE06277414CA8
S1132600938B8E0351CB427759EB06777D17BAF043
S113261062777D37BAE48A66467741082338D8FE64
S1132620EE46BA97233CE8FE1B861600BEF1B2CDF7
S11326306344C31E06770346070006671B0F0600A4
S1132640BB056741BAE8FA8663D3E501AE869B8F82
S113265006006354F0036E46FE97233068019B0620
S113266016002334F801BEF1B6CD6342D31C0677BD
S11326704108034607001B0F060093C6FFFFFD96A3
S1132680B3F6DF003B0FDF40634BE0116277329B10
S113269009CF26673AFC25FB427763030728427774
S11326A07D373AF86277BAE4BDB729639D4EC14BD2
S11326B0130C8303C275638805268A66467741082E
S11326C02338D8FEEE46BA97233CE8FE1B86160054
S11326D01B87F5FFBEF1B2CD3AF863C4CE1206777C
S11326E00346070006671B0F0600BB056741FA8611
S11326F063D3E501AE869B8F06006354F0036E46F8
S1132700FE97233068019B0616002334F801BEF1BE
S1132710B6CD63C0DE1406774108034607001B0FDD
S1132720060093C6FFFFFD96B3F6DF003B0FDF40C4
S11327306344E001329BBDBFEE4663C6EB013DA896
S1132740413F63DDEB038526C10723308801233431
S11327507801BEF1B6CD4108E3D4DEFE9009A6852A
S11327604A857AE8EF506007631C05D0426F8E7784
S1132770EE46413F52889D4EE3C7EBFD1B86160093
S1132780FA97233088012334E801BEF1B2CD63C146
S1132790CE280677410803460700329B21BFEE4648
S11327A06346EC013DA8413F635DEC038526C10708
S11327B02330780123348801BEF1B6CD4108E354B7
S11327C0D3FE9009A6854A857AE8EF500001631983
S11327D005CA426F8E77EE46413F52881D43E34758
S11327E0ECFD1B861600FA97233078012334E801A8
S11327F0BEF1B2CD6340C32006774108034607000B
S113280071B59009A6854A85EF40307D631A05C6E7
S11328108E7752889D4EE1B59009A6854A85EF4092
S1132820D07B631F05C48E7752881D4321B5900960
S1132830A6854A857EE8EF40507A631305C48677FF
S1132840C26F528803C607001D438E771B0F060014
S11328502DB59009A6854A857EE8EF40107863116E
S113286005C28677C26F528803C607009D4E8E77D5
S11328701B0F06007DB58528130807013A866FE013
S11328807FE79009A6854A85EF403075631A05BE37
S11328906A568E7752883DBE9009A6854A85EF40D8
S11328A0D073631F05BC8E7752886FF0CFD99949D6
S11328B00DB43B06D7406E973B0B67413287635399
S11328C0CB005A879B0B07006FF08FE0821993D9D6
S11328D00902B5BAA267A28D2310F7006FE07FC486
S11328E083A90600CE876FE0BFE7821993D9090256
S11328F03AEC85476FE05FF4821993D909026FE0DF
S1132900FFF29009A6854A85EF40306D631A05B63B
S11329106A568E77EE46528821B199486FF02FF6A9
S113292002776E97BAE84667637067D53A8B6FF0A3
S1132930AFD3F5576344F70063D7E800F93B13FBC3
S1132940FBFD6FF02FFB8277634FF73C93F7190081
S11329503A8B81C7E6773B8BE70093F9094063859F
S11329600900E667634EF0589349FBFF93D9F94396
S1132970B3793B018129930B700602F802FC6FF0D6
S11329801F8453054A23BC013419468678198D45A2
S11329904A8542F846F0EF00D03E8346050093078F
S11329A0000382784278AA8D6387F60AEA57C697AD
S11329B0B386FD00D30700F2368CD327FAA2639EB8
S11329C007F02E6C637BDCF01306000393071C00F6
S11329D0BEE52300CC002E6CE36ADCFE6FF0EFEF63
S11329E09307D002A307F10A1306D0028148852970
S11329F06FE01FA69009A6854A85EF40105E63111B
S1132A0005A8867752881D4303C607008E77BDB993
S1132A109009A6854A85EF40505C631305A6867726
S1132A2052889D4E03C607008E77329B61B19B0688
S1132A3017003687DA97233088016FE05FAA900980
S1132A40A6854A85EF407059631C05A2EA568E7725
S1132A5052886FF06FC4D30700F2D327FAA2B9F7F4
S1132A608546BB8716413EDD99B70346F10A62EC01
S1132A7002F802FC82ECC689468B814819E26FE0B9
S1132A803F9D6FE0BFB493F71900B3E7F8006353B9
S1132A90E0506393074E3A8B930B600693F9094019
S1132AA0639209469349FBFF93D9F943B3793B01F8
S1132AB08129E1B5930700032308F10A93078005F0
S1132AC093E92C00A308F10A930730068129014DEC
S1132AD0930D810E63C31739A67713EE2C1002E809
S1132AE0538A07F2D38707F29B0C0E0013FBFBFDFE
S1132AF063C5072093071006638EFB3C93071004FD
S1132B00639BFBD853054A23281942F846F0EF404B
S1132B10100DD3773513530700F282784278D3A788
S1132B20E7A299C385473EDD2966130606E9939E0D
S1132B30080293DE0E02850ED30600F2EE9E6E8C22
S1132B403B8F1D0121A0D3A7D7A285EBD3F7871212
S1132B506285050CBB068F41D39707C29B8507008E
S1132B60B30FB60083CF0F00538707D2A30FFCFF28
S1132B70D3F7E70AE319DCFDFD56D317F9A26397EF
S1132B800726D3A727A381C78589639105269B8739
S1132B90F6FF63C406D4330680411D8A930E760083
S1132BA0AD4F1B8F06009B85160063F3FE01AD4EEF
S1132BB0636CDF4563080644930E00032300DC01C5
S1132BC0054F09059B87E6FF6305E607A300DC01C3
S1132BD0094F13052C009B87D6FF630CE6052301E0
S1132BE0DC010D4F13053C009B87C6FF6303E6051C
S1132BF0A301DC01114F13054C009B87B6FF630A48
S1132C00E6032302DC01154F13055C009B87A6FF36
S1132C106301E603A302DC011D4F13056C009B87CF
S1132C2096FF6318E60113057C002303DC019B87F0
S1132C3086FF919D9BDE350062968E0E1B8F0500EC
S1132C40B29E6A672106233CE6FEE31CD6FFE199A7
S1132C50812513960502019232958D9F6387E509BC
S1132C60130600032300C50063C10708A300C500C1
S1132C70635DF0062301C500854563D8F506A3010D
S1132C80C500894563D3F5062302C5008D4563DE7F
S1132C90F504A302C500914563D9F5042303C500D7
S1132CA0954563D4F504A303C500994563DFF50294
S1132CB02304C5009D4563DAF502A304C50021463B
S1132CC06355F602130600032305C500A54563DE1C
S1132CD0F500A305C500A94563D9F5002306C50081
S1132CE0AD4563D4F500A306C5008526369C6FF078
S1132CF0CFBED30707F2014DBE8C9307D002539A7F
S1132D00F7223EE8C5BB9009A6854A85EF40F02C22
S1132D1019C16FE0FFF66A5602778E7752883B0638
S1132D20C7406FF0EF9A3E87E677930B70063B8BB4
S1132D30E7006667E344E0D6BB07EB4085271B8BBF
S1132D4007009349FBFF93D9F943B3F737019B89F4
S1132D50070025B1FD573EE46FE03FF4A96EC1556D
S1132D603B0BC040138C8E03C1489D4B6346B60099
S1132D7025A8413B63DA68038526C107233088010F
S1132D8023341801BEF1B6CD4108E3D4DBFE90092B
S1132D90A6854A85EF40702419C16FE07FEE8E77D7
S1132DA0EE465288C148F1B78526DA972330880168
S1132DB023346801BEF1B6CD1D466354D6E49009B0
S1132DC0A6854A85EF40702119C16FE07FEB8E77AD
S1132DD0EE4652886FF00FF5930700032308F10ABB
S1132DE093078007F1B9668D6FE09FF1AAE58346EA
S1132DF0FCFF8345F600E287639ED50013050003BC
S1132E00A38FA7FEAE679386F7FFB6E583C6F7FFE9
S1132E10E388D5FE9B8516001305900393F5F50F03
S1132E206386A600A38FB7FE6FF02FAB8345A60081
S1132E30A38FB7FE6FF06FAA1B8C18003419BC0166
S1132E407819628689454A8546F0EF008073AA8D19
S1132E5082784278B3868D01B1BE9B8518004A857D
S1132E6042F046E8EF20C02EC2680278AA8D6307BC
S1132E70051A2A8D95B11CC3A28D6FE08FEA639069
S1132E8008A085486FF0AF9F3AEC6FE07FE79306A8
S1132E90210C19E6930600032301D10C9306310C8F
S1132EA0980B9B8707033386E6402380F6009B0735
S1132EB016113EE96FF08FADA67763CF0710034676
S1132EC0F10A9307700463D477112967930D07E718
S1132ED06FE02FEE53054A23281942F846F0EF40DD
S1132EE00050D3773513530700F282784278D3A782
S1132EF0E7A299C385473EDD2966130686E705B92F
S1132F00930B700686779306F00F02F883C70700C9
S1132F1002FC6387D7021306F00F66679B860700DF
S1132F2063D0E7028675159FBAEC83C715008DCF71
S1132F30627705273AFC13871500BAF0E39FC7FCB4
S1132F404277E277B99F4677BB87E702BB87670181
S1132F501B8B07009349FBFF93D9F943B3F7370160
S1132F609B8907006FF0AFA5427783C7050005274B
S1132F703AF8E394C7FAE9B7E677930B60063B8B1C
S1132F80E7003B0B1B0119BE93F61900638A06A0E8
S1132F906FF0AFA091E78549930B6006054BF1BA3A
S1132FA0E677930B60068527BB8817011B8B080007
S1132FB09349FBFF93D9F943B3F838019B8908007F
S1132FC06DBAA96E4287138C8E036FF06FA32967C5
S1132FD0930D87E66FE0EFDD9307D002A307F10AB4
S1132FE01306D002F9BD62671443930B87009B88D4
S1132FF0060063D30600FD58034314005EEC3E84D0
S11330006FE00FC1628535B1628599B989473EE9A0
S11330106FF0CF97468CB3868D0169BA83D70401CC
S113302093E707042398F4006FE05FC6AA8703B50B
S1133030012CB2862E86BE856FE0AFA683D705012C
S113304003AE850A03D3250183B8850303B8850439
S1133050130101B3F59B130700402330814C23185F
S1133060F1002E841C198A85233C914A2338214B74
S11330702334114C2A8972D52319610046FCC2E419
S11330803EE03EEC3AC63AD002D4EFE08FA1AA84E7
S1133090635905028357010193F7070499C78357BE
S11330A0040193E707042318F4008330814C0334AC
S11330B0014C0339014B26858334814B1301014DA7
S11330C082808A854A85EF10E03669D5FD54D9B7E8
S11330D0011126E483B4012C22E84AE006EC2A8993
S11330E02E8499C09C58B9CBA96793870714630FA2
S11330F0F404A967938787106305F40CA967938781
S1133100070D6306F40E0317040193170703937660
S11331108700C193A9C6146CADC213F6170049C247
S113312010502326040001453B06C04010D4C9C2F8
S1133130E2604264A2640269056182802685EF1020
S11331404065A96793870714E315F4FA80640317AD
S113315004019317070393768700C193CDFE93F67A
S11331600701C1CA918BA5E3146C136787009317F9
S113317007032318E400C193CDF213F6072893053F
S11331800020E30CB6F8A2854A85EF10706103179E
S11331900401146C93170703C19313F6170049F243
S11331A013F62700814511E20C504CC40145C9F2C5
S11331B093F70708B5DF136707042318E4007D5568
S11331C085BF806889B72C7081CD9307C407638756
S11331D0F5004A85EF1060690317040123300406E3
S11331E0146C1377B7FD2324040014E0BDBF806C76
S11331F019BFA5472320F900136707042318E40027
S11332007D553DB783B7813AB1C798477D48634F31
S1133210E80605C903B80711630A080693183700BE
S1133220C29823B0C8000323082005463B16E600D5
S11332303363C3002320682023B0D8108946630970
S1133240D502930627008E06052798C7B6978CE308
S1133250014582809388016C23B4113B130700005D
S11332609387016C5DD30337000023B8E71071BF67
S1133270832648200145558E930627002322C82023
S113328005278E0698C7B6978CE382807D55828089
S11332901D7156F4CAE003B9813A86ECA2E8A6E4AB
S11332A04EFC52F85AF05EEC62E866E46AE06304AD
S11332B00908AA8B2E8A054B7D5D83248900033C73
S11332C009111B84F4FF63480406630D0A086304B0
S11332D00C068E04B3099C00CA9431A07D34E11914
S11332E0E114630AA40583B7890FE319FAFE832C5A
S11332F0890098649B87FCFF638F870423B40400D0
S113330071DF83270C20BB168B00F58F8127B1C397
S113331083274C2083B589FFF58F8127A9C32E8588
S113332002970327890083B7813A63149701E3075F
S1133330F9FA3E89D9F3E6604664A6640669E2793F
S1133340427AA27A027BE26B426CA26C026D256126
S113335082800297F9B723248900A28C55B75E8531
S11333600297C1B7630E0C06939C3400B30999010C
S11333701B87F4FF83B78900E29C630A870423B4A4
S113338009008DCB03270C20BB168B00758F0127FA
S113339039C303274C2083B58CFF758F012715EFA4
S11333A05E8582970327890083B7813AE31397F8F0
S11333B0E311F9F87D34E119E11CE30EA4F7832449
S11333C0890083B789001B87F4FFE31A87FA232453
S11333D08900A2847DB78297F1B72E858297D9B7E9
S11333E093993400CA991DA023B409007D3491CB6C
S11333F082970327890083B7813AE31C97F2E39A03
S113340027F3E119E309A4F3832489001B87F4FF5C
S113341083B78900E31A87FC23248900A284F9B7BF
S1133420397126F45C49C44906FC22F84AF04EEC92
S113343052E856E45AE063C49714FD34139324000D
S113344013848501B3096400130A850103AB0900E1
S11334505293832703001B071B00AA8A3BD9E70268
S11334604A8B63E8E7084165A2885288814E014788
S11334707D1583A60800032E08001108B3F7A600E3
S1133480BB8727031BD60601B376AE001B5E0E0175
S113349091083B062603BB87D7011BDF0701E98F91
S11334A0BB07F740BD9E9BDE0641E98E3B06E60165
S11334B03377C5003B07EE403B07D7019B17070155
S11334C0DD8E232ED8FE9B5E06011B570741E3F2D7
S11334D019FB8327030091EF711363666A0001A847
S11334E0FD3463766A00832703007113F5DB23AA96
S11334F09A005685EF30400F6347050641651B0966
S11335001B00D28581477D15104098419105B37603
S1133510A600959FB376A700B59F1B5606019B5640
S11335200701919E1BD70741B99E1B870700698F2E
S11335309B9706015D8F110423AEE5FE9BD70641E0
S1133540E3F489FC93972400D297984309EFF11789
S11335506366FA0039A0FD346375FA009843F117E5
S11335607DDB23AA9A001B050900E2704274A27451
S11335700279E269426AA26A026B21618280014592
S1133580EDB755714EF5D30905E203380504A2E100
S113359026FD52F162E186E54AF956ED5AE95EE507
S11335A0E6FCEAF8EEF432E436EC4EF02A842E8A95
S11335B0BA843E8C6304086A8335080085C1832776
S11335C088008546BB96F600821782168193D58FB4
S11335D09CE5EF20E0673C6023B00700CE8D93DAD2
S11335E00942814763D109027D59861A1359090298
S11335F093D71A0033793901B367F9003EF0BE8DD1
S113360093DA1A0285479CC0B707F07FB3F7FA0034
S11336103707F07F638EE72ED30700F253870DF24E
S1133620D327F7A295CF626785471CC363010C6655
S1133630A967938717EBA96A2330FC00938A0AEBE6
S1133640AE600E64EA744A79AA790A7A4A6BAA6B64
S11336500A6CE67C467DA67D5685EA6A69618280AD
S113366053850DF2B008EC082285EF30C02F9BD7AC
S11336704A01AA849BD64A01639F072A6647F646F5
S1133680130600028129B99E9B8526436355B666BD
S1133690130600040D9E9B872641BB9ACA00BBD922
S11336A0F900B3E93A018129D38719D2370610FE0C
S11336B0FD36D38507E2854B93D705023D9EFD5722
S11336C081930216ED8FD18F538707F287B781223A
S11336D007B60123D377F70A87B68123538706D227
S11336E0C3F7C76A87B60124C377D77A530700F2B2
S11336F0D39707C25396E7A21B88070063100658A6
S1133700159FD9471B09F7FF63E70755A966931768
S113371038009386061EB6979C2353870DF2D31761
S1133720F7A2638C07227D3882E0014B634B0922A8
S1133730635F082242E8A5473B0B0B413B0E004167
S11337402860014863ED47239547854963D44701C1
S1133750713A814991476305FA7C9547630FFA6E84
S11337608947631BFA4C02F422666358C070B2E4C2
S1133770B28C23240500FD47E3D1C72E05479147AA
S11337809B9717009386C7019B0507000527E379DC
S1133790D6FE0CC5228542FC72F8EF208040427EA2
S11337A06278AA8AE309052C38609B860C00B94725
S11337B008E363EDD71E638B091EC2676357F07E6F
S11337C013F6F70029670E069BD747401307071E19
S11337D0329713F6070118236300067429678737A5
S11337E0072FD3860DF2BD8B8D45D3F7F61A91CFF3
S11337F029671307072D13F6170009C61423852517
S11338005377D71285872107FDF7D3F7E71A866721
S113381099C707B78124D397E7A2E39E071487B615
S11338208125538705D2B707C0FC4377F76A53064F
S113383007E213570602B99F13970702FD578193B6
S1133840F18FD98F63840C704266E685539707C263
S11338509B8EF5FF2965530707D2A2781B07070340
S11338608E0E1305051E1377F70F76952380EA0055
S11338701021D3F7E70A13851A00E38F080207B76C
S11338800121D38607F25377C71A5377D70AD39700
S1133890E7A2E39107182A8D87B58124054507B669
S11338A001253B05A54115A83B07A501635FB70E9C
S11338B0D3F7C7125377C712050D539707C2D30620
S11338C007D21B0707031377F70FD3F7D70AA30F02
S11338D0EDFED39EE7A2E3910E12D3F6F50AD39E32
S11338E0E6A2E3830EFC9B0716003EE81306900352
S11338F031A0E384560D03C7F6FF368D9306FDFF12
S1133900E309C7FE05271377F70F2380E60039A6DE
S1133910626789679387F7701CC3B20D639C0D06B9
S1133920A96A938A8A04E30D0CD0A96793870705D3
S11339302330FC0031B39397CD003706F03FB193A9
S1133940D18F13960702FD578193B3F7B7016647EA
S1133950D18F9B8616C0814B85BB82E0014B635897
S1133960090005433B0BE3400149E34508DC42E819
S1133970A54728603B092801014EE3F747DD854749
S11339808549014A3EF4FD5C02E423240500E6E493
S1133990814509B5A96A938A8A05E3030CCAA96714
S11339A09387B7052330FC0061B96EF0F64763C610
S11339B0070C426639476342C70C296793173600E0
S11339C01307071EBA979823A26763D607026344B6
S11339D09003639D0C5887B70126814B8149537727
S11339E0F7128237D387E7A2638C074CA267568D00
S11339F013C9F7FFF9A90275854793851A00D30700
S1133A0005F2D30605F2D3F7E71A539607C2D30794
S1133A1006D21B0706031377F70F2380EA00CBF7C0
S1133A20E76A01266384FC629B87E6FF8217819321
S1133A30890787B50125530600F2338DFA0025A0C6
S1133A40D3F6E71A8505D39606C2D38606D21B871A
S1133A5006031377F70FA38FE5FECBF7E67A1B86F1
S1133A6006006386A55FD3F7B71253A7C7A269DB25
S1133A70C2672E8D85273EE855A22277630D072065
S1133A8005476358474F9B87FCFF6340FE48BB0BC9
S1133A90FE4063C00C62DA8D3B0999013B0B9B012C
S1133AA08545228542FC72F8EF20204D427E6278E3
S1133AB0AA89635DB001635B2001EE876345B94366
S1133AC03B0BFB40BB8DFD403B09F94063000E04FA
S1133AD0A2776383074C63577003CE855E86228585
S1133AE042FC72F8EF20C0762686AA85AA89228530
S1133AF0EF2040532A8DA6852285EF206015627839
S1133B00427EEA843B067E41631D06588545228534
S1133B1042F8EF2080464278AA8B6345001F854710
S1133B20014D63DF473385476319081EBB872701AF
S1133B30FD8B6388071A130700021D9F914663D704
S1133B40E6707147BB07F7403B8B6701BB8DB7013C
S1133B503B8927016345601563582001DE854A8649
S1133B602285EF205003AA8B866763910714635163
S1133B70902DA277639B071CC26785273EE8054A00
S1133B8056893B0A5A4109A8A685814629462285B9
S1133B90EF20C011AA840509DE852685EFF05F8831
S1133BA09B0D05032300B901BB072A01E3CE97FD52
S1133BB0054A635890011B8AFCFF021A135A0A0231
S1133BC0050A569A0149A68505462285EF20A07C60
S1133BD0DE85AA84EF2050216355A02A9306900322
S1133BE019A063834A3B0347FAFF528D7D1AE30A07
S1133BF0D7FE05272300EA00DE852285EF20400555
S1133C00638E09006308090063063901CA852285A9
S1133C10EF200004CE852285EF208003A68522852F
S1133C20EF200003E267426723000D0098C3E30915
S1133C300CA02330AC0129B48D4702F46311FA5E61
S1133C40A2674267B99F9B8C1700BEE46686E34275
S1133C5090B3054639BE8547BEE0C1BC13050002DA
S1133C60EF10E04D28E0630D055E232405002338A2
S1133C70050023300500233C05008DB2538707D28D
S1133C805326F7A2E31E06A61B88F7FF95BCA96A74
S1133C90938A0AEB75B2F28BDA8D814919BDA68538
S1133CA05A862285EF20206FAA847DB5DE8526857D
S1133CB0EF209013E35D05EAA68581462946228517
S1133CC0EF10D07EC267AA841B89F7FFA277BDE3F9
S1133CD0A667BE8CE345F0EA09476342471D4AE8FC
S1133CE0B1AAF1473B0BFB00BB8DFD003B09F9007A
S1133CF0E35460E76DB713060002BB07B640BB99F7
S1133D00F9005DB2AA8542862285EF20605485477A
S1133D104278AA8B63DB471D014D83A74B01FD3716
S1133D2091078A07DE978847EF200018930700025F
S1133D30899FEDBBCE85814629462285EF101077F9
S1133D40A66CAA89635E904B4AE86358B001CE859D
S1133D506E862285EF202064AA894E8B631B0D306A
S1133D609B87FCFF821781938507D6973EF882775D
S1133D7056E4858B3EF0DE852685EFF06FEAAA8C4B
S1133D80CE852685EF205006DE852A895A8622852F
S1133D90EF2010091C492A8D9B8D0C03AA85B5EFD1
S1133DA02685EF2070042AF4EA852285EF10506AF4
S1133DB0A2760277B367DA00D98F8127638A074036
S1133DC0A267138D1700634E0922827733692A0193
S1133DD033E927010129630609226343D036C277F8
S1133DE0A30FBDFF638DA737A6858146294622858B
S1133DF0EF10D06BAA84CE85814629462285638341
S1133E006903EF10B06ADA85AA89814629462285BA
S1133E10EF10D0692A8B6AE4B9BF2285EF10506392
S1133E20854679BFEF109068AA892A8B6AE4A1B706
S1133E30894763C84707A277E39907F0DE8526859B
S1133E40EFF00FDEC2679B0D0503138A1A00852766
S1133E502380BA013EE80149BDB385473EF4CDB3A2
S1133E6002779317C700E39007CC935707023707ED
S1133E70F07FF98FE38907CA61A08547854C3EE44A
S1133E8029B609E513F71D00E31A07D493060003C6
S1133E900347FAFF528D7D1AE30CD7FEB1BBBE8CEB
S1133EA04AE8E3950CB4DE85814615462285EF1079
S1133EB0F05FAA8BAA852685EF200073E358A0B291
S1133EC0C26713071003138D1A002380EA001B89AD
S1133ED01700DE852285EF10B0579B0719003EE8D6
S1133EE0E39A09D225BBCA87E1BE8277B207E3957C
S1133EF007E282773707F07F8193F98FE38E07E03B
S1133F008547052B05293E8D39B9BB8BC7413B88B5
S1133F100B013E8E814BB5BED3870DF28945C1B8E6
S1133F2085473EF46FF05F8487B68125538705D2B9
S1133F30B707C0FC4377F76A530607E21357060234
S1133F40B99F7D5701938217718FD98F07B70126C7
S1133F50D3F7E70A538707F25317F7A26317072625
S1133F605317E722D397E7A2E38107A4814B814942
S1133F70B5BC638C0B1A9B873743DA8D3B892701C9
S1133F80F28B3B8B670129BEC267130710032380A2
S1133F90EA0085273EE88DB1A6857286228542F81F
S1133FA0EF20002B4278AA8495B66381071CBB07D7
S1133FB0F04013F6F70029670E061307071E329721
S1133FC01C2353870DF29BD74740D377F7126380A6
S1133FD007245387F72229671307072D01458945CD
S1133FE013F6170011C61423852505455377D712F8
S1133FF085872107F5F7E30C0580D307E7226FF0E7
S11340001F81C26785273EE86353D002A685054613
S11340102285EF204038DE85AA84EF20E05C6356D9
S1134020A01C93069003638ADD009B8D1C03A2678A
S11340304E89DA892380B701C1B6A26713079003BA
S11340404E892380E7006A8ADA8949BE2E8DD3F728
S1134050F702C26785273EE8D316F7A2E3980688DD
S1134060D3A6E7A2E38C06BA93761600E3900688FB
S113407075B683A589002285EF10B0322A8B6307B9
S1134080052003A6490193850901410509060A068D
S1134090EF10407BDA8505462285EF20C02F2A8B5E
S11340A0C1B1A685228542F8EF20801A4278AA84FD
S11340B0B1BCBB0D9B41EDB2538707F2854E5376DD
S11340C0E6126384D515821587B601258191338D57
S11340D0BA00D3F7D7120505539707C2530707D27F
S11340E01B0707031377F70FA30FE5FED3F7E70AC0
S11340F0E311A5FF07B70121D376E602D395F6A213
S1134100639305FE5377C70A5397E7A2E30F078823
S1134110930500030347FDFFEA867D1DE30CB7FE0C
S11341209B0716003EE8368DD5BC664793076003AF
S1134130DA8D999F3B892701F28B3B8B67018DB206
S1134140C2679306900385273EE8E388DDEEA26705
S11341501B871D004E892380E700DA8971BC3E8AE3
S1134160C2674E89DA8985273EE8B1BCD3870DF250
S113417089456FF0CFE9E3890CDAA668E357108329
S113418007B70125C2678525D3F7E7121B86F7FF1A
S1134190538705D287B68125B707C0FCC68543F788
S11341A0E76A530507E213570502B99F7D57019348
S11341B08217698FD98F6FF06FE9C26713071003F5
S11341C02380E60085273EE891BC814B8149CDB927
S11341D0A26793069003138D1700C26785273EE8F4
S11341E0E38DDDE4E34320E599B5E31205E493F6BA
S11341F01D00E39806E225BD9B0716003EE839BC86
S11342000947E35347B54AE869B92A8DE5B58945B5
S11342106FF0EFDF9B0716003EE82A8D01B42324DC
S113422005008145228542F472E4EF109017226E56
S11342302278AA8A29C13C607D57BAE488E385477D
S113424002E4FD5C3EF4FD566FF04FF6E304D790B4
S11342501307C003BB07F74071B481456FF08FD3D8
S1134260A96629659386060601469305A00E1305E3
S11342708507EF407014A96629659386860B01466D
S11342809305A01A13058507EF401013A966296545
S11342909386860B01469305A02E13058507EF40F0
S11342A0B01183970501797122F04EE406F426ECEF
S11342B04AE893F687002E84AA89D5EA056713078E
S11342C007809445D98F2398F5006350D01038683F
S11342D059C7C217C193856683A40900FD8E23A024
S11342E009000C7CFDE6014685464E850297FD5784
S11342F02A866307F5108357040138680C7C918B78
S113430099C714443C70158E99C33C5C1D8E81463C
S11343104E850297FD576310F50C03A70900831718
S113432004016DCFF5466305D700D946631ED70E49
S1134330146C7D771307F77FF98F2318F400232477
S1134340040014E02C7023A0990091C99307C407BA
S11343506385F5004E85EF00405123300406014586
S1134360A2700274E2644269A2694561828003B961
S11343708501E30609FE84611397070341930D8BBE
S113438023B02501BB842441814711E39C515CC4C3
S113439063469000E9B72A99E35390FC3C640C7C93
S11343A0A6864A864E858297899CE346A0FE83575B
S11343B00401A270E26493E707042318F400027472
S11343C04269A2697D5545618280B85DE341E0F0B0
S11343D079B7506C2DB7835704017D771307F77FA6
S11343E0F98F146C9B9707019BD707410567231826
S11343F0F4002324040014E0F98FA9D748EC99B7FA
S113440083A70900E38907EE75476385E7005947E9
S1134410E39FE7F823A09900014599B77D77130737
S1134420F77F146CF98FD9B793E707042318F400C6
S11344307D553DB79C6DB9CF011122E806EC2A8465
S113444019C11C599DCFA967938707146389F50285
S1134450A96793878710638BF502A9679387070D74
S11344606388F5028397050191C722854264E2605F
S1134470056105BDE26042640145056182800C640A
S1134480D5B72EE4EF00E030A26575BF0C68D9BF44
S11344900C6CC9BF0145828035C51C6D011122E831
S11344A006EC2A84A9C303B5012C19C11C59A9C35C
S11344B0A967938707146304F402A9679387871095
S11344C06309F404A9679387070D6306F40483174B
S11344D0040191CBA2854264E2600561D9B3006511
S11344E083170401E5FBE2604264014505618280B3
S11344F02AE4EF00002AA967938707142265E31EC4
S1134500F4FAF1BF03B501289165938545436F0023
S1134510501500696DBF006D5DBFA5659385C5CB62
S11345206F003014011126E41306000B9B84F5FF81
S1134530B384C4024AE02E8922E806EC9385840CF5
S1134540EF0010412A8401CD6105233004002324A7
S1134550240108E81386040B8145EFC09FA1E260A3
S113456022854264A264026905618280797126EC25
S113457083B401284AE806F49C5822F04EE452E041
S11345802A89D9C3938404089309000B114A9C44D3
S113459080686357F006FD37821781938507B387D8
S11345A03703A29729A01304040B638B8704031712
S11345B0040175FBC17785071CC82324040A233032
S11345C0040023340400233C040023200402232495
S11345D00402214681451305040AEFC09F99233044
S11345E00406232404062330040823240408A270A8
S11345F022850274E2644269A269026A456182808A
S1134600806019C4A28461B72685EF00C0039DBFF2
S11346109305802D4A85EF00B0332A8419CD6105B6
S1134620233004002324440108E81306002C8145A8
S1134630EFC03F9480E0A28499BF23B00400B14747
S11346402320F9006DB7397103B70128916722F867
S113465006FC26F44AF04EEC52E856E45AE09387FE
S1134660A7513CE523300508232405082338050811
S11346702A846306E5102285EFF05FEF08E42285C3
S1134680EFF0DFEE08E82285EFF05FEE046408EC5B
S113469091479CC82146814523B0040023B40400FB
S11346A023A4040A23BC040023A0040223A40402B8
S11346B01385040AEFC0FF8B1D6B033904019D6A47
S11346C01D6A9D69130BAB45938A6A49130AAA4E66
S11346D09389C953C16723B0640523B4540523B82F
S11346E0440523BC340584FCA5072328F90021468E
S11346F081452324090A2330090023340900233C7B
S1134700090023200902232409021305090AEFC022
S11347105F86046CB707020023306905233459050A
S113472023384905233C3905233C2903C9079CC880
S113473023A4040A23B0040023B4040023BC04000B
S113474023A0040223A404021385040A21468145FC
S1134750EFC03F82854723B0640523B4540523B8D2
S1134760440523BC340584FCE2701CD84274A27452
S11347700279E269426AA26A026B216182808547FA
S11347801CD9D5BD03B50128A5659385C5CB6F009C
S1134790406D1C5991E345BD828079714EE4AD6949
S11347A022F026EC4AE852E006F42E8A2A899389FC
S11347B08986EF10203D03B7090185671384F7FD4F
S11347C0046733044441F198269431807D14320403
S11347D0634BF40081454A85EF20103D83B70901FE
S11347E0A697630EF5004A85EF10E039A2700274B3
S11347F0E2644269A269026A014545618280B305A7
S113480080404A85EF20503AFD57630BF502AD67AF
S113481093878765984383B60901818C93E41400D8
S11348203B0487404A8584E680C3EF10C035A270FC
S11348300274E2644269A269026A054545618280A4
S113484081454A85EF20503603B70901FD46B30779
S1134850E540E3DAF6F883B6812C93E717001CE70A
S1134860158DAD6623ACA664BDBFEDC5011122E86C
S113487026E42E84AA8406ECEF10C030033584FFAE
S1134880130704FFAD659377E5FF3306F7009385BF
S11348908586146603B80501F19A6300C81414E60A
S11348A005893308D60041E1033304FF0338880047
S11348B02D653307674083380701130585879A9769
S11348C0137818006388A80E0333870123BC68009B
S11348D023381301630D081493E6170014E71CE250
S11348E09306F01F63E2F6088D839B8617009B9660
S11348F016008E0603B88500AE9688621BD6274044
S11349008547B397C700B3E70701138606FF10EF87
S113491008EB9CE598E218ED4264E2602685A26407
S113492005616F1040260335880005890DE52D6566
S1134930B69713058587146A93E817003308F700C0
S11349406381A610106E90EE14EA2334170123300D
S1134950F80079B7828093E61700233CD4FE1CE26A
S11349609306F01FE3F2F6F893D697001146636FAF
S1134970D60893D667001B8596031B1515001B8666
S113498086030E052E95146141156305D50C9066BA
S1134990719A63F5C700946AE31BD5FE886E08EF2D
S11349A014EB426418E9E2602685A26498EE05617E
S11349B06F10601D631C080E0C6E106AB69742647B
S11349C00CEE90E993E61700E26014E726853E9723
S11349D0A2641CE305616F10001B0589B69709E901
S11349E0033504FF098F146F106BAA9714EE90EA35
S11349F013E6170083B6012D10E798E9E3EED7F02C
S1134A0083B5813C2685EFF05FD939B7514663728F
S1134A10D60213064005636AD60493D6C7001B85E5
S1134A20F6061B1515001B86E6060E05A1BFB697F4
S1134A3019B71B85C6051B1515001B86B6050E0583
S1134A4091B798F598F108EF08EB23341701233058
S1134A50F800D9B503B885001B5626408547339620
S1134A60C7003366060190E51DBF13064015636C4D
S1134A70D60093D6F7001B8586071B1515001B86E9
S1134A8076070E0501B713064055636CD60093D61E
S1134A9027011B85D6071B1515001B86C6070E05A7
S1134AA0D5B51305007F1306E007E9BD93E61700AB
S1134AB014E71CE295B51C6A638C071A83D70501B9
S1134AC01D71A2E852F856F486ECA6E4CAE04EFC46
S1134AD05AF05EEC62E866E46AE013F78700328A13
S1134AE0AA8A2E8425C3986D31CF13F72700033982
S1134AF00A0035C73C640C7C370B00808149814433
S1134B00134B0BC04E86568585C8A68663739B00DF
S1134B10DA86812682976355A01483370A01AA99FD
S1134B20898C3385A7402338AA00630705103C64A9
S1134B300C7C4E865685F1F883390900833489004C
S1134B404109C9B7A2855685EFE08FD863180528B7
S1134B508357040103390A0013F7270041FF13F7B1
S1134B60170035EB44440860370B0080934BEBFF90
S1134B70014C8149134BFBFFA68C6388090413F78E
S1134B800720630A0712268D63F79918CE8C4E8D81
S1134B906A86E285EF00506558441C60CE84BB0CE5
S1134BA09741EA97232694011CE0814903360A01C0
S1134BB0269CB304964023389A00BDCC4444086034
S1134BC083570401A68CE39C09FA033C090083394A
S1134BD08900410955B781490145814C014C630B5A
S1134BE00C0845C1CE8B63733C01E28B08601C6CDE
S1134BF01450DE8463F7A7005C443B8BD700634DFD
S1134C007B0963C4DB183C640C7C668656858297FA
S1134C10AA846357A0049B070500BB89F940054596
S1134C20638B090283370A01A69C330C9C40B3842E
S1134C30974023389A00C5F40145E6604664A664AB
S1134C400669E279427AA27A027BE26B426CA26C38
S1134C50026D25618280A2855685EFF0AFFD79D182
S1134C608317040193E707042318F4007D55F1B773
S1134C7001458280033C8900833C09004109E30B20
S1134C800CFE6286A9456685EF00F032630F0512BB
S1134C900505BB099541B9B7E6855A86EF00D0549E
S1134CA01C60A2855685DA971CE0EFF0AFF84DF949
S1134CB0DA87DA849DB71C6C63E8A7021C5063E5AD
S1134CC0F902CE8663F33B01DA86BBC6F60238648A
S1134CD00C7C62865685BB86F6020297AA84E35151
S1134CE0A0F8B3899940D9B563F39900CE84268698
S1134CF0E285EF00704F5C441860BB8697402697AE
S1134D0054C418E0F9FEA2855685EFF0AFF229F9F4
S1134D10B389994061BD13F70748E30B07E60450D4
S1134D200C6C138719009B961400A59E0D8D9BD4C3
S1134D30F6011B0D0500B59C9BD414406A9763F5DE
S1134D40E4009B841900A99C93F70740A9CFA6858A
S1134D505685EF00E03FAA8C25CD0C6C6A86EF00E7
S1134D60702E8357040193F7F7B793E707082318C6
S1134D70F4003385AC01BB87A441233C940108E0D3
S1134D8004D0CE8C5CC44E8D21B55E86E685EF00E2
S1134D90B045544418609B870B00BB8676415E97F0
S1134DA054C418E09DBD26865685EF20801FAA8C2A
S1134DB069F10C6C5685EFF05FAB83170401314742
S1134DC023A0EA0093F7F7F771BD9B091C0019BDF6
S1134DD031478317040123A0EA0069B57D55B1BDAD
S1134DE05D714AF84EF452F056EC5AE85EE486E4FB
S1134DF0A2E026FC2E8A13090508014B930A000B36
S1134E00854BFD598327890003340901635BF00254
S1134E109B84F7FF821481908504B3845403A29485
S1134E208357040163FBFB008317240122856386F7
S1134E303701029A336B6501012B1304040BE391D0
S1134E4084FE03390900E31F09FAA6600664E274CC
S1134E504279A279027AE26AA26B5A85426B616155
S1134E6082805D714AF84EF452F056EC5AE85EE4E2
S1134E7062E086E4A2E026FC2A8C2E8A1309050847
S1134E80014B930A000B854BFD598327890003349A
S1134E900901635CF0029B84F7FF8214819085040E
S1134EA0B3845403A2948357040163FCFB00831767
S1134EB02401A285628563863701029A336B6501FA
S1134EC0012B1304040BE39084FE03390900E31E51
S1134ED009FAA6600664E2744279A279027AE26A67
S1134EE0A26B026C5A85426B6161828013050510C6
S1134EF0828029651305057C828029651305057C5C
S1134F008280011106EC22E826E40DC2A96593858E
S1134F10051832853284EF20E062A96411E9138513
S1134F208417E2604264A26405618280A964C5BFFB
S1134F30938584172285EF20E06075D1A965938558
S1134F4005EA2285EF20006079D90145D9BF03C560
S1134F50019A8280011106EC22E826E48DC12E8498
S1134F60A965938505182285EF20C05DA96411E920
S1134F7013858417E2604264A26405618280A96497
S1134F80C5BF938584172285EF20C05B75D1A965C1
S1134F90938505EA2285EF20E05A79D90145D9BFE6
S1134FA083D70501357122E906ED26E54AE1CEFCF9
S1134FB0D2F813F727002E8419CF9387F5079CE1C5
S1134FC09CED85479CD1EA604A64AA640A69E67943
S1134FD0467A0D61828083952501AA8463C90506FA
S1134FE03000EF40000163420506B249BD67056920
S1134FF0B3F9F9008967B389F94093B91900130922
S11350000980130A0040930500402685EF004014F0
S11350108317040121CD11671307A751B8E493E75F
S113502007082318F40008E008EC232044036394E1
S11350300906B367F900EA602318F4004A64AA6415
S11350400A69E679467A0D6182808357040193F7F1
S1135050070801499DCB930500042685EF00400F06
S113506083170401130A0004814955F513F7072037
S113507039FBF19B93E727001307F4072318F40087
S1135080854718E018EC1CD03DBF130A0040814945
S1135090930500409DBF831524012685EF301079C8
S11350A001E58317040171B783570401F19B93E76A
S11350B017009B9707019BD70741A5BF757122E194
S11350C02E8483952501A6FCCAF806E5B2843689A8
S11350D063CC05023000EF30D07163470502B2475C
S11350E03D67AA60F98F0967998F0A6493B717001F
S11350F02320F900930700409CE00565E674467997
S11351001305058049618280831704012320090067
S113511093F7070899CBAA600A64930700049CE0FC
S11351204679E674014549618280AA600A6493075E
S113513000409CE04679E674014549618280AA8575
S113514003B5012C31A0AA8503B5012C6FF0EFF152
S11351501D71A6E4CAE086ECA2E84EFC52F856F4AF
S11351605AF05EEC62E866E4938475019307E0020A
S11351702A8963E797049307000263E2B71EEF00EE
S1135180702093040002930700051146AD699389CA
S11351908986CE978067138707FF6303E41E1C6428
S11351A0146C1068F19BA297986714EE90EA136749
S11351B017004A8598E7EF00101D1305040165A246
S11351C0B7070080C19893C7F7FF63EA971863E8AD
S11351D0B418EF00301B9307701F63F1973A93D70D
S11351E09400638D072611476361F73093D76400F9
S11351F01B8697039B1616001B8587038E06AD69D5
S113520093898986CE968066C116638F8616FD457E
S113521031A063560728006C638886161C64F19BD2
S113522033879740E3D7E5FE03B409022D681308DA
S113523088872A866311041783B789001B57264081
S11352408545B395E50063F8B71A03B40901033A39
S11352508400937ACAFF63E79A00B3879A407D4734
S11352606340F72203BA813C03B7812CFD57330C0A
S11352705401269A6302F73A8567FD073E9AFD7743
S1135280337AFA00D2854A85EF200012FD572A8B23
S1135290630BF53063678531AD6B938B8B6503A727
S11352A00B00BB07470123A0FB00BE866300AC4094
S11352B003B7812CFD576307F740B3078B41B59FB4
S11352C023A0FB00137CFB0063060C360567330B3D
S11352D08B4193070701410BB3878741B30C4B0103
S11352E0338A97417D17337AEA00D2854A85EF20C5
S11352F0A00BFD57630DF540330565411B070A00FC
S11353002A9A83A70B0023B86901136A1A00B99F6C
S113531023A0FB0023344B016309343B7D466378AF
S1135320563B146413878AFE419B858AD98E14E404
S1135330A545B306E4008CE68CEA6361E63E033AD5
S11353408B005A8483B6013C63F4F60023B0F13C2D
S113535083B6813B63FDF62423BCF13A89ACB147A3
S11353602320F9000145E6604664A6640669E279F3
S1135370427AA27A027BE26B426CA26C2561828043
S1135380806F0926E39D87E003B409022D681308A2
S11353908887E30304EB1C64FD46F19B3387974045
S11353A063C7E61A23B4090323B00903635F070A3A
S11353B01307F01F6368F70E8D831B8717001B17F5
S11353C017000E0703B589004E970C639BD6274040
S11353D08547B397D700C98F930607FF14EC0CE8F1
S11353E023B4F90000E380ED1B5726408545B395AF
S11353F0E500E3ECB7E433F7F50001EF8605719AB5
S113540033F7F500112611E7860533F7F500112669
S113541065DFFD481B0316001B1313000E03411325
S11354204E931A851C6D328E6302F50E98673E8486
S11354309C6F719BB306974063C1D80EE3C606FE0A
S11354402297146710684A8593E6160014E71CEE49
S113545090EBEF0040731305040131B7930600404D
S1135460130600041305F00359BBA29798674A85F5
S11354701367170098E7EF00007113050401E5B501
S113548013E7140018E4A29423B8990093E71700D3
S11354904A859CE4EF00206F13050401E9B5146C00
S11354A0106811B313D79700914663F2E60ED14604
S11354B063E8E61A9B05C7059B9515009B06B7058F
S11354C08E05CE959861C115638BE5141467F19A26
S11354D063F5D700186BE39BE5FE0C6F83B7890077
S11354E00CEC18E880E900EF01B75147637FF70C33
S11354F0130740056364F71893D7C4001B86F706A7
S11355009B1616001B85E7068E06D5B9052E9377E4
S11355103E004105E1CB1C6D01BF106893E514000A
S11355200CE41CEE90EBA29423B4990223B09902EC
S113553093E7160023BC040123B804019CE42297DA
S11355404A8514E3EF0020641305040129BD93E6A2
S1135550140014E4A29423B4990223B0990293662C
S1135560170023BC040123B8040194E4A2974A85DC
S113557098E3EF00406113050401F5B313D634003A
S11355809B0716009B97170001268E0701B113D7BE
S113559067009B0597039B9515009B0687038E0563
S11355A00DB7630B340F03B40901033A8400137A73
S11355B0CAFFB3079A4063659A007D47E342F7EC5C
S11355C04A85EF00405C014579BB1B86C7059B16E5
S11355D016001B85B7058E061DB1833703017D3682
S11355E063946718937736004113E5FB03B789008A
S11355F093C7F5FFF98F23B4F9008605E3E7B7C431
S1135600E38505C433F7F50011E7860533F7F500A4
S1135610112E65DF7286FDBB130A0A02A5B103B51C
S113562089009BD626408547B397D700C98F23B4FA
S1135630F9007DB5330C4B01330C8041521C135CD3
S11356404C03E2854A85EF103056FD570147E30AC3
S1135650F5CA330565411B070C00330A850155B1B2
S11356609306400563E9E60613D7C7009B05F706D2
S11356709B9515009B06E7068E05A1B513074015FB
S11356806369F70693D7F4001B8687079B161600F9
S11356901B8577078E06A5B6AD6B938B8B6583A7A9
S11356A00B00BB86470123A0DB0019B113174C0381
S11356B0E31007C003B40901569A136A1A0023348D
S11356C0440149B123B4612DF5BE5A84A5B9854777
S11356D02334FB00F5B59306401563EDE60413D7B8
S11356E0F7009B0587079B9515009B0677078E059A
S11356F0C9BB13074055636DF70493D724011B8678
S1135700D7079B1616001B85C7078E06CDBC411C08
S1135710338A8C01330A6A410147E5B693050401D3
S11357204A85EFF08F9403B4090183A70B00033A71
S1135730840009B99306405563E3E60213D72701B1
S11357409B05D7079B9515009B06C7078E0595BB40
S11357509306007F1306F0071305E0074DB4930585
S1135760007F9306E007B1BB83B7890079B5A967C9
S113577083B7877A828799C91DC695CA834706006D
S11357809CC1034506003335A000828041116C00A2
S113579009CE85C2834706009CC103450600333504
S11357A0A00041018280014582800145DDBF795519
S11357B082807955FDB79377750093F6F50F95C3FD
S11357C09307F6FF05C67D5601A8050513777500F6
S11357D011CBFD17638CC70003470500E317D7FE01
S11357E08280B2871D47636FF70099E30145828089
S11357F0AA9721A00505E30BF5FE03470500E31B6B
S1135800D7FE828093F5F50F13978500D98D1397F2
S1135810050183B881264D8F03B80127931507022C
S1135820D98D1D4318612D8F330617011347F7FFD8
S1135830718F337707014DFFE1172105E364F3FE10
S1135840C5FB6DB7B3C7A5009D8BB308C500E9E3DD
S11358509D4763FFC70A93777500AA868DEF13F6F9
S113586088FF930706FC63EBF60463F3C6022E87F6
S1135870B68703380700A107210723BC07FFE3EA23
S1135880C7FE9307F6FF958FE19BA107BE96BE95D1
S113589063E31609828003C70500850693F7760043
S11358A0A38FE6FE8505C5DF03C70500850693F7CC
S11358B07600A38FE6FE8505F9FF55B783B385000F
S11358C083BF050103BF850183BE050203BE8502B4
S11358D003B3050303B88503B86183B20500938657
S11358E0860423B076FC23BC56FA23B4F6FD23B811
S11358F0E6FD23BCD6FD23B0C6FF23B466FE23B861
S113590006FF23BCE6FE93858504E3E9F6FAB1BFFE
S1135910AA86E37115F99387F8FF13861600958F0D
S113592093B7970033B7C8001347170093C71700FE
S1135930F98F93F7F70F3687C5C3B3E7B6009D8B8E
S1135940C1EF054363E4C8003383D840137883FF71
S1135950AE872E989063A1072107233CC7FEE39BE3
S113596007FF937783FFBE95E306F3F203C70500B1
S11359708507BE96A38FE6FEE3FE16F103C7150066
S1135980938716002380E600E3F617F103C725008A
S113599093872600A380E600E3FE17EF03C73500D4
S11359A0938736002381E600E3F617EF03C745002B
S11359B093874600A381E600E3FE17ED03C7550075
S11359C0938756002382E600E3F617ED83C765004C
S11359D0A382F6008280050683C705008505A30F10
S11359E0F6FEE36A16FF828063F3A502B387C5005F
S11359F0637FF5003307C500630E061683C6F7FF01
S1135A00FD177D172300D700E39AF5FE8280FD473A
S1135A1063E7C70CAA879308F6FF6302061693860A
S1135A20150033E7B7003386D7401D8B1336760055
S1135A301346160013371700718F6303071213B749
S1135A40A800134717001377F70F630B0710138889
S1135A5098FF13583800138E180005082E86BE864A
S1135A600147033306000507210623B06600A1069B
S1135A70E36907FF0E08C297C295B3880841630B18
S1135A800E0F03C705002380E7006385080E83C655
S1135A9015000547A380D700638EE80C83C6250054
S1135AA009472381D7006387E80C83C635000D4777
S1135AB0A381D7006380E80C83C645001147238285
S1135AC0D7006389E80A83C655001547A382D70027
S1135AD06382E80A03C765002383E7008280B3E793
S1135AE0A5009D8BC9EB930806FE93F808FE9388E6
S1135AF00802330815012E87AA87146313070702C7
S1135B009387070223B0D7FE833687FE23B4D7FEDC
S1135B10833607FF23B8D7FE833687FF23BCD7FE1F
S1135B20E31DF8FC13778601C6959376F60129CB1D
S1135B3083B80500138786FF1D4823B01701637BD4
S1135B40E80083B88500C11623B417016374D80034
S1135B50946994EB619B21071D8ABA97BA9565BD38
S1135B608508BE9803C7F6FF85078506A38FE7FE61
S1135B70E39A17FF82809308F6FFAA874DB58280C7
S1135B80368651BD82808280A9662965411193863B
S1135B90060601469305A0081305051906E4EF302F
S1135BA0A00101114AE00339050422E826E406ECC9
S1135BB0AA842E8463040902833789019DCF1317B5
S1135BC03400BA97886339C5186198E3233805000F
S1135BD0E2604264A26402690561828013050002E6
S1135BE0EFF0EFD5A8E02A8929C92324050023383A
S1135BF0050023300500233C050013061004A145CD
S1135C002685EF20F07FBC60233CA9009C6FC5FB78
S1135C1001457DBF05493B1989001B0609001D0686
S1135C200A0685452685EF20B07D7DD10214021930
S1135C3001903364240100E551BFA9662965938668
S1135C40060601469305600613050519EF20D07674
S1135C503C6199CB89C998459C6F0E07BA979863A4
S1135C6098E18CE382808280011126E8AA841305DE
S1135C7000022EE406ECEFF08FCCA8E0A2650DC57F
S1135C80232405002338050023300500233C0500A8
S1135C9081C998451C6D0E07BA97986398E18CE307
S1135CA0E260C26405618280EFF01FEE397126F470
S1135CB0C449416322F84AF04EEC06FC52E856E42B
S1135CC02E89AA8936841388850181487D13832708
S1135CD0080011088528B3F66700BB86C6029BD767
S1135CE00701BB87C702A19E1BDE06013377D300E1
S1135CF0BB86C7019B9706013D9F232EE8FE1BD45C
S1135D000601E3C698FC09CC8327C90063D4F402D6
S1135D10938744008A07CA9780C78524232A990059
S1135D20E2704274A274E269426AA26A4A85027904
S1135D3021618280832589004E858525EFF07FE6E9
S1135D40AA8A25C5032649019305090141050906C7
S1135D500A06EFF03FAF03BA090463080A02033AE4
S1135D608A01832789008E073E9A83370A002330ED
S1135D70F9009387440023302A018A075689CA9779
S1135D8080C78524232A990061BF13050002EFF020
S1135D900FBB23B0A9040DC5232405002338050037
S1135DA023300500233C05006DBFA9662965938651
S1135DB0860B01469305500B13050519EF20D05FA0
S1135DC0EFF09FDC397122F826F44AF04EEC52E8E9
S1135DD0B6842E84A126A54506FC56E45AE0A547C0
S1135DE0BBC6B6022A89B2893A8A63D2970A854722
S1135DF081459B9717008525E3CDD7FE4A85EFF0B3
S1135E005FDAAA8559C585475CC9232C4501A54796
S1135E1063DC370793970902130B940081939B8AE1
S1135E2009003E945A8A83460A0029464A859B867D
S1135E3006FDEFF0BFE7050AAA85E3168AFE1B8478
S1135E408AFF021401905A9463D59902FD34BB84ED
S1135E503441821481908504A29483460400294627
S1135E604A859B8606FDEFF07FE40504AA85E39648
S1135E7084FEE2704274A2740279E269426AA26A00
S1135E80026B2E85216182802904A54975BF814555
S1135E90B5B7A96629659386860B01469305E00C80
S1135EA013050519EF2050514177698FAA8729E31B
S1135EB09B170501E1464145370700FF7D8F01E748
S1135EC09B9787003685370700F07D8F01E79B9706
S1135ED047001125370700C07D8F01E79B972700F6
S1135EE0092563C60700F983858B052589C7828048
S1135EF0A1460145D1B71305000282801C412A87BF
S1135F0093F677003E8681CE93F617000145A9EA01
S1135F10098A39CE9BD717001CC305458280939606
S1135F200703C1929DCE2146014593F6F70F81E602
S1135F309BD78700328593F6F70081E611259BD71E
S1135F40470093F6370081E609259BD7270093F68F
S1135F50170089EE9BD71700052589EB130500026E
S1135F6082809BD7070161464145C1B71CC382802B
S1135F709BD727001CC309458280011126E42461B4
S1135F8022E84AE006EC2A842E8995C09C6C9DCFB9
S1135F90886735C1186198E7E260426485478217D3
S1135FA0232C25011CE9A264026905618280130582
S1135FB00002EFF0CF9828E0AA8431C92324050019
S1135FC02338050023300500233C05001306100484
S1135FD0A1452285EF20D0423C6088EC9C6FCDFB2C
S1135FE0A96629659386860B01469305001413055B
S1135FF00519EF20703C1306400285452285EF20E9
S1136000304079DD8547861785071CE571B7A96699
S1136010296593860606014693056006130505194E
S1136020EF20903979714AE84EE40329460183A9A7
S1136030450126EC52E006F422F02E8AB28463C7AE
S11360402901CA87AE844E89328ABE89DC443B0466
S113605039018C4463D387008525EFF09FB4630E28
S1136060051C13038501931824009A986378130977
S11360703387A8401D1793572300DD461356270086
S1136080858B63FAE61A9A8689C7232C0500930642
S1136090C5011D8E050699078A0713571600AA978E
S11360A00E073E9723B00700A107E39DE7FE137791
S11360B0E6FF93172700B6976302C70423A00700DF
S11360C013874700637C170323A207001387870005
S11360D06376170323A407001387C70063701703AD
S11360E023A6070013870701637A170123A8070073
S11360F0138747016374170123AA070013088A0151
S1136100139E2900938E840193152900429EF695CF
S1136110637AC80F93879401114F63F7F5104166B2
S11361207D1609A89BD20201639C02061108110383
S1136130637AC80D83220800B3F4C200E5D49A83BD
S1136140F682014983A6020083AF03009103B3F7EB
S1136150C600BB8797021BD70601B3F6CF009BDFAF
S11361600F0191023B079702B59FBB8727019BD67E
S11361700701F18F3B07F701359F9B160701D58F68
S113618023AEF3FE1B590701E3EEB2FAB307E301B2
S113619023A02701832208009BD20201E38802F88E
S11361A0832603009A83F68FB684014783A70F00E2
S11361B09BD90401F18EF18FBB87570283A443005E
S11361C09103910F33F9C400BB873701B99F1B9723
S11361D00701D98E23AED3FE03D7EFFF9BD7070168
S11361E03B0757023B072701B99F9B8607001BD734
S11361F00701E3EDBFFAB307E30194C311081103E8
S1136200E36AC8F36345800039A07D3409C483A7D9
S1136210C8FFF118FDDBA27040C90274E264426950
S1136220A269026A45618280338F95401D1F137FE6
S1136230CFFF110FEDB59A8751B5A96629659386ED
S1136240860B01469305D01513050519EF20D016CA
S1136250797122F04AE84EE406F426EC52E0937792
S113626036003284AA892E89DDE3098439C803BA49
S11362700904630A0A0A83340A01F1C493771400F7
S113628089EB05841DCC886031C5AA8493771400FA
S1136290EDDB2686CA854E85EFF0DFD883B7090487
S11362A02A8AA9C763020904032789009C6F05840D
S11362B00E07BA9798632330E90023B02701528967
S11362C079F0A2700274E264A269026A4A854269A2
S11362D0456182802686A6854E85EFF0BFD488E08E
S11362E023300500AA845DB7528961BF13050002FB
S11362F0EFE0FFE423B0A904AA8749C123240500E1
S11363002338050023300500233C050061BFFD3719
S113631029671307071D8A07BA9790438146EFF050
S1136320FF982A8999B713050002EFE05FE123B0D3
S1136330A9042A8A31C52324050023380500233003
S11363400500233C050085454E85EFF09F85AA8412
S113635019C9930710271CCD85475CC92338AA00A7
S11363602330050021BFA96629659386860B014663
S11363709305001413050519EF201004EFF0DF80D6
S1136380A96629659386060601469305E01A130556
S11363900519EF2070025D714AF803A94501DC4537
S11363A05AE81B5B56403B096901A2E026FC4EF407
S11363B052F05EE486E456EC1B0A19002E84B28483
S11363C08C45AA89935B564063D747019B97170076
S11363D08525E3CD47FF4E85EFF0AFFCAA8A630A1B
S11363E0051E93088501635F700993D728001B0776
S11363F0FBFF9546858B63F9E61C6380071C130637
S1136400C501232C050005453B07FB4099078A0776
S11364109B561700D6978E069B050700BE9623B0A1
S11364200700A107E39DD7FE9377E7FF9B8607004C
S1136430139706027983A99F32976381D504232099
S113644007009B86170063DB7603232207009B86E5
S1136450270063D57603232407009B86370063DF78
S11364607601232607009B86470063D976012328FB
S11364700700952763D47701232A0700021B135BC7
S1136480EB01DA984C489307840113F8F4018A0568
S1136490BE95631A080AB3868540130894019D16B5
S11364A013B6060333B505011307C40113461600DA
S11364B0134515003387E840698E3337E000718F48
S11364C025C733E717011D8B25E3054563FA050F3F
S11364D0935515008E05BE864687C69590622107A2
S11364E0A106233CC7FEE31BB7FE9376E5FF139793
S11364F02600BA974697630AD5089C4383B40904D7
S11365001CC323AA2A01D9E413050002EFE03FC308
S113651023B0A9044DCD23240500233805002330DE
S11365200500233C050085A898439107910823AEF4
S1136530E8FE63FCB70498439107910823AEE8FE94
S1136540E3E4B7FE99A0130500023B050541468626
S11365500147944311069107BB960601558F232EDC
S1136560E6FE03A7C7FF3B57A700E3E4B7FE930685
S11365709401914763E7D500B38785409D17F19B4C
S11365809107C69798C311C3528983B4090423AAF7
S11365902A01BDD8846C1C44A66042798E07BE943F
S11365A09C60A279027A1CE080E00664E274426B8B
S11365B0A26B5685E26A6161828046860145A9B56F
S11365C089821385160029B7468781478DBDEFF070
S11365D0AFDBA96629659386860B01469305901D5A
S11365E013050519EF20405DDC492A8848491D9DA3
S11365F00DE58A076108E1053307F800AE9719A095
S1136600637DE8000326C7FF83A6C7FF7117F11750
S1136610E308D6FE7D556373D600828005458280EB
S11366200111584A4AE003A9450122E826E406EC90
S11366303B09E940AE843284631D09129316270096
S1136640E10513078601B387D500369719A063F6D1
S1136650F51203A6C7FF8326C7FFF1177117E308D6
S1136660D6FE6363D6108C44EFF0AFD363050512F6
S113667083A8440183224401938F84011393280047
S1136680130884018A0293038501416E232825019E
S11366907E93C2921E8FFE8E01477D1E83A60E003E
S11366A083250800110FB3F7C601B99F33F7C5015D
S11366B0999F9BD505011BD706010D9F9BD60741CA
S11366C0359F9B160701B3F7C701D58F81271108A2
S11366D0232EFFFE910E1B570741E36158FCB3853F
S11366E082409D1565048981814663E48200939606
S11366F025009E96114863E58200850513982500C0
S1136700C29FC29363F46F0441689E857E867D18A0
S1136710144291051106B3F70601B99F1BD7060170
S11367209BD60741359F9B160701B3F70701D58F09
S1136730812723AEF5FE1B570741E36B66FC9306E6
S1136740F3FFB38FF64193F6CFFF9E9691E783A7AD
S1136750C6FFFD38F116E5DFE2604264232A150125
S1136760A264026905618280A6870549A2843E84E9
S1136770DDBDE34B09FE0149FDB58145EFF06FC274
S113678015C5E260426485475CC9232C0500A264F8
S1136790026905618280A96629659386860B014694
S11367A09305002413050519EF200041A966296506
S11367B09386860B01469305202313050519EF20C4
S11367C0A03FD30705E23707F07F81937D8FB7079A
S11367D0C0FCB99F1B8707006356E00082175385EE
S11367E007F28280BB07F0401BD74741CD4663C701
S11367F0E600B7070800BBD7E740CDB79B06C7FE46
S11368007946814705476346D600370700803B57E2
S1136810D7008193021701938217D98F538507F20A
S1136820828050496105C1760A062A968328C6FFEC
S11368301303C6FFB3F6D800C1E29B970801614772
S1136840C146370800FF33F80701631508009B971A
S11368508700BA86370800F033F80701631508008B
S11368609B9747009126370800C033F8070163154A
S113687008009B972700892663C60700F983858B48
S11368808526C9C713080002BB07D8409CC1A94785
S113689063D2D7041B8756FF63746502832586FF82
S11368A05DEFB707F03FB3E7F800821581918217D7
S11368B0CD8F538507F28280C6872147814651B721
S11368C0814565D3BB97E8003707F03FD98F82171E
S11368D08145B5A8AD45959D3707F03FBBD7B800B6
S11368E0D98F8217014763766500032786FF3B57DC
S11368F0B700D526BB98D8003367170181930217D8
S113690001938217D98F538507F2828023A0050053
S11369105547E37965FA832586FFAD4661165547E9
S1136920BB97E800BBD8D500B3E71701B708F03F21
S1136930B3E717013B97E50082179B0507006378CF
S1136940C5008325C6FFBBD5D500D98D812581938C
S1136950821581918217CD8F538507F2828061164B
S1136960BB06E84075BF79714AE80339050422F093
S113697026EC4EE452E006F4530405E2AA842E8A7F
S1136980B289630C091E83378901638707208867EE
S1136990630B0522186198E7935704421BD84701FB
S11369A023380500B2171378F87FB1936306080003
S11369B037071000D98F81271B0704002DC3937656
S11369C0770063840614937617006394061A93760B
S11369D02700638206249B95F7011B561700854602
S11369E04D8E10CDBBD7D7003337F00005075CCDF3
S11369F058C9630C08041B08D8BCA27002743B0875
S1136A00D8009307500323200A01BB86D74023A054
S1136A10D900E2644269A269026A4561828013F77F
S1136A2077003E8651CF13F717009306000201EB5F
S1136A30098A630D061C9BD71700930610021CCD10
S1136A4085475CC90547E31808FA9B86E6BC93179B
S1136A5027002320DA00AA97DC4BC1761B175700C6
S1136A60FD8EA1EE9B970701E145C146370600FF65
S1136A707D8E01E69B978700AE86370600F07D8EFB
S1136A8001E69B9747009126370600C07D8E01E6FC
S1136A909B972700892663C70700F983858B852682
S1136AA063830716A2700274159F23A0E900E264B1
S1136AB04269A269026A45618280A14581467DB727
S1136AC013970703419345E31BD707013A86E14631
S1136AD0C14501E61B578700B6859376F70081E62A
S1136AE091251B5747009376370081E689251B576C
S1136AF0270093761700638E060EBA871CCD854750
S1136B009B8605025CC905473DBF93160703C192E6
S1136B10B1C63A86A14881469375F60F81E51B56A6
S1136B208600C6869375F60081E591261B564600BD
S1136B3093753600CDE51B562600892693751600FD
S1136B40B68891E585261B561600B68879CA930542
S1136B500002BB851541BB95B70059B51B5607010B
S1136B60E148C14655BF13F6F70F3E87A14681455C
S1136B708DB73A8610CD814685BD13050002EFE03E
S1136B800FDCA8E02A895DC1232405002338050011
S1136B9023300500233C050013061004A145268577
S1136BA0EF200006BC60233CA9009C6FE39107DE44
S1136BB0A96629659386860B01469305A0301305C3
S1136BC00519EF10707F1306400285452685EF20D6
S1136BD0200379DD8547861785071CE575BB93750A
S1136BE01600ADD1C1DA93050002959DBB95B7009F
S1136BF0C5BB1B57170093060004E30207E49B86FA
S1136C001502BA872DBD9306000269BD9BD72700E4
S1136C10930620022DB59B95E7011B562700894654
S1136C20C1B3BE853A86930600025DBBA966296599
S1136C309386060601469305600613050519EF10B1
S1136C40B077797122F02E846C0026EC06F4AA84C5
S1136C50EFF03FBD032844016104530605E2931E8F
S1136C602800A29E03AECEFF417732853377EE0033
S1136C70138FCEFF5DE79B170E01E1454147B70631
S1136C8000FFFD8E81E69B9787002E87B70600F0F4
S1136C90FD8E81E69B9747001127B70600C0FD8E45
S1136CA081E69B972700092763C60700F983858B34
S1136CB00527EDC393070002A946BB8FE74063DFB6
S1136CC0E6081B0357FF6372E40783A58EFF63176F
S1136CD0030EB706F03FB366DE008215819182167B
S1136CE0CD8EDC48B2453687BB8707419B9757005A
S1136CF0BB85F541BD9D635EB00201929B97450142
S1136D00B19F13160502821701925D8EA270027460
S1136D10D30706F2530707F2E26453F5E71A456115
S1136D208280F287A145014799BF8145E30303FAB5
S1136D30B5A093D706021B9745013B87E74082160F
S1136D4002178192558FA2700274D30706F253077B
S1136D5007F2E26453F5E71A45618280AD47999FD3
S1136D60BB56FE00B705F03FCD8E82168148637690
S1136D70E40183A88EFFBBD8F80055273B1EEE0024
S1136D80B3E8C8018192821893D808028216B3E648
S1136D90160181BF6360E4075543814FBB166E0043
S1136DA03703F03FB3E66600821681488192821869
S1136DB093D808028216B3E6160125B7E11E3B8775
S1136DC06740BB166E003BDEE500B3E6C601370E36
S1136DD0F03FB3E6C601BB95650082169B880500AB
S1136DE0E376D4FD83A8CEFFBBD8E800B3E8B800AF
S1136DF081286DBF83A58EFF2D47E11E5543814F2A
S1136E00C9B7DD4763DBA70007B5812487B7012530
S1136E107D355375F5126DFD8280A9679387071D33
S1136E200E053E9508298280544A1B87F5FF1B579F
S1136E3057400527930586018A060A07AE962A97C6
S1136E4063F9D5061308C601B3E7A5009D8B330883
S1136E5005413338000193B717003386C640B3F7B2
S1136E6007011D16E5C39337060393C7170093F76D
S1136E70F70FE9CB098213031600935813008E0809
S1136E80AE86AA87AA9803B80600A107A10623BC68
S1136E9007FFE39A17FF1378E3FF93172800B3065D
S1136EA0F500BE95630403019C419CC205060A06D5
S1136EB032956378E5089306F7FF898E935725008A
S1136EC0DD4513D62600858B63FDD502AA8589C7C7
S1136ED093054500232005001D8E05068A07935659
S1136EE016003E9593973600AA9723300500210596
S1136EF0E31DF5FE9377E6FF139527002E956302B5
S1136F00F604232005009307450063FCE7022322CF
S1136F1005009307850063F6E70223240500930721
S1136F20C50063F0E702232605009307050163FA11
S1136F30E700232805009307450163F4E700232AAB
S1136F4005008280AA8703A805009105910723AE56
S1136F5007FFE3EAD5FE098291BF584913D655408D
S1136F6093068501635DC70093172700B69763F8FE
S1136F70F60203A7C7FFF1177DDB0545828093174F
S1136F802600B697E355E6FEFD89F5D19043054505
S1136F903B57B600BB15B700E38BC5FC82800145A7
S1136FA082805D714AF886E4A2E026FC4EF452F039
S1136FB056EC5AE85EE462E03289638C05142E8450
S1136FC0AA8AEFE03FBC033784FF93047901930757
S1136FD0E002130B04FF137AC7FF63FD970AB70798
S1136FE00080C19893C7F7FF63EA970A63E8240B0C
S1136FF0B3094B01635E9A0CAD67938B878683B6A6
S11370000B0183B789006387361593F6E7FFCE96A5
S11370109466858AEDE6F19BB306FA0063D1960A7D
S1137020058B0DE3033C04FF330C8B4103378C00C9
S1137030719BBA97B38B470163D49B26B30BEA00C9
S113704063D09B20CA855685EFE08F902A891DCD99
S1137050833784FF130705FFF99BDA97638BE71CDB
S113706013068AFF9307800463E8C722130770029C
S113707014606360C718AA87228794E3146794E7AF
S1137080186B98EBA2855685EFD02FFE5685EFE05E
S11370909FAF09A893040002E3FC24F5B14723A0A1
S11370A0FA000149A6600664E274A279027AE26AEF
S11370B0426BA26B026C4A8542796161828083B71C
S11370C0890103B70901368AB309DB001CEF98EB89
S11370D083378B0033079A40FD46858B63E9E604CA
S11370E0B367FA002334FB0083B7890093E71700E2
S11370F023B4F9005685EFE01FA9228965B7058BF3
S113710031F3033C04FF330C8B4103378C00719B38
S113711035B70664A660E2744279A279027AE26A1B
S1137120426BA26B026CB28561616FE06F82C58FA6
S11371302334FB00B3059B001367170098E583B75E
S11371408900C105568593E7170023B4F900EFD0F1
S1137150CFF14DB7F19BB306FA001386040263D74F
S1137160C60A058BE31007EE033C04FF330C8B4186
S113717003378C00719BBA97B3894701E3C0C9EC0C
S113718083378C0103370C0113068AFF93068004AE
S11371901CEF98EB13090C0163EAC61C93057002FB
S11371A01860CA8763FFC5002338EC00186493078E
S11371B07003233CEC0063E0C71C186893070C02BF
S11371C0410498E3186498E7186898EB33079C0027
S11371D0B389994023B8EB0093E719001CE7833780
S11371E08C005685858BDD8C23349C00EFE0BF99A1
S11371F055BD14E114641307700314E5636FC710DD
S11372001468130704019307050185BD269B858E29
S113721023B86B0193E716002334FB00833784FF04
S113722056852289858BDD8C233C94FEEFE0BF9547
S113723095BD833785FFF19B3E9AB3094B0149BD48
S113724083378C0103370C0113068AFF93068004ED
S11372501CEF98EB13090C01B3097C0163E7C60A20
S1137260930570021860CA8763FFC5002338EC00D9
S1137270186493077003233CEC0063ECC70A186896
S113728093070C02410498E318645E8A628B98E7C2
S113729018684A8498EB2DBDA285EFE0EFF4DDB3C6
S11372A083B7890103B7090113068AFF9306800493
S11372B01CEF98EB03370C0183378C0113090C0185
S11372C0B3097C011CEF98EB63E1C60493067002DA
S11372D01860CA87E3F9C6FA2338EC0018649307E8
S11372E07003233CEC001868E3FCC7F82330EC027D
S11372F0186C930780042334EC0218706304F604BA
S113730093070C0313040402BDBFA2854A85EFE072
S1137310AFED4A845E8A628B65BB186818E9186C05
S113732018ED1470630BF6021307040293070502A9
S1137330A9B31C682330FC021C6C2334FC021870B3
S1137340E310D6FC2338EC02187493070C041304DE
S11373500403233CEC0218603DB714F114741307C2
S113736004039307050314F5147801BBA2854A8529
S1137370EFE08FE7A1BD1C682330FC021C6C2334B2
S1137380FC0218706307D60093070C03130404026D
S11373900DBD2338EC02187493070C041304040382
S11373A0233CEC02186031BD011122E826E42A8452
S11373B02E8506EC23A8013CEF20805CFD57630773
S11373C0F500E2604264A2640561828083A7013D06
S11373D0EDDBE2601CC04264A26405618280D307D5
S11373E005E2370600801346F6FF93D5074233F7CC
S11373F0C500232005003708F07FAE86635C0705CF
S11374003368F7000128630708043708F07FB3F5F1
S11374100501014889ED87B781271308A0FCD377BC
S1137420F512D38707E293D6074233F7C60037062F
S113743010807D16F18E3706E03FD18E1B574741F1
S11374407D561B0727C001923B0707018216F18F67
S113745018C1D58F538507F28280411122E02E8412
S11374608395250106E4EF109043634905005C6CA5
S1137470A260AA975CEC02644101828083570401F4
S11374807D777D17F98FA2602318F400026441010F
S113749082800145828083970501797122F026EC70
S11374A04AE84EE406F413F707102E84AA84839561
S11374B025013289B6890DE37D777D17F98F23186D
S11374C0F4000274A270CE864A86A26942692685B7
S11374D0E26445616F10806A89460146EF10703896
S11374E08317040183152401C1BF411122E02E84B6
S11374F08395250106E4EF10D036FD576301F502AC
S1137500835704010567A260D98F9B9707019BD716
S1137510074148EC2318F400026441018280835738
S113752004017D777D17F98F9B9707019BD707414E
S1137530A2602318F400026441018280839525012E
S11375406F1060743367B500FD531D8B4DEB974787
S1137550000083B7A7B210619461B372F60033637D
S1137560F600BE92B3E262006399720A631ED60209
S113757010659465B372F6003363F600BE92B3E20D
S11375806200639A72086311D60210699469B37237
S1137590F6003363F600BE92B3E2620063937208AE
S11375A06105E105E309D6FA131706039397060369
S11375B06318F70213170602939706026312F70281
S11375C01317060193970601631CF700135706036C
S11375D093D706033305F7409375F50F91E982803D
S11375E04193C1933305F7409375F50F91E1828080
S11375F01377F70F93F7F70F3305F74082800346AD
S1137600050083C60500050585056313D60065FAE4
S11376103305D64082802105A105E312D6FE01453B
S113762082804105C105E31CD6FC01458280B3E795
S1137630A50013F77700AA8731E71D476374C704D1
S113764003B3812683B801271D4E946133876600F6
S113765013C8F6FF337707013377170105E794E37F
S11376606116A107A105E362CEFE85051388170004
S113767011CE03C7F5FF9306F6FFA30FE8FE01CB77
S1137680C287368685051388170065F682809308BD
S1137690E6FF63830614330700411D8B93057700CF
S11376A02D4363F36500AD4563E3B80A6304071231
S11376B023000800854589079308D6FF6305B706AC
S11376C0A30008008945930728009308C6FF630CAC
S11376D0B704230108008D45930738009308B6FFCB
S11376E06303B704A3010800914593074800930876
S11376F0A6FF630AB70223020800954593075800C2
S1137700930896FF6301B702A30208009D459307FF
S11377106800930886FF6318B70093077800230373
S11377200800930876FF998E938586FF8D818505E1
S1137730429701462330070005062107E36CB6FE95
S11377408E053388B700B388B8406384B608230035
S1137750080063800808A30008008547638BF806C7
S11377602301080089476386F806A30108008D47B2
S11377706381F806230208009147638CF804A3028E
S1137780080095476387F804230308009947638238
S1137790F804A30308009D47638DF802230408003E
S11377A0A1476388F802A3040800A5476383F8028D
S11377B023050800A947638EF800A3050800AD4718
S11377C06389F80023060800B1476384F800A30620
S11377D008008280C28781BF8280186A5D7156EC7E
S11377E086E4A2E026FC4AF84EF452F05AE85EE43D
S11377F0B28A49C783A7850A89662E89F58FADC3E6
S1137800033B0600AA897D5A83378B0003340B009F
S113781089839B8B0700635A70059B84F7FF82144E
S1137820F98093074400BE9419A0638E84020C402F
S11378304A864E85EF10C07101251104E31745FFF8
S11378407D5523B80A0023A40A00A6600664E274E6
S11378504279A279027AE26A426BA26B6161828008
S1137860EFD06FA5F9BF03B70A018A0B330777413D
S113787023B8EA00410B49FB0145E1B72324060084
S11378800145E1B70171A2FBA6F7D2EB86FFCAF36B
S1137890CEEFD6E7DAE35EFF62FB66F76AF36EEFDC
S11378A036F8AA842E84328A01C51C59638E0714C3
S11378B0A967938707146300F416A9679387871051
S11378C0630DF414A9679387070D6314F4006F1014
S11378D0A00503170401896693170703C19333F6C0
S11378E0D70015E20326840AB367D7009B970701E4
S11378F079779BD707417D17718F2318F400C2173E
S11379002324E40AC19313F78700E30C074C186C93
S1137910E309074CE98B2947E381E74EA96793877D
S1137920872FBEECA967938787463EE8A967930C27
S113793001119387874766E902F102CD668982E0E7
S113794082F482FC82F802F43EE083470A006380FA
S11379500736D28B130750026387E76483C71B0083
S1137960850BFDFBBB894B4163830934EA460A77E7
S1137970233049011B8616004E97233439013AF10E
S113798032CD9D46410963D7C60AE30407528327D3
S1137990840A8966F58FC1C7CA6A7D5A83B78A008B
S11379A003BC0A0089831B8B0700E35D604F1B89BE
S11379B0F7FF02191359E90193074C003E9921A0DE
S11379C0110CE300894F83250C0022862685EF10D5
S11379D020580125E31645FF8357040193F7070454
S11379E099C36F10A007FE705E742275BE741E7971
S11379F0FE695E6ABE6A1E6BFA7B5A7CBA7C1A7D8B
S1137A00FA6D130101208280EFC0BFD8A967938764
S1137A100714E314F4EA80646DBD80685DBD100949
S1137A20A2852685EFD02F8902F102CD55F583C7B3
S1137A300B00668922773B0737013AF463890726EE
S1137A4083C71B00138A1B00A3030108FD5902E42A
S1137A50814B930AA005254B050A1B860700930654
S1137A60A0029B0706FE1B87070063E8EA0066671F
S1137A708217F983BA9798430287630A06228547D7
S1137A802304C10AA30301083EEC3EF0130B810A50
S1137A90814993F72B00BEE881C7E26789273EEC52
S1137AA06A4593F74B08BE86BEE41B0615000A77A9
S1137AB0B28799E6A266E2653B8CB640E342800F4A
S1137AC083477108930509016381073C9307710893
S1137AD005072330F90085472334F9003AF132CD04
S1137AE09D4763D0C73A630307428327840A8966A4
S1137AF0F58F638407404A6C7D5983368C00833745
S1137B000C0089829B8D0600E35CB03B9B8AF6FFE8
S1137B10821A93DAEA01138747003E8DBA9A21A0AC
S1137B20110DE38EAA3983250D0022862685EF10D8
S1137B3020420125E31625FF45B502E4A26503476B
S1137B400A00050A9B9725003B8DB7001B1D1D00ED
S1137B509B0706FDBB87A7019B0507FD3EE41B06AB
S1137B600700E37DBBFCF5BD93EB0B0183470A00E3
S1137B70812BDDB593EB0B01812BC27693F70B02BE
S1137B8013878600E38407389C62BE8AE3CD0738F6
S1137B90FD576387F97E93FBFBF71B8C0B00E39681
S1137BA00A4C3AF86393097EE28B814902F0130B85
S1137BB0C1100277CE8763D3E900BA8703477108FF
S1137BC09B86070036ECE30607EC85273EECD1B52F
S1137BD04277A3030108130B810A1C4321073AF8D7
S1137BE02304F10A85473EEC3EF05DB5C277A3035A
S1137BF0010803BB0700938A8700E3040B58FD5771
S1137C00E381F9504E8681455A85EFD0DFBAE30B04
S1137C100562BB0765413EF056F8814959BF93EBB5
S1137C200B01812BC27693F70B0213878600E38046
S1137C30072C83BA060093FBFBBF1B8C0B003AF89E
S1137C408147A30301087D576385E936937BFCF7DD
S1137C50812B639F0A34639F0948A1FB93771C001F
S1137C603EF0130BC110B1D793070003A305F11025
S1137C70130BB1103DBFC27693F70B029862A106B5
S1137C8036F885E393F70B0189EF93F70B04E3913F
S1137C90075893FB0B20A277E3890B5E2300F700C0
S1137CA06DB1A2771CE383470A00E39407CA0A77FD
S1137CB0E30407D28327840A8966F58FE380075C8F
S1137CC0CA6A7D5A83B78A0003B90A0089831B8B69
S1137CD00700E35C60599B89F7FF821993D9E90196
S1137CE093074900BE9921A01109E30F3957832551
S1137CF0090022862685EF10A0259B070500E39541
S1137D0047FFD9B993EB0B011B8C0B00C276937719
S1137D100C0213878600E383072283BA0600854793
S1137D203AF805B783470A001307C006E389E7401A
S1137D3093EB0B01812B0DB383470A0013078006D5
S1137D40E387E73E93EB0B04812B39B393EB0B02F0
S1137D5083470A00812B09B34277E17793C70783EE
S1137D602314F108930787003EF8A967938787E7F0
S1137D7093EB2B00BEE0833A07001B8C0B00894772
S1137D80C9B593EB0B0883470A00812BF1B1034675
S1137D900A0013071A00E30DD64E9B0506FD3A8A26
S1137DA08149E360BBCC03460A001B972900BB0949
S1137DB037019B991900BB89B9009B0506FD050A8B
S1137DC0E373BBFE79B983470A0093EB4B00812B25
S1137DD061B11307B00283470A00A303E108ADB9F8
S1137DE0C27683470A009842A10636F83AE4E3557E
S1137DF007C63B07E0403AE4C9BF2685EFD06F8F42
S1137E001C653E85BEF8EF90CFC0AA8726853E8CC0
S1137E10BEFCEFD00F8E186983470A00BAF4E30D55
S1137E200CC2E30B07C203470700E30707C293EB47
S1137E300B40812B15B193EB1B0083470A00812B68
S1137E4021B90347710883470A00E31707C01307E2
S1137E500002A303E10809B11009A2852685EFC039
S1137E609FC502F102CDE31905B683477108E38E7D
S1137E700700930771083EEA85473EEE0C1205465B
S1137E80054732852E890526C105C667D9CF3C0131
S1137E9009072330F90089472334F9003AF132CD38
S1137EA09D4763DDC77EE30E07028327840A896644
S1137EB0F58F638A07704A6C7D5983368C0083374B
S1137EC00C0089829B8D0600E356B0019B8AF6FF65
S1137ED0821A93DAEA01138747003E8DBA9A21A0E9
S1137EE0110D6388AA7F83250D0022862685EF1055
S1137EF020060125E31625FFC5B41009A2852685B1
S1137F00EFC07FBB02F102CDE31805ACC667638EF8
S1137F1007703C013EEA89473EEE1309011205450C
S1137F2009471B06150093050901A6669307000877
S1137F30638EF61E8277BB89F940634D30318277B8
S1137F402330690132CD3E972334F9003AF19D473D
S1137F5063D8C70C630F07168327840A8966F58FD5
S1137F6063800716CA6A7D5983B78A0003BC0A0076
S1137F7089831B8B0700635D603F9B89F7FF821930
S1137F8093D9E90193074C00BE9921A0110C638099
S1137F90893F83250C0022862685EF00707B01250E
S1137FA0E31625FF15BCBB894B41E38B09A87DBAB9
S1137FB05E8C05476388E73C09476384E714930BA9
S1137FC0C1105E8B93F77A0093870703A30FFBFE20
S1137FD093DA3A005A877D1BE3960AFE93761C00D7
S1137FE06381061493060003638DD7127917BB8748
S1137FF0EB40A30FDBFE3EF0E28B3A8B5DBE100933
S1138000A2852685EFC03FAB02F102CDE316059CA5
S1138010027785475AEA3AEE3AF13ECD0C1205460C
S113802093FB4B0063880B00A267E266BB8AD740D0
S113803063475047A2666266B68763D3C600B287B9
S1138040A276B59F3EF435CB8327840A8966F58FE3
S113805063820730CA6AFD5983B78A0083BB0A006A
S113806089831B8B0700635160431B89F7FF021947
S11380701359E90193874B003E9921A0910B6304A6
S1138080794183A50B0022862685EF00706C0125BB
S1138090E31635FF91B21009A2852685EFC0BFA172
S11380A002F102CDE31A05922267E266BA876353AE
S11380B0D700B6872277B99F3EF402CD668971B0A6
S11380C01009A2852685EFC01F9F02F102CDE3159A
S11380D0059093FB4B00E3890BFCA2676267BB8AA4
S11380E0E740634B503BE266E3C5D7FC2277B99F78
S11380F03EF4E1B70547E387E71609475E8CE39052
S1138100E7EC930BC1105E8B066793F7FA007D1BB7
S1138110BA9783C7070093DA4A002300FB00E3956C
S11381200AFEBB876B413EF0E28B61B4A267E26654
S11381303B8CD740E35080E1C147E3DD8711C14D5B
S1138140FD5A01A89B07250041093685413C63DBA4
S11381508D0982669B07150041072330D9003ECD67
S11381609B8607002334B9013AF19D47E3DCD7FC31
S1138170630E071C8327840A8966F58F8127A1C7AC
S1138180CA673EFCE27794679C6389821B8606007B
S1138190B2E46354C01A1B89F6FF02191359E901AA
S11381A0138747003E8D3A9921A0110D6306A91942
S11381B083250D0022862685EF0090590125E316BC
S11381C055FF6FF07F811009A2852685EFC0BF8E11
S11381D002F102CDE3120580413C854701476689DF
S11381E0E3C98DF793060901026662972334890176
S11381F02330C9003AF13ECD1D466352F664E301D3
S113820007008327840A8966F58F638C07744A6C98
S1138210FD5A83368C0083370C0089829B8D0600BF
S11382206359B07D1B89F6FF02191359E9011387BD
S113823047003E8D3A9921A0110D630BA97B83253C
S11382400D0022862685EF00B0500125E31655FF68
S11382506FF08FF8C14763DB3779414CFD5A01A8B1
S11382601B06250041093685C139635A3C098266DB
S11382709B07150041072330D9003ECD9B8607009C
S1138280233489013AF19D47E3DCD7FC55C38327A6
S1138290840A8966F58F8127A1C7CA6D83B68D00CC
S11382A083B70D0089821B86060032FC635CC0061E
S11382B01B89F6FF02191359E901138747003E8D04
S11382C03A9921A0110D630EA90583250D0022867C
S11382D02685EF00F0470125E31655FF6FF0CFEF39
S11382E01009A2852685EFC00FFD02F102CD6315AA
S11382F005EEC139054601476689E34A3CF7930612
S1138300090182674E97233439012330F9003AF189
S113831032CD9D4763C1C732052693850601368950
S113832039B90A77E277C10D8A071D8F3AF13DF713
S11383300546014566890DBF0A77A6678A071D8F22
S1138340E2773AF1C1073EFCE31E07E285470145A7
S11383506689EDBB1009A2852685EFC0CFF502F131
S113836002CD631B05E602CD66896FF00FDE0A7746
S11383700A0B330767413AF1C10AE31707BE91BB01
S11383805E8C3AF8A54763E757439B8A0A038547FF
S1138390A3055111E28B3EF0130BB1106FF07F81F6
S11383A0C14663D4860BC14DFD5A11A89B07250015
S11383B041093685413C63DA8D099B071500C26685
S11383C041073ECD2330D9002334B9019B860700F1
S11383D03AF19D47E3DCD7FC5DC38327840A8966B1
S11383E0F58F8127A1C7CA673EFCE27794679C6337
S11383F089821B860600B2F0635BC0061B89F6FF08
S113840002191359E901138747003E8D3A9921A0B7
S1138410110D630DA90583250D0022862685EF0025
S113842030330125E31655FF6FF00FDB1009A285E9
S11384302685EFC04FE802F102CD631F05D8413C09
S1138440854701476689E3CA8DF7C266629723347C
S113845089012330D9003AF13ECD9D4663C1F630FF
S113846041091B8617003E856FF08FE50A778677F2
S11384708A071D8FE2773AF1C1073EFC3DF70145BB
S11384808547668905BF0A770A0B330767413AF1C6
S1138490C10AE31307BC15B101460147E685C1478C
S11384A063D7575B414B214CFD5901A89B0726001C
S11384B0C1053686C13A63585B09C2669B0716003C
S11384C0410794E123B465013AF19B8607003ECD50
S11384D0E39E86FD6DC78327840A8966F58F81270D
S11384E0B9C3CA6B83B68B0083B70B0089821B8D1B
S11384F00600635FA00B1B89F6FF02191359E901FB
S113850013874700BE8D3A9921A0910D6301B90BE1
S113851083A50D0022862685EF0090230125E3160E
S113852035FF6FF06FCB1009A2852685EFC0AFD859
S113853002F102CD2A86631105CAC13A8547014773
S1138540E685E34C5BF7C266569723B4550194E184
S11385503AF13ECDA146E39FD7ACE30707B48327A6
S1138560840A8966F58FE38807B2CA6A7D5983B79E
S11385708A0083BB0A0089831B8B07006351604315
S11385809B89F7FF821993D9E90193874B00BE9920
S113859021A0910B6384794183A50B002286268553
S11385A0EF00101B0125E31625FF6FF0EFC20A77D9
S11385B0931D2D003307B7413AF1C10B05F78547E9
S11385C00146E685C5BD1009A2852685EFC0AFCE5C
S11385D002F102CD631205C00C12054601476689FB
S11385E0A9B2A2852685EFA0BFAE631905468357BD
S11385F004012947E98B6393E7B28317240163CF0E
S113860007B0A2855E74C276FE701E79FE69BE6AEA
S11386101E6BFA7B5A7CBA7C1A7DFA6D52862685CB
S11386205E6ABE741301012051A901450C1205466E
S113863001476689DDB8E30D079C8327840A8966B0
S1138640F58FE38E079ACA6A7D5983B78A0083BD82
S11386500A0089831B8C0700635A801D9B89F7FFDE
S1138660821993D9E90193874D00BE9921A0910DF8
S1138670638DB91B83A50D0022862685EF00500D5E
S11386800125E31625FF6FF02FB5C667D9DF3C013E
S11386903EEA89473EEE0C12054609472E8932858B
S11386A049B00A770A0B330767413AF1C10A6317E5
S11386B007AE83C70B0002CD66896FF0AFB70A77A8
S11386C08A0D3307B7413AF1410C631807C26FF0C2
S11386D0FF830A778A0D3307B7413AF1410C631ED1
S11386E007FC0C120546014566896FF01F8493F759
S11386F00B016398071693F70B0483AA060063899A
S1138700072AC21A93DA0A036FF0EFD293F70B0128
S11387106395071493F70B046383072A839A06006F
S1138720D68763D707C69307D002A303F108B30A19
S113873050413AF85E8C85476FF0EFD093770C0187
S11387406397071093770C0483AA060063870728AE
S1138750C21A93DA0A033AF885476FF08FCE63069C
S113876007F08327840A8966F58F638707EE4A6CCE
S1138770FD5A83368C0083370C0089829B8D06005A
S11387806358B01D1B89F6FF02191359E9011387B9
S113879047003E8D3A9921A0110D630AA91B832538
S11387A00D0022862685EF00A07A0125E31655FFE9
S11387B06FF08FA293770C40930BC1106382071262
S11387C00147DE86A94D25489308F00F39A0B3D799
S11387D0BA03E3785895BE8ADA860527138BF6FF29
S11387E0B3F7BA039B870703A38FF6FEA67783C765
S11387F00700E39EE7FCE38C17FDE3745893E677E8
S1138800C675330BFB403E865A85EFE05FE2267661
S1138810B3D7BA0301478346160025489308F00FDF
S1138820B336D000B296B6F47DB70A770A0C330794
S113883087413AF1C10AE31A07E06FF06FFD1B8626
S11388401700938506013E8536896FF0AFEE83BA33
S1138850060085473AF86FF0CFBE9C62BE8A6FF07F
S1138860EFB283BA06006FF00FBD3AF821BE42762C
S1138870A967938787E7BEE093F70B029306800707
S113888013078600A1CB833A060093F71B0081CF20
S1138890638B0A0093EB2B00930700032304F10876
S11388A0A304D108812B93FBFBBF1B8C0B003AF86C
S11388B089476FF00FB95E8C6FF04FC54276A96798
S11388C0938707E9BEE093F70B029306800513072D
S11388D08600D5FB93F70B019DCF833A060075B74D
S11388E05E8B29472546B3F7EA027D1BD6869B8714
S11388F007032300FB00B3DAEA02E366D6FE6FF057
S11389005F825A85EF80FF909B0705003EF056F882
S113891081496FF00FAA93F70B04832A0600C5CB95
S1138920C21A93DA0A0395B7806C6FE09FFA93EB4F
S11389300B2083471A00812B050A6FF0EF9193EB0C
S11389400B0283471A00812B050A6FF0EF900A7718
S11389508A0D3307B7413AF1410CE31C07E06FF08D
S1138960CFD01009A2852685EFC0EF9402F102CD85
S113897019C16FF06F860C120546014766896FF0C6
S11389806FDB19479B87090063623709296B3EF047
S11389903EEC56F8130B8BEA6FF08F8F0A770A0BB5
S11389A0330767413AF1C10AE31307BC6FF0CFEF15
S11389B093F70B20A5CF93FAFA0F6FF0CFA793F795
S11389C00B20A5C3838A0600D6876FF02F9C93F7EC
S11389D00B20A1C793FAFA0F4DBD93770C20A1CFBA
S11389E093FAFA0F3AF885476FF0AFA5AE8611BA3D
S11389F00A778A0D3307B7413AF1410CE31B07802C
S1138A000C120546014566896FF0CFD29947BDBF68
S1138A10A2772310F7006FE05FF3821A93DA0A0259
S1138A20ADB583AA0600D6876FF04F96821A93DA03
S1138A300A026FF04FA0821A93DA0A023AF88547C5
S1138A406FF02FA04EF056F881496FF08F969B0778
S1138A501600D5BCAE86B2876FF00FF9FD573EF411
S1138A606FE07FF85E8C15B20A770A0B3307674113
S1138A703AF1C10A631807A46FE01FF61009A28532
S1138A802685EFC04F836FE03FF51CC36FE0FFEB1B
S1138A90C2769C42A1069B89070063D30700FD5957
S1138AA083471A0036F83A8A6FE01FFBAA8703B59A
S1138AB0012CB2862E86BE856FE0DFDC83D70501EC
S1138AC003AE850A03D3250183B8850303B885045F
S1138AD0130101B3F59B130700402330814C231885
S1138AE0F1002E841C198A85233C914A2338214B9A
S1138AF02334114C2A8972D52319610046FCC2E43F
S1138B003EE03EEC3AC63AD002D4EFE0BFD7AA84A6
S1138B10635905028357010193F7070499C78357E3
S1138B20040193E707042318F4008330814C0334D1
S1138B30014C0339014B26858334814B1301014DCC
S1138B4082808A854A85EFB0FF8E69D5FD54D9B7F6
S1138B50A96783B7077A82879B07060091CD13071D
S1138B60F00F6366F7002380C500054582809307F4
S1138B70A0081CC17D5582800145828001112E8789
S1138B8022E826E4B2852A8436863A8506EC23A8B0
S1138B90013CEF001064FD576307F500E260426496
S1138BA0A2640561828083A7013DEDDBE2601CC005
S1138BB04264A2640561828003B7012C4111B68727
S1138BC0328806E483388701AA862E873E86630DA1
S1138BD00800A96793878748A965938585494685D1
S1138BE0EF004029EF00101B2968930708EA1308D7
S1138BF008EADDB74111B286014606E4EFF0DFFB77
S1138C00B385C502411122E006E4EFC06FD42A8483
S1138C1005C5033685FF13078004719A61166369DD
S1138C20C70493067002AA8763EDC60023B0070049
S1138C3023B4070023B80700A2602285026441011F
S1138C40828023300500233405009307700363F901
S1138C50C70223380500233C050093070502E317E8
S1138C60E6FC2330050293070503233405027DBF88
S1138C708145EF800FB0A2602285026441018280A9
S1138C809307050165B7011122E826E42A842E859D
S1138C9006EC23A8013CEF00B059FD576307F5002B
S1138CA0E2604264A2640561828083A7013DEDDB3A
S1138CB0E2601CC04264A26405618280011106EC7A
S1138CC022E826E44AE0C1C52E84AA8419C11C59AD
S1138CD0C9CBA967938707146303F408A96793872B
S1138CE087106303F408A9679387070D630BF408DF
S1138CF083170401A9CFA2852685EFB08FDA3C6CD7
S1138D002A8991C70C7C268582976341050683577F
S1138D10040193F70708ADE32C7091C99307C407C6
S1138D206385F5002685EFB05FB4233004064C60FC
S1138D3091C52685EFB07FB323300408E260231881
S1138D4004004264A2644A85026905618280E2608B
S1138D5042640149A2644A85026905618280806493
S1138D6041BFEFB01FA3B5B7806859B7835704015B
S1138D707D5993F70708CDD30C6C2685EFB0FFAE71
S1138D8061BF806CB5B7011106EC22E826E44AE025
S1138D9049C583B4012C2A8499C09C58C9CBA967BE
S1138DA0938707146303F408A96793878710630400
S1138DB0F408A9679387070D630CF408831704016B
S1138DC0A9CFA2852685EFB0CFCD3C6C2A8991C767
S1138DD00C7C26858297634205068357040193F72A
S1138DE00708B5E32C7091C99307C4076385F500A0
S1138DF02685EFB09FA7233004064C6091C52685D5
S1138E00EFB0BFA623300408E260231804004264D4
S1138E10A2644A85026905618280E2604264014974
S1138E20A2644A85026905618280806441BF268507
S1138E30EFB03F96ADB7806851B7835704017D59B1
S1138E4093F70708C5D30C6C2685EFB01FA259BF52
S1138E50806CADB75D711303810236F49A8606EC1B
S1138E603AF83EFCC2E0C6E41AE4EFE0BFA1E260D7
S1138E70616182802A8E5D7103B5012C13030102A6
S1138E8032F036F42E869A86F28506EC3AF83EFCE9
S1138E90C2E0C6E41AE4EFE0FF9EE2606161828012
S1138EA0797122F026EC4AE806F42A89AE843284E9
S1138EB0EFC0EF898547631BF5009B87F4FF130719
S1138EC0E00F6365F7002304910021A89306040AC8
S1138ED026862C004A85EF004062FD57630DF50499
S1138EE00DC55C44834581001B87F7FF58C4635854
S1138EF007001C546343F702A9476380F5021C6012
S1138F001387170018E02380B700A2700274426927
S1138F101B850400E2644561828022864A85EF0055
S1138F20403AFD57E313F5FEA2700274E26442690D
S1138F307D554561828083570401A270E26493E702
S1138F4007042318F400027442697D554561828048
S1138F508317060113972703634C07000327860A28
S1138F608966D58F8966558F2318F6002324E60A6F
S1138F7005BF011122E803B4012C06EC2E86AA8554
S1138F8019C01C58A9C7A96793870714630DF60471
S1138F90A96793878710630AF604A9679387070D67
S1138FA06307F6048317060113972703634C07002E
S1138FB00327860A8966D58F8966558F2318F6009C
S1138FC02324E60A22854264E2600561D1BD2AE0D9
S1138FD0228532E4EFB0EFFB2266A967938707147A
S1138FE08265E317F6FA106475BF106865BF106CEC
S1138FF055BF01112E8722E826E42A84B2853A85DA
S113900006EC23A8013CEF00B022FD576307F500EE
S1139010E2604264A2640561828083A7013DEDDBC6
S1139020E2601CC04264A26405618280011122E8EE
S113903026E42A842E8506EC23A8013CEF00302088
S1139040FD576307F500E2604264A2640561828013
S113905083A7013DEDDBE2601CC04264A2640561AC
S1139060828001112E8722E826E4B2852A8436867E
S11390703A8506EC23A8013CEF00901BFD576307DB
S1139080F500E2604264A2640561828083A7013D29
S1139090EDDBE2601CC04264A264056182800111C0
S11390A02E8722E826E4B2852A8436863A8506ECA1
S11390B023A8013CEF00F006FD576307F500E260CA
S11390C04264A2640561828083A7013DEDDBE26016
S11390D01CC04264A2640561828079714AE803B9C4
S11390E0050022F026EC06F44EE452E02E84AA8415
S11390F0630B0902833909006383090203BA090077
S1139100630B0A0083350A0099C1EFF01FFDD28575
S11391102685EFB08FF5CE852685EFB00FF5CA858D
S11391202685EFB08FF4A2850274A2704269A26909
S1139130026A2685E26445616FB02FF383B7012C80
S1139140638CA7163C615D7126FC86E4A2E04AF8B4
S11391504EF452F056EC5AE85EE462E0AA84638D61
S113916007128C6F9DC5014993090020B38725011F
S1139170806309C8A28500602685EFB00FEF7DF8F3
S1139180BC608C6F2109E31339FF2685EFB0EFED46
S1139190BC608C63638305122685EFB00FED8C747D
S11391A081C52685EFB06FECBC6089C7BE85268576
S11391B0EFB0AFEBAC7081C52685EFB00FEBAC74AC
S11391C081C52685EFB06FEAAC7881C52685EFB0FE
S11391D0CFE9CC7481C52685EFB02FE9CC7081C569
S11391E02685EFB08FE8AC6C81C52685EFB0EFE73C
S11391F09C58DDC7BC6426858297C06055C003397E
S11392000400630C0906833909006384090603BA60
S11392100900630C0A04833A0A0063840A0403BB4A
S11392200A00630C0B02833B0B0063840B0203BC38
S11392300B00630C0C0083350C0081C52685EFF010
S1139240DFE9E2852685EFB04FE2DE852685EFB0C3
S1139250CFE1DA852685EFB04FE1D6852685EFB0DC
S1139260CFE0D2852685EFB04FE0CE852685EFB0DE
S1139270CFDFCA852685EFB04FDFA2850664A660DE
S11392804279A279027AE26A426BA26B026C268569
S1139290E27461616FB06FDD0C75E39405F019BF82
S11392A0A6600664E2744279A279027AE26A426BA9
S11392B0A26B026C6161828082808C74E39305EE00
S11392C0F5B5797122F026EC4AE806F44EE42A89D1
S11392D0AE84328419C11C59C9CFA9679387071476
S11392E06300F40AA967938787106303F40CA967E2
S11392F09387070D6300F40E031704011454937746
S1139300870054C493160703C192D9C71C6CC9C7FC
S1139310096693F9F40FF18ECE8499EA8326840AC0
S1139320518F79767D16F18E2318E4002324D40A14
S113933018601450BB07F74063D6D70885275444F8
S11393401306170010E0FD3654C4230037011850EB
S11393506303F70683570401858B81C7A947638C90
S1139360F404A27002744269A2692685E26445612C
S11393708280EFB00FC2A96793870714E314F4F651
S1139380033489000317040114549377870054C4E9
S113939093160703C192BDFBA2854A85EF905FD364
S11393A005E1031704011C6C93160703C1928DB7E2
S11393B00334090191B7A2854A85EFB0AF8755D12F
S11393C0FD5445B7A2854A85EFB0CF8675F918607C
S11393D08547B5B70334890105B779714AE803B9FC
S11393E0012C22F026EC06F44EE4AA842E846305B4
S11393F0090083270903C9CFA96793870714630169
S1139400F40AA967938787106304F40CA967938708
S1139410070D6301F40E03170401145493778700B6
S113942054C493160703C192C1CB1C6CD1C70966FF
S113943093F9F40FF18ECE8499EA8326840A518F2E
S113944079767D16F18E2318E4002324D40A18605B
S11394501450BB07F74063D7D70885275444130635
S1139460170010E0FD3654C423003701185063047C
S1139470F70683570401858B81C7A947638DF404DC
S1139480A27002744269A2692685E2644561828001
S11394904A85EFB00FB0A96793870714E313F4F676
S11394A0033489000317040114549377870054C4C8
S11394B093160703C192B5FBA2854A85EF905FC15D
S11394C005E1031704011C6C93160703C19285B7C9
S11394D00334090189B7A2854A85EFA0BFF54DD1B0
S11394E0FD5479BFA2854A85EFA0DFF475F91860B1
S11394F08547ADB70334890139BF797122F026EC71
S1139500A96706F483B7077A2A84B68491C9829737
S1139510FD57630DF500A2700274E2644561828018
S113952001468A858297FD57E317F5FE23A00400C0
S11395309307A008A2701CC00274E2644561828093
S1139540797122F026EC06F483B4012CA96783B761
S1139550077A328411CD2E86A286AA852685829723
S1139560FD57630FF500A2700274E26445618280C6
S1139570B2868A85014626858297FD57E315F5FE56
S113958023200400A27002749307A0089CC0E26424
S1139590456182804111194506E4EF00001A054532
S11395A0EF0000383C7D99C3014582804111930549
S11395B0001022E006E42A84EFB09FB928FC09CD0C
S11395C093070510233005002105E31DF5FE014531
S11395D0A2600264410182807D55DDBF797126EC71
S11395E006F422F0FD47AA8463EEB700387D2E848A
S11395F015C30E043A94086010E0A2700274E26489
S113960045618280A2700274D9471CC1E2647D5511
S1139610456182809305001032E4EFB07FB3A8FC6B
S11396202A8719C92266AA879306051023B0070062
S1139630A107E39DD7FE75BF7D55C1B7011126E48F
S113964006EC22E8FD47AA8463E3B7063C7D2E843A
S113965095C713973500BA9798630DC3854663027F
S1139660D704FD566307D7022E8523B0070002975F
S11396700145E2604264A264056182802685EF00B0
S1139680A02922864264E260AA852685A264056137
S1139690B9A4E2604264D9471CC1A26405450561CE
S11396A08280E2604264A264014505618280D947F8
S11396B01CC17D557DBFFD4763EFB706387D0111A1
S11396C022E826E406EC2E84AA8405CF1315340080
S11396D02A971C638DC3FD56638BD704854663822A
S11396E0D70422852330070082970145E260426453
S11396F0A26405618280E2604264A264054505615A
S1139700828093050010EFB0BFA4A8FC2A8715C17E
S1139710AA879306051023B00700A107E39DD7FE8F
S113972075B7E2604264A2640D4505618280094513
S113973075BF7D5565BF7D558280011126E406EC19
S113974022E8FD4783B4012C63E2A706BC7C2A848B
S11397508DC713173500BA97986305C3854663010F
S1139760D704FD566306D70223B0070002970145CC
S1139770E2604264A264056182802685EF00C0191C
S113978022864264E260AA852685A264056181AAD4
S1139790E2604264D9479CC00545A26405618280A9
S11397A0E2604264A264014505618280D9479CC09D
S11397B07D557DBF01114AE006EC22E826E4FD4711
S11397C003B9012C63E1A7022A8403358907AE8417
S11397D00DC50E042A94086004E0E2604264A264A9
S11397E0026905618280E2604264D9472320F9005E
S11397F0A26402697D5505618280930500104A8543
S1139800EFB01F95233CA90611C9AA8713070510B9
S113981023B00700A107E39DE7FE65BF7D5575BF33
S1139820411122E003B4012C06E43C7C91C70145BC
S1139830A260026441018280930500102285EFB08A
S11398403F9128FC09C99307051023300500210521
S1139850E31DF5FEE9BF7D55E1BF011126E406ECE9
S113986022E8FD4783B4012C63E9A706B87C2A8467
S113987005CF131534002A971C638DC3FD56638CE2
S1139880D70485466383D704228523300700829753
S11398900145E2604264A26405618280E260426440
S11398A0A264054505618280930500102685EFB00A
S11398B03F8AA8FC2A8715C1AA879306051023B0FE
S11398C00700A107E39DD7FE6DB7E2604264A2647E
S11398D00D450561828009456DBF7D555DBF011150
S11398E02E8722E826E42A84B2853A8506EC23A84A
S11398F0013CEF00E013FD576307F500E2604264AA
S1139900A2640561828083A7013DEDDBE2601CC097
S11399104264A264056182801DA200000000000070
S1139920029029CE797122F026EC4AE84EE452E006
S113993006F4B2842E890144A949354A29A0630D4D
S1139940450163848402EF00E014B3078900238097
S1139950A7000504E31535FFA27022850274E264B2
S11399604269A269026A45618280A27002744269F6
S1139970A269026A2685E26445618280014582808B
S113998083B6813EAA8799CE03B7013E15C703B5B6
S1139990813D05CDAA9763F5E70023BCF13C8280A5
S11399A07D558280AD661386066823B4C13E03B735
S11399B0013E9386066861FF03B70148F9752E9747
S11399C023B0E13E03B5813D71F523BCD13C36851E
S11399D0D1B779714EE406F422F026EC4AE8B28954
S11399E011CE2E843389C500A94403450400630FB6
S11399F095000504EF00A005E31924FFA27002748A
S1139A00E26442694E85A269456182803545EF0072
S1139A10000405042945EF008003E31824FDA27027
S1139A200274E26442694E85A26945618280000045
S1139A30930780051385013D1CC17D558280054532
S1139A40828000000000000000000000000003B756
S1139A50013905C783A7013F85456384B702894659
S1139A606388D7001C47812763CB070023A8D13E16
S1139A705C43918BF5DF012508C30145828023A84F
S1139A80B13E5C4393F70720FDD75C4393F707206F
S1139A90EDFBD5B703B70139014519C75C43858B85
S1139AA0F5DF08431375F50F8280F3282000216643
S1139AB013D70503130EF6FFFD573377C70193D66B
S1139AC00701ED8E1303170079161358D5038E067C
S1139AD03376C300B366D8008128FD91131835008E
S1139AE04DCA71761306064032971306E07F635D14
S1139AF0E602638A08100D476386E824094715487F
S1139B00638BE8248D476386F8248947638DF820A6
S1139B101307F07F52179397F5037D17D98F73209E
S1139B201800538507F282806359E00E1E0513580E
S1139B30C8033335A000336505019206137675001A
S1139B40C98E8147014805CA09466387C8140D4672
S1139B50638CC8166383081605465E16758E054821
S1139B6089C793E727001B88070011C605079307D9
S1139B70F07F6306F71093979600B1831377F77F0E
S1139B805217D98FFE15CD8FE31B08F8538507F2C2
S1139B90828033E8060121E39397F503E30308F891
S1139BA00546854689470947638BE8180D47638452
S1139BB0E8166387080EE19393C71700858B014766
S1139BC059F6054805465E16758EC5D39377180079
S1139BD0C9DFC28779B7630F080001486316C7015C
S1139BE0C99213B816001208854781451307F07F00
S1139BF0CE1779B71307F07F9397F5035217D98FD0
S1139C00538507F282801307F07F9397F503521769
S1139C10D98F15487320180029B79307C0FC6349EE
S1139C20F70A9307D0030546998F4E161305F003E0
S1139C30D18E0127635BF50A7556199E130500043E
S1139C4033D6C6006388A7001B073704B396E60023
S1139C503368D800B3360001D18E638E0610939713
S1139C60160013F7770013F6760015FFE19393C7F8
S1139C701700858B01480147E31806ECA1B7136868
S1139C805800E39108E81307F07F9397F503521700
S1139C90D98F7320180071B5E38005ECA1066DBD62
S1139CA013F7F70011456303A7009107E19393C7E6
S1139CB01700858B0147E30106EA13F6F600114508
S1139CC0E30CA6E8910649BDE39D05EEA106D5BDCA
S1139CD089476383F8068D47638CF8026389080417
S1139CE00147014685468547ADBD1B0637009307EE
S1139CF0D0033B87E740B317C800B337F0003358AD
S1139D00E8003368F800B396C600B3E60601B1B7BD
S1139D1005468546894791E1A107E19393C717005A
S1139D20858B054889BFE38505DE8545A9BF854642
S1139D308547014791060DB5054685468947F1DDFE
S1139D40A107E1BF91CD1307E07F8147FD56154878
S1139D5095BD95D975BB81EDFD561307E07F39B5E7
S1139D609307F07FD2171548732018005DBBD217F4
S10F9D70732018007DB39397F50365B3CE
S1079D7C00000000DF
S1139D807374617274000000476F7420256420743A
S1139D906872656164732C206578706563746564AA
S1139DA020256420746872656164730A00000000F1
S1139DB054657374204641494C4544210000000019
S1139DC0475055207769746820256420776F726B3B
S1139DD0696E6720746872656164730A000000002C
S1139DE072756E5F6B65726E656C5F7465737428F3
S1139DF06B65726E656C5F6172672C206275665F5D
S1139E0073697A652C206D61785F7468726561642A
S1139E1073290000000000004572726F723A202717
S1139E202573272072657475726E6564202564211C
S1139E300A00000000000000546573742050415370
S1139E4053454400000000006B65726E656C2E6221
S1139E50696E000000000000494E4600000000004A
S1139E60696E6600000000004E414E0000000000D4
S1139E706E616E0000000000303132333435363705
S1139E803839616263646566000000000000000008
S1139E90303132333435363738394142434445461C
S1139EA00000000000000000286E756C6C290000A2
S1139EB03000000000000000B6190000301400005B
S1139EC030140000A8190000301400003014000001
S1139ED03014000062190000301400003014000037
S1139EE04A190000DA19000030140000CC190000EF
S1139EF0E8190000301400003C1900003C15000073
S1139F003C1500003C1500003C1500003C15000009
S1139F103C1500003C1500003C1500003C150000F9
S1139F20301400003014000030140000301400001D
S1139F3030140000301400003014000066150000D6
S1139F4030140000001800004617000066150000D9
S1139F50661500006615000030140000301400007F
S1139F6030140000301400000E19000030140000FA
S1139F7030140000121800003014000030140000E7
S1139F8030140000A8170000301400001C19000051
S1139F903014000030140000962200003014000039
S1139FA0301400003014000030140000301400009D
S1139FB03014000030140000301400006615000056
S1139FC030140000001800004E1700006615000051
S1139FD06615000066150000F81800004E17000012
S1139FE01C17000030140000E218000030140000B8
S1139FF06E1800001A180000B4180000A61800001B
S113A00030140000A81700001C1700007C22000078
S113A010301400003014000032220000301400001C
S113A0201C170000000000002020202020202020F9
S113A030202020202020202030303030303030309C
S113A0403030303030303030496E66696E69747942
S113A05000000000000000004E614E0000000000FF
S113A0605245454E54206D616C6C6F63207375636B
S113A07063656564656400002F686F6D652F6D739B
S113A0806F6C652F5068442F6E63632D737061721B
S113A090726F772F6E65776C69622F6E65776C6966
S113A0A0622F6C6962632F7374646C69622F6474C9
S113A0B06F612E630000000042616C6C6F6320735B
S113A0C0756363656564656400000000000000005A
S113A0D0000000000000000000000000000000007C
S113A0E0000000000000000000000000000000006C
S113A0F0000000000000000000000000000000005C
S113A100000000000000000000000000000000004B
S113A110000000000000000000000000000000003B
S113A120000000000000000000000000000000002B
S113A130000000000000000000000000000000001B
S113A140000000000000000000000000000000000B
S113A15000000000000000000000000000000000FB
S113A16000000000000000000000000000000000EB
S113A1700000000000000000430000000000000098
S113A180504F5349580000002E000000000000000A
S113A1902F686F6D652F6D736F6C652F5068442F3A
S113A1A06E63632D73706172726F772F6E65776C57
S113A1B069622F6E65776C69622F6C6962632F73B5
S113A1C074646C69622F6D707265632E63000000A5
S113A1D005000000190000007D00000000000000E0
S113A1E0000000000000F03F0000000000002440D8
S113A1F000000000000059400000000000408F40B3
S113A200000000000088C34000000000006AF8401D
S113A2100000000080842E4100000000D012634141
S113A2200000000084D797410000000065CDCD41B7
S113A230000000205FA00242000000E87648374298
S113A240000000A2941A6D42000040E59C30A24236
S113A2500000901EC4BCD64200003426F56B0C43AB
S113A2600080E03779C3414300A0D8855734764352
S113A27000C84E676DC1AB43003D9160E458E143B3
S113A280408CB5781DAF154450EFE2D6E41A4B4428
S113A29092D54D06CFF08044F64AE1C7022DB5446D
S113A2A0B49DD9794378EA44BC89D897B2D29C3C0E
S113A2B033A7A8D523F649393DA7F444FD0FA532A9
S113A2C09D978CCF08BA5B25436FAC642806C80AF7
S113A2D00080E03779C34143176E05B5B5B893469E
S113A2E0F5F93FE9034F384D321D30F94877825A6A
S113A2F03CBF737FDD4F1575427E00007A7A000003
S113A3007A7A0000367E00007A7A00007A7A0000B9
S113A3107A7A0000FA7D00007A7A00007A7A0000E6
S113A320E07D0000D27D00007A7A0000C67D000046
S113A3308E7D00007A7A0000827D00003A7B000066
S113A3403A7B00003A7B00003A7B00003A7B000035
S113A3503A7B00003A7B00003A7B00003A7B000025
S113A3607A7A00007A7A00007A7A00007A7A000019
S113A3707A7A00007A7A00007A7A00007A7A000009
S113A3807A7A0000D07B0000747B00007A7A0000A7
S113A3907A7A00007A7A00007A7A00007A7A0000E9
S113A3A07A7A00007A7A00007A7A00007A7A0000D9
S113A3B07A7A00001E7C00007A7A00007A7A000023
S113A3C07A7A0000EC7B00007A7A0000047D0000B9
S113A3D07A7A00007A7A0000BC8800007A7A000059
S113A3E07A7A00007A7A00007A7A00007A7A000099
S113A3F07A7A00007A7A00007A7A00007A7A000089
S113A4007A7A0000D07B00007A7B00007A7A000020
S113A4107A7A00007A7A0000387D00007A7B0000A6
S113A420687B00007A7A0000247D00007A7A0000BC
S113A430767C0000247C0000587D00004C7D0000E8
S113A4407A7A0000EC7B0000687B0000B68800008C
S113A4507A7A00007A7A00006E8800007A7A000026
S113A460687B000000000000202020202020202005
S113A4702020202020202020303030303030303058
S113A48030303030303030302C2066756E63746973
S113A4906F6E3A2000000000617373657274696F17
S113A4A06E2022257322206661696C65643A2066F9
S113A4B0696C6520222573222C206C696E65202529
S113A4C064257325730A000000202020202020200A
S113A4D02020282828282820202020202020202050
S113A4E02020202020202020208810101010101060
S113A4F010101010101010101004040404040404AC
S113A5000404041010101010101041414141414145
S113A5100101010101010101010101010101010127
S113A5200101010110101010101042424242424237
S113A53002020202020202020202020202020202F7
S113A540020202021010101020000000000000009F
S113A55000000000000000000000000000000000F7
S113A56000000000000000000000000000000000E7
S113A57000000000000000000000000000000000D7
S113A58000000000000000000000000000000000C7
S113A59000000000000000000000000000000000B7
S113A5A000000000000000000000000000000000A7
S113A5B00000000000000000000000000000000097
S10CA5C00000000000000000008E
S10AA5C90000000000000087
S10BA5D0BC04000000000000BF
S10BA5D88C04000000000000E7
S113A5E0F32600FCB7070F7003A7070083270700B3
S113A5F0B387D7002320F700B707F8FF130710002D
S113A600A380E70013000000130000006FF09FFF19
S113A610000000000000000040A100000000000055
S113A62008A1000000000000D0A00000000000000D
S113A6300000000000000000000000000000000016
S113A6400000000000000000000000000000000006
S113A65000000000000000000000000000000000F6
S113A66000000000000000000000000000000000E6
S113A67000000000000000000000000000000000D6
S113A68000000000000000000000000000000000C6
S113A69000000000000000000000000000000000B6
S113A6A000000000000000000000000000000000A6
S113A6B00000000000000000000000000000000096
S113A6C04300000000000000000000000000000043
S113A6D00000000000000000000000000000000076
S113A6E04300000000000000000000000000000023
S113A6F00000000000000000000000000000000056
S113A7004300000000000000000000000000000002
S113A7100000000000000000000000000000000035
S113A72043000000000000000000000000000000E2
S113A7300000000000000000000000000000000015
S113A74043000000000000000000000000000000C2
S113A75000000000000000000000000000000000F5
S113A76043000000000000000000000000000000A2
S113A77000000000000000000000000000000000D5
S113A7804300000000000000000000000000000082
S113A79000000000000000000000000000000000B5
S113A7A0588B0000000000007657000000000000F5
S113A7B00000000000000000C8A400000000000029
S113A7C088A1000000000000A09E0000000000001E
S113A7D0A09E000000000000A09E000000000000F9
S113A7E0A09E000000000000A09E000000000000E9
S113A7F0A09E000000000000A09E000000000000D9
S113A800A09E000000000000A09E000000000000C8
S113A810FFFFFFFFFFFFFFFFFFFFFFFFFFFF000042
S113A82001004153434949000000000000000000BA
S113A8300000000000000000000000000000000014
S113A840000041534349490000000000000000009B
S113A85000000000000000000000000000000000F4
S113A86000000000000000000000000000000000E4
S113A870000000000000000068A8000000000000C4
S113A88068A800000000000078A800000000000094
S113A89078A800000000000088A800000000000064
S113A8A088A800000000000098A800000000000034
S113A8B098A8000000000000A8A800000000000004
S113A8C0A8A8000000000000B8A8000000000000D4
S113A8D0B8A8000000000000C8A8000000000000A4
S113A8E0C8A8000000000000D8A800000000000074
S113A8F0D8A8000000000000E8A800000000000044
S113A900E8A8000000000000F8A800000000000013
S113A910F8A800000000000008A9000000000000E2
S113A92008A900000000000018A9000000000000B1
S113A93018A900000000000028A900000000000081
S113A94028A900000000000038A900000000000051
S113A95038A900000000000048A900000000000021
S113A96048A900000000000058A9000000000000F1
S113A97058A900000000000068A9000000000000C1
S113A98068A900000000000078A900000000000091
S113A99078A900000000000088A900000000000061
S113A9A088A900000000000098A900000000000031
S113A9B098A9000000000000A8A900000000000001
S113A9C0A8A9000000000000B8A9000000000000D1
S113A9D0B8A9000000000000C8A9000000000000A1
S113A9E0C8A9000000000000D8A900000000000071
S113A9F0D8A9000000000000E8A900000000000041
S113AA00E8A9000000000000F8A900000000000010
S113AA10F8A900000000000008AA000000000000DF
S113AA2008AA00000000000018AA000000000000AE
S113AA3018AA00000000000028AA0000000000007E
S113AA4028AA00000000000038AA0000000000004E
S113AA5038AA00000000000048AA0000000000001E
S113AA6048AA00000000000058AA000000000000EE
S113AA7058AA00000000000068AA000000000000BE
S113AA8068AA00000000000078AA0000000000008E
S113AA9078AA00000000000088AA0000000000005E
S113AAA088AA00000000000098AA0000000000002E
S113AAB098AA000000000000A8AA000000000000FE
S113AAC0A8AA000000000000B8AA000000000000CE
S113AAD0B8AA000000000000C8AA0000000000009E
S113AAE0C8AA000000000000D8AA0000000000006E
S113AAF0D8AA000000000000E8AA0000000000003E
S113AB00E8AA000000000000F8AA0000000000000D
S113AB10F8AA00000000000008AB000000000000DC
S113AB2008AB00000000000018AB000000000000AB
S113AB3018AB00000000000028AB0000000000007B
S113AB4028AB00000000000038AB0000000000004B
S113AB5038AB00000000000048AB0000000000001B
S113AB6048AB00000000000058AB000000000000EB
S113AB7058AB00000000000068AB000000000000BB
S113AB8068AB00000000000078AB0000000000008B
S113AB9078AB00000000000088AB0000000000005B
S113ABA088AB00000000000098AB0000000000002B
S113ABB098AB000000000000A8AB000000000000FB
S113ABC0A8AB000000000000B8AB000000000000CB
S113ABD0B8AB000000000000C8AB0000000000009B
S113ABE0C8AB000000000000D8AB0000000000006B
S113ABF0D8AB000000000000E8AB0000000000003B
S113AC00E8AB000000000000F8AB0000000000000A
S113AC10F8AB00000000000008AC000000000000D9
S113AC2008AC00000000000018AC000000000000A8
S113AC3018AC00000000000028AC00000000000078
S113AC4028AC00000000000038AC00000000000048
S113AC5038AC00000000000048AC00000000000018
S113AC6048AC00000000000058AC000000000000E8
S113AC7058AC00000000000068AC000000000000B8
S113AC8068AC00000000000078AC00000000000088
S113AC9078AC00000000000088AC00000000000058
S113ACA088AC00000000000098AC00000000000028
S113ACB098AC000000000000A8AC000000000000F8
S113ACC0A8AC000000000000B8AC000000000000C8
S113ACD0B8AC000000000000C8AC00000000000098
S113ACE0C8AC000000000000D8AC00000000000068
S113ACF0D8AC000000000000E8AC00000000000038
S113AD00E8AC000000000000F8AC00000000000007
S113AD10F8AC00000000000008AD000000000000D6
S113AD2008AD00000000000018AD000000000000A5
S113AD3018AD00000000000028AD00000000000075
S113AD4028AD00000000000038AD00000000000045
S113AD5038AD00000000000048AD00000000000015
S113AD6048AD00000000000058AD000000000000E5
S113AD7058AD00000000000068AD000000000000B5
S113AD8068AD00000000000078AD00000000000085
S113AD9078AD00000000000088AD00000000000055
S113ADA088AD00000000000098AD00000000000025
S113ADB098AD000000000000A8AD000000000000F5
S113ADC0A8AD000000000000B8AD000000000000C5
S113ADD0B8AD000000000000C8AD00000000000095
S113ADE0C8AD000000000000D8AD00000000000065
S113ADF0D8AD000000000000E8AD00000000000035
S113AE00E8AD000000000000F8AD00000000000004
S113AE10F8AD00000000000008AE000000000000D3
S113AE2008AE00000000000018AE000000000000A2
S113AE3018AE00000000000028AE00000000000072
S113AE4028AE00000000000038AE00000000000042
S113AE5038AE00000000000048AE00000000000012
S113AE6048AE00000000000058AE000000000000E2
S113AE7058AE00000000000068AE000000000000B2
S113AE8068AE00000000000078AE00000000000082
S113AE9078AE00000000000088AE00000000000052
S113AEA088AE00000000000098AE00000000000022
S113AEB098AE000000000000A8AE000000000000F2
S113AEC0A8AE000000000000B8AE000000000000C2
S113AED0B8AE000000000000C8AE00000000000092
S113AEE0C8AE000000000000D8AE00000000000062
S113AEF0D8AE000000000000E8AE00000000000032
S113AF00E8AE000000000000F8AE00000000000001
S113AF10F8AE00000000000008AF000000000000D0
S113AF2008AF00000000000018AF0000000000009F
S113AF3018AF00000000000028AF0000000000006F
S113AF4028AF00000000000038AF0000000000003F
S113AF5038AF00000000000048AF0000000000000F
S113AF6048AF00000000000058AF000000000000DF
S113AF7058AF00000000000068AF000000000000AF
S113AF8068AF00000000000078AF0000000000007F
S113AF9078AF00000000000088AF0000000000004F
S113AFA088AF00000000000098AF0000000000001F
S113AFB098AF000000000000A8AF000000000000EF
S113AFC0A8AF000000000000B8AF000000000000BF
S113AFD0B8AF000000000000C8AF0000000000008F
S113AFE0C8AF000000000000D8AF0000000000005F
S113AFF0D8AF000000000000E8AF0000000000002F
S113B000E8AF000000000000F8AF000000000000FE
S113B010F8AF00000000000008B0000000000000CD
S113B02008B000000000000018B00000000000009C
S113B03018B000000000000028B00000000000006C
S113B04028B000000000000038B00000000000003C
S113B05038B000000000000048B00000000000000C
S113B06048B000000000000058B0000000000000DC
S10BB07058B0000000000000CC
S113B0787F7F7F7F7F7F7F7FFFFFFFFFFFFFEF7F64
S113B0880000000000003040000000000000E03F25
S113B0983030303030303030000000000000C03F25
S113B0A8000000000000F83F61436F63A787D23FA8
S113B0B8B3C8608B288AC63FFB799F501344D33F9B
S113B0C8000000000000F03F0000000000002440E1
S113B0D80000000000001C400000000000001440B4
S113B0E8FFFEFEFEFEFEFEFE808080808080808063
S113B0F8000000000000504310A6000000000000FB
S113B10800000000000000000000006000000000D3
S113B1180000F8FF00000000489E00000000000046
S113B1283000000000000000E8B10000000000004A
S113B1380000F0FF0000000010A60000000000005E
S113B148FFFFFFFFFFFFFFFF0000020000000000F9
S113B1581000000000000000037A5200017C010185
S113B1681B0D020010000000180000006A53FFFFC6
S113B1780200000000000000300000002C00000065
S113B1885853FFFF9200000000420E2046880489AD
S113B198068102026A0AC142C842C9440E00420B2F
S113B1A84CC142C842C9440E0000000020000000FF
S113B1B8600000008C51FFFF8400000000460E1060
S113B1C84E8102880402520AC144C8420E00420B4E
S107B1D8000000006F
S9030000FC
