S02B00002E2E2F2E2E2F737265632F6E6F656C762F73706172726F775F636865636B5F6E6F656C762E7370612F
S113000097E1000093810118996273A00230731084
S11300103000970200009382E214739052307324EC
S113002040F111EC970200009382C2147390523095
S1130030EF00006D970200009382C2338292131383
S11300402400970200009382E20B9A9203A3020019
S11300500F00F00FE31C03FE138E014C93134400B6
S1130060B30E7E00138F8E0083BF0E0003310F008A
S1130070970200009382021073905230732540F16E
S1130080829F1300000013000000130000001300FF
S11300900000130000001300000013000000130010
S11300A00000130000001300000013000000130000
S11300B000001300000013000000130000001300F0
S11300C000001300000013000000130000001300E0
S11300D000001300000013000000130000001300D0
S11300E000001300000013000000130000001300C0
S11300F000001300000013000000130000000100C2
S113010073001000730010007300100073001000DF
S113011073001000730010007300100073001000CF
S113012073001000730010007300100073001000BF
S113013073001000730010007300100073001000AF
S113014013132500970300009383C3FBB3027300CA
S11301500F00500F2FA00208130500008280010039
S113016002900100130000001300000013000000BF
S113017073202034130181DE06E00EE812EC16F041
S11301801AF41EF822FCA6E0AAE4AEE8B2ECB6F03B
S1130190BAF4BEF8C2FC46E14AE54EE952ED56F126
S11301A05AF55EF962FDE6E1EAE5EEE9F2EDF6F113
S11301B0FAF5FEF973250030F32510347326203444
S11301C0AAFD2EE232E6F32230002328511002AEBB
S11301D006B20AB60EBA12BE96A29AA69EAAA2AEFB
S11301E0A6B2AAB6AEBAB2BE36A33AA73EAB42AFE7
S11301F046B34AB74EBB52BFD6A3DAA7DEABE2AFD3
S1130200E6B3EAB7EEBBF2BF2730D1212734E121B0
S11302102738F12163550600EF00205921A08A8672
S1130220EF0060588260C261626282722273C2739C
S1130230627486642665C665666686762677C677A2
S113024066788A682A69CA696A6A8A7A2A7BCA7B52
S11302506A7C8E6C2E6DCE6D6E6E8E7E72209230A8
S11302603231D231723296223623D6237624963412
S11302703635D63576369A263A27DA277A289A38C2
S11302803A39DA397A3A9E2A3E2BDE2B7E2C9E3C72
S11302903E3DDE3D7E3E873E0120073F8120873F75
S11302A00121032F011173103F006E7F926F7310B1
S11302B00F3073901F342E7FCE7F13018121730082
S11302C020300000000000000000000000000000DA
S11302D0000000000000000000000000000000001A
S11302E0000000000000000000000000000000000A
S11302F000000000000000000000000000000000FA
S113030000000000000000000000000000000000E9
S113031000000000000000000000000000000000D9
S113032000000000000000000000000000000000C9
S113033000000000000000000000000000000000B9
S1130340000000000000000035654111130505A7F9
S113035006E4EF003074EF00A01E3565130585AA8E
S1130360EF005073A260014541018280000000004B
S1130370EF0000390A8493020000639E0200138593
S1130380013017E600001306E65FB306A64093D5D6
S11303903600EF0060379382014823B08200EF00FB
S11303A00038EF00E035EF006055EF00C058EF0073
S11303B0A04717150000130525CAEF001047EF00EA
S11303C0B04CEF0020129382813003A50200938287
S11303D0012D83B5020013060000EFF0FFF6EF00D5
S11303E09045029000000000000000000000938788
S11303F00123138701236308F7009307000081C7D3
S113040013850123828782809387012393850123A7
S11304109D8D93D73540FD91BE95858599C59307EC
S1130420000081C71385012382878280411122E065
S113043083C7814806E499EFEFF07FFB9307000040
S113044099C71385812F97000000E70000008547B6
S11304502384F148A2600264410182809307000072
S113046091CF4111938501491385812F06E49700AB
S11304700000E7000000A260410179B771B777007E
S113048000008280F79505000CC28280F795054034
S11304900CC28280F7D505000CC28280F7D50540D6
S11304A00CC28280F7A505000CC28280F7A5054026
S11304B00CC28280F7B505000CC28280F7B50540F6
S11304C00CC28280F7E505000CC28280F7F50500B6
S11304D00CC282807705B50408C282807745B504D2
S11304E008C28280B707801F938717208E070D47A5
S11304F098C38280832805010328C500411122E0A6
S113050006E42E8463970801A260228502644101F7
S11305108280130E401F338EC50332831C4558411D
S11305201041B565930685019385059E0524330521
S1130530C301EF003066A26022850264410182801B
S11305402171797322FB26F74AF34EEF52EB06FF33
S11305501305C0071A91EF00904409671008930629
S11305600718F977B296138987EC938907E8B69749
S11305703EE493070718B29735643E99930707182A
S113058013040459B297130A843B8144BE9922850B
S1130590EF00A00B033E0400A685A2641470187437
S11305A00333840083380401033884011C7823B0A6
S11305B0C4E9A2644A864E8523B464E8A2641304A1
S11305C0840323B814E9A26423BC04E9A26423B01D
S11305D0D4EAA26623B4E6EA22672338F7EAEFF006
S11305E07FF1AA841305D003EF00703BE31144FBB1
S11305F03565130585A2EF00F04935654546A685A6
S1130600130505A3EF00903263579002FD34821462
S11306109307401F8190B384F4029307491F4A84CF
S11306203569BE94A285130589A61304441FEF00FF
S1130630F02FE39984FE09631A91FA705A74BA741C
S11306401A79FA695A6A39618280011106EC22E842
S113065000102334A4FE83A7812C93E7F7001B87A3
S1130660070023A4E12C833784FE83C74701812735
S113067093E707FF1B87070083A7812C8127F98F46
S113068081271B87070023A4E12C83A7812C93E7F0
S113069007011B87070023A4E12C833784FE83C74B
S11306A0570181279B9747008127812793E7F7FE0E
S11306B01B87070083A7812C8127F98F81271B873C
S11306C0070023A4E12C833784FE03B80703833790
S11306D084FED843833784FE9447833784FEC1075E
S11306E03E86B6853A8502980100E260426405615F
S11306F0828003A501328280000000000000000017
S113070082800000000000009387F5FF81C97D57B7
S113071023300500FD172105E39CE7FE8280B567C1
S113072035671386075993050759630DB606B566F1
S11307309386065963F8D5063365B600FD161D8900
S1130740130707598D8E39E113B5C60213451500F9
S11307501375F50F05CD8982850613D816000E088A
S11307609387075932988863A1072107233CA7FE82
S1130770E39B07FF13F5E6FF13172500B307E60015
S1130780BA956381A6029C439CC18280F19A91062A
S1130790B2969387075998439107910523AEE5FED6
S11307A0E39BF6FE82800290828093171600858375
S11307B02D476384E7000290828079714EE483B907
S11307C08131B70720004AE8BE9903A9490052E0E5
S11307D006F422F026EC0129138A015C630709025E
S11307E093170902F583D29780639B04090019C407
S11307F01C68086CA685829700607DF823A22901F5
S113080003A949000129E31D09FCA2700274E264F2
S11308104269A269026A4561828083A70132014567
S1130820852723A0F13282801D71A2E883A70132BB
S113083086ECA6E4C5C383B781319DE303A5812D6E
S113084085679387A7F30A88114789461306200C06
S11308508545EF00E06D93170502819323BCF130C9
S113086083B701319DE303A5812D85679387A7F3A2
S11308700A88114789461306300C8545EF00406B02
S113088093170502819323B8F13003A7413283B64D
S1130890813185471B172700130707203207369736
S11308A02320070085451306000213972700369777
S11308B00CC38527E39BC7FE85679B87078073A0CE
S11308C04730A14773A00730E6604664A66401453B
S11308D02561828003A5812D85679387A7810148BF
S11308E0114785461306D00B8545EF00606483A746
S11308F00132B1F3854723A0F13235BF411122E023
S113090083B7813206E401459DE303A5812D856704
S113091001489387A7F31147914631468545EF0077
S113092020610215019123B4A13213351500A26090
S1130930026441018280797122F083B7813306F425
S1130940014589C7A27002744561828003A5812D87
S113095085679387A7F3130881001147914645469D
S11309608545EF00E05C93170502819323BCF132C7
S11309700545E9DB03479100A270027423A8E13224
S1130980014545618280638D051463020620984108
S11309900CFE9B57570093F607067D8BFD8B558FF6
S11309A02300F600A300E6009C49E1EB01478146E1
S11309B0014823060601DC4954C218C6638807109F
S11309C01B970701B706F0FF7D8F758F13F8F700AB
S11309D08D480127C286630518179BD747009B974C
S11309E0470193C7F7FF81277D586389070F0217D3
S11309F082170193D98F1CEA9C4D230CD600FD5815
S1130A00F1C39B9607013707F0FFFD8EF98E0D4366
S1130A1013F7F70081263A88630167101BD7470054
S1130A201B1747011347F7FF01276307170BDC4D1B
S1130A3054CE18D223020603B5CB1B970701B70681
S1130A40F0FF7D8F758F93F5F7000D480127AE8673
S1130A50638A05099BD747009B97470193C7F7FF14
S1130A608127FD556388B706021701938217D98F32
S1130A701CF62308D602014582809B96070137079E
S1130A80F0FFFD8EF98E8D4813F7F70081263A8822
S1130A90630C170D1BD747001B1747011347F7FFBC
S1130AA00127FD57E317F7F0014721B701478147B5
S1130AB00217019382178146D98F1CF62308D602A8
S1130AC00145828001478146014895B78147014726
S1130AD0814631BF814749BF014791BF814701BF6B
S1130AE00545828093C7F7FF9BD74700B7051000E1
S1130AF0938505F09B9787001B57C700ED8F498F9F
S1130B0093E7F70F01278127021701938217D98FE3
S1130B101CF62308D6020145828013C7F7FF1B5732
S1130B204700B70710001B178700938707F09BD671
S1130B30C6007D8FC98E1367F70F81260127C5BDB7
S1130B4093C7F7FF9BD74700370810009B97870090
S1130B50130808F01B57C700B3F70701498F93E741
S1130B60F70F0127812761B513C7F7FF1B5747000C
S1130B70B70710001B178700938707F09BD6C600A2
S1130B807D8FC98E1367F70F812601271DB509458F
S1130B90828015714EFD52F95AF15EED66E56AE107
S1130BA036F086EDA2E9A6E5CAE156F562E9EEFC67
S1130BB0858A46E4AA8C2E8BB28B3A8D3E8AC289F2
S1130BC0D5CA37F40F00498C021401906304080A53
S1130BD0638E05246306062A85641389048022999A
S1130BE0FD1429A0130404026306240914409BD7AE
S1130BF0C600E58F1BD7860181275D8F01279BD611
S1130C0086016DD3E39066FFE39EFBFCA28510187A
S1130C106685EFF05FD7A2676A8785465E86DA85C8
S1130C200818829901255DDD7DA8856A93870A806D
S1130C30330CF400FD1A1840A28510189B54C70009
S1130C40B3F4540181249B578701C58F812766859E
S1130C50130404021B59870181CFEFF0DFD2A2678E
S1130C606A8785462686CA8508188299012525ED56
S1130C70E31384FD0277B707100093840780B3E47D
S1130C809C00137C2700118B82143AE0856D056764
S1130C908190938D0D801309F7FFFD171B071D002D
S1130CA0A69D3AEC3EF403A304001B58C30033771B
S1130CB009019B5783011B5483019B0A0700630AA4
S1130CC00C00B3E7FA00812791CB630D0B02630B91
S1130CD08B0263754D018547630DF404938404020C
S1130CE0E3939DFC0145EE604E64AE640E69EA79BF
S1130CF04A7AAA7A0A7BEA6B4A6CAA6C0A6DE67D88
S1130D002D61828063840B00E3955BFDE38309FC22
S1130D101018A685668542C8EFF0FFC6A2676A87E9
S1130D2089465686A285081882990125424855D1DC
S1130D305DBF93070002638DFA0C8567ED1733F8E6
S1130D40070101289307B0046304F80C8267D9D71C
S1130D509947E395FAF89C4837F40F001B93070171
S1130D6033F36700B707F0FF3373F30001233364F1
S1130D70830002140190930A040831A06304BB02A7
S1130D802104E30D54F518401B56C70033762601A1
S1130D9001269B578701D18F81279B558701EDD36E
S1130DA0E31E0BFC63840B00E39CCBFCE38A09FC8D
S1130DB09B57570093F607067D8B558FFD8B2308B1
S1130DC0F102A308E1025440A26762671B95460042
S1130DD09BD0C6001BD84600B7061000B3F0A00095
S1130DE0138506F0A2761B188800B3F0A0003378B0
S1130DF0A800B3E060003348D800081891461AE808
S1130E00A2E006DA42DC82990125426335D9E1BDCC
S1130E1088440DDDA268626782764E88D2875E863A
S1130E20DA85EFF01FD7012515D175BDE30F06DE76
S1130E300569930A0980A29A7D1929A01304040262
S1130E40E38A8AE20C409BD7C500B3F727018127C8
S1130E501BD785015D8F01279BD4850165D3E39F53
S1130E60FBFCA28510186685EFF0FFB1A2676A87C4
S1130E7085465E86A68508188299012561D1A5B5A7
S1130E800569930A0980A29A7D1929A01304040212
S1130E90E30254DF18409B54C700B3F424019B576A
S1130EA087018124C58F81271B578701E5D3E31F61
S1130EB0EBFCA28510186685EFF0FFACA2676A8789
S1130EC085462686DA8508188299012561D121BDD7
S1130ED0A1CD29CE03A8050037071000130307F09E
S1130EE09B56580093F806061378F801FD8A33E8F8
S1130EF008012300D600A3000601DC419306F7FF96
S1130F000CEA1BD7C7009B9547009BD747006D8F02
S1130F109B97870033776700B3F76700598DB58FC8
S1130F2048C21CC6014582800545828009458280ED
S1130F30C2883E88BA870147A9B981CB1147638823
S1130F40E600FD360547637CD7004841828018617E
S1130F5098E3186598E71869484198EB8280033E46
S1130F6005000333850083380501033885010C71BE
S1130F7010751479187D484123B0C70123B4670064
S1130F8023B8170123BC07018CF390F794FB98FF57
S1130F90828083B68131B9C2F375043003A741322C
S1130FA01B56F5411B56B601299E1B1727001B56DD
S1130FB05640160732970A07BA960967BA969842B6
S1130FC08547BB97A70093C7F7FFF98F81279CC27A
S1130FD093F7850073A00730014582800545828020
S1130FE003B7813129C37376043083A741329B56FA
S1130FF0F5419BD6B601A99E9B9727009BD65640E8
S11310009607B6978A073E9789673E971C4385469D
S11310103B95A6005D8D012508C39377860073A0D8
S113102007300145828005458280AA8581460146B4
S113103001456F40C0034111814522E006E42A8442
S1131040EF40A00B03B5812B3C6591C382972285A9
S1131050EFB00053011122E8B56735641304045856
S113106093878758818F26E406EC93D4374081C850
S1131070E1173E941C60FD1461148297E5FCE26064
S11310804264A26405618280011122E84AE0356469
S1131090356993071457130919573309F94006ECB6
S11310A026E413593940630B09001304145781448F
S11310B01C60850421048297E31C99FE356435691C
S11310C093078457130909583309F94013593940D0
S11310D0630B09001304845781441C6085042104B4
S11310E08297E31C99FEE2604264A264026905618E
S11310F082801D7122F032F806F436FCBAE0BEE4B8
S1131100C2E8C6EC2A842E8619C11C5999CB0C68F6
S11311101418228536ECEF10707FA27002742561DA
S113112082802EE4EF50804D2266D5B7597122F0AB
S113113003B4012EB2E006F42EFCB6E4BAE8BEEC29
S1131140C2F0C6F42A8619C01C5899CB0C6834180E
S1131150228536ECEF10907BA27002746561828068
S11311602AE42285EF5080492266CDB7011122E896
S113117006EC2A8419C11C5981CB1068228542646B
S1131180E26005616F7090442EE4EF5020471068D0
S113119022854264A265E26005616F7030430111EB
S11311A022E803B4012E06ECAA8519C01C5881CB91
S11311B0106822854264E26005616F7030412AE460
S11311C02285EF50A043106822854264A265E26044
S11311D005616F70B03F5971A2F02A842E85A6EC88
S11311E086F4AE84EF00A01FB567938787ABBEE09B
S11311F08547BEE41C18130715003EEC894726F802
S11312002AFC3AF43ED035C01C58A9CF0C68B56707
S1131210938787F46388F506B567938707F1638539
S1131220F506B567938787ED6382F5068397050115
S113123013972703634D070003A7850A8966D58F93
S1131240F976FD16758F2398F50023A4E50A300876
S11312502285EF50E06C0DED2945A6700674E66416
S1131260656182802285EF5060391C580C68C5F393
S113127022852EE4EF508038A265B567938787F402
S1131280E39CF5F80C645DB70C684DB70C6C79BF42
S11312907D55E1B75971A2F0A6EC03B4012EAA84DE
S11312A086F4EF00C013B567938787ABBEE085472C
S11312B0BEE41C18130715003EEC894726F82AFCE7
S11312C03AF43ED035C01C58A9CF0C68B567938753
S11312D087F46388F506B567938707F16385F50698
S11312E0B567938787ED6382F506839705011397A6
S11312F02703634D070003A7850A8966D58FF9760E
S1131300FD16758F2398F50023A4E50A300822857D
S1131310EF5000610DED2945A6700674E664656121
S113132082802285EF50802D1C580C68C5F32285DD
S11313302EE4EF50A02CA265B567938787F4E39C55
S1131340F5F80C645DB70C684DB70C6C79BF7D552E
S1131350E1B71171930E810DBEF537030080C1779B
S11313602E8E1343F3FFB6ED938787200C08F68681
S113137086E53ED0BAF1C2F9C6FD72E872F41ACE1F
S11313801AD876E4EF00A00EC26723800700AE608F
S1131390116182802A8E117103B5012E930E010D05
S11313A0BEF537030080C1771343F3FFB2E9B6ED0E
S11313B0938787202E86F6860C0886E53ED0BAF100
S11313C0C2F9C6FD72E872F41ACE1AD876E4EF00B8
S11313D0000AC26723800700AE60116182809377A0
S11313E075002A87A9EB83B60123FD5510632107F5
S11313F0B377D600B697D18FD58FE389B7FE8346EE
S113140087FFB307A740A9C6834697FF9DCE8346AF
S1131410A7FFA9C68346B7FF9DCE8346C7FF0346F1
S1131420D7FF0345E7FF95CE21C23335A0003E9593
S113143079158280CDDA8347070005079376770014
S1131440F5FB098F1305F7FF8280138597FF8280D0
S1131450138587FF82801385B7FF82801385A7FFDA
S113146082801385C7FF82801385D7FF8280130192
S113147001D923341126233821252334312523345B
S1131480B121AE89B28D36EC23308126233C9124E0
S113149023304125233C51232338612323347123F2
S11314A023308123233C91212338A121A2BFA6BB51
S11314B0CAB7CEB3D2AF2A89EF50500A1C613E8519
S11314C03EE5EFF0DFF183D709012AE193F707083E
S11314D089C783B78901E382076E87B4812387B9FB
S11314E0812507B4012407B9812483B70125130A90
S11314F0011582F43EED83C70D00D2E982F182CD5D
S113150002F002F402E982F082F882FC02E45288DA
S11315106389071A6E8493065002638AD72C834723
S113152014000504FDFBBB04B441638C04180E765F
S1131530EE462330B8012696852623349800B2F16E
S1131540B6CD1B8606009D46410863C7C62A22679E
S1131550259F3AE463870716B56403431400A30781
S1131560010A0504FD58814A814C130BA00593849C
S113157004B2254D05049B0B03001306A0029B87B0
S11315800BFE9B8607006361DB048217F983A69731
S11315909C438287814A834604009B972A00BB8A26
S11315A057011B830BFD9B9A1A009B8706FD0504BC
S11315B0BB0A53019B8B0600E37FFDFC9B870BFE5C
S11315C09B860700E373DBFC638D0B0E2304710F12
S11315D0A307010A85440146014D054B814802F8E1
S11315E002FC82EC930D810E93F22C0063830200C3
S11315F0892493FF4C088E7763960F00BB869A402C
S11316006346D0281DC2EE461306F10A2330C800F3
S11316108526054685072334C800B6CD1B860600FB
S1131620BEF19D46410863C2C62E63830202EE46A4
S113163010192330C8008526094689072334C800B9
S1131640B6CD1B860600BEF19D464108E3CAC60618
S113165093060008638FDF70BB8868416344107B86
S113166093F60C10639006626E47DA972330B80144
S11316709B061700368723346801BACDBEF11D4797
S11316806342D734410813FE4C0063060E003B8BC3
S11316909A40E3456005568763D39A002687A2667D
S11316A0359F3AE4639F077C82CD63060D00EA858B
S11316B04A85EF5020025288A28D83C70D00E39B18
S11316C007E48E7799C36F10403583D7090193F7E8
S11316D0070499C36F103007833081260334012631
S11316E02265833481250339012583398124033A12
S11316F00124833A8123033B0123833B8122033C5E
S11317000122833C8121033D0121833D81207E34DC
S1131710DE343E399E397E2A13010127828013EE7E
S11317200C01034304009B0C0E00A9B513EE0C013D
S11317309B0C0E00E26693F70C0213878600638904
S1131740072A9C62BE8463C2072CFD576394F80089
S11317506F10000313FEFCF71B0D0E00E397043813
S1131760638408006F107002EA8C3AEC8148014BE4
S1131770930DC1140346F10A9B84080063D46801E5
S11317809B040B0002F802FC82EC014DE30E06E41C
S1131790852499BD13EE0C019B0C0E00E26693F7B1
S11317A00C021387860063890722846213FEFCBF40
S11317B01B0D0E003AEC8147A307010A7D57638293
S11317C0E826137EFDF79B0C0E00639B046C639765
S11317D00856C9FF137B1D00930DC114E30C0BF8CD
S11317E093070003A305F114930DB11461B7BB046F
S11317F0B441E38304D625BB9009CE854A85EF70B6
S11318003065E31405EC83470400528889B393F7E9
S11318108C00E3880712E26742F846E8BD07C19BE3
S113182088638C67C1073EECEFA0306ED307A52216
S1131830AAB4C268D3A7F722427873271000D397BB
S1131840F4A273101700E38D0710D30700F22637B4
S1131850D317F7A299C36F1020150346F10A930713
S1131860700463C477016F10600F3567930D87AC04
S113187013FEFCF702F802FC82EC9B0C0E008D4474
S1131880014D0D4B8148E30106D619B7B56EC1452C
S11318906E46138C0EC9414F9D4363C6D500B1A05B
S11318A0C1366354DF040526C1072330880123347D
S11318B0E801BEF1B2CD4108E3D4C3FE9009CE8560
S11318C04A85B6E8C6E4FEE016E8EF707058631186
S11318D0055CC666414F8E77C1366E46A668866F34
S11318E0C26252889D43E340DFFCB6979B05160015
S11318F02334D80023308801BEF1AECD9D46E3C623
S1131900B6640346F10A4108F5B99009CE854A85C3
S1131910C6E4FEE016E8EF70B053631B05568E77FD
S1131920A668866FC262528809B3EE4802770545FD
S11319309B8618002330B8018507B6851306080175
S11319406352E5720545AECD2334A800BEF19D4532
S113195063C0D57A0A67AA658526BA970CE218E6A9
S11319609B850600B6CDBEF19D46410663CEB67892
S1131970D30700F2263702779B8815005325F7A278
S1131980C6861B0BF7FF13080601631C056E13873D
S11319901D00DA9718E223346601BEF1C6CD1D4757
S11319A0E348174D130706029B88250042863A88B0
S11319B0CA66980118E2B69714E6BEF1C6CD1D4773
S11319C0E35317CD9009CE854A85EF7070486311B3
S11319D0054C8E77528845B993F70C0163900776CE
S11319E093F70C048442E3860774C214C1907DBB50
S11319F093F70C016390077493F70C04E38807745E
S1131A0083940600A687E3D207D49307D002A307E2
S1131A10F10A3AEC7D57B3049040668D8547E39212
S1131A20E8DA05476382E74809476382E732130B24
S1131A30C114DA8D93F7740093870703A38FFDFE17
S1131A408D80EE86FD1DFDF413761D00630F0630B8
S1131A5013060003638BC730F916A38FCDFE3B0B2F
S1131A60DB40EA8CB68D39B36267A307010A1C43D5
S1131A7021073AEC2304F10EB1BEE267A307010A81
S1131A8083BD0700138C8700E3880D5CFD57E38B4F
S1131A90F818468681456E8542EC46E8EF50B02939
S1131AA0C26862682A8D19E16F1080113B0BB54141
S1131AB00346F10A9344FBFFFD9462EC02F802FC36
S1131AC082ECB3F46401014D8148E30F06B0C9B15F
S1131AD013EE0C02034304009B0C0E0061BC62670E
S1131AE0E17793C707832318F10AB56D930787003D
S1131AF013EE2C003EEC93870DAE3EF404631B0DF5
S1131B000E008947930B800745B9E26693F70C02F0
S1131B109862A10636EC9DE393F70C0185E393F7F5
S1131B200C04E396076E13FE0C20A26763140E00E8
S1131B306F10E0412300F700A28D41B6A267A28D89
S1131B401CE3A5BE034304009307C006E304F302A9
S1131B5013EE0C019B0C0E0031BC034304009307ED
S1131B608006E303F30413EE0C049B0C0E0019B47B
S1131B7013EE0C011B0D0E00E26693770D02138722
S1131B80860063890754846285473AEC35B113EEC5
S1131B908C00034304009B0C0E00E9BA13EE0C08FE
S1131BA0034304009B0C0E00F1B2834B0400930723
S1131BB014006394CB006F1000509B860BFD3E8491
S1131BC08148E36EDD9A834B04009B972800BB8811
S1131BD017019B981800BB88D8009B860BFD050451
S1131BE0E373DDFE69BA0343040013EE4C009B0C5F
S1131BF00E0049B29307B00203430400A307F10A9D
S1131C0095BAE2670343040083AA0700A1073EECE8
S1131C10E3D20A96BB0A5041C9BF4A8542F846E856
S1131C20EF50C0131C653E85BEFCEFF04FFBAA8746
S1131C304A85BE8BBEF8EF5060121869C2684278BC
S1131C40BAF003430400E3870B92E305079283474A
S1131C500700E381079213EE0C409B0C0E0019BAA7
S1131C6013EE1C00034304009B0C0E0021B28347B7
S1131C70F10A03430400E39F078E93070002A307BE
S1131C80F10ACDB893065006E3D176CBD30700F220
S1131C902637D326F7A2638C062A6E47B566938649
S1131CA086B105272330D800850785462334D8001C
S1131CB0BACD9B060700BEF11D474108E346D72C69
S1131CC06A578276635ED7442A678A664108233856
S1131CD0E8FE6E47B697233CD8FE05279B0607000F
S1131CE0BACDBEF11D476340D76A02779B0BF7FF5D
S1131CF0E35B7099B56EC1466E47138C0ECA414BB7
S1131D009D4D63C776016F00503EC13BE35F7B3D51
S1131D100527C1072330880123346801BEF1BACDF9
S1131D204108E3D4EDFE9009CE854A85EF70501248
S1131D30631005168E776E475288C1BF05476394BA
S1131D40E7006F10001C0947668DE392E7CE130B82
S1131D50C114DA8D227793F7F400FD1DBA9783C777
S1131D60070091802380FD00F5F43B0BBB41EA8C16
S1131D7011B43B8F9A40E351E08FB56E4146EE4675
S1131D80138C0ECAC14F9D426346E60189A0413FB0
S1131D9063DFEF038526C107233088012334F8016C
S1131DA0BEF1B6CD4108E3D4D2FE9009CE854A8572
S1131DB0C6E07AE8EF70D00961ED426FC14F8E77CB
S1131DC0413FEE46866852889D42E3C5EFFD1B867F
S1131DD01600FA97233088012334E801BEF1B2CD0E
S1131DE09D464108E3DAC6869009CE854A8546E8D1
S1131DF0EF70100651EDC2688E775288BB88684137
S1131E00E3501087B56E4146EE46138C0ECA414F1F
S1131E109D4F634616013DA8C138635D1F038526A7
S1131E20C107233088012334E801BEF1B6CD41084F
S1131E30E3D4DFFE9009CE854A8546E8EF70500171
S1131E4021E9C268414F8E77C138EE4652889D4FD2
S1131E50E3471FFD1B861600C697233088012334F1
S1131E601801BEF1B2CD9D46410863DBC6FE900960
S1131E70CE854A85EF70C07D01ED8E7752886FF074
S1131E802FFE9009CE854A85EF70807CE30E058095
S1131E90E30D0D82EA854A85EF40D0036FF0FF829F
S1131EA00547668DE392E7B8A54763E497449B84AE
S1131EB00403A3059114EA8C054B930DB1145DB88A
S1131EC09009CE854A85C6E07EE8EF70607869F1B6
S1131ED08E778668C26F52886FF08FF7B56EC146F1
S1131EE06E47138C0EC9C14C9D4B63C666011DA879
S1131EF0413B63D96C030527C10723308801233490
S1131F009801BEF1BACD4108E3D4EBFE9009CE8529
S1131F104A85EF70E0732DFD413B8E776E47528802
S1131F20E3CB6CFD9B061700DA972330880123343A
S1131F306801BEF1B6CD1D47635FD7F49009CE8525
S1131F404A85EF70E07029F58E776FF0CFF46A560A
S1131F506355C076666782761B0B070063C2E6385A
S1131F6063506003EE46DA972330B8011B861600EF
S1131F7023346801BEF1B2CD9D464108E3CEC622AA
S1131F809346FBFF6667FD96337BDB003B0B6741A3
S1131F9063466045666793F60C40338BED00639BA4
S1131FA0064AEA56027763C6E60013F61C00E3020B
S1131FB006222A660A6741082338C8FE6E46BA9785
S1131FC0233CE8FE9B051600BEF1AECD1D46E34D55
S1131FD0B63802773B06D7406E973B076741B28617
S1131FE06353C700BA869B8B060063507003EE46AA
S1131FF0DE97233068019B85160023347801BEF1F7
S1132000AECD9D464108E3C9B66493C6FBFFFD9679
S113201033F7DB003B0BE640635760E7B56EC14620
S11320206E47138C0ECAC14D9D4B63C766016F008A
S1132030B032413BE3D26D330527C1072330880119
S11320402334B801BEF1BACD4108E3D4EBFE9009C4
S1132050CE854A85EF70C05FE31C05E28E776E473C
S11320605288C1BF13F31C00E31E038C2334A80061
S1132070BEF1B6CD1D47634DD75E8928130808020B
S113208005BAE35760934147634467016F108000CA
S1132090B56E138C0ECAC14D9D4B31A0413BE3D6A6
S11320A06D079B861500C107233086012334B601D2
S11320B0BEF19B850600B6CD4106E3D1BBFE900977
S11320C0CE854A85EF70C058E31405DC8E77EE4563
S11320D05286E9B793770D01A9EB93770D048442F7
S11320E0E3830708C214C1903AEC85476FF0CFEC44
S11320F09009CE854A85EF70A055E31B05D88E77ED
S1132100EE4652866FF01F859009CE854A85EF70A2
S11321102054E31F05D68E77EE4552866FF05F8517
S113212013F71C00630107D645B6846285473AEC71
S11321306FF08FE89C62BE846FF0EFE084626FF012
S1132140EFE6E2679C23A1073EECBEB4D3A7F722D7
S113215073271000D397F4A273101700639707EE48
S1132160A637D3A7F7A2E385076293071006E38592
S1132170FB5C93071004E383FB26FD5713FBFBFD75
S1132180E384F80C93077004E307FB5C267793E77A
S11321900C108127E684E3420748530A07F2BE8CF9
S11321A002E8014D93076004E302FB109307500417
S11321B042F853054A23E301FB4CBC0146867819D7
S11321C0341989454A8546F0EF304022930770045C
S11321D082784278AA8DE317FB7293F71400B30652
S11321E01501E39E070E2E6C6A57BB07BC413EF0F7
S11321F0BAEC93077004E305FB0693076004E30B52
S1132200FB18E6679305100493F6FB0FFD373EDDDC
S113221001466316BB00BD2693F6F60F0546230060
S1132220D10C9306B00263D707006667854793060F
S1132230D002999FA300D10CA546E3D3F65293088C
S1132240F10CC6852945930E3006BBE6A7022E86FF
S11322503E8EFD159B860603A30FD6FEBBC7A702C1
S1132260E3C5CEFF9B8707039306E6FFA38FF5FE26
S1132270E3FB16679307210C83C5060085068507D3
S1132280A38FB7FEE39A16FF9307110D918F1307DF
S1132290210CBA979401959F3EE9027785463B0B42
S11322A0F700DA87E3DCE65A0A673B8BE7009347DB
S11322B0FBFF13FEF4BF93D4F743012EB3749B00CA
S11322C0936C0E10812402F802FC82ECC267E39E38
S11322D007020346F10A8148630806B06FF04FCB4A
S11322E01B8B0600E34060C961B93AECA547E3F0F3
S11322F097BC93770D403EF0130BC1146395074EC2
S1132300DA8DA946A545B3F7D4020277FD1D2686CA
S113231005273AF09B8707032380FD00B3D4D4023A
S1132320E3E3C5FE99B4668D6FF01F85B56D9387A1
S11323300DAE930680073EF4626693F70C02130712
S11323408600638F072A046293F71C0081CF99C823
S113235013EE2C00930700032308F10AA308D10A03
S11323609B0C0E0013FEFCBF1B0D0E003AEC8947BC
S11323706FF08FC413EE0C02034314009B0C0E0089
S113238005046FF02F9F9009CE854A85EF70402C8D
S1132390E31005B08E77528889BAB56D93878DAFF7
S11323A0930680053EF449BF13EE0C20034314004A
S11323B09B0C0E0005046FF0EF9B930500044A8507
S11323C0EF40903523B0A90023BCA900E3040550D5
S11323D09307000423A0F9026FF02F90B56E4146D5
S11323E0EE46138C0ECAC1489D4B6346660169A331
S11323F0413B63D368598526C107233088012334C0
S11324001801BEF1B6CD4108E3D4DBFE9009CE85B8
S11324104A85EF70E023E31D05A68E77EE465288C9
S1132420C148F9B76E8542E8EFE07FFB1B0B05005E
S11324300346F10A9344FBFFFD9462EC02F802FCAC
S113244082EC4268B3F46401014D8148630E06983E
S11324506FF00FB40277B56E1D436E97BAE06277E2
S1132460414C938B0ECA51CB427759EB06777D17BB
S1132470BAF062777D37BAE4E676467741082338C6
S1132480D8FEEE46BA97233CE8FE1B861600BEF142
S1132490B2CD634EC31E06770346070006671B0FC3
S11324A00600BB056741BAE8FA8663D3E501AE8648
S11324B09B8F06006354F0036E46FE972330680139
S11324C09B0616002334F801BEF1B6CD6349D32C24
S11324D006774108034607001B0F060093C6FFFF5B
S11324E0FD96B3F6DF003B0FDF406341E0136277F4
S11324F0329B09CF26673AFC25FB427763090754D0
S113250042777D373AF86277BAE4BDB735639D4EBA
S1132510C14B130C03CAC275638E0552E676467727
S113252041082338D8FEEE46BA97233CE8FE1B86C2
S113253016001B87F5FFBEF1B2CD3AF863C4CE1680
S113254006770346070006671B0F0600BB056741B5
S1132550FA8663D3E501AE869B8F06006354F003CD
S11325606E46FE97233068019B0616002334F8015B
S1132570BEF1B6CD63C7DE240677410803460700E3
S11325801B0F060093C6FFFFFD96B3F6DF003B0F5B
S1132590DF406344E001329BBDBFEE4663C6EB01FE
S11325A03DA8413F63DDEB038526C1072330880145
S11325B023347801BEF1B6CD4108E3D4DEFE9009A0
S11325C0CE854A857AE8EF70A008E313058C426F44
S11325D08E77EE46413F52889D4EE3C7EBFD1B8646
S11325E01600FA97233088012334E801BEF1B2CDF6
S11325F063C5CE540677410803460700329B21BFCA
S113260093F70C016386071604623DBBEE466346EE
S1132610EC013DA8413F635DEC038526C1072330EF
S1132620780123348801BEF1B6CD4108E354D3FECA
S11326309009CE854A857AE8EF708001E31A058413
S1132640426F8E77EE46413F52881D43E347ECFDCF
S11326501B861600FA97233078012334E801BEF173
S1132660B2CD634EC34A067741080346070041B51D
S11326709009CE854A85EF60B07DE31B0580EE4866
S11326808E7713080116852852866FF06FB2900971
S1132690CE854A85EF60D07B631C05FE8E77528819
S11326A01D43D5BB9009CE854A85EF60707A6311CE
S11326B005FE8E7752889D4E61B5EE46B5659385CD
S11326C085B185262330B800850785452334B800B5
S11326D0B6CD9B850600BEF19D46410863CCB60489
S11326E0631E0618027793F61C00D98E99E26FE0F8
S11326F09FF96E460A67AA66BA972330D8009B06EC
S113270016002334E800BEF1B6CD1D466340D63230
S1132710410802771B8616002330B801BA97233488
S1132720E800BEF1B2CD1D476344C7006FE09FF5DA
S11327306FF04FA99009CE854A85EF6070716319D7
S113274005F46A568E77528861BF9009CE854A8512
S1132750C6E4FEE016E8EF60B06F631B05F20346C3
S1132760F10A8E77A668866FC26252886FE09FE98D
S113277093F70C0404426385071CC214C190E9B6A4
S1132780668D3AEC6FF04FF29009CE854A85EF6082
S1132790306C631F05EE8E7752886FF06FD290090C
S11327A0CE854A857EE8EF60B06A631305EE8677CE
S11327B0C26F528803C607001D438E771B0F0600A5
S11327C031BB9009CE854A857EE8EF60706863115D
S11327D005EC8677C26F528803C607009D4E8E773C
S11327E01B0F060045B302F05A86A946A54C130CEC
S11327F0F00F39A0B3D7D40263F99CD6BE846E8699
S11328000277930DF6FF05273AF0B3F7D4029B87BE
S11328100703A30FF6FE867783C70700E31CF7FCC4
S1132820E38A87FD63F39CD4C677E67542F8B38DDB
S1132830FD403E866E8546E8EF60D0460677A946A1
S1132840B3D7D40203461700C26842783336C000B7
S1132850329702F0BAF05DB799479B84080063E8A9
S11328601717356762EC014D268B0146814802F843
S113287002FC82EC930D07B16FE01FD7EE450A67A7
S1132880AA664108BA972338D8FE9B861500233CD4
S1132890E8FEBEF1B6CD9D4563CAD518E35B06E6F6
S11328A0B56EC1553B0BC040138C0ECAC1489D4B3D
S11328B06346B60091AD413B63D868658526C10780
S11328C02330880123341801BEF1B6CD4108E3D486
S11328D0DBFE9009CE854A85EF609057631A05DACE
S11328E08E77EE465288C148F9B79B061700DE97EB
S11328F02330880123347801BEF1B6CD1D476344EB
S1132900D7006FE03FD86FF0EF8B9B88150013075B
S11329100601DA972330860123346601BEF1C6CD61
S11329209D46E3C716D58528130807013A866FF03C
S11329302F8893F70C20DDCB93F4F40F6FE01FE79F
S113294093F70C20F1C393F4F40FFDBA93F70C2022
S1132950C5CB83840600A6876FE0FFDE3567930D41
S113296007AC6FE0FFF093770D20C9C793F4F40F21
S11329703AEC85476FE05FE41B861600DA97233054
S1132980880123346801BEF1B2CD9D46410863D36A
S1132990C6E09009CE854A85EF60904B631A05CE58
S11329A08E7752886FF00FDF9307D002A307F10AE6
S11329B01306D0026FE0BFEA9009CE854A85EF6026
S11329C03049631705CC8E7752886FF06FDB9944DA
S11329D049BD3B06D7406E973B0B67413287635333
S11329E0CB005A879B0B07006FF02FE28214819073
S11329F06FE0DFDB821481903AEC85476FE0DFDB28
S1132A008442A6876FE03FD48214819035BAA267CE
S1132A10A28D2310F7006FE05FCA9009CE854A8526
S1132A20EF60104383D709016FE07FCA9009CE8518
S1132A304A85EF60F041631D05C46A568E77EE4601
S1132A405288E35806CCA9BD99486FF02FF4027759
S1132A506E97BAE84667637667D53A8B6FF06FD4A2
S1132A60F5576344F70063D7E800F93B13FBFBFD1C
S1132A706FF02FF98277634CF73A93F714003A8B8F
S1132A8081C78A673B8BE70093F4044081C4E667FF
S1132A906344F0549344FBFFFD94B3749B0081247E
S1132AA0930B700602F802FC6FF05F8253054A2311
S1132AB0BC013419468678198D454A8542F846F09A
S1132AC0EF20D012834605009307000382784278F2
S1132AD0AA8D6387F60AEA57C697B386FD00D30723
S1132AE000F2368CD327FAA2639007F02E6C637D34
S1132AF0DCEE1306000393071C00BEE52300CC00A4
S1132B002E6CE36ADCFE6FF02FEE9307D002A3076E
S1132B10F10A1306D002814885246FE0FFAC9009C6
S1132B20CE854A85EF60D032631405B68677528825
S1132B301D4303C607008E775DBA9009CE854A858A
S1132B40EF601031631605B4867752889D4E03C634
S1132B5007008E77329BC1B29B0617003687DA973F
S1132B60233088016FE03FB19009CE854A85EF603C
S1132B70302E631F05B0EA568E7752886FF06FC50A
S1132B80D30700F2D327FAA2B9F78546BB871641CB
S1132B903EDD99B793F71400B3E7F8006356E04CB1
S1132BA06396074A3A8B930B600693F40440639749
S1132BB004429344FBFFFD94B3749B008124DDB570
S1132BC00346F10A62EC02F802FC82ECC684468BEE
S1132BD0814819E26FE05FA16FE09FBB9307000398
S1132BE02308F10A9307800593E42C00A308F10A53
S1132BF0930730068124014D930D810E63CF17296D
S1132C00A67713EE2C1002E8538A07F2D38707F253
S1132C109B0C0E0013FBFBFD63C5072093071006F6
S1132C206386FB3893071004639EFBD653054A233F
S1132C30281942F846F0EF60206DD3773513530717
S1132C4000F282784278D3A7E7A299C385473EDD94
S1132C503566130686AF939E080293DE0E02850E38
S1132C60D30600F2EE9E6E8C3B8F1D0121A0D3A7EC
S1132C70D7A285EBD3F787126285050CBB068F417B
S1132C80D39707C29B850700B30FB60083CF0F000D
S1132C90538707D2A30FFCFFD3F7E70AE319DCFD40
S1132CA0FD56D317F9A263980720D3A727A381C79A
S1132CB08589639205209B87F6FF63C706D2330696
S1132CC080411D8A930E7600AD4F1B8F06009B85B5
S1132CD0160063F3FE01AD4E6365DF4163020642F5
S1132CE0930E00032300DC01054F09059B87E6FFD3
S1132CF06305E607A300DC01094F13052C009B873D
S1132D00D6FF630CE6052301DC010D4F13053C00DF
S1132D109B87C6FF6303E605A301DC01114F13057E
S1132D204C009B87B6FF630AE6032302DC01154FC0
S1132D3013055C009B87A6FF6301E603A302DC0185
S1132D401D4F13056C009B8796FF6318E60113055E
S1132D507C002303DC019B8786FF919D9BDE35006D
S1132D6062968E0E1B8F0500B29E6A672106233C75
S1132D70E6FEE31CD6FFE199812513960502019234
S1132D8032958D9F6387E509130600032300C50070
S1132D9063C10708A300C500635DF0062301C500F5
S1132DA0854563D8F506A301C500894563D3F506B7
S1132DB02302C5008D4563DEF504A302C5009145D9
S1132DC063D9F5042303C500954563D4F504A3032F
S1132DD0C500994563DFF5022304C5009D4563DA08
S1132DE0F502A304C50021466355F6021306000349
S1132DF02305C500A54563DEF500A305C500A94567
S1132E0063D9F5002306C500AD4563D4F500A306D8
S1132E10C5008526369C6FF02FBDD30707F2014D00
S1132E20BE8C9307D002539AF7223EE8C5BB3E8777
S1132E308A67930B70063B8BE7006667E347E0D62F
S1132E40BB07EB4085271B8B07009344FBFFFD94D6
S1132E50E58F9B840700B9B19009CE854A85EF6060
S1132E60207F19C16FF0CF826A5602778E7752881D
S1132E703B06C7406FF06F991B8C18003419BC01D6
S1132E807819628689454A8546F0EF202056AA8D36
S1132E9082784278B3868D0199B19B8518004A8562
S1132EA042F046E8EF404007C2680278AA8D63000A
S1132EB005242A8DB1B3AAE58346FCFF8345F600B9
S1132EC0E287639ED50013050003A38FA7FEAE67B8
S1132ED09386F7FFB6E583C6F7FFE388D5FE9B85A7
S1132EE016001305900393F5F50F6386A600A38FD0
S1132EF0B7FE6FF06FAF8345A600A38FB7FE6FF0E8
S1132F00AFAE668D6FE0BFFA8526DA97233088016D
S1132F1023346801BEF1B6CD1D46635BD6FE90092D
S1132F20CE854A85EF60C07219C16FE07FF68E7757
S1132F30EE4652886FF0EFFD930700032308F10A71
S1132F409307800755B1FD573EE46FE0EFF81CC3CB
S1132F50A28D6FE08FF6639B08A285486FF00FA3E4
S1132F609306210C19E6930600032301D10C930662
S1132F70310C980B9B8707033386E6402380F600C9
S1132F809B0716113EE96FF04FB13AEC6FE03FF248
S1132F90A67763CB07100346F10A9307700463D046
S1132FA077113567930D87AD6FE09F8C53054A23E6
S1132FB0281942F846F0EF602035D37735135307CC
S1132FC000F282784278D3A7E7A299C385473EDD11
S1132FD03566130606AE41B1930B700686779306E9
S1132FE0F00F02F883C7070002FC6387D7021306B9
S1132FF0F00F66679B86070063D0E7028675159F0E
S1133000BAEC83C715009DCB627705273AFC13877A
S11330101500BAF0E39FC7FC4277E277B99F467781
S1133020BB87E702BB8767011B8B07009344FBFF49
S1133030FD94E58F9B8407006FF04FA9427783C707
S1133040050005273AF8E396C7FAF9B78A67930BA0
S113305060063B8BE7003B0B1B0181BE93F614001B
S1133060638706A46FF04FA491E78544930B600631
S1133070054B0DBC8A67930B60068527BB88170137
S11330801B8B08009344FBFFFD94B3F898009B84CA
S1133090080009BCB56E4287138C0ECA9DB835670B
S11330A0930D07AD6FE0CFFC9307D002A307F10A9D
S11330B01306D002DDB562671443930B87009B8827
S11330C0060063D30600FD58034314005EEC3E84FF
S11330D06FE04FCAB1472320F900FD573EE46FE08B
S11330E0AFDF628555B189473EE96FF00F9B83D707
S11330F0090113E70704BA872398E9006FE02FDD7D
S11331006285A1B9468CB3868D01D1BA130101D968
S113311023341126233C9124233821252334B1213F
S1133120AE84B28D36EC233081262334312523300E
S11331304125233C51232338612323347123233035
S11331408123233C91212338A121A2BFA6BBCAB766
S1133150CEB3D2AF2A89EF3070401C613E853EE584
S1133160EFE0EFA7AAFC6306090083270903638342
S11331700742B567938787F46386F442B5679387FC
S113318007F16384F442B567938787ED6394F40091
S11331906F10000883960401096693970603C19390
S11331A0B3F5C70095E183A5840AB3E7C6009B97EE
S11331B00701F9769BD70741FD16ED8E2398F4009D
S11331C0C21723A4D40AC19393F68700E386061C8E
S11331D0946CE383061CE98BA946E38CD71C87B463
S11331E0812387B9812507B4012407B9812483B7D2
S11331F00125130A011582F43EED83C70D00D2E9BF
S113320082F182CD02F002F402E982F082F802E156
S113321002E45288638007186E8493065002638820
S1133220D766834714000504FDFBBB09B4416383DF
S113323009160E76EE462330B8014E9685262334C1
S11332403801B2F1B6CD1B8606009D464108E3CE97
S1133250C60E22673B87E9003AE4638D0712B5691D
S113326003431400A307010A0504FD58814A814C55
S1133270130BA005938909CB254D05049B0B030073
S11332801306A0029B870BFE9B8607006367DB0087
S11332908217F983CE979C438287638D0B0E230498
S11332A0710FA307010A85490146014D054B814869
S11332B002F802FC82EC930D810E93F22C006383DE
S11332C00200892993FF4C088E7763960F00BB8612
S11332D03A416344D0161DC2EE461306F10A233068
S11332E0C8008526054685072334C800B6CD1B864D
S11332F00600BEF19D46410863C0C61C63830202FA
S1133300EE4610192330C800852609468907233460
S1133310C800B6CD1B860600BEF19D464108E3CF2A
S1133320C604930600086387DF6ABB886841634963
S1133330107393F60C106393065E6E47DA9723308E
S1133340B8019B061700368723346801BACDBEF155
S11333501D476340D722410813FE4C0063060E004C
S11333603B8B3A41E342600B568763D33A014E8765
S1133370A266359F3AE46393077682CD63060D0017
S1133380EA854A85EF3000355288A28D83C70D0047
S1133390E39407E88E77638007769009A6854A85CB
S11333A0EF60706D89AF814A834604009B972A00C1
S11333B0BB8A57011B830BFD9B9A1A009B8706FD52
S11333C00504BB0A53019B8B0600E37FFDFC5DBD36
S11333D093F78C00E39A072AE2679C23A1073EEC4B
S11333E0BEB4D3A7F72273271000D397F4A27310A7
S11333F01700E385072CD30700F22637D317F7A26B
S113340099C36F10A0040346F10A9307700463C4C0
S113341077016F00F07B3567930D87AC13FEFCF7E3
S113342002F802FC82EC9B0C0E008D49014D0D4B01
S11334308148E30406E8852949B5B56EC1456E4661
S1133440138C0EE2414F9D4363C6D500B1A0C13633
S11334506354DF040526C107233088012334E801BF
S1133460BEF1B2CD4108E3D4C3FE9009A6854A85D6
S1133470B6E8C6E4FEE016E8EF60F05F63170566A1
S1133480C666414F8E77C1366E46A668866FC262A5
S113349052889D43E340DFFCB6979B051600233416
S11334A0D80023308801BEF1AECD9D46E3C2B65CA0
S11334B00346F10A410805B59009A6854A85C6E484
S11334C0FEE016E8EF60305B631105628E77A66854
S11334D0866FC26252881DB5EE48027705459B8609
S11334E018002330B8018507B68513060801E35395
S11334F0E50A0545AECD2334A800BEF19D45E3C7DA
S1133500D54A6677AA658526BA970CE218E69B85A4
S11335100600B6CDBEF19D464106E3C5B64AD307C3
S113352000F2263702779B8815005325F7A2C6863A
S11335301B0BF7FF13080601E31E050613871D0086
S1133540DA9718E223346601BEF1C6CD1D47E3487D
S11335501733130706029B88250042863A88CA66F9
S1133560980118E2B69714E6BEF1C6CD1D47E3559F
S113357017DF9009A6854A85EF60F04F631705565B
S11335808E775288D1BB13EE0C01034304009B0CCD
S11335900E00E5B14A85EF306006B567938787F47E
S11335A0E39EF4BC83348900F5B683340901DDB6A7
S11335B013EE0C019B0C0E00E26693F70C021387CA
S11335C08600E38207049C62BE89E3CB0704FD57AF
S11335D06388F85813FEFCF71B0D0E00E392094EA6
S11335E0638408006F10E070EA8C3AEC8148014B68
S11335F0930DC1140346F10A9B89080063D4680142
S11336009B090B0002F802FC82EC014DE30706CA99
S11336101DB5E267A307010A83BD0700138C870069
S1133620E3890D30FD57E388F850468681456E8561
S113363042EC46E8EF303070C26862682A8D19E1C6
S11336406F1040293B0BB5410346F10A9349FBFF38
S113365093D9F94362EC02F802FC82ECB3F96901F4
S1133660014D8148E30B06C4F9B36267A307010A5D
S11336701C4321073AEC2304F10E35B113EE0C017F
S11336809B0C0E00E26693F70C021387860063839B
S1133690077A83B9060013FEFCBF1B0D0E003AEC3B
S11336A08147A307010A7D576389E81E137EFDF74E
S11336B09B0C0E006392091E6395082285FB137B05
S11336C01D00930DC114E3070BF293070003A30538
S11336D0F114930DB11439BFE26693F70C029862AA
S11336E0A10636EC639D077893F70C01639907787C
S11336F093F70C0499C36F10800413FE0C20A26787
S113370063140E006F10C05D2300F700A28DBDB9D5
S113371013EE0C02034304009B0C0E00B9BE626757
S1133720E17793C707832318F10AB56D93078700E0
S113373013EE2C003EEC93870DAE3EF48339070064
S11337401B0D0E008947930B8007A1BF03430400A0
S11337509307C006E306F31C13EE0C019B0C0E004A
S113376029BE0343040093078006E302F31A13EE11
S11337700C049B0C0E0011B613EE8C0003430400E2
S11337809B0C0E00DDBC13EE0C011B0D0E00E2665B
S113379093770D0213878600638D076A83B9060049
S11337A085473AECFDBD13EE0C08034304009B0C63
S11337B00E00E1B4E2670343040083AA0700A107F3
S11337C03EECE3DC0AAABB0A504185A84A8542F8CC
S11337D046E8EF30A0581C653E853EE1EFD03FC07F
S11337E0AA874A85BE8BBEF8EF3040571869C26875
S11337F04278BAF003430400E3810BA8E30F07A661
S113380083470700E38B07A613EE0C409B0C0E00C6
S1133810ADB413EE1C00034304009B0C0E00B1BCBA
S11338208347F10A03430400E39907A493070002C2
S1133830A307F10A99B40343040013EE4C009B0C54
S11338400E0025BC9307B00203430400A307F10A4A
S11338502DB4834B0400930714006394CB006F10C2
S1133860205F9B860BFD3E848148E36DDDA0834B86
S113387004009B972800BB8817019B981800BB88FD
S1133880D8009B860BFD0504E373DDFEE5BABB0996
S1133890B441E386099C71BA668D05476384E72CBD
S11338A009476389E704130BC114DA8D93F7790090
S11338B093870703A38FFDFE93D93900EE86FD1D80
S11338C0E39609FE13761D0031C6130600036383D5
S11338D0C704F916A38FCDFE3B0BDB40EA8CB68DF3
S11338E011BB05476394E7006F1080360947668D66
S11338F0E39BE7FA130BC114DA8D227793F7F900EF
S1133900FD1DBA9783C7070093D949002380FD00A2
S1133910E39509FE3B0BBB41EA8CE9B993065006DB
S1133920E3DC76BBD30700F22637D326F7A26388FD
S113393006346E47B566938686B105272330D800D2
S1133940850785462334D800BACD9B060700BEF10F
S11339501D474108E34BD7146A578276635CD750FE
S11339602A67E67641082338E8FE6E47B697233C7B
S1133970D8FE05279B060700BACDBEF11D47634755
S1133980D77602779B0BF7FFE358709DB56EC1465F
S11339906E47138C0EE3414B9D4D63C776016F0058
S11339A03021C13BE3567B210527C1072330880121
S11339B023346801BEF1BACD4108E3D4EDFE900989
S11339C0A6854A85EF60300B631105128E776E472A
S11339D05288C1BF3B8F3A41E359E095B56E4146E9
S11339E0EE46138C0EE3C14F9D426346E60189A067
S11339F0413F63DFEF038526C10723308801233469
S1133A00F801BEF1B6CD4108E3D4D2FE9009A685F3
S1133A104A85C6E07AE8EF60100661E9426FC14F5B
S1133A208E77413FEE46866852889D42E3C5EFFD9E
S1133A301B861600FA97233088012334E801BEF16F
S1133A40B2CD9D464108E3D2C68E9009A6854A852B
S1133A5046E8EF60500251E98E77C2685288F1B0AF
S1133A60B56E4146EE46138C0EE3414F9D4F6346BF
S1133A7016013DA8C138635D1F038526C1072330A5
S1133A8088012334E801BEF1B6CD4108E3D4DFFE5A
S1133A909009A6854A8546E8EF60E07D39E5C2686D
S1133AA0414F8E77C138EE4652889D4FE3471FFD44
S1133AB01B861600C6972330880123341801BEF1F3
S1133AC0B2CD9D464108E3D6C6869009A6854A85AF
S1133AD0EF60607A19E98E775288A1B89009A685BB
S1133AE04A85EF604079E30A058863060D00EA859C
S1133AF04A85EF20303E83D7040193F7070499C326
S1133B006F10E00B83308126033401262265833451
S1133B1081250339012583398124033A0124833A19
S1133B208123033B0123833B8122033C0122833C09
S1133B308121033D0121833D81207E34DE343E39E1
S1133B409E397E2A1301012782809009A6854A8521
S1133B50EF6060724DF18347040052886FF06FEF9D
S1133B60668D3AECA54763EB37679B890903A30588
S1133B703115EA8C054B930DB114ADBC9009A685A3
S1133B804A85C6E07EE8EF60006F25F18E7786688F
S1133B90C26F52886FF0EFF8A6854A85EF10E039BE
S1133BA019C16F10C00183D70401A946E98B63983A
S1133BB0D7E28397240163C407E203340126E26653
S1133BC08330812683398124033A0124833A812373
S1133BD0033B0123833B8122033C0122833C81215B
S1133BE0033D01217E34DE343E399E397E2A6E86C1
S1133BF0A685833D8120833481254A8503390125A7
S1133C00130101276F10202AB56EC1466E47138C2D
S1133C100EE2C14C9D4B63C6660125A8413B63DAA5
S1133C206C030527C1072330880123349801BEF1B2
S1133C30BACD4108E3D4EBFE9009A6854A85EF602E
S1133C408063E31405EA413B8E776E475288E3CAEA
S1133C506CFD9B061700DA97233088012334680132
S1133C60BEF1B6CD1D476351D7F09009A6854A85AC
S1133C70EF606060E31B05E68E776FF0EFEE6A5647
S1133C80635CC058666782761B0B070063C6E63C1C
S1133C9063506003EE46DA972330B8011B861600A2
S1133CA023346801BEF1B2CD9D464108E3CBC6245E
S1133CB09346FBFF6667FD96337BDB003B0B674156
S1133CC0634B6049666793F60C40338BED00639752
S1133CD00678EA56027763C6E60013F61C00E30F83
S1133CE006222A66667741082338C8FE6E46BA97CC
S1133CF0233CE8FE9B051600BEF1AECD1D46E34510
S1133D00B63A02773B06D7406E973B076741B286C7
S1133D106353C700BA869B8B060063507003EE465C
S1133D20DE97233068019B85160023347801BEF1A9
S1133D30AECD9D464108E3CDB66293C6FBFFFD962A
S1133D4033F7DB003B0BE640635860E1B56EC146D8
S1133D506E47138C0EE3C14D9D4B63C766016F0024
S1133D60B033413BE3DA6D330527C10723308801C3
S1133D702334B801BEF1BACD4108E3D4EBFE900977
S1133D80A6854A85EF60204FE31105D68E776E47EE
S1133D905288C1BF13F31C00631D03F42334A8002D
S1133DA0BEF1B6CD1D47634CD72C892813080802F1
S1133DB06FF0EFFA635560FB4147634467016F108E
S1133DC0E006B56E138C0EE3C14D9D4B31A0413B13
S1133DD063D96D299B861500C107233086012334DE
S1133DE0B601BEF19B850600B6CD4106E3D1BBFE0C
S1133DF09009A6854A85EF600048E31805CE8E77C2
S1133E00EE455286E9B793F70C016393072493F7C1
S1133E100C04638E075C83990600CE8763D907FA86
S1133E209307D002A307F10AB30930413AEC668D37
S1133E30854795B893F70C016398072093F70C0412
S1133E4083A90600638E075AC21993D909036FF038
S1133E509F8493770D016393071E93770D0483A9C1
S1133E600600638C0756C21993D909033AEC8547B7
S1133E706FF03F8313F71C00630007CED5B4A2672D
S1133E80A28D1CE36FF08FD0E26742F846E8BD07CD
S1133E90C19B88638C67C1073EECEF801007D30792
S1133EA0A522AAB4C268D3A7F722427873271000C8
S1133EB0D397F4A273101700639F07D2A637D3A732
S1133EC0F7A2E380076693071006E38CFB5693077B
S1133ED01004E386FB24FD5713FBFBFDE384F80A7F
S1133EE093077004E302FB60267793E70C108127A5
S1133EF0E689E3450746530A07F2BE8C02E8014D02
S1133F0093076004E304FB0E9307500442F853053F
S1133F104A23E308FB58BC014686781934198945BD
S1133F204A8546F0EF10804C9307700482784278FB
S1133F30AA8DE316FB7493F71900B3061501E390F9
S1133F40070E2E6C6A57BB07BC413EF0BAEC9307D0
S1133F507004E305FB0493076004E30BFB18E667B6
S1133F609305100493F6FB0FFD373EDD01466316FF
S1133F70BB00BD2693F6F60F05462300D10C93062D
S1133F80B00263D70700666785479306D002999FFE
S1133F90A300D10CA546E3D1F6569308F10CC685CF
S1133FA02945930E3006BBE6A7022E863E8EFD15EC
S1133FB09B860603A30FD6FEBBC7A702E3C5CEFFAD
S1133FC09B8707039306E6FFA38FF5FEE3F5166BC5
S1133FD09307210C83C5060085068507A38FB7FECA
S1133FE0E39A16FF9307110D918F1307210CBA97CB
S1133FF09401959F3EE9027785463B0BF700DA87EB
S1134000E3D9E65E66773B8BE7009347FBFF13FE3D
S1134010F9BF93D9F743012EB3793B01936C0E108A
S1134020812902F802FC82ECC267E390070203468E
S1134030F10A8148630306A86FF0EFBF83B9060055
S113404085473AEC6FF0EFE583B906006FF0AFE413
S11340509C62BE896FF06FD71B8B0600E34C60C374
S113406081B99B88150013070601DA97233086016E
S113407023346601BEF1C6CD9D4663D3166790090D
S1134080A6854A85EF60201FE31105A6EE488E77CA
S113409013080116852852866FF06FCCB56D93878F
S11340A00DAE930680073EF4626693F70C02130785
S11340B08600F5C78339060093F71C0089CF638C0B
S11340C0090013EE2C00930700032308F10AA30848
S11340D0D10A9B0C0E0013FEFCBF1B0D0E003AEC24
S11340E089476FF00FDC668D6FF06FEA9009A68543
S11340F04A85EF604018E31A059E8E77528851B0C6
S1134100B56D93878DAF930680053EF471BF13EEB2
S11341100C20034314009B0C0E0005046FF0EF9574
S113412013EE0C02034314009B0C0E0005046FF005
S1134130CF9499479B89080063E0175F356762EC69
S1134140014D4E8B0146814802F802FC82EC930D2E
S113415007B16FF08F96B56E4146EE46138C0EE3B1
S1134160C1489D4B634666015DAC413B63D9682BF6
S11341708526C1072330880123341801BEF1B6CD4A
S11341804108E3D4DBFE9009A6854A85EF60A00EC2
S1134190E31D05948E77EE465288C148F9B793F72C
S11341A00C01638A070E8339060039B79009A68586
S11341B04A85EF60400CE31A05928E77EE465286EC
S11341C06FF02FB49009A6854A85EF60C00AE31EFC
S11341D005908E77EE4552866FF06FB493770D405D
S11341E03EF0130BC114F9EFDA8DA946A545B3F7D8
S11341F0D9020277FD1D4E8605273AF09B870703F7
S11342002380FD00B3D9D902E3E3C5FE6FF08FF03C
S1134210833489016FE01FF8EE46B565938585B157
S113422085262330B800850785452334B800B6CDEC
S11342309B850600BEF19D46410863C9B64A6316D4
S11342400612027793F61C00D98E638706906E4699
S11342506677AA66BA972330D8009B0616002334E3
S1134260E800BEF1B6CD1D466342D650410805A212
S11342709009A6854A85C6E4FEE016E8EF50B07FB3
S1134280E31505860346F10A8E77A668866FC26237
S113429052886FF04F8493F70C04832906006389D6
S11342A00716C21993D9090301BD9009A6854A8549
S11342B0EF50707CE31B05828E7752886FF0CFE954
S11342C03AEC4DB002F05A86A946A54C130CF00FF7
S11342D039A0B3D7D90263FF3CE3BE896E86027767
S11342E0930DF6FF05273AF0B3F7D9029B8707032E
S11342F0A30FF6FE867783C70700E31CF7FCE38A67
S113430087FD63F93CE1C6778A6542F8B38DFD40C9
S11343103E866E8546E8EF50E0180677A946B3D787
S1134320D90203461700C26842783336C000329778
S113433002F0BAF05DB76E8542E8EFD04F8A1B0BEE
S113434005000346F10A9349FBFF93D9F94362EC54
S113435002F802FC82EC4268B3F96901014D81481C
S113436019E26FE09FF56FF00F8DEE456677AA6650
S11343704108BA972338D8FE9B861500233CE8FEF3
S1134380BEF1B6CD9D4563C3D53EE34E060202772A
S11343901B8616002330B801BA972334E800BEF117
S11343A0B2CD1D476344C7006FE0FFFA6FF06F9C06
S11343B09B061700DE972330880123347801BEF171
S11343C0B6CD1D476344D7006FE0FFF86FF06F9AD6
S11343D03567930D07AC6FF06F8493770D20638B73
S11343E0073693F9F90F3AEC85476FF08FAB93F7E3
S11343F00C20638C073483890600CE876FF0EF9C12
S113440093F70C20638F073493F9F90F6FF0AFA87B
S113441093F70C206381073293F9F90F71B91B8666
S11344201600DA972330880123346801BEF1B2CD37
S11344309D464108E3D8C6889009A6854A85EF5071
S11344409063631405EA8E775288ADB89307D0025F
S1134450A307F10A1306D0026FE03FFB0277B56EA3
S11344601D436E97BAE06277414C938B0EE351CBB8
S1134470427759EB06777D17BAF062777D37BAE455
S11344808A66467741082338D8FEEE46BA97233C1D
S1134490E8FE1B861600BEF1B2CD6344C31E067748
S11344A00346070006671B0F0600BB056741BAE811
S11344B0FA8663D3E501AE869B8F06006354F0034E
S11344C06E46FE97233068019B0616002334F801DC
S11344D0BEF1B6CD6342D31C0677410803460700FC
S11344E01B0F060093C6FFFFFD96B3F6DF003B0FDC
S11344F0DF40634BE0116277329B09CF26673AFCB9
S113450025FB42776303072842777D373AF86277C1
S1134510BAE4BDB735639D4EC14B130C03E3C275BA
S1134520638805268A66467741082338D8FEEE4616
S1134530BA97233CE8FE1B8616001B87F5FFBEF1E5
S1134540B2CD3AF863C4CE12067703460700066775
S11345501B0F0600BB056741FA8663D3E501AE86EF
S11345609B8F06006354F0036E46FE972330680168
S11345709B0616002334F801BEF1B6CD63C0DE14E9
S113458006774108034607001B0F060093C6FFFF8A
S1134590FD96B3F6DF003B0FDF406344E001329B3E
S11345A0BDBFEE4663C6EB013DA8413F63DDEB03AF
S11345B08526C1072330880123347801BEF1B6CDA6
S11345C04108E3D4DEFE9009A6854A857AE8EF50D7
S11345D0904A631C05D0426F8E77EE46413F528865
S11345E09D4EE3C7EBFD1B861600FA972330880126
S11345F02334E801BEF1B2CD63C1CE280677410869
S113460003460700329B21BFEE466346EC013DA8FA
S1134610413F635DEC038526C107233078012334D1
S11346208801BEF1B6CD4108E354D3FE9009A685B6
S11346304A857AE8EF503044631905CA426F8E7791
S1134640EE46413F52881D43E347ECFD1B861600AE
S1134650FA97233078012334E801BEF1B2CD6340E8
S1134660C320067741080346070071B59009A68563
S11346704A85EF505040631A05C68E7752889D4E86
S1134680E1B59009A6854A85EF50F03E631F05C445
S11346908E7752881D4321B59009A6854A857EE808
S11346A0EF50703D631305C48677C26F528803C60A
S11346B007001D438E771B0F06002DB59009A685B4
S11346C04A857EE8EF50303B631105C28677C26F9E
S11346D0528803C607009D4E8E771B0F06007DB5DA
S11346E08528130807013A866FE07FE79009A685BD
S11346F04A85EF505038631A05BE6A568E77528841
S11347003DBE9009A6854A85EF50F036631F05BC6F
S11347108E7752886FF0CFD999490DB43B06D740B4
S11347206E973B0B674132876353CB005A879B0BD1
S113473007006FF08FE0821993D90902B5BAA26716
S1134740A28D2310F7006FE07FC483A90600CE87F3
S11347506FE0BFE7821993D909023AEC85476FE00D
S11347605FF4821993D909026FE0FFF29009A685DC
S11347704A85EF505030631A05B66A568E77EE4676
S1134780528821B199486FF02FF602776E97BAE8F4
S11347904667637067D53A8B6FF0AFD3F5576344C0
S11347A0F70063D7E800F93B13FBFBFD6FF02FFB29
S11347B08277634FF73C93F719003A8B81C7E6770A
S11347C03B8BE70093F9094063850900E667634E74
S11347D0F0589349FBFF93D9F943B3793B018129FD
S11347E0930B700602F802FC6FF01F8453054A23F2
S11347F0BC013419468678198D454A8542F846F03D
S1134800EF00D03E83460500930700038278427888
S1134810AA8D6387F60AEA57C697B386FD00D307C5
S113482000F2368CD327FAA2639E07F02E6C637BCA
S1134830DCF01306000393071C00BEE52300CC0044
S11348402E6CE36ADCFE6FF0EFEF9307D002A30750
S1134850F10A1306D002814885296FE01FA690094A
S1134860A6854A85EF503021631105A886775288C2
S11348701D4303C607008E77BDB99009A6854A85F6
S1134880EF50701F631305A6867752889D4E03C6AA
S113489007008E77329B61B19B0617003687DA9743
S11348A0233088016FE05FAA9009A6854A85EF50FE
S11348B0901C631C05A2EA568E7752886FF06FC471
S11348C0D30700F2D327FAA2B9F78546BB8716416E
S11348D03EDD99B70346F10A62EC02F802FC82EC71
S11348E0C689468B814819E26FE03F9D6FE0BFB4F3
S11348F093F71900B3E7F8006353E0506393074E4E
S11349003A8B930B600693F90940639209469349E5
S1134910FBFF93D9F943B3793B018129E1B59307AF
S113492000032308F10A9307800593E92C00A308E8
S1134930F10A930730068129014D930D810E63C35B
S11349401739A67713EE2C1002E8538A07F2D3879F
S113495007F29B0C0E0013FBFBFD63C507209307B6
S11349601006638EFB3C93071004639BFBD853052E
S11349704A23281942F846F0EF401019D37735132B
S1134980530700F282784278D3A7E7A299C38547F8
S11349903EDD3566130686AF939E080293DE0E0253
S11349A0850ED30600F2EE9E6E8C3B8F1D0121A076
S11349B0D3A7D7A285EBD3F787126285050CBB0674
S11349C08F41D39707C29B850700B30FB60083CFEF
S11349D00F00538707D2A30FFCFFD3F7E70AE319AD
S11349E0DCFDFD56D317F9A263970726D3A727A3A7
S11349F081C78589639105269B87F6FF63C406D426
S1134A00330680411D8A930E7600AD4F1B8F06003E
S1134A109B85160063F3FE01AD4E636CDF456308AE
S1134A200644930E00032300DC01054F09059B8710
S1134A30E6FF6305E607A300DC01094F13052C001C
S1134A409B87D6FF630CE6052301DC010D4F13059C
S1134A503C009B87C6FF6303E605A301DC01114FFD
S1134A6013054C009B87B6FF630AE6032302DC01AF
S1134A70154F13055C009B87A6FF6301E603A302A1
S1134A80DC011D4F13056C009B8796FF6318E6013C
S1134A9013057C002303DC019B8786FF919D9BDE2D
S1134AA0350062968E0E1B8F0500B29E6A67210642
S1134AB0233CE6FEE31CD6FFE1998125139605020B
S1134AC0019232958D9F6387E50913060003230045
S1134AD0C50063C10708A300C500635DF006230198
S1134AE0C500854563D8F506A301C500894563D390
S1134AF0F5062302C5008D4563DEF504A302C50057
S1134B00914563D9F5042303C500954563D4F504A1
S1134B10A303C500994563DFF5022304C5009D4541
S1134B2063DAF502A304C50021466355F6021306B1
S1134B3000032305C500A54563DEF500A305C500F4
S1134B40A94563D9F5002306C500AD4563D4F50036
S1134B50A306C5008526369C6FF0CFBED30707F2A7
S1134B60014DBE8C9307D002539AF7223EE8C5BB91
S1134B709009A6854A85EF50007019C16FE0FFF6D1
S1134B806A5602778E7752883B06C7406FF0EF9AD9
S1134B903E87E677930B70063B8BE7006667E3443A
S1134BA0E0D6BB07EB4085271B8B07009349FBFF2F
S1134BB093D9F943B3F737019B89070025B1FD5712
S1134BC03EE46FE03FF4B56EC1553B0BC040138C1F
S1134BD00EE3C1489D4B6346B60025A8413B63DA0A
S1134BE068038526C1072330880123341801BEF1E8
S1134BF0B6CD4108E3D4DBFE9009A6854A85EF5083
S1134C00806719C16FE07FEE8E77EE465288C14807
S1134C10F1B78526DA972330880123346801BEF181
S1134C20B6CD1D466354D6E49009A6854A85EF5057
S1134C30806419C16FE07FEB8E77EE4652886FF087
S1134C400FF5930700032308F10A93078007F1B9CE
S1134C50668D6FE09FF1AAE58346FCFF8345F6006D
S1134C60E287639ED50013050003A38FA7FEAE67FA
S1134C709386F7FFB6E583C6F7FFE388D5FE9B85E9
S1134C8016001305900393F5F50F6386A600A38F12
S1134C90B7FE6FF02FAB8345A600A38FB7FE6FF06E
S1134CA06FAA1B8C18003419BC01781962868945D7
S1134CB04A8546F0EF008073AA8D82784278B386E5
S1134CC08D01B1BE9B8518004A8542F046E8EF206D
S1134CD0A024C2680278AA8D6307051A2A8D95B1AB
S1134CE01CC3A28D6FE08FEA639008A085486FF023
S1134CF0AF9F3AEC6FE07FE79306210C19E6930629
S1134D0000032301D10C9306310C980B9B870703F6
S1134D103386E6402380F6009B0716113EE96FF0C8
S1134D208FADA67763CF07100346F10A930770048B
S1134D3063D477113567930D87AD6FE02FEE53057C
S1134D404A23281942F846F0EF40005CD377351324
S1134D50530700F282784278D3A7E7A299C3854724
S1134D603EDD3566130606AE05B9930B70068677ED
S1134D709306F00F02F883C7070002FC6387D7028B
S1134D801306F00F66679B86070063D0E7028675FB
S1134D90159FBAEC83C715008DCF627705273AFCBF
S1134DA013871500BAF0E39FC7FC4277E277B99FF7
S1134DB04677BB87E702BB8767011B8B07009349D4
S1134DC0FBFF93D9F943B3F737019B8907006FF0D1
S1134DD0AFA5427783C7050005273AF8E394C7FADD
S1134DE0E9B7E677930B60063B8BE7003B0B1B01AF
S1134DF019BE93F61900638A06A06FF0AFA091E77D
S1134E008549930B6006054BF1BAE677930B600670
S1134E108527BB8817011B8B08009349FBFF93D997
S1134E20F943B3F838019B8908006DBAB56E42871F
S1134E30138C0EE36FF06FA33567930D07AD6FE02E
S1134E40EFDD9307D002A307F10A1306D002F9BDE0
S1134E5062671443930B87009B88060063D30600A4
S1134E60FD58034314005EEC3E846FE00FC162857D
S1134E7035B1628599B989473EE96FF0CF97468C81
S1134E80B3868D0169BA83D7040193E70704239895
S1134E90F4006FE05FC6AA8703B5012EB2862E86A2
S1134EA0BE856FE0AFA683D7050103AE850A03D3A1
S1134EB0250183B8850303B88504130101B3F59B69
S1134EC0130700402330814C2318F1002E841C1951
S1134ED08A85233C914A2338214B2334114C2A8957
S1134EE072D52319610046FCC2E43EE03EEC3AC6AA
S1134EF03AD002D4EFE08FA1AA8463590502835704
S1134F00010193F7070499C78357040193E7070442
S1134F102318F4008330814C0334014C0339014BD2
S1134F2026858334814B1301014D82808A854A850D
S1134F30EF10E03669D5FD54D9B7011126E483B4E6
S1134F40012E22E84AE006EC2A892E8499C09C5856
S1134F50B9CBB567938787F4630FF404B567938778
S1134F6007F16305F40CB567938787ED6306F40EC8
S1134F70031704019317070393768700C193A9C607
S1134F80146CADC213F6170049C210502326040056
S1134F9001453B06C04010D4C9C2E2604264A26429
S1134FA00269056182802685EF104065B5679387A5
S1134FB087F4E315F4FA80640317040193170703D5
S1134FC093768700C193CDFE93F60701C1CA918BF6
S1134FD0A5E3146C13678700931707032318E400F1
S1134FE0C193CDF213F6072893050020E30CB6F81D
S1134FF0A2854A85EF10505703170401146C9317C8
S11350000703C19313F6170049F213F627008145ED
S113501011E20C504CC40145C9F293F70708B5DFFF
S1135020136707042318E4007D5585BF806889B79A
S11350302C7081CD9307C4076387F5004A85EF1070
S113504060690317040123300406146C1377B7FD59
S11350502324040014E0BDBF806C19BFA54723209E
S1135060F900136707042318E4007D553DB783B79F
S11350700134B1C798477D48634FE80605C903B8B2
S11350800711630A080693183700C29823B0C800B2
S11350900323082005463B16E6003363C3002320A0
S11350A0682023B0D81089466309D50293062700E7
S11350B08E06052798C7B6978CE3014582809388AE
S11350C0016C23B01135130700009387016C5DD385
S11350D00337000023B8E71071BF83264820014539
S11350E0558E930627002322C82005278E0698C7CD
S11350F0B6978CE382807D5582801D7156F4CAE098
S113510003B9013486ECA2E8A6E44EFC52F85AF046
S11351105EEC62E866E46AE063040908AA8B2E8AFE
S1135120054B7D5D83248900033C09111B84F4FF36
S113513063480406630D0A0863040C068E04B3096D
S11351409C00CA9431A07D34E119E114630AA405DA
S113515083B7890FE319FAFE832C890098649B872F
S1135160FCFF638F870423B4040071DF83270C20C2
S1135170BB168B00F58F8127B1C383274C2083B5E1
S113518089FFF58F8127A9C32E85029703278900FC
S113519083B7013463149701E307F9FA3E89D9F31D
S11351A0E6604664A6640669E279427AA27A027BE2
S11351B0E26B426CA26C026D256182800297F9B7A2
S11351C023248900A28C55B75E850297C1B7630E6C
S11351D00C06939C3400B30999011B87F4FF83B731
S11351E08900E29C630A870423B409008DCB03275A
S11351F00C20BB168B00758F012739C303274C2065
S113520083B58CFF758F012715EF5E858297032781
S1135210890083B70134E31397F8E311F9F87D3477
S1135220E119E11CE30EA4F78324890083B7890004
S11352301B87F4FFE31A87FA23248900A2847DB72D
S11352408297F1B72E858297D9B793993400CA997A
S11352501DA023B409007D3491CB829703278900D4
S113526083B70134E31C97F2E39A27F3E119E309C6
S1135270A4F3832489001B87F4FF83B78900E31A0E
S113528087FC23248900A284F9B7397126F45C4988
S1135290C44906FC22F84AF04EEC52E856E45AE0BF
S11352A063C49714FD341393240013848501B30954
S11352B06400130A850103AB09005293832703009A
S11352C01B071B00AA8A3BD9E7024A8B63E8E7085D
S11352D04165A2885288814E01477D1583A6080046
S11352E0032E08001108B3F7A600BB8727031BD6BB
S11352F00601B376AE001B5E0E0191083B06260341
S1135300BB87D7011BDF0701E98FBB07F740BD9EB1
S11353109BDE0641E98E3B06E6013377C5003B0779
S1135320EE403B07D7019B170701DD8E232ED8FEE5
S11353309B5E06011B570741E3F219FB8327030019
S113534091EF711363666A0001A8FD3463766A0005
S1135350832703007113F5DB23AA9A005685EF30E7
S1135360400B6347050641651B091B00D285814735
S11353707D15104098419105B376A600959FB376AC
S1135380A700B59F1B5606019B560701919E1BD78C
S11353900741B99E1B870700698F9B9706015D8FA4
S11353A0110423AEE5FE9BD70641E3F489FC9397F1
S11353B02400D297984309EFF1176366FA0039A0E5
S11353C0FD346375FA009843F1177DDB23AA9A0034
S11353D01B050900E2704274A2740279E269426A10
S11353E0A26A026B216182800145EDB755714EF5C9
S11353F0D30905E203380504A2E126FD52F162E176
S113540086E54AF956ED5AE95EE5E6FCEAF8EEF47B
S113541032E436EC4EF02A842E8ABA843E8C63043D
S1135420086A8335080085C1832788008546BB96B2
S1135430F600821782168193D58F9CE5EF20E063F6
S11354403C6023B00700CE8D93DA0942814763D1D3
S113545009027D59861A1359090293D71A00337920
S11354603901B367F9003EF0BE8D93DA1A0285471D
S11354709CC0B707F07FB3F7FA003707F07F638E5D
S1135480E72ED30700F253870DF2D327F7A295CF67
S1135490626785471CC363010C66B567938797B140
S11354A0B56A2330FC00938A8AB1AE600E64EA7454
S11354B04A79AA790A7A4A6BAA6B0A6CE67C467D19
S11354C0A67D5685EA6A6961828053850DF2B0082B
S11354D0EC082285EF30C02B9BD74A01AA849BD6C7
S11354E04A01639F072A6647F6461306000281298C
S11354F0B99E9B8526436355B666130600040D9E2C
S11355009B872641BB9ACA00BBD9F900B3E93A018B
S11355108129D38719D2370610FEFD36D38507E2D9
S1135520854B93D705023D9EFD5781930216ED8F5F
S1135530D18F538707F287B7012607B68126D37721
S1135540F70A87B60127538706D2C3F7C76A87B617
S11355508127C377D77A530700F2D39707C25396AC
S1135560E7A21B88070063100658159FD9471B093B
S1135570F7FF63E70755B56693173800938606FE71
S1135580B6979C2353870DF2D317F7A2638C072297
S11355907D3882E0014B634B0922635F082242E8B5
S11355A0A5473B0B0B413B0E00412860014863EDCE
S11355B047239547854963D44701713A8149914707
S11355C06305FA7C9547630FFA6E8947631BFA4CAF
S11355D002F422666358C070B2E4B28C232405003E
S11355E0FD47E3D1C72E054791479B971700938644
S11355F0C7019B0507000527E379D6FE0CC5228564
S113560042FC72F8EF20803C427E6278AA8AE30969
S1135610052C38609B860C00B94708E363EDD71E60
S1135620638B091EC2676357F07E13F6F700356774
S11356300E069BD74740130707FE329713F6070160
S113564018236300067435678737070FD3860DF276
S1135650BD8B8D45D3F7F61A91CF35671307070D28
S113566013F6170009C6142385255377D7128587A7
S11356702107FDF7D3F7E71A866799C707B701280B
S1135680D397E7A2E39E071487B60129538705D26F
S1135690B707C0FC4377F76A530607E213570602BD
S11356A0B99F13970702FD578193F18FD98F6384B4
S11356B00C704266E685539707C29B8EF5FF3565ED
S11356C0530707D2A2781B0707038E0E130505FEA6
S11356D01377F70F76952380EA001021D3F7E70AB2
S11356E013851A00E38F080207B78124D38607F2D3
S11356F05377C71A5377D70AD397E7A2E3910718CA
S11357002A8D87B50128054507B681283B05A541A3
S113571015A83B07A501635FB70ED3F7C7125377EC
S1135720C712050D539707C2D30607D21B070703F9
S11357301377F70FD3F7D70AA30FEDFED39EE7A293
S1135740E3910E12D3F6F50AD39EE6A2E3830EFC90
S11357509B0716003EE81306900331A0E384560D20
S113576003C7F6FF368D9306FDFFE309C7FE052741
S11357701377F70F2380E60039A66267896793875A
S1135780F7701CC3B20D639C0D06B56A938A0AE4D4
S1135790E30D0CD0B567938787E42330FC0031B365
S11357A09397CD003706F03FB193D18F139607023C
S11357B0FD578193B3F7B7016647D18F9B8616C017
S11357C0814B85BB82E0014B6358090005433B0BC9
S11357D0E3400149E34508DC42E8A54728603B096A
S11357E02801014EE3F747DD85478549014A3EF428
S11357F0FD5C02E423240500E6E4814509B5B56AAD
S1135800938A0AE5E3030CCAB567938737E5233027
S1135810FC0061B96EF0F64763C6070C426639476F
S11358206342C70C356793173600130707FEBA9710
S11358309823A26763D6070263449003639D0C58C0
S113584087B78129814B81495377F7128237D387F0
S1135850E7A2638C074CA267568D13C9F7FFF9A919
S11358600275854793851A00D30705F2D30605F21E
S1135870D3F7E71A539607C2D30706D21B070603CA
S11358801377F70F2380EA00CBF7E76A01266384D6
S1135890FC629B87E6FF82178193890787B581287D
S11358A0530600F2338DFA0025A0D3F6E71A8505D6
S11358B0D39606C2D38606D21B8706031377F70F47
S11358C0A38FE5FECBF7E67A1B8606006386A55F09
S11358D0D3F7B71253A7C7A269DBC2672E8D8527FA
S11358E03EE855A22277630D072005476358474FCA
S11358F09B87FCFF6340FE48BB0BFE4063C00C6209
S1135900DA8D3B0999013B0B9B018545228542FCBD
S113591072F8EF202049427E6278AA89635DB00163
S1135920635B2001EE876345B9433B0BFB40BB8DB2
S1135930FD403B09F94063000E04A2776383074CE2
S113594063577003CE855E86228542FC72F8EF2091
S1135950C0722686AA85AA892285EF20404F2A8D07
S1135960A6852285EF2060116278427EEA843B0698
S11359707E41631D06588545228542F8EF2080420A
S11359804278AA8B6345001F8547014D63DF473387
S113599085476319081EBB872701FD8B6388071A97
S11359A0130700021D9F914663D7E6707147BB073A
S11359B0F7403B8B6701BB8DB7013B8927016345EA
S11359C0601563582001DE854A862285EF20407FDA
S11359D0AA8B8667639107146351902DA277639B0A
S11359E0071CC26785273EE8054A56893B0A5A4187
S11359F009A8A685814629462285EF20C00DAA84E0
S1135A000509DE852685EFF05F889B0D05032300DD
S1135A10B901BB072A01E3CE97FD054A63589001FB
S1135A201B8AFCFF021A135A0A02050A569A0149F4
S1135A30A68505462285EF20A078DE85AA84EF207E
S1135A40501D6355A02A9306900319A063834A3B13
S1135A500347FAFF528D7D1AE30AD7FE0527230078
S1135A60EA00DE852285EF204001638E0900630889
S1135A70090063063901CA852285EF200000CE851E
S1135A802285EF10907FA6852285EF10107FE267B4
S1135A90426723000D0098C3E3090CA02330AC0136
S1135AA029B48D4702F46311FA5EA2674267B99F75
S1135AB09B8C1700BEE46686E34290B3054639BE6C
S1135AC08547BEE0C1BC13050002EF10C04328E0C7
S1135AD0630D055E232405002338050023300500EB
S1135AE0233C05008DB2538707D25326F7A2E31E49
S1135AF006A61B88F7FF95BCB56A938A8AB175B26E
S1135B00F28BDA8D814919BDA6855A862285EF204C
S1135B10206BAA847DB5DE852685EF20900FE35D9A
S1135B2005EAA685814629462285EF10D07AC26708
S1135B30AA841B89F7FFA277BDE3A667BE8CE34561
S1135B40F0EA09476342471D4AE8B1AAF1473B0B13
S1135B50FB00BB8DFD003B09F900E35460E76DB722
S1135B6013060002BB07B640BB99F9005DB2AA85D3
S1135B7042862285EF20605085474278AA8B63DBFA
S1135B80471D014D83A74B01FD3791078A07DE9717
S1135B908847EF20001493070002899FEDBBCE8550
S1135BA0814629462285EF101073A66CAA89635E8C
S1135BB0904B4AE86358B001CE856E862285EF206B
S1135BC02060AA894E8B631B0D309B87FCFF8217D4
S1135BD081938507D6973EF8827756E4858B3EF00D
S1135BE0DE852685EFF06FEAAA8CCE852685EF2028
S1135BF05002DE852A895A862285EF2010051C4929
S1135C002A8D9B8D0C03AA85B5EF2685EF207000A5
S1135C102AF4EA852285EF105066A2760277B367EC
S1135C20DA00D98F8127638A0740A267138D170092
S1135C30634E0922827733692A0133E92701012956
S1135C40630609226343D036C277A30FBDFF638D79
S1135C50A737A685814629462285EF10D067AA84F6
S1135C60CE8581462946228563836903EF10B06699
S1135C70DA85AA89814629462285EF10D0652A8BC8
S1135C806AE4B9BF2285EF10505F854679BFEF10F3
S1135C909064AA892A8B6AE4A1B7894763C8470735
S1135CA0A277E39907F0DE852685EFF00FDEC26761
S1135CB09B0D0503138A1A0085272380BA013EE849
S1135CC00149BDB385473EF4CDB302779317C700AE
S1135CD0E39007CC935707023707F07FF98FE389E6
S1135CE007CA61A08547854C3EE429B609E513F748
S1135CF01D00E31A07D4930600030347FAFF528DED
S1135D007D1AE30CD7FEB1BBBE8C4AE8E3950CB414
S1135D10DE85814615462285EF10F05BAA8BAA85A5
S1135D202685EF20006FE358A0B2C2671307100363
S1135D30138D1A002380EA001B891700DE85228553
S1135D40EF10B0539B0719003EE8E39A09D225BB34
S1135D50CA87E1BE8277B207E39507E28277370705
S1135D60F07F8193F98FE38E07E08547052B0529A2
S1135D703E8D39B9BB8BC7413B880B013E8E814BAD
S1135D80B5BED3870DF28945C1B885473EF46FF09F
S1135D905F8487B60129538705D2B707C0FC4377D0
S1135DA0F76A530607E213570602B99F7D5701931A
S1135DB08217718FD98F07B78129D3F7E70A5387E1
S1135DC007F25317F7A2631707265317E722D3974F
S1135DD0E7A2E38107A4814B8149B5BC638C0B1A0C
S1135DE09B873743DA8D3B892701F28B3B8B670115
S1135DF029BEC267130710032380EA0085273EE803
S1135E008DB1A6857286228542F8EF20002742785C
S1135E10AA8495B66381071CBB07F04013F6F7000C
S1135E2035670E06130707FE32971C2353870DF2BE
S1135E309BD74740D377F712638007245387F72211
S1135E4035671307070D0145894513F6170011C679
S1135E501423852505455377D71285872107F5F740
S1135E60E30C0580D307E7226FF01F81C267852703
S1135E703EE86353D002A68505462285EF204034D0
S1135E80DE85AA84EF20E0586356A01C9306900395
S1135E90638ADD009B8D1C03A2674E89DA89238007
S1135EA0B701C1B6A267130790034E892380E700A8
S1135EB06A8ADA8949BE2E8DD3F7F702C26785272D
S1135EC03EE8D316F7A2E3980688D3A6E7A2E38CAC
S1135ED006BA93761600E390068875B683A5890002
S1135EE02285EF10B02E2A8B6307052003A64901F3
S1135EF093850901410509060A06EF10A06CDA85AD
S1135F0005462285EF20C02B2A8BC1B1A6852285A8
S1135F1042F8EF2080164278AA84B1BCBB0D9B41A5
S1135F20EDB2538707F2854E5376E6126384D51596
S1135F30821587B681288191338DBA00D3F7D712A1
S1135F400505539707C2530707D21B0707031377A7
S1135F50F70FA30FE5FED3F7E70AE311A5FF07B791
S1135F608124D376E602D395F6A2639305FE537794
S1135F70C70A5397E7A2E30F078893050003034773
S1135F80FDFFEA867D1DE30CB7FE9B0716003EE885
S1135F90368DD5BC664793076003DA8D999F3B899C
S1135FA02701F28B3B8B67018DB2C2679306900386
S1135FB085273EE8E388DDEEA2671B871D004E8936
S1135FC02380E700DA8971BC3E8AC2674E89DA8988
S1135FD085273EE8B1BCD3870DF289456FF0CFE940
S1135FE0E3890CDAA668E357108307B78128C267F0
S1135FF08525D3F7E7121B86F7FF538705D287B6AB
S11360000129B707C0FCC68543F7E76A530507E2D1
S113601013570502B99F7D5701938217698FD98F52
S11360206FF06FE9C267130710032380E60085272A
S11360303EE891BC814B8149CDB9A2679306900398
S1136040138D1700C26785273EE8E38DDDE4E34343
S113605020E599B5E31205E493F61D00E39806E202
S113606025BD9B0716003EE839BC0947E35347B5F5
S11360704AE869B92A8DE5B589456FF0EFDF9B07DA
S113608016003EE82A8D01B42324050081452285AB
S113609042F472E4EF109013226E2278AA8A29C186
S11360A03C607D57BAE488E3854702E4FD5C3EF436
S11360B0FD566FF04FF6E304D7901307C003BB07F8
S11360C0F74071B481456FF08FD3B566356593861B
S11360D086E501469305A00E130505E7EF504078C9
S11360E0B5663565938606EC01469305A01A13053B
S11360F005E7EF50E076B5663565938606EC014614
S11361009305A02E130505E7EF50807583970501CD
S1136110797122F04EE406F426EC4AE893F68700FF
S11361202E84AA89D5EA0567130707809445D98F79
S11361302398F5006350D010386859C7C217C1932B
S1136140856683A40900FD8E23A009000C7CFDE66E
S1136150014685464E850297FD572A866307F5104A
S11361608357040138680C7C918B99C714443C70A4
S1136170158E99C33C5C1D8E81464E850297FD5752
S11361806310F50C03A70900831704016DCFF546CE
S11361906305D700D946631ED70E146C7D771307A9
S11361A0F77FF98F2318F4002324040014E02C70E3
S11361B023A0990091C99307C4076385F5004E8510
S11361C0EF004051233004060145A2700274E264DA
S11361D04269A2694561828003B98501E30609FE2B
S11361E084611397070341930D8B23B02501BB846E
S11361F02441814711E39C515CC463469000E9B794
S11362002A99E35390FC3C640C7CA6864A864E850E
S11362108297899CE346A0FE83570401A270E2643E
S113622093E707042318F40002744269A2697D55B8
S113623045618280B85DE341E0F079B7506C2DB7D9
S1136240835704017D771307F77FF98F146C9B97AD
S113625007019BD7074105672318F4002324040092
S113626014E0F98FA9D748EC99B783A70900E3890B
S113627007EE75476385E7005947E39FE7F823A0D6
S11362809900014599B77D771307F77F146CF98F4F
S1136290D9B793E707042318F4007D553DB79C6DE7
S11362A0B9CF011122E806EC2A8419C11C599DCFEB
S11362B0B567938787F46389F502B567938707F118
S11362C0638BF502B567938787ED6388F50283973F
S11362D0050191C722854264E260056105BDE26063
S11362E042640145056182800C64D5B72EE4EF0059
S11362F0E030A26575BF0C68D9BF0C6CC9BF0145FD
S1136300828035C51C6D011122E806EC2A84A9C3DC
S113631003B5012E19C11C59A9C3B567938787F426
S11363206304F402B567938707F16309F404B5675E
S1136330938787ED6306F4048317040191CBA28548
S11363404264E2600561D9B3006583170401E5FB8B
S1136350E26042640145056182802AE4EF00002A7C
S1136360B567938787F42265E31EF4FAF1BF03B59A
S1136370812B99659385E5296F00501500696DBFE0
S1136380006D5DBFB165938545966F0030140111B2
S113639026E41306000B9B84F5FFB384C4024AE091
S11363A02E8922E806EC9385840CEF00F0362A84CB
S11363B001CD6105233004002324240108E8138659
S11363C0040B8145EF100054E26022854264A2640C
S11363D0026905618280797126EC83B4812B4AE8D5
S11363E006F49C5822F04EE452E02A89D9C39384DF
S11363F004089309000B114A9C4480686357F00613
S1136400FD37821781938507B3873703A29729A0A5
S11364101304040B638B87040317040175FBC17712
S113642085071CC82324040A2330040023340400F1
S1136430233C040023200402232404022146814532
S11364401305040AEF10004C233004062324040629
S11364502330040823240408A27022850274E26411
S11364604269A269026A45618280806019C4A2847B
S113647061B72685EF00C0039DBF9305802D4A8533
S1136480EF0090292A8419CD6105233004002324C8
S1136490440108E81306002C8145EF10A04680E073
S11364A0A28499BF23B00400B1472320F9006DB73B
S11364B0397103B7812B996722F806FC26F44AF058
S11364C04EEC52E856E45AE0938747383CE52330D3
S11364D0050823240508233805082A846306E510E3
S11364E02285EFF05FEF08E42285EFF0DFEE08E8A5
S11364F02285EFF05FEE046408EC91479CC82146C6
S1136500814523B0040023B4040023A4040A23BC5B
S1136510040023A0040223A404021385040AEF1038
S1136520603E256B03390401A56A256AA569130B2E
S1136530AB3B938A6A3F130AAA449389C949C1674A
S113654023B0640523B4540523B8440523BC34059F
S113655084FCA5072328F900214681452324090A40
S11365602330090023340900233C090023200902B5
S1136570232409021305090AEF10C038046CB70775
S11365800200233069052334590523384905233C87
S11365903905233C2903C9079CC823A4040A23B052
S11365A0040023B4040023BC040023A0040223A495
S11365B004021385040A21468145EF10A03485475F
S11365C023B0640523B4540523B8440523BC34051F
S11365D084FCE2701CD84274A2740279E269426AB3
S11365E0A26A026B2161828085471CD9D5BD03B59F
S11365F0812BB165938545966F00406D1C5991E3DD
S113660045BD828079714EE4B96922F026EC4AE8EE
S113661052E006F42E8A2A899389899FEF10203943
S113662003B7090185671384F7FD04673304444104
S1136630F198269431807D143204634BF400814533
S11366404A85EF20305483B70901A697630EF500FD
S11366504A85EF10E035A2700274E2644269A269CF
S1136660026A014545618280B30580404A85EF2076
S11366707051FD57630BF502BD6793878795984367
S113668083B60901818C93E414003B0487404A8556
S113669084E680C3EF10C031A2700274E2644269E0
S11366A0A269026A05454561828081454A85EF20D9
S11366B0704D03B70901FD46B307E540E3DAF6F888
S11366C083B6812E93E717001CE7158DBD6623ACB6
S11366D0A694BDBFEDC5011122E826E42E84AA8448
S11366E006ECEF10C02C033584FF130704FFB965D3
S11366F09377E5FF3306F7009385859F146603B807
S11367000501F19A6300C81414E605893308D6001C
S113671041E1033304FF03388800396533076740D8
S113672083380701130585A09A97137818006388A6
S1136730A80E0333870123BC680023381301630DBB
S1136740081493E6170014E71CE29306F01F63E2B3
S1136750F6088D839B8617009B9616008E0603B859
S11367608500AE9688621BD627408547B397C7003D
S1136770B3E70701138606FF10EF08EB9CE598E2E8
S113678018ED4264E2602685A26405616F10402220
S11367900335880005890DE53965B697130585A08D
S11367A0146A93E817003308F7006381A610106E8B
S11367B090EE14EA233417012330F80079B782806D
S11367C093E61700233CD4FE1CE29306F01FE3F289
S11367D0F6F893D697001146636FD60893D66700F0
S11367E01B8596031B1515001B8686030E052E9527
S11367F0146141156305D50C9066719A63F5C70061
S1136800946AE31BD5FE886E08EF14EB426418E922
S1136810E2602685A26498EE05616F106019631C1E
S1136820080E0C6E106AB69742640CEE90E993E67B
S11368301700E26014E726853E97A2641CE3056115
S11368406F1000170589B69709E9033504FF098F0E
S1136850146F106BAA9714EE90EA13E6170083B630
S1136860012F10E798E9E3EED7F083B5813526854B
S1136870EFF05FD939B751466372D602130640056B
S1136880636AD60493D6C7001B85F6061B1515004C
S11368901B86E6060E05A1BFB69719B71B85C6056C
S11368A01B1515001B86B6050E0591B798F598F1D2
S11368B008EF08EB233417012330F800D9B503B8E7
S11368C085001B56264085473396C700336606016C
S11368D090E51DBF13064015636CD60093D6F700F0
S11368E01B8586071B1515001B8676070E0501B749
S11368F013064055636CD60093D627011B85D60733
S11369001B1515001B86C6070E05D5B51305007F9C
S11369101306E007E9BD93E6170014E71CE295B5FA
S11369201C6A638C071A83D705011D71A2E852F80B
S113693056F486ECA6E4CAE04EFC5AF05EEC62E83B
S113694066E46AE013F78700328AAA8A2E8425C394
S1136950986D31CF13F7270003390A0035C73C641B
S11369600C7C370B008081498144134B0BC04E864D
S1136970568585C8A68663739B00DA86812682972E
S11369806355A01483370A01AA99898C3385A740DB
S11369902338AA00630705103C640C7C4E86568598
S11369A0F1F883390900833489004109C9B7A28504
S11369B05685EFE08FD863180528835704010339FF
S11369C00A0013F7270041FF13F7170035EB44447F
S11369D00860370B0080934BEBFF014C8149134B4C
S11369E0FBFFA68C6388090413F70720630A0712C8
S11369F0268D63F79918CE8C4E8D6A86E285EF005A
S1136A00B05658441C60CE84BB0C9741EA972326A9
S1136A1094011CE0814903360A01269CB304964084
S1136A2023389A00BDCC4444086083570401A68CE3
S1136A30E39C09FA033C090083398900410955B7ED
S1136A4081490145814C014C630B0C0845C1CE8B37
S1136A5063733C01E28B08601C6C1450DE8463F7A2
S1136A60A7005C443B8BD700634D7B0963C4DB18F0
S1136A703C640C7C668656858297AA846357A0047E
S1136A809B070500BB89F9400545638B09028337E1
S1136A900A01A69C330C9C40B384974023389A0087
S1136AA0C5F40145E6604664A6640669E279427A63
S1136AB0A27A027BE26B426CA26C026D2561828039
S1136AC0A2855685EFF0AFFD79D18317040193E7D2
S1136AD007042318F4007D55F1B701458280033C77
S1136AE08900833C09004109E30B0CFE6286A94539
S1136AF06685EF005024630F05120505BB09954117
S1136B00B9B7E6855A86EF0030461C60A2855685E3
S1136B10DA971CE0EFF0AFF84DF9DA87DA849DB725
S1136B201C6C63E8A7021C5063E5F902CE8663F38C
S1136B303B01DA86BBC6F60238640C7C6286568555
S1136B40BB86F6020297AA84E351A0F8B389994060
S1136B50D9B563F39900CE842686E285EF00D04050
S1136B605C441860BB869740269754C418E0F9FE2D
S1136B70A2855685EFF0AFF229F9B389994061BD3A
S1136B8013F70748E30B07E604500C6C138719004E
S1136B909B961400A59E0D8D9BD4F6011B0D05003C
S1136BA0B59C9BD414406A9763F5E4009B84190058
S1136BB0A99C93F70740A9CFA6855685EF00C03559
S1136BC0AA8C25CD0C6C6A86EF00D01F8357040174
S1136BD093F7F7B793E707082318F4003385AC015C
S1136BE0BB87A441233C940108E004D0CE8C5CC450
S1136BF04E8D21B55E86E685EF001037544418604B
S1136C009B870B00BB8676415E9754C418E09DBDFC
S1136C1026865685EF20E02EAA8C69F10C6C5685E9
S1136C20EFF05FAB83170401314723A0EA0093F729
S1136C30F7F771BD9B091C0019BD31478317040187
S1136C4023A0EA0069B57D55B1BD5D714AF84EF4E3
S1136C5052F056EC5AE85EE486E4A2E026FC2E8A62
S1136C6013090508014B930A000B854BFD59832733
S1136C70890003340901635BF0029B84F7FF8214EB
S1136C8081908504B3845403A2948357040163FB65
S1136C90FB0083172401228563863701029A336B34
S1136CA06501012B1304040BE39184FE03390900ED
S1136CB0E31F09FAA6600664E2744279A279027AB3
S1136CC0E26AA26B5A85426B616182805D714AF807
S1136CD04EF452F056EC5AE85EE462E086E4A2E038
S1136CE026FC2A8C2E8A13090508014B930A000BF3
S1136CF0854BFD598327890003340901635CF00245
S1136D009B84F7FF821481908504B3845403A29476
S1136D108357040163FCFB0083172401A285628569
S1136D2063863701029A336B6501012B1304040B4C
S1136D30E39084FE03390900E31E09FAA6600664A1
S1136D40E2744279A279027AE26AA26B026C5A85F1
S1136D50426B61618280130505108280138581185E
S1136D60828013858118828083D70501357122E9D9
S1136D7006ED26E54AE1CEFCD2F813F727002E846F
S1136D8019CF9387F5079CE19CED85479CD1EA6078
S1136D904A64AA640A69E679467A0D618280839519
S1136DA02501AA8463C905063000EF40106F6342D1
S1136DB00506B249BD670569B3F9F9008967B38966
S1136DC0F94093B9190013090980130A0040930587
S1136DD000402685EF0040148317040121CD196774
S1136DE013074738B8E493E707082318F40008E0CA
S1136DF008EC2320440363940906B367F900EA60AE
S1136E002318F4004A64AA640A69E679467A0D6193
S1136E1082808357040193F7070801499DCB9305AA
S1136E2000042685EF00400F83170401130A0004B1
S1136E30814955F513F7072039FBF19B93E72700A8
S1136E401307F4072318F400854718E018EC1CD046
S1136E503DBF130A00408149930500409DBF83153F
S1136E6024012685EF40106701E58317040171B7FB
S1136E7083570401F19B93E717009B9707019BD766
S1136E800741A5BF757122E12E8483952501A6FCD7
S1136E90CAF806E5B284368963CC05023000EF40B7
S1136EA0D05F63470502B2473D67AA60F98F09675F
S1136EB0998F0A6493B717002320F90093070040C1
S1136EC09CE00565E6744679130505804961828076
S1136ED0831704012320090093F7070899CBAA60BC
S1136EE00A64930700049CE04679E674014549610D
S1136EF08280AA600A64930700409CE04679E674A5
S1136F00014549618280AA8503B5012E31A0AA8575
S1136F1003B5012E6FF00FFC1D71A6E4CAE086ECE8
S1136F20A2E84EFC52F856F45AF05EEC62E866E4CD
S1136F30938475019307E0022A8963E79704930712
S1136F40000263E2B71EEF00902693040002930749
S1136F5000051146B9699389899FCE978067138785
S1136F6007FF6303E41E1C64146C1068F19BA29772
S1136F70986714EE90EA136717004A8598E7EF00C4
S1136F8030231305040165A2B7070080C19893C795
S1136F90F7FF63EA971863E8B418EF0050219307EA
S1136FA0701F63F1973A93D79400638D07261147B6
S1136FB06361F73093D764001B8697039B16160012
S1136FC01B8587038E06B9699389899FCE9680664F
S1136FD0C116638F8616FD4531A063560728006CE1
S1136FE0638886161C64F19B33879740E3D7E5FEDC
S1136FF003B409023968130888A02A8663110417A8
S113700083B789001B5726408545B395E50063F88F
S1137010B71A03B40901033A8400937ACAFF63E7F9
S11370209A00B3879A407D476340F72203BA8135BB
S113703003B7812EFD57330C5401269A6302F73AA5
S11370408567FD073E9AFD77337AFA00D2854A8533
S1137050EF204033FD572A8B630BF530636785318E
S1137060BD6B938B8B9503A70B00BB07470123A034
S1137070FB00BE866300AC4003B7812EFD57630757
S1137080F740B3078B41B59F23A0FB00137CFB00A3
S113709063060C360567330B8B4193070701410BDD
S11370A0B3878741B30C4B01338A97417D17337AF9
S11370B0EA00D2854A85EF20E02CFD57630DF540A8
S11370C0330565411B070A002A9A83A70B0023B8DE
S11370D06901136A1A00B99F23A0FB0023344B01F2
S11370E06309343B7D466378563B146413878AFEF8
S11370F0419B858AD98E14E4A545B306E4008CE649
S11371008CEA6361E63E033A8B005A8483B6013508
S113711063F4F60023B8F13483B6813463FDF624B6
S113712023B4F13489ACB1472320F9000145E6606A
S11371304664A6640669E279427AA27A027BE26B2B
S1137140426CA26C25618280806F0926E39D87E0F2
S113715003B409023968130888A0E30304EB1C6430
S1137160FD46F19B3387974063C7E61A23B40903AE
S113717023B00903635F070A1307F01F6368F70E60
S11371808D831B8717001B1717000E0703B5890093
S11371904E970C639BD627408547B397D700C98F7A
S11371A0930607FF14EC0CE823B4F90000E380ED28
S11371B01B5726408545B395E500E3ECB7E433F768
S11371C0F50001EF8605719A33F7F500112611E7F2
S11371D0860533F7F500112665DFFD481B0316000D
S11371E01B1313000E0341134E931A851C6D328E2C
S11371F06302F50E98673E849C6F719BB3069740BB
S113720063C1D80EE3C606FE2297146710684A8548
S113721093E6160014E71CEE90EBEF00607913057B
S1137220040131B793060040130600041305F0036C
S113723059BBA29798674A851367170098E7EF0030
S1137240207713050401E5B513E7140018E4A294AC
S113725023B8990093E717004A859CE4EF00407532
S113726013050401E9B5146C106811B313D7970022
S1137270914663F2E60ED14663E8E61A9B05C7051C
S11372809B9515009B06B7058E05CE959861C11593
S1137290638BE5141467F19A63F5D700186BE39BCD
S11372A0E5FE0C6F83B789000CEC18E880E900EF69
S11372B001B75147637FF70C130740056364F71860
S11372C093D7C4001B86F7069B1616001B85E7069A
S11372D08E06D5B9052E93773E004105E1CB1C6D92
S11372E001BF106893E514000CE41CEE90EBA2942B
S11372F023B4990223B0990293E7160023BC040136
S113730023B804019CE422974A8514E3EF00406A01
S11373101305040129BD93E6140014E4A29423B4D4
S1137320990223B099029366170023BC040123B881
S1137330040194E4A2974A8598E3EF00606713057B
S11373400401F5B313D634009B0716009B9717006E
S113735001268E0701B113D767009B0597039B9500
S113736015009B0687038E050DB7630B340F03B41A
S11373700901033A8400137ACAFFB3079A4063658C
S11373809A007D47E342F7EC4A85EF0060620145CD
S113739079BB1B86C7059B1616001B85B7058E0691
S11373A01DB1833703017D366394671893773600E4
S11373B04113E5FB03B7890093C7F5FFF98F23B4A5
S11373C0F9008605E3E7B7C4E38505C433F7F500A0
S11373D011E7860533F7F500112E65DF7286FDBBD4
S11373E0130A0A02A5B103B589009BD62640854736
S11373F0B397D700C98F23B4F9007DB5330C4B0183
S1137400330C8041521C135C4C03E2854A85EF1017
S11374107077FD570147E30AF5CA330565411B0739
S11374200C00330A850155B19306400563E9E6066D
S113743013D7C7009B05F7069B9515009B06E70627
S11374408E05A1B5130740156369F70693D7F400B9
S11374501B8687079B1616001B8577078E06A5B625
S1137460BD6B938B8B9583A70B00BB86470123A031
S1137470DB0019B113174C03E31007C003B409016F
S1137480569A136A1A002334440149B123B4612F74
S1137490F5BE5A84A5B985472334FB00F5B5930698
S11374A0401563EDE60413D7F7009B0587079B950A
S11374B015009B0677078E05C9BB13074055636DFE
S11374C0F70493D724011B86D7079B1616001B8548
S11374D0C7078E06CDBC411C338A8C01330A6A412E
S11374E00147E5B6930504014A85EFF0AF9E03B466
S11374F0090183A70B00033A840009B99306405598
S113750063E3E60213D727019B05D7079B95150074
S11375109B06C7078E0595BB9306007F1306F007ED
S11375201305E0074DB49305007F9306E007B1BB54
S113753083B7890079B59377750093F6F50F95C3F2
S11375409307F6FF05C67D5601A805051377750058
S113755011CBFD17638CC70003470500E317D7FE63
S11375608280B2871D47636FF70099E301458280EB
S1137570AA9721A00505E30BF5FE03470500E31BCD
S1137580D7FE828093F5F50F13978500D98D139755
S1137590050183B8012A4D8F03B8812A9315070288
S11375A0D98D1D4318612D8F330617011347F7FF3B
S11375B0718F337707014DFFE1172105E364F3FE73
S11375C0C5FB6DB7B3C7A5009D8BB308C500E9E340
S11375D09D4763FFC70A93777500AA868DEF13F65C
S11375E088FF930706FC63EBF60463F3C6022E8759
S11375F0B68703380700A107210723BC07FFE3EA86
S1137600C7FE9307F6FF958FE19BA107BE96BE9533
S113761063E31609828003C70500850693F77600A5
S1137620A38FE6FE8505C5DF03C70500850693F72E
S11376307600A38FE6FE8505F9FF55B783B3850071
S113764083BF050103BF850183BE050203BE850216
S113765003B3050303B88503B86183B205009386B9
S1137660860423B076FC23BC56FA23B4F6FD23B873
S1137670E6FD23BCD6FD23B0C6FF23B466FE23B8C3
S113768006FF23BCE6FE93858504E3E9F6FAB1BF61
S1137690AA86E37115F99387F8FF13861600958F70
S11376A093B7970033B7C8001347170093C7170061
S11376B0F98F93F7F70F3687C5C3B3E7B6009D8BF1
S11376C0C1EF054363E4C8003383D840137883FFD4
S11376D0AE872E989063A1072107233CC7FEE39B46
S11376E007FF937783FFBE95E306F3F203C7050014
S11376F08507BE96A38FE6FEE3FE16F103C71500C9
S1137700938716002380E600E3F617F103C72500EC
S113771093872600A380E600E3FE17EF03C7350036
S1137720938736002381E600E3F617EF03C745008D
S113773093874600A381E600E3FE17ED03C75500D7
S1137740938756002382E600E3F617ED83C76500AE
S1137750A382F6008280050683C705008505A30F72
S1137760F6FEE36A16FF828063F3A502B387C500C1
S1137770637FF5003307C500630E061683C6F7FF63
S1137780FD177D172300D700E39AF5FE8280FD479D
S113779063E7C70CAA879308F6FF6302061693866D
S11377A0150033E7B7003386D7401D8B13367600B8
S11377B01346160013371700718F6303071213B7AC
S11377C0A800134717001377F70F630B07101388EC
S11377D098FF13583800138E180005082E86BE86AD
S11377E00147033306000507210623B06600A106FE
S11377F0E36907FF0E08C297C295B3880841630B7B
S11378000E0F03C705002380E7006385080E83C6B7
S113781015000547A380D700638EE80C83C62500B6
S113782009472381D7006387E80C83C635000D47D9
S1137830A381D7006380E80C83C6450011472382E7
S1137840D7006389E80A83C655001547A382D70089
S11378506382E80A03C765002383E7008280B3E7F5
S1137860A5009D8BC9EB930806FE93F808FE938848
S11378700802330815012E87AA8714631307070229
S11378809387070223B0D7FE833687FE23B4D7FE3F
S1137890833607FF23B8D7FE833687FF23BCD7FE82
S11378A0E31DF8FC13778601C6959376F60129CB80
S11378B083B80500138786FF1D4823B01701637B37
S11378C0E80083B88500C11623B417016374D80097
S11378D0946994EB619B21071D8ABA97BA9565BD9B
S11378E08508BE9803C7F6FF85078506A38FE7FEC4
S11378F0E39A17FF82809308F6FFAA874DB582802A
S1137900368651BD3D432A876371C3029377F700DE
S1137910C1E3BDE1937606FF3D8ABA960CE30CE71A
S11379204107E36DD7FE11E28280B306C3408A06A5
S11379309702000096966780A6002307B700A30667
S1137940B7002306B700A305B7002305B700A304B7
S1137950B7002304B700A303B7002303B700A302AF
S1137960B7002302B700A301B7002301B700A300A7
S1137970B7002300B700828093F5F50F9396850036
S1137980D58D93960501D58D93960502D58D59B75E
S1137990939627009702000096968682E78026FA3F
S11379A09680C1171D8F3E96E371C3F89DB7828000
S11379B08280B56635654111938686E50146930557
S11379C0A008130505F806E4EF30906901114AE0B8
S11379D00339050422E826E406ECAA842E84630411
S11379E00902833789019DCF13173400BA9788633E
S11379F039C5186198E323380500E2604264A26443
S1137A0002690561828013050002EFF0CFCFA8E080
S1137A102A8929C9232405002338050023300500B9
S1137A20233C050013061004A1452685EF30D067DA
S1137A30BC60233CA9009C6FC5FB01457DBF054983
S1137A403B1989001B0609001D060A068545268583
S1137A50EF3090657DD10214021901903364240142
S1137A6000E551BFB5663565938686E50146930505
S1137A706006130505F8EF30B05E3C6199CB89C907
S1137A8098459C6F0E07BA97986398E18CE38280BF
S1137A908280011126E8AA84130500022EE406EC74
S1137AA0EFF06FC6A8E0A2650DC5232405002338B6
S1137AB0050023300500233C050081C998451C6D51
S1137AC00E07BA97986398E18CE3E260C26405619B
S1137AD08280EFF01FEE397126F4C449416322F825
S1137AE04AF04EEC06FC52E856E42E89AA89368404
S1137AF01388850181487D13832708001108852890
S1137B00B3F66700BB86C6029BD70701BB87C702D3
S1137B10A19E1BDE06013377D300BB86C7019B976A
S1137B2006013D9F232EE8FE1BD40601E3C698FC04
S1137B3009CC8327C90063D4F402938744008A07DD
S1137B40CA9780C78524232A9900E2704274A274DC
S1137B50E269426AA26A4A850279216182808325A8
S1137B6089004E858525EFF07FE6AA8A25C5032680
S1137B70490193050901410509060A06EFF09FA48E
S1137B8003BA090463080A02033A8A0183278900B5
S1137B908E073E9A83370A002330F9009387440006
S1137BA023302A018A075689CA9780C78524232A45
S1137BB0990061BF13050002EFF0EFB423B0A904EC
S1137BC00DC5232405002338050023300500233C7C
S1137BD005006DBFB5663565938606EC01469305D1
S1137BE0500B130505F8EF30B047EFF09FDC397107
S1137BF022F826F44AF04EEC52E8B6842E84A126EC
S1137C00A54506FC56E45AE0A547BBC6B6022A8938
S1137C10B2893A8A63D2970A854781459B971700B0
S1137C208525E3CDD7FE4A85EFF05FDAAA8559C5ED
S1137C3085475CC9232C4501A54763DC3707939727
S1137C400902130B940081939B8A09003E945A8A7B
S1137C5083460A0029464A859B8606FDEFF0BFE766
S1137C60050AAA85E3168AFE1B848AFF0214019082
S1137C705A9463D59902FD34BB84344182148190B3
S1137C808504A2948346040029464A859B8606FD02
S1137C90EFF07FE40504AA85E39684FEE270427463
S1137CA0A2740279E269426AA26A026B2E8521619A
S1137CB082802904A54975BF8145B5B7B566356588
S1137CC0938606EC01469305E00C130505F8EF30A6
S1137CD030394177698FAA8729E39B170501E1466B
S1137CE04145370700FF7D8F01E79B978700368565
S1137CF0370700F07D8F01E79B9747001125370771
S1137D0000C07D8F01E79B972700092563C6070004
S1137D10F983858B052589C78280A1460145D1B7A2
S1137D201305000282801C412A8793F677003E8661
S1137D3081CE93F617000145A9EA098A39CE9BD76B
S1137D4017001CC30545828093960703C1929DCEFC
S1137D502146014593F6F70F81E69BD787003285CC
S1137D6093F6F70081E611259BD7470093F6370079
S1137D7081E609259BD7270093F6170089EE9BD748
S1137D801700052589EB1305000282809BD70701A4
S1137D9061464145C1B71CC382809BD727001CC3E1
S1137DA009458280011126E4246122E84AE006ECB8
S1137DB02A842E8995C09C6C9DCF886735C1186133
S1137DC098E7E260426485478217232C25011CE969
S1137DD0A26402690561828013050002EFF0AF928C
S1137DE028E0AA8431C92324050023380500233060
S1137DF00500233C050013061004A1452285EF303D
S1137E00B02A3C6088EC9C6FCDFBB56635659386E3
S1137E1006EC014693050014130505F8EF305024D1
S1137E201306400285452285EF30102879DD854709
S1137E30861785071CE571B7B5663565938686E5B3
S1137E40014693056006130505F8EF30702179713A
S1137E504AE84EE40329460183A9450126EC52E091
S1137E6006F422F02E8AB28463C72901CA87AE843D
S1137E704E89328ABE89DC443B0439018C4463D385
S1137E8087008525EFF09FB4630E051C130385015D
S1137E90931824009A98637813093387A8401D1710
S1137EA093572300DD4613562700858B63FAE61AA1
S1137EB09A8689C7232C05009306C5011D8E0506E5
S1137EC099078A0713571600AA970E073E9723B0FF
S1137ED00700A107E39DE7FE1377E6FF931727004A
S1137EE0B6976302C70423A0070013874700637C87
S1137EF0170323A20700138787006376170323A4BD
S1137F0007001387C7006370170323A607001387AE
S1137F100701637A170123A80700138747016374D5
S1137F20170123AA070013088A01139E2900938EC0
S1137F30840193152900429EF695637AC80F9387AE
S1137F409401114F63F7F51041667D1609A89BD281
S1137F500201639C020611081103637AC80D83228F
S1137F600800B3F4C200E5D49A83F682014983A6DB
S1137F70020083AF03009103B3F7C600BB879702E7
S1137F801BD70601B3F6CF009BDF0F0191023B071D
S1137F909702B59FBB8727019BD60701F18F3B074B
S1137FA0F701359F9B160701D58F23AEF3FE1B59AE
S1137FB00701E3EEB2FAB307E30123A0270183220A
S1137FC008009BD20201E38802F8832603009A8307
S1137FD0F68FB684014783A70F009BD90401F18E65
S1137FE0F18FBB87570283A443009103910F33F9A8
S1137FF0C400BB873701B99F1B970701D98E23AEF5
S1138000D3FE03D7EFFF9BD707013B0757023B077C
S11380102701B99F9B8607001BD70701E3EDBFFA31
S1138020B307E30194C311081103E36AC8F363457A
S1138030800039A07D3409C483A7C8FFF118FDDB93
S1138040A27040C90274E2644269A269026A45618D
S11380508280338F95401D1F137FCFFF110FEDB525
S11380609A8751B5B5663565938606EC0146930546
S1138070D015130505F8EF30A07E797122F04AE897
S11380804EE406F426EC52E0937736003284AA8953
S11380902E89DDE3098439C803BA0904630A0A0A8C
S11380A083340A01F1C49377140089EB05841DCC51
S11380B0886031C5AA8493771400EDDB2686CA85CF
S11380C04E85EFF0DFD883B709042A8AA9C7630273
S11380D00904032789009C6F05840E07BA979863E7
S11380E02330E90023B02701528979F0A270027489
S11380F0E264A269026A4A854269456182802686F1
S1138100A6854E85EFF0BFD488E023300500AA840D
S11381105DB7528961BF13050002EFE0DFDE23B0D3
S1138120A904AA8749C12324050023380500233064
S11381300500233C050061BFFD373567130707FDC4
S11381408A07BA9790438146EFF0FF982A8999B736
S113815013050002EFE03FDB23B0A9042A8A31C5EE
S1138160232405002338050023300500233C0500A3
S113817085454E85EFF09F85AA8419C9930710277A
S11381801CCD85475CC92338AA002330050021BFD4
S1138190B5663565938606EC014693050014130510
S11381A005F8EF30E06BEFF0DF80B5663565938658
S11381B086E501469305E01A130505F8EF30406A99
S11381C05D714AF803A94501DC455AE81B5B56403A
S11381D03B096901A2E026FC4EF452F05EE486E419
S11381E056EC1B0A19002E84B2848C45AA89935B31
S11381F0564063D747019B9717008525E3CD47FF7A
S11382004E85EFF0AFFCAA8A630A051E9308850128
S1138210635F700993D728001B07FBFF9546858B86
S113822063F9E61C6380071C1306C501232C0500B3
S113823005453B07FB4099078A079B561700D697CD
S11382408E069B050700BE9623B00700A107E39D99
S1138250D7FE9377E7FF9B8607001397060279837F
S1138260A99F32976381D504232007009B861700BA
S113827063DB7603232207009B86270063D57603FE
S1138280232407009B86370063DF7601232607003B
S11382909B86470063D9760123280700952763D47A
S11382A07701232A0700021B135BEB01DA984C4881
S11382B09307840113F8F4018A05BE95631A080A2A
S11382C0B3868540130894019D1613B6060333B58F
S11382D005011307C401134616001345150033871F
S11382E0E840698E3337E000718F25C733E7170103
S11382F01D8B25E3054563FA050F935515008E057F
S1138300BE864687C69590622107A106233CC7FE18
S1138310E31BB7FE9376E5FF13972600BA974697BB
S1138320630AD5089C4383B409041CC323AA2A0105
S1138330D9E413050002EFE01FBD23B0A9044DCD1D
S1138340232405002338050023300500233C0500C1
S113835085A898439107910823AEE8FE63FCB7040F
S113836098439107910823AEE8FEE3E4B7FE99A091
S1138370130500023B050541468601479443110657
S11383809107BB960601558F232EE6FE03A7C7FF70
S11383903B57A700E3E4B7FE93069401914763E7D4
S11383A0D500B38785409D17F19B9107C69798C365
S11383B011C3528983B4090423AA2A01BDD8846C49
S11383C01C44A66042798E07BE949C60A279027A0E
S11383D01CE080E00664E274426BA26B5685E26A9C
S11383E06161828046860145A9B58982138516009C
S11383F029B7468781478DBDEFF0AFDBB56635659C
S1138400938606EC01469305901D130505F8EF309D
S11384102045DC492A8848491D9D0DE58A076108E5
S1138420E1053307F800AE9719A0637DE800032641
S1138430C7FF83A6C7FF7117F117E308D6FE7D5562
S11384406373D6008280054582800111584A4AE050
S113845003A9450122E826E406EC3B09E940AE8481
S11384603284631D091293162700E1051307860160
S1138470B387D500369719A063F6F51203A6C7FF94
S11384808326C7FFF1177117E308D6FE6363D6107E
S11384908C44EFF0AFD36305051283A84401832213
S11384A04401938F840113932800130884018A02E2
S11384B093038501416E232825017E93C2921E8F6A
S11384C0FE8E01477D1E83A60E0083250800110F32
S11384D0B3F7C601B99F33F7C501999F9BD5050131
S11384E01BD706010D9F9BD60741359F9B1607019D
S11384F0B3F7C701D58F81271108232EFFFE910EF4
S11385001B570741E36158FCB38582409D15650400
S11385108981814663E48200939625009E961148E2
S113852063E58200850513982500C29FC29363F416
S11385306F0441689E857E867D181442910511065C
S1138540B3F70601B99F1BD706019BD60741359F98
S11385509B160701B3F70701D58F812723AEF5FEDC
S11385601B570741E36B66FC9306F3FFB38FF64199
S113857093F6CFFF9E9691E783A7C6FFFD38F116C9
S1138580E5DFE2604264232A1501A2640269056101
S11385908280A6870549A2843E84DDBDE34B09FEA3
S11385A00149FDB58145EFF06FC215C5E260426433
S11385B085475CC9232C0500A26402690561828099
S11385C0B5663565938606EC0146930500241305CC
S11385D005F8EF30E028B5663565938606EC01466C
S11385E093052023130505F8EF308027D30705E210
S11385F03707F07F81937D8FB707C0FCB99F1B8736
S113860007006356E0008217538507F28280BB0798
S1138610F0401BD74741CD4663C7E600B7070800C3
S1138620BBD7E740CDB79B06C7FE794681470547D0
S11386306346D600370700803B57D7008193021763
S113864001938217D98F538507F2828050496105BF
S1138650C1760A062A968328C6FF1303C6FFB3F61B
S1138660D800C1E29B9708016147C146370800FF63
S113867033F80701631508009B978700BA8637080B
S113868000F033F80701631508009B974700912613
S1138690370800C033F80701631508009B972700CB
S11386A0892663C60700F983858B8526C9C7130805
S11386B00002BB07D8409CC1A94763D2D7041B87DB
S11386C056FF63746502832586FF5DEFB707F03FAD
S11386D0B3E7F800821581918217CD8F538507F295
S11386E08280C6872147814651B7814565D3BB97B0
S11386F0E8003707F03FD98F82178145B5A8AD450B
S1138700959D3707F03FBBD7B800D98F8217014733
S113871063766500032786FF3B57B700D526BB98D1
S1138720D800336717018193021701938217D98FF9
S1138730538507F2828023A005005547E37965FA43
S1138740832586FFAD4661165547BB97E800BBD825
S1138750D500B3E71701B708F03FB3E717013B971C
S1138760E50082179B0507006378C5008325C6FFD3
S1138770BBD5D500D98D812581938215819182172E
S1138780CD8F538507F282806116BB06E84075BF22
S113879079714AE80339050422F026EC4EE452E0EC
S11387A006F4530405E2AA842E8AB289630C091ED6
S11387B083378901638707208867630B0522186163
S11387C098E7935704421BD8470123380500B21792
S11387D01378F87FB1936306080037071000D98F28
S11387E081271B0704002DC3937677006384061446
S11387F0937617006394061A9376270063820624FF
S11388009B95F7011B56170085464D8E10CDBBD79F
S1138810D7003337F00005075CCD58C9630C080452
S11388201B08D8BCA27002743B08D80093075003FD
S113883023200A01BB86D74023A0D900E264426901
S1138840A269026A4561828013F777003E8651CFA0
S113885013F717009306000201EB098A630D061C47
S11388609BD71700930610021CCD85475CC90547AA
S1138870E31808FA9B86E6BC931727002320DA0046
S1138880AA97DC4BC1761B175700FD8EA1EE9B9770
S11388900701E145C146370600FF7D8E01E69B973F
S11388A08700AE86370600F07D8E01E69B97470071
S11388B09126370600C07D8E01E69B972700892606
S11388C063C70700F983858B852663830716A27027
S11388D00274159F23A0E900E2644269A269026A56
S11388E045618280A14581467DB713970703419373
S11388F045E31BD707013A86E146C14501E61B570C
S11389008700B6859376F70081E691251B574700CB
S11389109376370081E689251B5727009376170045
S1138920638E060EBA871CCD85479B8605025CC9FB
S113893005473DBF93160703C192B1C63A86A148C5
S113894081469375F60F81E51B568600C68693759E
S1138950F60081E591261B56460093753600CDE559
S11389601B562600892693751600B68891E5852640
S11389701B561600B68879CA93050002BB851541BB
S1138980BB95B70059B51B560701E148C14655BF11
S113899013F6F70F3E87A14681458DB73A8610CD71
S11389A0814685BD13050002EFE0EFD5A8E02A89D2
S11389B05DC1232405002338050023300500233C32
S11389C0050013061004A1452685EF20F06DBC6058
S11389D0233CA9009C6FE39107DEB5663565938659
S11389E006EC01469305A030130505F8EF20506707
S11389F01306400285452685EF20106B79DD8547F7
S1138A00861785071CE575BB93751600ADD1C1DAD1
S1138A1093050002959DBB95B700C5BB1B57170076
S1138A2093060004E30207E49B861502BA872DBD72
S1138A309306000269BD9BD72700930620022DB53B
S1138A409B95E7011B5627008946C1B3BE853A862C
S1138A50930600025DBBB5663565938686E50146DF
S1138A6093056006130505F8EF20905F797122F0F5
S1138A702E846C0026EC06F4AA84EFF03FBD032894
S1138A8044016104530605E2931E2800A29E03AE2E
S1138A90CEFF417732853377EE00138FCEFF5DE74B
S1138AA09B170E01E1454147B70600FFFD8E81E6A5
S1138AB09B9787002E87B70600F0FD8E81E69B9773
S1138AC047001127B70600C0FD8E81E69B9727005B
S1138AD0092763C60700F983858B0527EDC3930730
S1138AE00002A946BB8FE74063DFE6081B0357FF7C
S1138AF06372E40783A58EFF6317030EB706F03F86
S1138B00B366DE00821581918216CD8EDC48B245B3
S1138B103687BB8707419B975700BB85F541BD9DB1
S1138B20635EB00201929B974501B19F1316050243
S1138B30821701925D8EA2700274D30706F2530766
S1138B4007F2E26453F5E71A45618280F287A14592
S1138B50014799BF8145E30303FAB5A093D7060201
S1138B601B9745013B87E740821602178192558F78
S1138B70A2700274D30706F2530707F2E26453F5B6
S1138B80E71A45618280AD47999FBB56FE00B70541
S1138B90F03FCD8E821681486376E40183A88EFF70
S1138BA0BBD8F80055273B1EEE00B3E8C8018192FC
S1138BB0821893D808028216B3E6160181BF636057
S1138BC0E4075543814FBB166E003703F03FB3E60D
S1138BD06600821681488192821893D80802821610
S1138BE0B3E6160125B7E11E3B876740BB166E004E
S1138BF03BDEE500B3E6C601370EF03FB3E6C6013F
S1138C00BB95650082169B880500E376D4FD83A896
S1138C10CEFFBBD8E800B3E8B80081286DBF83A5B8
S1138C208EFF2D47E11E5543814FC9B7DD4763DBF6
S1138C30A70007B5012887B781287D355375F5123C
S1138C406DFD8280B567938707FD0E053E95082963
S1138C508280544A1B87F5FF1B575740052793050D
S1138C6086018A060A07AE962A9763F9D506130881
S1138C70C601B3E7A5009D8B3308054133380001D5
S1138C8093B717003386C640B3F707011D16E5C333
S1138C909337060393C7170093F7F70FE9CB0982BD
S1138CA013031600935813008E08AE86AA87AA9859
S1138CB003B80600A107A10623BC07FFE39A17FF28
S1138CC01378E3FF93172800B306F500BE956304F9
S1138CD003019C419CC205060A0632956378E508A7
S1138CE09306F7FF898E93572500DD4513D626009A
S1138CF0858B63FDD502AA8589C79305450023208A
S1138D0005001D8E05068A07935616003E95939717
S1138D103600AA97233005002105E31DF5FE93775D
S1138D20E6FF139527002E956302F6042320050021
S1138D309307450063FCE70223220500930785009F
S1138D4063F6E702232405009307C50063F0E702F6
S1138D50232605009307050163FAE700232805008D
S1138D609307450163F4E700232A05008280AA875C
S1138D7003A805009105910723AE07FFE3EAD5FE9A
S1138D80098291BF584913D6554093068501635D06
S1138D90C70093172700B69763F8F60203A7C7FF27
S1138DA0F1177DDB0545828093172600B697E355BE
S1138DB0E6FEFD89F5D1904305453B57B600BB154A
S1138DC0B700E38BC5FC828001458280011126E84F
S1138DD006ECAA8419C11C59B1CBB567938787F4F3
S1138DE06301F606B567938707F1630EF604B5676A
S1138DF0938787ED6301F6065C461B87F7FF58C629
S1138E00635A07001C566342F70493F7F50F29478A
S1138E10638DE7021C6213F5F50F1387170018E240
S1138E202380B700E260C2640561828032E42EE0F0
S1138E30EFD0CFFC2266B567938787F48265E3138E
S1138E40F6FA906455BF906845BFE2602685C26417
S1138E5005616F20A079906C45B701114AE003B910
S1138E60012E22E826E406ECAA842E846305090078
S1138E7083270903A1CFB567938787F46300F406BA
S1138E80B567938707F1630EF404B567938787ED9D
S1138E906306F4065C441B87F7FF58C4635A070053
S1138EA01C546343F70493F7F40F2947638EE702D6
S1138EB01C6013F5F40F1387170018E02380970044
S1138EC0E2604264A2640269056182804A85EFD04F
S1138ED0EFF2B567938787F4E314F4FA0334890057
S1138EE055BF033409017DB722864264E260A6853A
S1138EF04A85A264026905616F20406F03348901C9
S1138F0051BF5D714AF886E4A2E026FC4EF452F0AB
S1138F1056EC5AE85EE462E03289638C05142E84D0
S1138F20AA8AEFE0DFA8033784FF9304790193074B
S1138F30E002130B04FF137AC7FF63FD970AB70718
S1138F400080C19893C7F7FF63EA970A63E8240B8C
S1138F50B3094B01635E9A0CB967938B879F83B601
S1138F600B0183B789006387361593F6E7FFCE9626
S1138F709466858AEDE6F19BB306FA0063D1960AFE
S1138F80058B0DE3033C04FF330C8B4103378C004A
S1138F90719BBA97B38B470163D49B26B30BEA004A
S1138FA063D09B20CA855685EFD01FF72A891DCD33
S1138FB0833784FF130705FFF99BDA97638BE71C5C
S1138FC013068AFF9307800463E8C722130770021D
S1138FD014606360C718AA87228794E3146794E730
S1138FE0186B98EBA2855685EFD0CFEE5685EFE04F
S1138FF03F9C09A893040002E3FC24F5B14723A095
S1139000FA000149A6600664E274A279027AE26A6F
S1139010426BA26B026C4A8542796161828083B79C
S1139020890103B70901368AB309DB001CEF98EB09
S113903083378B0033079A40FD46858B63E9E6044A
S1139040B367FA002334FB0083B7890093E7170062
S113905023B4F9005685EFE0BF95228965B7058BE7
S113906031F3033C04FF330C8B4103378C00719BB9
S113907035B70664A660E2744279A279027AE26A9C
S1139080426BA26B026CB28561616FD0FFE8C58F41
S11390902334FB00B3059B001367170098E583B7DF
S11390A08900C105568593E7170023B4F900EFD072
S11390B06FE24DB7F19BB306FA001386040263D73F
S11390C0C60A058BE31007EE033C04FF330C8B4107
S11390D003378C00719BBA97B3894701E3C0C9EC8D
S11390E083378C0103370C0113068AFF930680042F
S11390F01CEF98EB13090C0163EAC61C930570027C
S11391001860CA8763FFC5002338EC00186493070E
S11391107003233CEC0063E0C71C186893070C023F
S1139120410498E3186498E7186898EB33079C00A7
S1139130B389994023B8EB0093E719001CE7833700
S11391408C005685858BDD8C23349C00EFE05F8694
S113915055BD14E114641307700314E5636FC7105D
S11391601468130704019307050185BD269B858EAA
S113917023B86B0193E716002334FB00833784FF85
S113918056852289858BDD8C233C94FEEFE05F823B
S113919095BD833785FFF19B3E9AB3094B0149BDC9
S11391A083378C0103370C0113068AFF930680046E
S11391B01CEF98EB13090C01B3097C0163E7C60AA1
S11391C0930570021860CA8763FFC5002338EC005A
S11391D0186493077003233CEC0063ECC70A186817
S11391E093070C02410498E318645E8A628B98E743
S11391F018684A8498EB2DBDA285EFE0EFD6DDB365
S113920083B7890103B7090113068AFF9306800413
S11392101CEF98EB03370C0183378C0113090C0105
S1139220B3097C011CEF98EB63E1C604930670025A
S11392301860CA87E3F9C6FA2338EC001864930768
S11392407003233CEC001868E3FCC7F82330EC02FD
S1139250186C930780042334EC0218706304F6043A
S113926093070C0313040402BDBFA2854A85EFE0F3
S1139270AFCF4A845E8A628B65BB186818E9186CA4
S113928018ED1470630BF60213070402930705022A
S1139290A9B31C682330FC021C6C2334FC02187034
S11392A0E310D6FC2338EC02187493070C0413045F
S11392B00403233CEC0218603DB714F11474130743
S11392C004039307050314F5147801BBA2854A85AA
S11392D0EFE08FC9A1BD1C682330FC021C6C233451
S11392E0FC0218706307D60093070C0313040402EE
S11392F00DBD2338EC02187493070C041304040303
S1139300233CEC02186031BDD30705E23706008028
S11393101346F6FF93D5074233F7C5002320050013
S11393203708F07FAE86635C07053368F7000128D1
S1139330630708043708F07FB3F50501014889ED98
S113934087B7012B1308A0FCD377F512D38707E264
S113935093D6074233F7C600370610807D16F18E88
S11393603706E03FD18E1B5747417D561B0727C068
S113937001923B0707018216F18F18C1D58F5385DF
S113938007F28280011122E826E42A842E8506EC65
S113939023A40136EF30C024FD576307F500E260D3
S11393A04264A2640561828083A78136EDDBE260BA
S11393B01CC04264A26405618280411122E02E84B3
S11393C08395250106E4EF205026634905005C6C73
S11393D0A260AA975CEC0264410182808357040175
S11393E07D777D17F98FA2602318F4000264410190
S11393F082800145828083970501797122F026ECF1
S11394004AE84EE406F413F707102E84AA848395E1
S113941025013289B6890DE37D777D17F98F2318ED
S1139420F4000274A270CE864A86A2694269268537
S1139430E26445616F20003F89460146EF20D01663
S11394408317040183152401C1BF411122E02E8436
S11394508395250106E4EF203015FD576301F502DD
S1139460835704010567A260D98F9B9707019BD797
S1139470074148EC2318F4000264410182808357B9
S113948004017D777D17F98F9B9707019BD70741CF
S1139490A2602318F40002644101828083952501AF
S11394A06F20E048B3E7A50013F77700AA8731E7F8
S11394B01D476374C70403B3012A83B8812A1D4E70
S11394C094613387660013C8F6FF33770701337757
S11394D0170105E794E36116A107A105E362CEFE37
S11394E085051388170011CE03C7F5FF9306F6FF11
S11394F0A30FE8FE01CBC2873686850513881700C3
S113950065F682809308E6FF6383061433070041FF
S11395101D8B930577002D4363F36500AD4563E32D
S1139520B80A6304071223000800854589079308D5
S1139530D6FF6305B706A3000800894593072800F2
S11395409308C6FF630CB704230108008D459307F5
S113955038009308B6FF6303B704A30108009145DC
S1139560930748009308A6FF630AB7022302080082
S1139570954593075800930896FF6301B702A30229
S113958008009D4593076800930886FF6318B70099
S11395909307780023030800930876FF998E938538
S11395A086FF8D8185054297014623300700050615
S11395B02107E36CB6FE8E053388B700B388B84044
S11395C06384B6082300080063800808A300080029
S11395D08547638BF8062301080089476386F806EC
S11395E0A30108008D476381F80623020800914710
S11395F0638CF804A302080095476387F8042303E7
S1139600080099476382F804A30308009D47638D0B
S1139610F80223040800A1476388F802A3040800A1
S1139620A5476383F80223050800A947638EF80061
S1139630A3050800AD476389F80023060800B14775
S11396406384F800A30608008280C28781BF8280F9
S11396501C6A5D7152F086E4A2E026FC4AF84EF4DE
S113966056EC5AE85EE462E0328AF9CFAA8A83397A
S113967006008861C0452E89014B8144EDC4228CCB
S11396809B87040063E7840E835709019B8B0400C6
S113969013F7074849C383260902833589011387D1
S11396A014001B941600A19E0D8D1BD4F6019B0B78
S11396B00500359C1B5414405E976375E4001B84BD
S11396C01400299C93F70740CDCBA2855685EFD093
S11396D0BF842A8C55CD833589015E86EFD09FEEF9
S11396E08357090193F7F7B793E707082318F9009D
S11396F033057C01BB0B74419B870400233C890127
S113970023208902232679012330A9003E84BE8BBD
S11397103E8C63E0F4062286DA85EFE0EF840326CC
S1139720C9000335090083370A013B04864062956A
S1139730232689002330A900B38777412338FA0010
S11397405E9BB38474419DFB23240A000145A660FB
S11397500664E2744279A279027AE26A426BA26BED
S1139760026C6161828003BB090083B48900C10972
S113977031B73E84BE8B3E8C79BF22865685EFF08E
S11397804FF82A8C35F5833589015685EFC09FF44F
S1139790B14723A0FA00835709017D5593E70704D5
S11397A02318F90023380A0023240A004DB783D76D
S11397B0050145714EF756EF62E3EEF686E7A2E344
S11397C026FF4AFB52F35AEB5EE7E6FEEAFA93F70A
S11397D00708AE89AA8AB28D368C81C79C6DE38F47
S11397E00712B567130A010E9387870F356BB564AB
S11397F0D2F082F882D4528702E802FC82E482E04A
S113980002E03EEC130B8B269384842783C70D0060
S11398106380072A6E84930650026389D7168347B0
S113982014000504FDFB3B09B44163030928467693
S1139830A6562330B7014A96852623342701B2F869
S1139840B6D41B8606009D46410763C8C63C8266A3
S1139850BB86260136E0638D072483461400930DEE
S11398601400A30B01047D530144014D1309A00509
S1139870A54B850D81269305A0029B8706FE1B86BA
S113988007006360C90462668217F983B2979C4338
S11398908287014403C60D009B1724003D9C9B86D0
S11398A006FD1B1414009B0706FD359C850D9B06C5
S11398B00600E3F1FBFE9B8706FE1B860700E374AC
S11398C0C9FC6387061E230CD106A30B0104854B38
S11398D00549930C8107014339A293680D0183C69E
S11398E00D001B8D080071B793680D011B8D0800D6
S11398F093770D0213068C006382074C83370C00A8
S1139900BE8B63CA074CFD57EA86328C6307F300AB
S11399109376FDF7812663810B46A54763EC776D4B
S11399209B8B0B03A30D710D368D0549930CB10D63
S113993045A093680D011B8D080093770D02130653
S11399408C00638F0744833B0C009376FDBF812614
S1139950328C8147A30B01047D56630FC30293F835
S1139960F6F71B8D080063980B026319037C639858
S1139970074013F91600930CC10D630B09049307F8
S11399800003A30DF10C930CB10D99A03B09B44154
S1139990E30509EC69BDEA860546E380C7F8094694
S11399A0638CC7241309C10DCA8C93F77B0093877A
S11399B00703A38FFCFE93DB3B006686FD1CE39646
S11399C00BFE93F516006391053C3B099941368DD6
S11399D09A8763532301CA87834671059B8B0700CB
S11399E099C29B8B1700137F2D0063030F00892BF3
S11399F0937E4D08C677A65563960E00BB06744148
S1139A006348D022834F71051B8515001306070197
S1139A1063870F02930F710585072330F701854F84
S1139A202334F701BEF8AAD49D4663CAA6289B8FA7
S1139A30250093060702AA8532877E853686630051
S1139A400F02B40814E38907894614E7BEF8AAD4C0
S1139A501D47634AA728AA85328705254106930630
S1139A6000086380DE08BB0623416348D00ECA9712
S1139A702330970123342701BEF8AAD41D47634A33
S1139A80A71493784D00638608003B097441634E24
S1139A9020272287635374015E878266359F3AE0EC
S1139AA06393071483C70D0082D45287E39407D6C7
S1139AB0C6776398077683D7090193F707046395FC
S1139AC00778BE601E640265FA745A79BA791A7A04
S1139AD0FA6A5A6BBA6B1A6CF67C567DB67D79615C
S1139AE08280BB067441E350D0F8C14E63D8DE7463
S1139AF01D4F21A0C13663DEDE028525C10704E3C4
S1139B002334D701BEF8AED44107E355BFFE90100D
S1139B10CE8556851AF036E4EFF09FB349FDA26670
S1139B20C14EC677C136A655027352871D4FE3C690
S1139B30DEFC8525930E0701B69704E314E7BEF80F
S1139B40AED41D47634DB760BB0623411B8515008A
S1139B5013860E017687E35CD0F041436356D368E5
S1139B609D4E21A0C136635CD3028525C10704E361
S1139B7023346700BEF8AED44107E3D5BEFE90108F
S1139B80CE85568536E4EFF0BFAC15F5A2664143A9
S1139B90C677C136A65552879D4EE348D3FC1B8534
S1139BA0150093050701B69704E314E7BEF8AAD499
S1139BB01D476344A7422E870525CA972330970182
S1139BC023342701BEF8AAD41D4713860501E35A9E
S1139BD0A7EA9010CE855685EFF09FA7E31D05EC0C
S1139BE0C677528679BD9010CE855685EFF05FA674
S1139BF0E30A05EAC9B5EA861309C10DCA8C4266AF
S1139C0093F7FB00FD1CB29783C7070093DB4B005F
S1139C102380FC00E3950BFE4DBB9010CE8556854A
S1139C20EFF01FA3E31905E883470400528705B149
S1139C304146635AD604C14F9D4221A0C13663D424
S1139C40DF048525C107233067012334F701BEF8FB
S1139C50AED44107E3D4B2FE9010CE85568536F8D3
S1139C601AF476F07AE4EFF0BF9EE31605E4C276C8
S1139C70C14FC677C136A6552273827E226F5287A2
S1139C809D42E3C0DFFCB697852514E723306701C6
S1139C90BEF8AED49D464107E3D6B6D69010CE8525
S1139CA056851AF476F07AE4EFF09F9AE31505E00E
S1139CB0C677A6552273827E226F5287A1B3901075
S1139CC0CE8556851AF476F07AE4EFF07F98E314A3
S1139CD005DEA655C6772273827E226F90191B85F6
S1139CE015005287A9BB9010CE8556851AF076E4EC
S1139CF0EFF01F96E31105DCA655C6770273A26E3A
S1139D0090191B851500528799BBC146265763D00D
S1139D102605414D9D4C21A04139635A2D03052749
S1139D20C107233066012334A601BEF8BAD4410624
S1139D30E3D4ECFE9010CE855685EFF07F91E31CC2
S1139D4005D64139C67726575286E34A2DFD9B0630
S1139D501700CA972330660123342601BEF8B6D40F
S1139D601D47E358D7D29010CE855685EFF05F8E0D
S1139D70E31305D4C67731BBE31403BA368D01432C
S1139D800149930CC10DA9B193050003E38FB7C238
S1139D907916A38FBCFE3B09C940368DB28C0DB930
S1139DA093770D01E39107BA93770D04832B0C008D
S1139DB0638D073EC21B93DB0B0341BE93770D01FA
S1139DC0E39E07B293770D046388073E831B0C0060
S1139DD0DE87E3DA07B29307D002A30BF104B30BD7
S1139DE07041328CEA86854785BE833C0C00A30B08
S1139DF00104210C638E0C38FD576308F3301A8676
S1139E00814566853AF01AE4EFD0EFF222630277D7
S1139E10630F05403B09954101435DBE83270C0058
S1139E20A30B0104210C230CF106854B0549930C6B
S1139E30810701434DBE93680D0283C60D001B8D3F
S1139E40080005BCE17793662D0093C70783356D41
S1139E50231CF10493070DAE833B0C003EE88126DE
S1139E60210C8947C5BC93770D0283360C00210C65
S1139E7085E393770D0189EF93770D04639E07388B
S1139E8093780D208267638E083A2380F600BDBA6A
S1139E9082679CE2A5BA83C60D009307C006638758
S1139EA0F62A93680D011B8D0800E1B283C60D00EC
S1139EB0930780066385F62C93680D041B8D0800B8
S1139EC04DBA93660D01812693F7060213068C00A2
S1139ED085E393F7060189EF93F70604832B0C00BF
S1139EE0638B072EC21B93DB0B03328C85479DB417
S1139EF0833B0C008547328CB1BC93680D0883C644
S1139F000D001B8D0800B5B283C60D0093871D009C
S1139F10638FB6321B8606FDBE8D0143E3EFCB94FF
S1139F2083C60D009B1723003B8367001B1313009C
S1139F303B03C3001B8606FD850DE3F3CBFE35BA58
S1139F4083C60D0093684D001B8D08001DB2930756
S1139F50B00283C60D00A30BF10421BA03240C0044
S1139F6083C60D00210CE35604903B048040D9BF06
S1139F7056853AF01AE4EFC07FDE1C653E85BEE0EC
S1139F80EF70EFC5AA875685BE8CBEE4EFC01FDD17
S1139F9010692263027732FC83C60D00E38B0C8CBC
S1139FA0E309068C83470600E385078C93680D401C
S1139FB01B8D08007DB893681D0083C60D001B8DA2
S1139FC0080045B88347710583C60D00E393078AEB
S1139FD093070002A30BF10469B89010CE8556854F
S1139FE0EFF00FE7E31905AC2655C6779019052560
S1139FF05287B5BC93F706401309C10DFDC701464E
S113A000CA85A948A54E130DF00F39A0B3D71B0379
S113A010E3FD7E9BBE8BE6850526938CF5FFB3F7A7
S113A0201B039B870703A38FF5FEE27783C7070013
S113A030E39EC7FCE38CA7FDE3F97E99A6678665DA
S113A0403AF4B38CFC403E8666851AF036E4EFF0B1
S113A0506FC56277A948B3D71B0383451700A2666F
S113A0600273B335B0002E973AFC01462277A54E11
S113A07055B7EA8691BDB567938707AE3EE89377F7
S113A0800D029306800713068C00A9EF93770D0148
S113A090B1EB93770D04832B0C0063880712C21B6A
S113A0A093DB0B0393771D0089CF638C0B009368BC
S113A0B02D0093070003230CF104A30CD1041B8D82
S113A0C008009376FDBF8126328C894761B0B5675D
S113A0D0938787AF3EE893770D02930680051306B6
S113A0E08C00CDD7833B0C0075BFCA8C294625450F
S113A0F0B3F7CB02FD1CDE859B8707032380FC009E
S113A100B3DBCB02E366B5FEC9B066853AE4EF7013
S113A1100FAD22671B09050001435DB893050004D8
S113A120EFC09FDF23B0A90023BCA900630E051272
S113A1309307000423A0F9026FF0AFEA8546638C0D
S113A140D70E8946E389D7AAEA86A9B893680D028F
S113A15083C61D001B8D0800850D6FF08FF19010D4
S113A160CE8556851AE4EFF0AFCEE3160594A655D6
S113A170C677226390191B8515005287EDB093684A
S113A1800D2083C61D001B8D0800850D6FF06FEE3A
S113A19099471B09030063F367001949356ECA8B9D
S113A1A0930C0EB101436FF01F8493770D20A5C368
S113A1B093FBFB0F6FF06FF993770D20B9C3830BFB
S113A1C00C00DE8763D107F439B193770D2095C76E
S113A1D093FBFB0FC1BD93F7062089CB93FBFB0FC9
S113A1E0328C85476FF00FF7B28575BA821B93DB0B
S113A1F00B02328C85476FF0EFF5821B93DB0B0269
S113A20055B5832B0C00DE8763DF07EEE9B6821BAE
S113A21093DB0B026FF06FF382672390F6006FF00D
S113A220EFDE9010CE855685EFF08FC269B01A89A3
S113A23001436FF0EFF9EA866FF08FEEB28EAA85D4
S113A240E5B89CC26FF08FDCFD573EE09DB88326D5
S113A2500C00210C1B83060063D306007D5383C6C8
S113A2601D00BE8D6FF0EFE0B14723A0FA00FD574B
S113A2703EE06FF01F85186A5D7156EC86E4A2E03B
S113A28026FC4AF84EF452F05AE85EE4B28A49C712
S113A29083A7850A89662E89F58FADC3033B060023
S113A2A0AA897D5A83378B0003340B0089839B8BE7
S113A2B00700635A70059B84F7FF8214F9809307A3
S113A2C04400BE9419A0638E84020C404A864E85D5
S113A2D0EF10901201251104E31745FF7D5523B8B3
S113A2E00A0023A40A00A6600664E2744279A279F3
S113A2F0027AE26A426BA26B61618280EFC04FE234
S113A300F9BF03B70A018A0B3307774123B8EA0080
S113A310410B49FB0145E1B7232406000145E1B7A0
S113A3200171A2FBA6F7D2EB86FFCAF3CEEFD6E704
S113A330DAE35EFF62FB66F76AF36EEF36F8AA842F
S113A3402E84328A01C51C59638E0714B56793871E
S113A35087F46300F416B567938707F1630DF4146B
S113A360B567938787ED6314F4006F10A005031796
S113A3700401896693170703C19333F6D70015E2E6
S113A3800326840AB367D7009B97070179779BD785
S113A39007417D17718F2318F400C2172324E40AA0
S113A3A0C19313F78700E30C074C186CE309074CBF
S113A3B0E98B2947E381E74EB56793878728BEEC8D
S113A3C0B5679387873F3EE8B567930C0111938780
S113A3D0874066E902F102CD668982E082F482FC5C
S113A3E082F802F43EE083470A0063800736D28B8A
S113A3F0130750026387E76483C71B00850BFDFBCB
S113A400BB894B4163830934EA460A772330490107
S113A4101B8616004E97233439013AF132CD9D46FE
S113A420410963D7C60AE30407528327840A89666D
S113A430F58FC1C7CA6A7D5A83B78A0003BC0A0074
S113A44089831B8B0700E35D604F1B89F7FF0219AB
S113A4501359E90193074C003E9921A0110CE30024
S113A460894F83250C0022862685EF10E07801258C
S113A470E31645FF8357040193F7070499C36F104C
S113A480A007FE705E742275BE741E79FE695E6A52
S113A490BE6A1E6BFA7B5A7CBA7C1A7DFA6D130174
S113A4A001208280EFC08F95B567938787F4E3140A
S113A4B0F4EA80646DBD80685DBD1009A2852685BF
S113A4C0EFC00FC602F102CD55F583C70B006689B4
S113A4D022773B0737013AF46389072683C71B00B9
S113A4E0138A1B00A3030108FD5902E4814B930A5C
S113A4F0A005254B050A1B8607009306A0029B07AF
S113A50006FE1B87070063E8EA0066678217F98383
S113A510BA9798430287630A062285472304C10A2F
S113A520A30301083EEC3EF0130B810A814993F723
S113A5302B00BEE881C7E26789273EEC6A4593F7A2
S113A5404B08BE86BEE41B0615000A77B28799E65F
S113A550A266E2653B8CB640E342800F83477108F4
S113A560930509016381073C9307710805072330AC
S113A570F90085472334F9003AF132CD9D4763D081
S113A580C73A630307428327840A8966F58F638485
S113A59007404A6C7D5983368C0083370C008982CE
S113A5A09B8D0600E35CB03B9B8AF6FF821A93DA2C
S113A5B0EA01138747003E8DBA9A21A0110DE38E5C
S113A5C0AA3983250D0022862685EF10E062012535
S113A5D0E31625FF45B502E4A26503470A00050A10
S113A5E09B9725003B8DB7001B1D1D009B0706FD97
S113A5F0BB87A7019B0507FD3EE41B060700E37D1F
S113A600BBFCF5BD93EB0B0183470A00812BDDB541
S113A61093EB0B01812BC27693F70B021387860011
S113A620E38407389C62BE8AE3CD0738FD5763870D
S113A630F97E93FBFBF71B8C0B00E3960A4C3AF86C
S113A6406393097EE28B814902F0130BC1100277F8
S113A650CE8763D3E900BA87034771089B86070056
S113A66036ECE30607EC85273EECD1B54277A3032D
S113A6700108130B810A1C4321073AF82304F10A49
S113A68085473EEC3EF05DB5C277A303010803BBEA
S113A6900700938A8700E3040B58FD57E381F950C0
S113A6A04E8681455A85EFC01FE9E30B0562BB075F
S113A6B065413EF056F8814959BF93EB0B01812B5C
S113A6C0C27693F70B0213878600E380072C83BAC4
S113A6D0060093FBFBBF1B8C0B003AF88147A303D6
S113A6E001087D576385E936937BFCF7812B639FD3
S113A6F00A34639F0948A1FB93771C003EF0130BB7
S113A700C110B1D793070003A305F110130BB110C7
S113A7103DBFC27693F70B029862A10636F885E333
S113A72093F70B0189EF93F70B04E391075893FB1D
S113A7300B20A277E3890B5E2300F7006DB1A277AB
S113A7401CE383470A00E39407CA0A77E30407D2A9
S113A7508327840A8966F58FE380075CCA6A7D5A79
S113A76083B78A0003B90A0089831B8B0700E35C63
S113A77060599B89F7FF821993D9E901930749002E
S113A780BE9921A01109E30F3957832509002286B8
S113A7902685EF1060469B070500E39547FFD9B96E
S113A7A093EB0B011B8C0B00C27693770C0213877F
S113A7B08600E383072283BA060085473AF805B783
S113A7C083470A001307C006E389E74093EB0B01B4
S113A7D0812B0DB383470A0013078006E387E73E06
S113A7E093EB0B04812B39B393EB0B0283470A00E1
S113A7F0812B09B34277E17793C707832314F108C8
S113A800930787003EF8B567938707AE93EB2B0059
S113A810BEE0833A07001B8C0B008947C9B593EB54
S113A8200B0883470A00812BF1B103460A00130782
S113A8301A00E30DD64E9B0506FD3A8A8149E36072
S113A840BBCC03460A001B972900BB0937019B991F
S113A8501900BB89B9009B0506FD050AE373BBFE1D
S113A86079B983470A0093EB4B00812B61B113073D
S113A870B00283470A00A303E108ADB9C276834757
S113A8800A009842A10636F83AE4E35507C63B07A6
S113A890E0403AE4C9BF2685EFC04FCC1C653E8535
S113A8A0BEF8EF60DFB3AA8726853E8CBEFCEFC0FE
S113A8B0EFCA186983470A00BAF4E30D0CC2E30B2C
S113A8C007C203470700E30707C293EB0B40812B42
S113A8D015B193EB1B0083470A00812B21B9034771
S113A8E0710883470A00E31707C013070002A30394
S113A8F0E10809B11009A2852685EFC06F8202F133
S113A90002CDE31905B683477108E38E0700930768
S113A91071083EEA85473EEE0C120546054732852E
S113A9202E890526C105C667D9CF3C010907233006
S113A930F90089472334F9003AF132CD9D4763DDAC
S113A940C77EE30E07028327840A8966F58F638A2C
S113A95007704A6C7D5983368C0083370C008982DA
S113A9609B8D0600E356B0019B8AF6FF821A93DAA8
S113A970EA01138747003E8DBA9A21A0110D63881E
S113A980AA7F83250D0022862685EF10E026012567
S113A990E31625FFC5B41009A2852685EFB05FF83C
S113A9A002F102CDE31805ACC667638E07703C0163
S113A9B03EEA89473EEE13090112054509471B0685
S113A9C0150093050901A66693070008638EF61E19
S113A9D08277BB89F940634D303182772330690136
S113A9E032CD3E972334F9003AF19D4763D8C70C22
S113A9F0630F07168327840A8966F58F6380071619
S113AA00CA6A7D5983B78A0003BC0A0089831B8BF9
S113AA100700635D603F9B89F7FF821993D9E901C1
S113AA2093074C00BE9921A0110C6380893F8325B4
S113AA300C0022862685EF10201C0125E31625FF35
S113AA4015BCBB894B41E38B09A87DBA5E8C0547D5
S113AA506388E73C09476384E714930BC1105E8B5A
S113AA6093F77A0093870703A30FFBFE93DA3A0068
S113AA705A877D1BE3960AFE93761C0063810614B5
S113AA8093060003638DD7127917BB87EB40A30F9E
S113AA90DBFE3EF0E28B3A8B5DBE1009A285268573
S113AAA0EFB01FE802F102CDE316059C027785475B
S113AAB05AEA3AEE3AF13ECD0C12054693FB4B00AE
S113AAC063880B00A267E266BB8AD740634750479E
S113AAD0A2666266B68763D3C600B287A276B59FC4
S113AAE03EF435CB8327840A8966F58F6382073069
S113AAF0CA6AFD5983B78A0083BB0A0089831B8B0A
S113AB000700635160431B89F7FF02191359E901D8
S113AB1093874B003E9921A0910B6304794183A54F
S113AB200B0022862685EF10200D0125E31635FF44
S113AB3091B21009A2852685EFB09FDE02F102CD05
S113AB40E31A05922267E266BA876353D700B68791
S113AB502277B99F3EF402CD668971B01009A285AF
S113AB602685EFB0FFDB02F102CDE315059093FBE0
S113AB704B00E3890BFCA2676267BB8AE740634B27
S113AB80503BE266E3C5D7FC2277B99F3EF4E1B7B8
S113AB900547E387E71609475E8CE390E7EC930BE0
S113ABA0C1105E8B066793F7FA007D1BBA9783C7C3
S113ABB0070093DA4A002300FB00E3950AFEBB87F3
S113ABC06B413EF0E28B61B4A267E2663B8CD740F6
S113ABD0E35080E1C147E3DD8711C14DFD5A01A86F
S113ABE09B07250041093685413C63DB8D0982665C
S113ABF09B07150041072330D9003ECD9B860700F3
S113AC002334B9013AF19D47E3DCD7FC630E071CFA
S113AC108327840A8966F58F8127A1C7CA673EFC0A
S113AC20E27794679C6389821B860600B2E46354CE
S113AC30C01A1B89F6FF02191359E901138747004B
S113AC403E8D3A9921A0110D6306A91983250D00A3
S113AC5022862685EF00507A0125E31655FF6FF012
S113AC607F811009A2852685EFB09FCB02F102CD2A
S113AC70E3120580413C854701476689E3C98DF7A6
S113AC809306090102666297233489012330C900BF
S113AC903AF13ECD1D466352F664E3010700832773
S113ACA0840A8966F58F638C07744A6CFD5A83366F
S113ACB08C0083370C0089829B8D06006359B07D1C
S113ACC01B89F6FF02191359E901138747003E8DCA
S113ACD03A9921A0110D630BA97B83250D002286CF
S113ACE02685EF0070710125E31655FF6FF08FF88C
S113ACF0C14763DB3779414CFD5A01A81B06250087
S113AD0041093685C139635A3C0982669B0715009F
S113AD1041072330D9003ECD9B86070023348901A7
S113AD203AF19D47E3DCD7FC55C38327840A89663F
S113AD30F58F8127A1C7CA6D83B68D0083B70D0037
S113AD4089821B86060032FC635CC0061B89F6FF01
S113AD5002191359E901138747003E8D3A9921A03E
S113AD60110D630EA90583250D0022862685EF00AB
S113AD70B0680125E31655FF6FF0CFEF1009A285E7
S113AD802685EFB0FFB902F102CD631505EEC13996
S113AD90054601476689E34A3CF793060901826741
S113ADA04E97233439012330F9003AF132CD9D47CF
S113ADB063C1C732052693850601368939B90A77F6
S113ADC0E277C10D8A071D8F3AF13DF7054601452B
S113ADD066890DBF0A77A6678A071D8FE2773AF165
S113ADE0C1073EFCE31E07E2854701456689EDBBCA
S113ADF01009A2852685EFB0BFB202F102CD631B14
S113AE0005E602CD66896FF00FDE0A770A0B330779
S113AE1067413AF1C10AE31707BE91BB5E8C3AF869
S113AE20A54763E757439B8A0A038547A305511146
S113AE30E28B3EF0130BB1106FF07F81C14663D4F7
S113AE40860BC14DFD5A11A89B0725004109368583
S113AE50413C63DA8D099B071500C26641073ECD6C
S113AE602330D9002334B9019B8607003AF19D476A
S113AE70E3DCD7FC5DC38327840A8966F58F8127C9
S113AE80A1C7CA673EFCE27794679C6389821B86EC
S113AE900600B2F0635BC0061B89F6FF0219135962
S113AEA0E901138747003E8D3A9921A0110D630DE6
S113AEB0A90583250D0022862685EF00F053012580
S113AEC0E31655FF6FF00FDB1009A2852685EFB05E
S113AED03FA502F102CD631F05D8413C85470147D8
S113AEE06689E3CA8DF7C2666297233489012330E9
S113AEF0D9003AF13ECD9D4663C1F63041091B8627
S113AF0017003E856FF08FE50A7786778A071D8FD5
S113AF10E2773AF1C1073EFC3DF701458547668972
S113AF2005BF0A770A0B330767413AF1C10AE313F5
S113AF3007BC15B101460147E685C14763D7575B96
S113AF40414B214CFD5901A89B072600C1053686BB
S113AF50C13A63585B09C2669B071600410794E136
S113AF6023B465013AF19B8607003ECDE39E86FD3E
S113AF706DC78327840A8966F58F8127B9C3CA6B95
S113AF8083B68B0083B70B0089821B8D0600635F39
S113AF90A00B1B89F6FF02191359E9011387470017
S113AFA0BE8D3A9921A0910D6301B90B83A50D00C3
S113AFB022862685EF0050440125E31635FF6FF005
S113AFC06FCB1009A2852685EFB09F9502F102CDC3
S113AFD02A86631105CAC13A85470147E685E34CD1
S113AFE05BF7C266569723B4550194E13AF13ECD1E
S113AFF0A146E39FD7ACE30707B48327840A896695
S113B000F58FE38807B2CA6A7D5983B78A0083BB88
S113B0100A0089831B8B0700635160439B89F7FFF8
S113B020821993D9E90193874B00BE9921A0910B12
S113B0306384794183A50B0022862685EF00D03BEB
S113B0400125E31625FF6FF0EFC20A77931D2D004B
S113B0503307B7413AF1C10B05F785470146E68549
S113B060C5BD1009A2852685EFB09F8B02F102CDE4
S113B070631205C00C12054601476689A9B2A28570
S113B0802685EF909FEB63190546835704012947F2
S113B090E98B6393E7B28317240163CF07B0A285DA
S113B0A05E74C276FE701E79FE69BE6A1E6BFA7B00
S113B0B05A7CBA7C1A7DFA6D528626855E6ABE7405
S113B0C01301012051A901450C1205460147668967
S113B0D0DDB8E30D079C8327840A8966F58FE38E28
S113B0E0079ACA6A7D5983B78A0083BD0A00898397
S113B0F01B8C0700635A801D9B89F7FF821993D923
S113B100E90193874D00BE9921A0910D638DB91B70
S113B11083A50D0022862685EF00102E0125E31657
S113B12025FF6FF02FB5C667D9DF3C013EEA89479A
S113B1303EEE0C12054609472E89328549B00A773E
S113B1400A0B330767413AF1C10A631707AE83C795
S113B1500B0002CD66896FF0AFB70A778A0D33070B
S113B160B7413AF1410C631807C26FF0FF830A77C5
S113B1708A0D3307B7413AF1410C631E07FC0C12E8
S113B1800546014566896FF01F8493F70B016398A8
S113B190071693F70B0483AA06006389072AC21AC9
S113B1A093DA0A036FF0EFD293F70B016395071458
S113B1B093F70B046383072A839A0600D68763D721
S113B1C007C69307D002A303F108B30A50413AF823
S113B1D05E8C85476FF0EFD093770C01639707106F
S113B1E093770C0483AA060063870728C21A93DAAC
S113B1F00A033AF885476FF08FCE630607F083277A
S113B200840A8966F58F638707EE4A6CFD5A833694
S113B2108C0083370C0089829B8D06006358B01D17
S113B2201B89F6FF02191359E901138747003E8D64
S113B2303A9921A0110D630AA91B83250D002286CA
S113B2402685EF00701B0125E31655FF6FF08FA2D2
S113B25093770C40930BC110638207120147DE867B
S113B260A94D25489308F00F39A0B3D7BA03E37862
S113B2705895BE8ADA860527138BF6FFB3F7BA030F
S113B2809B870703A38FF6FEA67783C70700E39E79
S113B290E7FCE38C17FDE3745893E677C675330B2C
S113B2A0FB403E865A85EFE0EF9F2676B3D7BA037C
S113B2B001478346160025489308F00FB336D000A3
S113B2C0B296B6F47DB70A770A0C330787413AF190
S113B2D0C10AE31A07E06FF06FFD1B861700938520
S113B2E006013E8536896FF0AFEE83BA06008547C6
S113B2F03AF86FF0CFBE9C62BE8A6FF0EFB283BAA9
S113B30006006FF00FBD3AF821BE4276B567938709
S113B31007AEBEE093F70B0293068007130786007F
S113B320A1CB833A060093F71B0081CF638B0A00FD
S113B33093EB2B00930700032304F108A304D10823
S113B340812B93FBFBBF1B8C0B003AF889476FF0F2
S113B3500FB95E8C6FF04FC54276B567938787AFA0
S113B360BEE093F70B029306800513078600D5FB16
S113B37093F70B019DCF833A060075B75E8B29477F
S113B3802546B3F7EA027D1BD6869B870703230075
S113B390FB00B3DAEA02E366D6FE6FF05F825A85F9
S113B3A0EF60EF839B0705003EF056F881496FF08C
S113B3B00FAA93F70B04832A0600C5CBC21A93DAAB
S113B3C00A0395B7806C6FE09FFA93EB0B208347D9
S113B3D01A00812B050A6FF0EF9193EB0B02834760
S113B3E01A00812B050A6FF0EF900A778A0D330754
S113B3F0B7413AF1410CE31C07E06FF0CFD01009DC
S113B400A2852685EFB0CFD102F102CD19C16FF02C
S113B4106F860C120546014766896FF06FDB19478A
S113B4209B87090063623709356B3EF03EEC56F8A2
S113B430130B0BB16FF08F8F0A770A0B3307674139
S113B4403AF1C10AE31307BC6FF0CFEF93F70B2077
S113B450A5CF93FAFA0F6FF0CFA793F70B20A5C3EC
S113B460838A0600D6876FF02F9C93F70B20A1C721
S113B47093FAFA0F4DBD93770C20A1CF93FAFA0FEC
S113B4803AF885476FF0AFA5AE8611BA0A778A0DF0
S113B4903307B7413AF1410CE31B07800C12054610
S113B4A0014566896FF0CFD29947BDBFA2772310BB
S113B4B0F7006FE05FF3821A93DA0A02ADB583AA4C
S113B4C00600D6876FF04F96821A93DA0A026FF05D
S113B4D04FA0821A93DA0A023AF885476FF02FA038
S113B4E04EF056F881496FF08F969B071600D5BC35
S113B4F0AE86B2876FF00FF9FD573EF46FE07FF828
S113B5005E8C15B20A770A0B330767413AF1C10A18
S113B510631807A46FE01FF61009A2852685EFB013
S113B5202FC06FE03FF51CC36FE0FFEBC2769C4277
S113B530A1069B89070063D30700FD5983471A00BE
S113B54036F83A8A6FE01FFBAA8703B5012EB2864C
S113B5502E86BE856FE0DFDC83D7050103AE850A46
S113B56003D3250183B8850303B88504130101B30C
S113B570F59B130700402330814C2318F1002E84DF
S113B5801C198A85233C914A2338214B2334114CBE
S113B5902A8972D52319610046FCC2E43EE03EECE0
S113B5A03AC63AD002D4EFE0BFD7AA846359050261
S113B5B08357010193F7070499C78357040193E75D
S113B5C007042318F4008330814C0334014C0339FD
S113B5D0014B26858334814B1301014D82808A857A
S113B5E04A85EFA0DFCB69D5FD54D9B7797122F034
S113B5F026EC4AE806F44EE42A89AE84328419C162
S113B6001C59C9CFB567938787F46300F40AB567FB
S113B610938707F16303F40CB567938787ED6300A1
S113B620F40E0317040114549377870054C493163B
S113B6300703C192D9C71C6CC9C7096693F9F40FF3
S113B640F18ECE8499EA8326840A518F79767D1609
S113B650F18E2318E4002324D40A18601450BB0785
S113B660F74063D6D708852754441306170010E023
S113B670FD3654C42300370118506303F70683577B
S113B6800401858B81C7A947638CF404A2700274FA
S113B6904269A2692685E26445618280EFA01FF6B3
S113B6A0B567938787F4E314F4F60334890003172A
S113B6B0040114549377870054C493160703C1926A
S113B6C0BDFBA2854A85EF905F8705E1031704015E
S113B6D01C6C93160703C1928DB70334090191B70B
S113B6E0A2854A85EFA0BFBB55D1FD5445B7A285BD
S113B6F04A85EFA0DFBA75F918608547B5B70334FA
S113B700890105B779714AE803B9012E22F026ECC4
S113B71006F44EE4AA842E846305090083270903F2
S113B720C9CFB567938787F46301F40AB567938734
S113B73007F16304F40CB567938787ED6301F40E96
S113B7400317040114549377870054C49316070312
S113B750C192C1CB1C6CD1C7096693F9F40FF18E69
S113B760CE8499EA8326840A518F79767D16F18EE8
S113B7702318E4002324D40A18601450BB07F740AC
S113B78063D7D708852754441306170010E0FD3605
S113B79054C42300370118506304F7068357040187
S113B7A0858B81C7A947638DF404A2700274426932
S113B7B0A2692685E264456182804A85EFA01FE480
S113B7C0B567938787F4E313F4F60334890003170A
S113B7D0040114549377870054C493160703C19249
S113B7E0B5FBA2854A85EF904FF505E103170401E7
S113B7F01C6C93160703C19285B70334090189B7FA
S113B800A2854A85EFA0BFA94DD1FD5479BFA28579
S113B8104A85EFA0DFA875F918608547ADB70334F2
S113B820890139BF01112E8722E826E4B2852A84D2
S113B83036863A8506EC23A40136EF00905FFD5767
S113B8406307F500E2604264A2640561828083A715
S113B8508136EDDBE2601CC04264A2640561828033
S113B86003B7012E4111B687328806E48338870175
S113B870AA862E873E86630D0800B56793878741A5
S113B880B565938585424685EF004029EF00D016C3
S113B8903568930788B0130888B0DDB74111B286C4
S113B8A0014606E4EFF0DFFBB385C502411122E057
S113B8B006E4EFB06FE62A8405C5033685FF130757
S113B8C08004719A61166369C70493067002AA879B
S113B8D063EDC60023B0070023B4070023B80700B4
S113B8E0A260228502644101828023300500233452
S113B8F005009307700363F9C70223380500233C4E
S113B900050093070502E317E6FC233005029307BD
S113B9100503233405027DBF8145EFB0BFFEA2605D
S113B92022850264410182809307050165B70111F4
S113B93022E826E42A842E8506EC23A40136EF00AF
S113B9403055FD576307F500E2604264A264056167
S113B950828083A78136EDDBE2601CC04264A2646E
S113B96005618280011106EC22E826E44AE0C1C5A3
S113B9702E84AA8419C11C59C9CBB567938787F44F
S113B9806303F408B567938707F16303F408B567A5
S113B990938787ED630BF40883170401A9CFA2856D
S113B9A02685EFA0AFF63C6C2A8991C70C7C2685CE
S113B9B08297634105068357040193F70708ADE3B3
S113B9C02C7091C99307C4076385F5002685EFA001
S113B9D07FD0233004064C6091C52685EFA09FCF0D
S113B9E023300408E260231804004264A2644A85F8
S113B9F0026905618280E26042640149A2644A8569
S113BA00026905618280806441BFEFA03FBFB5B782
S113BA10806859B7835704017D5993F70708CDD33C
S113BA200C6C2685EFA01FCB61BF806CB5B70111EC
S113BA3006EC22E826E44AE049C583B4012E2A84B0
S113BA4099C09C58C9CBB567938787F46303F408FE
S113BA50B567938707F16304F408B567938787EDA7
S113BA60630CF40883170401A9CFA2852685EFA0EF
S113BA70EFE93C6C2A8991C70C7C26858297634246
S113BA8005068357040193F70708B5E32C7091C9A1
S113BA909307C4076385F5002685EFA0BFC3233051
S113BAA004064C6091C52685EFA0DFC2233004084C
S113BAB0E260231804004264A2644A8502690561B5
S113BAC08280E26042640149A2644A850269056198
S113BAD08280806441BF2685EFA05FB2ADB78068E5
S113BAE051B7835704017D5993F70708C5D30C6CEC
S113BAF02685EFA03FBE59BF806CADB75D711303BF
S113BB00810236F49A8606EC3AF83EFCC2E0C6E4BA
S113BB101AE4EFE0FF80E260616182802A8E5D7149
S113BB2003B5012E1303010232F036F42E869A86F1
S113BB30F28506EC3AF83EFCC2E0C6E41AE4EFE013
S113BB402FFEE26061618280797122F026EC4AE87E
S113BB5006F42A89AE843284EF00E01F8547631B14
S113BB60F5009B87F4FF1307E00F6365F7002304D8
S113BB70910021A89306040A26862C004A85EF002A
S113BB80A05BFD57630DF5040DC55C44834581003E
S113BB901B87F7FF58C4635807001C546343F7021C
S113BBA0A9476380F5021C601387170018E02380FF
S113BBB0B700A270027442691B850400E264456107
S113BBC0828022864A85EFF07FA2FD57E313F5FEBB
S113BBD0A2700274E26442697D5545618280835794
S113BBE00401A270E26493E707042318F4000274CA
S113BBF042697D55456182808317060113972703A7
S113BC00634C07000327860A8966D58F8966558F9A
S113BC102318F6002324E60A05BF011122E803B421
S113BC20012E06EC2E86AA8519C01C58A9C7B56733
S113BC30938787F4630DF604B567938707F1630A66
S113BC40F604B567938787ED6307F6048317060147
S113BC5013972703634C07000327860A8966D58F49
S113BC608966558F2318F6002324E60A2285426448
S113BC70E2600561D1BD2AE0228532E4EFA01F987D
S113BC802266B567938787F48265E317F6FA106432
S113BC9075BF106865BF106C55BF01112E8722E86F
S113BCA026E42A84B2853A8506EC23A40136EF0003
S113BCB0301EFD576307F500E2604264A26405612B
S113BCC0828083A78136EDDBE2601CC04264A264FB
S113BCD005618280011122E826E42A842E8506EC7F
S113BCE023A40136EF00B01BFD576307F500E260A3
S113BCF04264A2640561828083A78136EDDBE26041
S113BD001CC04264A26405618280011106EC22E831
S113BD1026E40DC2B5659385054632853284EF006D
S113BD200033B56411E913858445E2604264A2647A
S113BD3005618280B564C5BF938584452285EF0083
S113BD40003175D1B565938585B02285EF0020302B
S113BD5079D90145D9BF03C5811E8280011106EC42
S113BD6022E826E48DC12E84B56593850546228597
S113BD70EF00E02DB56411E913858445E260426467
S113BD80A26405618280B564C5BF9385844522851C
S113BD90EF00E02B75D1B565938585B02285EF0062
S113BDA0002B79D90145D9BF01112E8722E826E459
S113BDB0B2852A8436863A8506EC23A40136EF0040
S113BDC0300DFD576307F500E2604264A26405612B
S113BDD0828083A78136EDDBE2601CC04264A264EA
S113BDE00561828083B70117828799C91DC695CAE8
S113BDF0834706009CC1034506003335A0008280BA
S113BE0041116C0009CE85C2834706009CC10345DD
S113BE1006003335A000410182800145828001453E
S113BE20DDBF795582807955FDB701112E8722E84F
S113BE3026E4B2852A8436863A8506EC23A40136A4
S113BE40EF002074FD576307F500E2604264A264CA
S113BE500561828083A78136EDDBE2601CC0426409
S113BE60A2640561828079714AE803B9050022F071
S113BE7026EC06F44EE452E02E84AA84630B0902F5
S113BE80833909006383090203BA0900630B0A00BA
S113BE9083350A0099C1EFF01FFDD2852685EFA0F6
S113BEA07F83CE852685EFA0FF82CA852685EFA0F5
S113BEB07F82A2850274A2704269A269026A268501
S113BEC0E26445616FA01F8183B7012E638CA716BE
S113BED03C615D7126FC86E4A2E04AF84EF452F01F
S113BEE056EC5AE85EE462E0AA84638D07128C6F14
S113BEF09DC5014993090020B3872501806309C8C2
S113BF00A28500602685EFA0EFFC7DF8BC608C6FF5
S113BF102109E31339FF2685EFA0CFFBBC608C63B6
S113BF20638305122685EFA0EFFA8C7481C52685FC
S113BF30EFA04FFABC6089C7BE852685EFA08FF9B4
S113BF40AC7081C52685EFA0EFF8AC7481C5268559
S113BF50EFA04FF8AC7881C52685EFA0AFF7CC747D
S113BF6081C52685EFA00FF7CC7081C52685EFA08B
S113BF706FF6AC6C81C52685EFA0CFF59C58DDC764
S113BF80BC6426858297C06055C003390400630CE5
S113BF900906833909006384090603BA0900630C9E
S113BFA00A04833A0A0063840A0403BB0A00630C8C
S113BFB00B02833B0B0063840B0203BC0B00630C7A
S113BFC00C0083350C0081C52685EFF0DFE9E2859E
S113BFD02685EFA02FF0DE852685EFA0AFEFDA856A
S113BFE02685EFA02FEFD6852685EFA0AFEED2856C
S113BFF02685EFA02FEECE852685EFA0AFEDCA856E
S113C0002685EFA02FEDA2850664A6604279A27969
S113C010027AE26A426BA26B026C2685E274616169
S113C0206FA04FEB0C75E39405F019BFA66006648E
S113C030E2744279A279027AE26A426BA26B026CE0
S113C0406161828082808C74E39305EEF5B5336779
S113C050B500FD531D8B4DEB9727000083B7873543
S113C06010619461B372F6003363F600BE92B3E2DA
S113C07062006399720A631ED60210659465B372F6
S113C080F6003363F600BE92B3E26200639A72086C
S113C0906311D60210699469B372F6003363F60033
S113C0A0BE92B3E26200639372086105E105E3099D
S113C0B0D6FA13170603939706036318F7021317A8
S113C0C00602939706026312F70213170601939769
S113C0D00601631CF7001357060393D706033305C1
S113C0E0F7409375F50F91E982804193C19333052D
S113C0F0F7409375F50F91E182801377F70F93F76B
S113C100F70F3305F74082800346050083C6050018
S113C110050585056313D60065FA3305D64082808C
S113C1202105A105E312D6FE014582804105C10522
S113C130E31CD6FC01458280797122F026EC06F4DA
S113C14083B781162A84B68491C98297FD57630DFB
S113C150F500A2700274E2644561828001468A851A
S113C1608297FD57E317F5FE23A004009307A00868
S113C170A2701CC00274E26445618280797122F06D
S113C18026EC06F483B4012E83B78116328411CDD4
S113C1902E86A286AA8526858297FD57630FF50011
S113C1A0A2700274E26445618280B2868A85014687
S113C1B026858297FD57E315F5FE23200400A2701F
S113C1C002749307A0089CC0E2644561828083B72F
S113C1D0811682879B07060091CD1307F00F6366D3
S113C1E0F7002380C500054582809307A0081CC181
S113C1F07D558280014582804111194506E4EF0096
S113C200001A0545EF00C0373C7D99C30145828083
S113C21041119305001022E006E42A84EFA0DFCF49
S113C22028FC09CD93070510233005002105E31DE3
S113C230F5FE0145A2600264410182807D55DDBFA7
S113C240797126EC06F422F0FD47AA8463EEB70068
S113C250387D2E8415C30E043A94086010E0A27051
S113C2600274E26445618280A2700274D9471CC1E1
S113C270E2647D55456182809305001032E4EFA0AD
S113C280BFC9A8FC2A8719C92266AA879306051084
S113C29023B00700A107E39DD7FE75BF7D55C1B745
S113C2A0011126E406EC22E8FD47AA8463E3B706FD
S113C2B03C7D2E8495C713973500BA9798630DC3B8
S113C2C085466302D704FD566307D7022E8523B043
S113C2D0070002970145E2604264A264056182801E
S113C2E02685EF00A02922864264E260AA8526857D
S113C2F0A2640561B9A4E2604264D9471CC1A26486
S113C300054505618280E2604264A26401450561DD
S113C3108280D9471CC17D557DBFFD4763EFB706B9
S113C320387D011122E826E406EC2E84AA8405CF88
S113C330131534002A971C638DC3FD56638BD704F1
S113C34085466382D70422852330070082970145FE
S113C350E2604264A26405618280E2604264A26495
S113C36005450561828093050010EFA0FFBAA8FC83
S113C3702A8715C1AA879306051023B00700A107D1
S113C380E39DD7FE75B7E2604264A2640D45056182
S113C3908280094575BF7D5565BF7D558280011139
S113C3A026E406EC22E8FD4783B4012E63E2A706E7
S113C3B0BC7C2A848DC713173500BA97986305C3CC
S113C3C085466301D704FD566306D70223B00700F0
S113C3D002970145E2604264A26405618280268579
S113C3E0EF00C01922864264E260AA852685A26411
S113C3F0056181AAE2604264D9479CC00545A264F4
S113C40005618280E2604264A26401450561828024
S113C410D9479CC07D557DBF01114AE006EC22E856
S113C42026E4FD4703B9012E63E1A7022A840335FC
S113C4308907AE840DC50E042A94086004E0E26006
S113C4404264A264026905618280E2604264D94761
S113C4502320F900A26402697D5505618280930559
S113C46000104A85EFA05FAB233CA90611C9AA8737
S113C4701307051023B00700A107E39DE7FE65BF7E
S113C4807D5575BF411122E003B4012E06E43C7CC6
S113C49091C70145A26002644101828093050010A6
S113C4A02285EFA07FA728FC09C993070510233034
S113C4B005002105E31DF5FEE9BF7D55E1BF01112E
S113C4C026E406EC22E8FD4783B4012E63E9A706BF
S113C4D0B87C2A8405CF131534002A971C638DC3B6
S113C4E0FD56638CD70485466383D70422852330A5
S113C4F0070082970145E2604264A264056182807C
S113C500E2604264A26405450561828093050010DF
S113C5102685EFA07FA0A8FC2A8715C1AA879306C9
S113C520051023B00700A107E39DD7FE6DB7E260B5
S113C5304264A2640D450561828009456DBF7D5545
S113C5405DBF01112E8722E826E42A84B2853A854C
S113C55006EC23A40136EF00A013FD576307F50092
S113C560E2604264A2640561828083A78136EDDBC8
S113C570E2601CC04264A264056182800DA20000D6
S113C580029029CE797122F026EC4AE84EE452E07A
S113C59006F4B2842E890144A949354A29A0630DC1
S113C5A0450163848402EF00E014B307890023800B
S113C5B0A7000504E31535FFA27022850274E26426
S113C5C04269A269026A45618280A270027442696A
S113C5D0A269026A2685E2644561828001458280FF
S113C5E083B60138AA8799CE03B7813715C703B537
S113C5F0013705CDAA9763F5E70023B8F1368280A9
S113C6007D558280BD661386069823B0C13803B772
S113C61081379386069861FF03B70148F9752E9711
S113C62023BCE13603B5013771F523B8D13636851D
S113C630D1B779714EE406F422F026EC4AE8B289C7
S113C64011CE2E843389C500A94403450400630F29
S113C65095000504EF00A005E31924FFA2700274FD
S113C660E26442694E85A269456182803545EF00E6
S113C670000405042945EF008003E31824FDA2709B
S113C6800274E26442694E85A269456182800000B9
S113C69093078005138581361CC17D55828005452D
S113C6A0828000000000000000000000000003B7CA
S113C6B0813205C783A7813885456384B7028946DB
S113C6C06388D7001C47812763CB070023A4D13894
S113C6D05C43918BF5DF012508C30145828023A4C7
S113C6E0B1385C4393F70720FDD75C4393F70720E9
S113C6F0EDFBD5B703B78132014519C75C43858B80
S113C700F5DF08431375F50F8280F32820002166B6
S113C71013D70503130EF6FFFD573377C70193D6DE
S113C7200701ED8E1303170079161358D5038E06EF
S113C7303376C300B366D8008128FD911318350001
S113C7404DCA71761306064032971306E07F635D87
S113C750E602638A08100D476386E82409471548F2
S113C760638BE8248D476386F8248947638DF8201A
S113C7701307F07F52179397F5037D17D98F732012
S113C7801800538507F282806359E00E1E05135882
S113C790C8033335A000336505019206137675008E
S113C7A0C98E8147014805CA09466387C8140D46E6
S113C7B0638CC8166383081605465E16758E054895
S113C7C089C793E727001B88070011C6050793074D
S113C7D0F07F6306F71093979600B1831377F77F82
S113C7E05217D98FFE15CD8FE31B08F8538507F236
S113C7F0828033E8060121E39397F503E30308F805
S113C8000546854689470947638BE8180D476384C5
S113C810E8166387080EE19393C71700858B0147D9
S113C82059F6054805465E16758EC5D393771800EC
S113C830C9DFC28779B7630F080001486316C701CF
S113C840C99213B816001208854781451307F07F73
S113C850CE1779B71307F07F9397F5035217D98F43
S113C860538507F282801307F07F9397F5035217DD
S113C870D98F15487320180029B79307C0FC634962
S113C880F70A9307D0030546998F4E161305F00354
S113C890D18E0127635BF50A7556199E13050004B2
S113C8A033D6C6006388A7001B073704B396E60097
S113C8B03368D800B3360001D18E638E0610939787
S113C8C0160013F7770013F6760015FFE19393C76C
S113C8D01700858B01480147E31806ECA1B71368DC
S113C8E05800E39108E81307F07F9397F503521774
S113C8F0D98F7320180071B5E38005ECA1066DBDD6
S113C90013F7F70011456303A7009107E19393C759
S113C9101700858B0147E30106EA13F6F60011457B
S113C920E30CA6E8910649BDE39D05EEA106D5BD3D
S113C93089476383F8068D47638CF802638908048A
S113C9400147014685468547ADBD1B063700930761
S113C950D0033B87E740B317C800B337F000335820
S113C960E8003368F800B396C600B3E60601B1B731
S113C97005468546894791E1A107E19393C71700CE
S113C980858B054889BFE38505DE8545A9BF8546B6
S113C9908547014791060DB5054685468947F1DD72
S113C9A0A107E1BF91CD1307E07F8147FD561548EC
S113C9B095BD95D975BB81EDFD561307E07F39B55B
S113C9C09307F07FD2171548732018005DBBD21768
S10FC9D0732018007DB39397F50365B342
S107C9DC0000000053
S113C9E04572726F72206F6E2074657374202564B3
S113C9F0202825733A202523303130782C20252314
S113CA0030313078293A2045787065637465642044
S113CA102523303130782C20676F74202523303162
S113CA2030780A00000000007C00000000000000D4
S113CA300A54657374207465726D696E61746564FB
S113CA402077697468202564206572726F6E656F43
S113CA50757320726573756C7473206F662025641A
S113CA602074657374730A002573000000000000CD
S113CA7053504152524F5720696E746567726974FE
S113CA80792076616C69646174696F6E0A2D3E2049
S113CA9042617369632053504152524F5720746569
S113CAA073747300000000000A454E44204F462072
S113CAB0544553540A0000000A000000000000001E
S113CAC0494E460000000000696E66000000000048
S113CAD04E414E00000000006E616E000000000038
S113CAE030313233343536373839616263646566E0
S113CAF00000000000000000303132333435363796
S113CB00383941424344454600000000000000001B
S113CB10286E756C6C2900003000000000000000D5
S113CB206E1C0000C8150000C8150000601C000041
S113CB30C8150000C8150000C81500001A1C000024
S113CB40C8150000C8150000021C0000F41B0000FA
S113CB50C8150000E61B0000AA1B0000C815000051
S113CB609C1B00009415000094150000941500000F
S113CB70941500009415000094150000941500000D
S113CB809415000094150000C8150000C815000095
S113CB90C8150000C8150000C8150000C81500001D
S113CBA0C81500000E180000C8150000681A00001F
S113CBB02C1700000E1800000E1800000E180000BC
S113CBC0C8150000C8150000C8150000C8150000ED
S113CBD08E1B0000C8150000C81500009417000043
S113CBE0C8150000C8150000C81500007A1A000016
S113CBF0C8150000701B0000C8150000C81500000F
S113CC009A230000C8150000C8150000C8150000CC
S113CC10C8150000C8150000C8150000C81500009C
S113CC20C81500000E180000C8150000681A00009E
S113CC30341700000E1800000E1800000E18000033
S113CC405A1B0000341700001E170000C81500000E
S113CC50441B0000C81500000A1B00009C170000BC
S113CC60DE1A0000D01A0000C81500007A1A00006D
S113CC701E17000026230000C8150000C815000078
S113CC802C230000C81500001E170000000000003F
S113CC902020202020202020202020202020202090
S113CCA03030303030303030303030303030303080
S113CCB0203800009A3200009A3200001238000036
S113CCC09A3200009A3200009A320000CC370000F9
S113CCD09A3200009A320000B43700004438000051
S113CCE09A32000036380000523800009A320000B0
S113CCF0A6370000A6330000A6330000A6330000C8
S113CD00A6330000A6330000A6330000A6330000BB
S113CD10A6330000A63300009A3200009A320000C5
S113CD209A3200009A3200009A3200009A320000CF
S113CD309A320000D03300009A3200006A360000B4
S113CD40B0350000D0330000D0330000D0330000F1
S113CD509A3200009A3200009A3200009A3200009F
S113CD60783700009A3200009A3200007C360000C6
S113CD709A3200009A3200009A3200001236000003
S113CD809A320000863700009A3200009A3200007E
S113CD90004100009A3200009A3200009A320000EA
S113CDA09A3200009A3200009A3200009A3200004F
S113CDB09A320000D03300009A3200006A36000034
S113CDC0B8350000D0330000D0330000D033000069
S113CDD062370000B8350000863500009A32000042
S113CDE04C3700009A320000D83600008436000028
S113CDF01E370000103700009A320000123600007F
S113CE0086350000E64000009A3200009A320000A5
S113CE109C4000009A3200008635000000000000AB
S113CE2020202020202020202020202020202020FE
S113CE3030303030303030303030303030303030EE
S113CE40496E66696E697479000000000000000094
S113CE504E614E00000000005245454E54206D6165
S113CE606C6C6F632073756363656564656400004F
S113CE702F686F6D652F6D617263682F576F726BCA
S113CE802F636F6D70696C65722D73706172726F50
S113CE90772F6E63632D73706172726F772F6E6577
S113CEA0776C69622F6E65776C69622F6C69626357
S113CEB02F7374646C69622F64746F612E63000055
S113CEC042616C6C6F63207375636365656465644C
S113CED0000000000000000000000000000000004E
S113CEE0000000000000000000000000000000003E
S113CEF0000000000000000000000000000000002E
S113CF00000000000000000000000000000000001D
S113CF10000000000000000000000000000000000D
S113CF2000000000000000000000000000000000FD
S113CF3000000000000000000000000000000000ED
S113CF4000000000000000000000000000000000DD
S113CF5000000000000000000000000000000000CD
S113CF6000000000000000000000000000000000BD
S113CF7000000000000000000000000000000000AD
S113CF802F686F6D652F6D617263682F576F726BB9
S113CF902F636F6D70696C65722D73706172726F3F
S113CFA0772F6E63632D73706172726F772F6E6566
S113CFB0776C69622F6E65776C69622F6C69626346
S113CFC02F7374646C69622F6D707265632E6300D5
S113CFD005000000190000007D00000000000000B2
S113CFE0000000000000F03F0000000000002440AA
S113CFF000000000000059400000000000408F4085
S113D000000000000088C34000000000006AF840EF
S113D0100000000080842E4100000000D012634113
S113D0200000000084D797410000000065CDCD4189
S113D030000000205FA00242000000E8764837426A
S113D040000000A2941A6D42000040E59C30A24208
S113D0500000901EC4BCD64200003426F56B0C437D
S113D0600080E03779C3414300A0D8855734764324
S113D07000C84E676DC1AB43003D9160E458E14385
S113D080408CB5781DAF154450EFE2D6E41A4B44FA
S113D09092D54D06CFF08044F64AE1C7022DB5443F
S113D0A0B49DD9794378EA44BC89D897B2D29C3CE0
S113D0B033A7A8D523F649393DA7F444FD0FA5327B
S113D0C09D978CCF08BA5B25436FAC642806C80AC9
S113D0D00080E03779C34143176E05B5B5B8934670
S113D0E0F5F93FE9034F384D321D30F94877825A3C
S113D0F03CBF737FDD4F1575C49F0000C2980000CC
S113D100C2980000B69F0000C2980000C2980000B8
S113D110C2980000709F0000C2980000C2980000EE
S113D1205C9F00004E9F0000C2980000409F0000DA
S113D130089F0000C2980000FA9E00009298000028
S113D1409298000092980000929800009298000033
S113D1509298000092980000929800009298000023
S113D160C2980000C2980000C2980000C298000053
S113D170C2980000C2980000C2980000C298000043
S113D180C29800001C9E0000E8980000C2980000AD
S113D190C2980000C2980000C2980000C298000023
S113D1A0C2980000C2980000C2980000C298000013
S113D1B0C298000032990000C2980000C298000092
S113D1C0C2980000EA9D0000C2980000C29E0000C0
S113D1D0C2980000C2980000CEA00000C2980000CF
S113D1E0C2980000C2980000C2980000C2980000D3
S113D1F0C2980000C2980000C2980000C2980000C3
S113D200C29800001C9E0000F0980000C298000024
S113D210C2980000C2980000AC9E0000F098000084
S113D220DA980000C2980000969E0000C2980000A0
S113D230669E00003A990000449E0000369E00005D
S113D240C2980000EA9D0000DA98000072A0000075
S113D250C2980000C298000076A00000C2980000A6
S113D260DA98000000000000202020202020202048
S113D270202020202020202030303030303030302A
S113D2803030303030303030DEA8000016A50000D9
S113D29016A50000D2A8000016A5000016A50000DF
S113D2A016A5000096A8000016A5000016A500000B
S113D2B07CA800006EA8000016A5000062A800006B
S113D2C02AA8000016A500001EA80000D6A500008C
S113D2D0D6A50000D6A50000D6A50000D6A500005E
S113D2E0D6A50000D6A50000D6A50000D6A500004E
S113D2F016A5000016A5000016A5000016A500003E
S113D30016A5000016A5000016A5000016A500002D
S113D31016A500006CA6000010A6000016A50000CB
S113D32016A5000016A5000016A5000016A500000D
S113D33016A5000016A5000016A5000016A50000FD
S113D34016A50000BAA6000016A5000016A5000048
S113D35016A5000088A6000016A50000A0A70000DE
S113D36016A5000016A5000058B3000016A500007D
S113D37016A5000016A5000016A5000016A50000BD
S113D38016A5000016A5000016A5000016A50000AD
S113D39016A500006CA6000016A6000016A5000045
S113D3A016A5000016A50000D4A7000016A60000CC
S113D3B004A6000016A50000C0A7000016A50000E2
S113D3C012A70000C0A60000F4A70000E8A7000010
S113D3D016A5000088A6000004A6000052B30000B1
S113D3E016A5000016A500000AB3000016A500004B
S113D3F004A600000000000020202020202020207F
S113D4002020202020202020303030303030303098
S113D41030303030303030302C2066756E637469B3
S113D4206F6E3A2000000000617373657274696F57
S113D4306E2022257322206661696C65643A206639
S113D440696C6520222573222C206C696E65202569
S113D45064257325730A00004300000000000000E7
S113D460504F5349580000002E00000000000000F7
S113D47000202020202020202020282828282820A0
S113D4802020202020202020202020202020202098
S113D4902088101010101010101010101010101000
S113D4A010040404040404040404041010101010F0
S113D4B010104141414141410101010101010101BA
S113D4C0010101010101010101010101101010100C
S113D4D0101042424242424202020202020202028C
S113D4E002020202020202020202020210101010E0
S113D4F02000000000000000000000000000000008
S113D5000000000000000000000000000000000017
S113D5100000000000000000000000000000000007
S113D52000000000000000000000000000000000F7
S113D53000000000000000000000000000000000E7
S113D54000000000000000000000000000000000D7
S113D55000000000000000000000000000000000C7
S113D56000000000000000000000000000000000B7
S104D57000B6
S10AD57100000000000000AF
S10BD5785C0400000000000047
S10BD5802C040000000000006F
S113D588000000000000000001000000000000008E
S113D5980000000000000000000000000F01E4E4A7
S113D5A84E4F500000000000000000000000000082
S113D5B800000000000000007E04000000000000DD
S113D5C80200000000000000FFFFFFFFFCFFFFFF58
S113D5D8000000000F01E4E453554D000000000072
S113D5E8000000000000000000000000000000002F
S113D5F88404000000000000030000000000000094
S113D608FFFFFFFFFC030000000000000F01E4E43B
S113D618556E7369676E65642053554D00000000AC
S113D62800000000000000008C040000000000005E
S113D6380400000000000000FFFFFFFFFCFFFFFFE5
S113D648000000000F01E4E45361742053554D00B9
S113D65800000000000000000000000000000000BE
S113D6689404000000000000050000000000000011
S113D6787F80FF8080FFFFFF000000000F01E4E4CB
S113D6885361742053554D00000000000000000051
S113D69800000000000000009404000000000000E6
S113D6A806000000000000008080FF7F80FFFFFF6D
S113D6B8000000000F01E4E45361742053554D0049
S113D6C8000000000000000000000000000000004E
S113D6D8940400000000000007000000000000009F
S113D6E8FFFFFFFFFF000000000000000F01E4E45B
S113D6F8556E7369676E6564205361742053554D84
S113D70800000000000000009C040000000000006D
S113D7180800000000000000007FFF807F00000078
S113D728000000000F01E4E44D6178696D756D0037
S113D73800000000000000000000000000000000DD
S113D748A40400000000000009000000000000001C
S113D758007FFF80FF000000000000000F01E4E4E8
S113D768556E7369676E6564204D6178696D756D72
S113D7780000000000000000AC04000000000000ED
S113D7880A00000000000000007FFF8080FFFFFF08
S113D798000000000F01E4E44D696E696D756D00C9
S113D7A8000000000000000000000000000000006D
S113D7B8B4040000000000000B000000000000009A
S113D7C8007FFF8000000000000000000F01E4E477
S113D7D8556E7369676E6564204D696E696D756D04
S113D7E80000000000000000BC040000000000006D
S113D7F80C000000000000000001200006000000EA
S113D808000000000F01E4E4546F206D61736B00A5
S113D81800000000000000000000000000000000FC
S113D828CC040000000000000D000000000000000F
S113D838FECAEDFE27000000000000000F01E4E42A
S113D848584F5200000000000000000000000000D3
S113D8580000000000000000C404000000000000F4
S113D8680E000000FF007F80FFFF0101FEFF8081A2
S113D878000000000F01E4E44144440000000000FB
S113D888000000000000000000000000000000008C
S113D898D4040000000000000F000000A0FF8081F5
S113D8A80F7FFF81AF7E7F02000000000F01E4E4D8
S113D8B84144440000000000000000000000000093
S113D8C80000000000000000D40400000000000074
S113D8D810000000FF007F80FFFF0101FEFF7F8131
S113D8E8000000000F01E4E4536174204144440043
S113D8F8000000000000000000000000000000001C
S113D908DC0400000000000011000000A0FF80817A
S113D9180F7FFF81AF7E8080000000000F01E4E4E8
S113D92853617420414444000000000000000000DA
S113D9380000000000000000DC04000000000000FB
S113D948000000000000000048CF000000000000B4
S113D95810CF000000000000D8CE00000000000036
S113D96800000000000000000000000000000000AB
S113D978000000000000000000000000000000009B
S113D988000000000000000000000000000000008B
S113D998000000000000000000000000000000007B
S113D9A8000000000000000000000000000000006B
S113D9B8000000000000000000000000000000005B
S113D9C8000000000000000000000000000000004B
S113D9D8000000000000000000000000000000003B
S113D9E8000000000000000000000000000000002B
S113D9F8000000000000000000000000000000001B
S113DA08F8D9000000000000F8D900000000000068
S113DA1808DA00000000000008DA00000000000036
S113DA2818DA00000000000018DA00000000000006
S113DA3828DA00000000000028DA000000000000D6
S113DA4838DA00000000000038DA000000000000A6
S113DA5848DA00000000000048DA00000000000076
S113DA6858DA00000000000058DA00000000000046
S113DA7868DA00000000000068DA00000000000016
S113DA8878DA00000000000078DA000000000000E6
S113DA9888DA00000000000088DA000000000000B6
S113DAA898DA00000000000098DA00000000000086
S113DAB8A8DA000000000000A8DA00000000000056
S113DAC8B8DA000000000000B8DA00000000000026
S113DAD8C8DA000000000000C8DA000000000000F6
S113DAE8D8DA000000000000D8DA000000000000C6
S113DAF8E8DA000000000000E8DA00000000000096
S113DB08F8DA000000000000F8DA00000000000065
S113DB1808DB00000000000008DB00000000000033
S113DB2818DB00000000000018DB00000000000003
S113DB3828DB00000000000028DB000000000000D3
S113DB4838DB00000000000038DB000000000000A3
S113DB5848DB00000000000048DB00000000000073
S113DB6858DB00000000000058DB00000000000043
S113DB7868DB00000000000068DB00000000000013
S113DB8878DB00000000000078DB000000000000E3
S113DB9888DB00000000000088DB000000000000B3
S113DBA898DB00000000000098DB00000000000083
S113DBB8A8DB000000000000A8DB00000000000053
S113DBC8B8DB000000000000B8DB00000000000023
S113DBD8C8DB000000000000C8DB000000000000F3
S113DBE8D8DB000000000000D8DB000000000000C3
S113DBF8E8DB000000000000E8DB00000000000093
S113DC08F8DB000000000000F8DB00000000000062
S113DC1808DC00000000000008DC00000000000030
S113DC2818DC00000000000018DC00000000000000
S113DC3828DC00000000000028DC000000000000D0
S113DC4838DC00000000000038DC000000000000A0
S113DC5848DC00000000000048DC00000000000070
S113DC6858DC00000000000058DC00000000000040
S113DC7868DC00000000000068DC00000000000010
S113DC8878DC00000000000078DC000000000000E0
S113DC9888DC00000000000088DC000000000000B0
S113DCA898DC00000000000098DC00000000000080
S113DCB8A8DC000000000000A8DC00000000000050
S113DCC8B8DC000000000000B8DC00000000000020
S113DCD8C8DC000000000000C8DC000000000000F0
S113DCE8D8DC000000000000D8DC000000000000C0
S113DCF8E8DC000000000000E8DC00000000000090
S113DD08F8DC000000000000F8DC0000000000005F
S113DD1808DD00000000000008DD0000000000002D
S113DD2818DD00000000000018DD000000000000FD
S113DD3828DD00000000000028DD000000000000CD
S113DD4838DD00000000000038DD0000000000009D
S113DD5848DD00000000000048DD0000000000006D
S113DD6858DD00000000000058DD0000000000003D
S113DD7868DD00000000000068DD0000000000000D
S113DD8878DD00000000000078DD000000000000DD
S113DD9888DD00000000000088DD000000000000AD
S113DDA898DD00000000000098DD0000000000007D
S113DDB8A8DD000000000000A8DD0000000000004D
S113DDC8B8DD000000000000B8DD0000000000001D
S113DDD8C8DD000000000000C8DD000000000000ED
S113DDE8D8DD000000000000D8DD000000000000BD
S113DDF8E8DD000000000000E8DD0000000000008D
S113DE08F8DD000000000000F8DD0000000000005C
S113DE1808DE00000000000008DE0000000000002A
S113DE2818DE00000000000018DE000000000000FA
S113DE3828DE00000000000028DE000000000000CA
S113DE4838DE00000000000038DE0000000000009A
S113DE5848DE00000000000048DE0000000000006A
S113DE6858DE00000000000058DE0000000000003A
S113DE7868DE00000000000068DE0000000000000A
S113DE8878DE00000000000078DE000000000000DA
S113DE9888DE00000000000088DE000000000000AA
S113DEA898DE00000000000098DE0000000000007A
S113DEB8A8DE000000000000A8DE0000000000004A
S113DEC8B8DE000000000000B8DE0000000000001A
S113DED8C8DE000000000000C8DE000000000000EA
S113DEE8D8DE000000000000D8DE000000000000BA
S113DEF8E8DE000000000000E8DE0000000000008A
S113DF08F8DE000000000000F8DE00000000000059
S113DF1808DF00000000000008DF00000000000027
S113DF2818DF00000000000018DF000000000000F7
S113DF3828DF00000000000028DF000000000000C7
S113DF4838DF00000000000038DF00000000000097
S113DF5848DF00000000000048DF00000000000067
S113DF6858DF00000000000058DF00000000000037
S113DF7868DF00000000000068DF00000000000007
S113DF8878DF00000000000078DF000000000000D7
S113DF9888DF00000000000088DF000000000000A7
S113DFA898DF00000000000098DF00000000000077
S113DFB8A8DF000000000000A8DF00000000000047
S113DFC8B8DF000000000000B8DF00000000000017
S113DFD8C8DF000000000000C8DF000000000000E7
S113DFE8D8DF000000000000D8DF000000000000B7
S113DFF8E8DF000000000000E8DF00000000000087
S113E008F8DF000000000000F8DF00000000000056
S113E01808E000000000000008E000000000000024
S113E02818E000000000000018E0000000000000F4
S113E03828E000000000000028E0000000000000C4
S113E04838E000000000000038E000000000000094
S113E05848E000000000000048E000000000000064
S113E06858E000000000000058E000000000000034
S113E07868E000000000000068E000000000000004
S113E08878E000000000000078E0000000000000D4
S113E09888E000000000000088E0000000000000A4
S113E0A898E000000000000098E000000000000074
S113E0B8A8E0000000000000A8E000000000000044
S113E0C8B8E0000000000000B8E000000000000014
S113E0D8C8E0000000000000C8E0000000000000E4
S113E0E8D8E0000000000000D8E0000000000000B4
S113E0F8E8E0000000000000E8E000000000000084
S113E108F8E0000000000000F8E000000000000053
S113E11808E100000000000008E100000000000021
S113E12818E100000000000018E1000000000000F1
S113E13828E100000000000028E1000000000000C1
S113E14838E100000000000038E100000000000091
S113E15848E100000000000048E100000000000061
S113E16858E100000000000058E100000000000031
S113E17868E100000000000068E100000000000001
S113E18878E100000000000078E1000000000000D1
S113E19888E100000000000088E1000000000000A1
S113E1A898E100000000000098E100000000000071
S113E1B8A8E1000000000000A8E100000000000041
S113E1C8B8E1000000000000B8E100000000000011
S113E1D8C8E1000000000000C8E1000000000000E1
S113E1E8D8E1000000000000D8E1000000000000B1
S113E1F8E8E1000000000000E8E100000000000081
S113E20843000000000000000000000000000000BF
S113E21800000000000000000000000000000000F2
S113E228430000000000000000000000000000009F
S113E23800000000000000000000000000000000D2
S113E248430000000000000000000000000000007F
S113E25800000000000000000000000000000000B2
S113E268430000000000000000000000000000005F
S113E2780000000000000000000000000000000092
S113E288430000000000000000000000000000003F
S113E2980000000000000000000000000000000072
S113E2A8430000000000000000000000000000001F
S113E2B80000000000000000000000000000000052
S113E2C843000000000000000000000000000000FF
S113E2D80000000000000000000000000000000032
S113E2E8D4C1000000000000EABD000000000000E6
S113E2F8000000000000000070D4000000000000CE
S113E30868D400000000000008CB000000000000F2
S113E31808CB00000000000008CB0000000000004B
S113E32808CB00000000000008CB0000000000003B
S113E33808CB00000000000008CB0000000000002B
S113E34808CB00000000000008CB0000000000001B
S113E358FFFFFFFFFFFFFFFFFFFFFFFFFFFF0000BF
S113E3680100415343494900000000000000000037
S113E3780000000000000000000000000000000091
S113E3880000415343494900000000000000000018
S113E3980000000000000000000000000000000071
S10BE3A8000000000000000069
S113E3B07F7F7F7F7F7F7F7FFFFFFFFFFFFFEF7FF9
S113E3C00000000000003040000000000000E03FBA
S113E3D03030303030303030000000000000C03FBA
S113E3E0000000000000F83F61436F63A787D23F3D
S113E3F0B3C8608B288AC63FFB799F501344D33F30
S113E400000000000000F03F000000000000244075
S113E4100000000000001C40000000000000144048
S113E420FFFEFEFEFEFEFEFE8080808080808080F7
S113E430000000000000504348D900000000000024
S113E44000000000000000009F9C1C000000000071
S113E45080E40000000000000000F0FF0000000065
S113E46048D9000000000000FFFFFFFFFFFFFFFF8F
S10BE47000000200000000009E
S107E478000000009C
S9030000FC
