S02B00002E2E2F2E2E2F737265632F6E6F656C7636342F68656C6C6F5F776F726C642E6E6F656C7636342E6739
S113000097B10000938101B1996273A0023073101B
S11300103000970200009382E214739052307324EC
S113002040F111EC970200009382C2147390523095
S1130030EF000048970200009382C23482921313A7
S11300402400970200009382E20B9A9203A3020019
S11300500F00F00FE31C03FE138E014393134400BF
S1130060B30E7E00138F8E0083BF0E0003310F008A
S1130070970200009382021073905230732540F16E
S1130080829F1300000013000000130000001300FF
S11300900000130000001300000013000000130010
S11300A00000130000001300000013000000130000
S11300B000001300000013000000130000001300F0
S11300C000001300000013000000130000001300E0
S11300D000001300000013000000130000001300D0
S11300E000001300000013000000130000001300C0
S11300F000001300000013000000130000000100C2
S113010073001000730010007300100073001000DF
S113011073001000730010007300100073001000CF
S113012073001000730010007300100073001000BF
S113013073001000730010007300100073001000AF
S113014013132500970300009383C3FBB3027300CA
S11301500F00500F2FA00208130500008280010039
S113016002900100130000001300000013000000BF
S113017073202034130181DE06E00EE812EC16F041
S11301801AF41EF822FCA6E0AAE4AEE8B2ECB6F03B
S1130190BAF4BEF8C2FC46E14AE54EE952ED56F126
S11301A05AF55EF962FDE6E1EAE5EEE9F2EDF6F113
S11301B0FAF5FEF973250030F32510347326203444
S11301C0AAFD2EE232E6F32230002328511002AEBB
S11301D006B20AB60EBA12BE96A29AA69EAAA2AEFB
S11301E0A6B2AAB6AEBAB2BE36A33AA73EAB42AFE7
S11301F046B34AB74EBB52BFD6A3DAA7DEABE2AFD3
S1130200E6B3EAB7EEBBF2BF2730D1212734E121B0
S11302102738F12163550600EF00203421A08A8697
S1130220EF0060338260C261626282722273C273C1
S1130230627486642665C665666686762677C677A2
S113024066788A682A69CA696A6A8A7A2A7BCA7B52
S11302506A7C8E6C2E6DCE6D6E6E8E7E72209230A8
S11302603231D231723296223623D6237624963412
S11302703635D63576369A263A27DA277A289A38C2
S11302803A39DA397A3A9E2A3E2BDE2B7E2C9E3C72
S11302903E3DDE3D7E3E873E0120073F8120873F75
S11302A00121032F011173103F006E7F926F7310B1
S11302B00F3073901F342E7FCE7F13018121730082
S11302C020300000000000000000000000000000DA
S11302D0000000000000000000000000000000001A
S11302E0000000000000000000000000000000000A
S11302F000000000000000000000000000000000FA
S113030000000000000000000000000000000000E9
S113031000000000000000000000000000000000D9
S113032000000000000000000000000000000000C9
S113033000000000000000000000000000000000B9
S11303400000000000000000411106E422E095478F
S113035037040060A96529651CC0938505B213059F
S113036085B3EF0090372965FD55130505B5EF00FA
S1130370D0369947A2605CC0026401454101828085
S1130380EF0000130A8493020000639E02001385A9
S1130390013317B600001306E6EEB306A64093D564
S11303A03600EF0060119382013F23B08200EF001A
S11303B00012EF00E00FEF00402FEF00A032EF003B
S11303C0A02117150000130505A4EF00F020EF008D
S11303D09026EF00C00B9382813303A50200938221
S11303E0013083B5020013060000EFF0FFF5EF00C3
S11303F0701F0290000000000000000000009387BE
S11304008126138781266308F7009307000081C7BC
S1130410138581268287828093878126938581260E
S11304209D8D93D73540FD91BE95858599C59307DC
S1130430000081C71385812682878280411122E0D2
S113044083C7813F06E499EFEFF07FFB9307000039
S113045099C71385813297000000E70000008547A3
S1130460238CF13EA2600264410182809307000064
S113047091CF4111938501401385813206E49700A1
S11304800000E7000000A260410179B771B7B70727
S1130490801F938717208E070D4798C3828003A57A
S11304A00135828000000000000000000000000010
S11304B082800000000000009387F5FF81C97D570A
S11304C023300500FD172105E39CE7FE8280A96720
S11304D029671386073193050731630DB606A966AC
S11304E09386063163F8D5063365B600FD161D897B
S11304F0130707318D8E39E113B5C6021345150074
S11305001375F50F05CD8982850613D816000E08DC
S11305109387073132988863A1072107233CA7FEFC
S1130520E39B07FF13F5E6FF13172500B307E60067
S1130530BA956381A6029C439CC18280F19A91067C
S1130540B2969387073198439107910523AEE5FE50
S1130550E39BF6FE828002908280931716008583C7
S11305602D476384E7000290828079714EE483B959
S11305708134B70720004AE8BE9903A9490052E034
S113058006F422F026EC0129138A015363070902B9
S113059093170902F583D29780639B04090019C459
S11305A01C68086CA685829700607DF823A2290147
S11305B003A949000129E31D09FCA2700274E26445
S11305C04269A269026A4561828083A701350145B7
S11305D0852723A8F13482801D71A2E883A7013501
S11305E086ECA6E4C5C383B781349DE303A58130BB
S11305F08567938787CE0A88114789461306200C9E
S11306008545EF00C06D93170502819323B4F1343F
S113061083B701349DE303A581308567938787CE33
S11306200A88114789461306300C8545EF00206B74
S113063093170502819323B0F13403A7413583B6A0
S1130640813485471B172700130707203207369785
S113065023200700854513060002139727003697C9
S11306600CC38527E39BC7FE85679B87078073A020
S11306704730A14773A00730E6604664A66401458D
S11306802561828003A581309307A05C014811474E
S113069085461306D00B8545EF00606483A70135BA
S11306A0B9F3854723A8F1343DBF411122E083B754
S11306B0813506E401459DE303A581308567014842
S11306C0938787CE1147914631468545EF002061D7
S11306D00215019123BCA13413351500A2600264F4
S11306E041018280797122F083B7813606F4014595
S11306F089C7A27002744561828003A58130856731
S1130700938787CE13088100114791464546854556
S1130710EF00E05C93170502819323B4F13605459D
S1130720E9DB03479100A270027423A0E13601457E
S113073045618280638D05146302062098410CFE96
S11307409B57570093F607067D8BFD8B558F23002F
S1130750F600A300E6009C49E1EB0147814601480D
S113076023060601DC4954C218C6638807101B9788
S11307700701B706F0FF7D8F758F13F8F7008D48DA
S11307800127C286630518179BD747009B9747012B
S113079093C7F7FF81277D586389070F02178217D4
S11307A00193D98F1CEA9C4D230CD600FD58F1C34C
S11307B09B9607013707F0FFFD8EF98E0D4313F763
S11307C0F70081263A88630167101BD747001B177F
S11307D047011347F7FF01276307170BDC4D54CE7E
S11307E018D223020603B5CB1B970701B706F0FF07
S11307F07D8F758F93F5F7000D480127AE86638AC8
S113080005099BD747009B97470193C7F7FF8127AB
S1130810FD556388B706021701938217D98F1CF61A
S11308202308D602014582809B9607013707F0FF13
S1130830FD8EF98E8D4813F7F70081263A88630CF4
S1130840170D1BD747001B1747011347F7FF012755
S1130850FD57E317F7F0014721B701478147021716
S1130860019382178146D98F1CF62308D6020145CD
S1130870828001478146014895B7814701478146F7
S113088031BF814749BF014791BF814701BF05453A
S1130890828093C7F7FF9BD74700B7051000938565
S11308A005F09B9787001B57C700ED8F498F93E78F
S11308B0F70F01278127021701938217D98F1CF69E
S11308C02308D6020145828013C7F7FF1B57470050
S11308D0B70710001B178700938707F09BD6C60045
S11308E07D8FC98E1367F70F81260127C5BD93C776
S11308F0F7FF9BD74700370810009B978700130822
S113090008F01B57C700B3F70701498F93E7F70FA8
S11309100127812761B513C7F7FF1B574700B707A6
S113092010001B178700938707F09BD6C6007D8FA6
S1130930C98E1367F70F812601271DB509458280EB
S113094015714EFD52F95AF15EED66E56AE136F035
S113095086EDA2E9A6E5CAE156F562E9EEFC858AD0
S113096046E4AA8C2E8BB28B3A8D3E8AC289D5CAB4
S113097037F40F00498C021401906304080A638E53
S113098005246306062A8564138904802299FD14CC
S113099029A0130404026306240914409BD7C6004B
S11309A0E58F1BD7860181275D8F01279BD68601A2
S11309B06DD3E39066FFE39EFBFCA2851018668569
S11309C0EFF05FD7A2676A8785465E86DA850818E6
S11309D0829901255DDD7DA8856A93870A80330CA1
S11309E0F400FD1A1840A28510189B54C700B3F4F4
S11309F0540181249B578701C58F81276685130481
S1130A0004021B59870181CFEFF0DFD2A2676A8706
S1130A1085462686CA8508188299012525EDE313A3
S1130A2084FD0277B707100093840780B3E49C0029
S1130A30137C2700118B82143AE0856D0567819041
S1130A40938D0D801309F7FFFD171B071D00A69D4D
S1130A503AEC3EF403A304001B58C30033770901A6
S1130A609B5783011B5483019B0A0700630A0C00F4
S1130A70B3E7FA00812791CB630D0B02630B8B0262
S1130A8063754D018547630DF40493840402E39375
S1130A909DFC0145EE604E64AE640E69EA794A7AC3
S1130AA0AA7A0A7BEA6B4A6CAA6C0A6DE67D2D6110
S1130AB0828063840B00E3955BFDE38309FC1018DB
S1130AC0A685668542C8EFF0FFC6A2676A87894695
S1130AD05686A285081882990125424855D15DBFE2
S1130AE093070002638DFA0C8567ED1733F807014D
S1130AF001289307B0046304F80C8267D9D7994797
S1130B00E395FAF89C4837F40F001B93070133F37D
S1130B106700B707F0FF3373F300012333648300E6
S1130B2002140190930A040831A06304BB02210457
S1130B30E30D54F518401B56C700337626010126F1
S1130B409B578701D18F81279B558701EDD3E31EE6
S1130B500BFC63840B00E39CCBFCE38A09FC9B57EE
S1130B60570093F607067D8B558FFD8B2308F10202
S1130B70A308E1025440A26762671B9546009BD01C
S1130B80C6001BD84600B7061000B3F0A0001385BA
S1130B9006F0A2761B188800B3F0A0003378A800F2
S1130BA0B3E060003348D800081891461AE8A2E080
S1130BB006DA42DC82990125426335D9E1BD8844D5
S1130BC00DDDA268626782764E88D2875E86DA85FA
S1130BD0EFF01FD7012515D175BDE30F06DE0569BA
S1130BE0930A0980A29A7D1929A013040402E38AB6
S1130BF08AE20C409BD7C500B3F7270181271BD796
S1130C0085015D8F01279BD4850165D3E39FFBFCA0
S1130C10A28510186685EFF0FFB1A2676A87854642
S1130C205E86A68508188299012561D1A5B5056956
S1130C30930A0980A29A7D1929A013040402E302ED
S1130C4054DF18409B54C700B3F424019B57870119
S1130C508124C58F81271B578701E5D3E31FEBFC54
S1130C60A28510186685EFF0FFACA2676A878546F7
S1130C702686DA8508188299012561D121BDA1CD86
S1130C8029CE03A8050037071000130307F09B566D
S1130C90580093F806061378F801FD8A33E8080132
S1130CA02300D600A3000601DC419306F7FF0CEAFB
S1130CB01BD7C7009B9547009BD747006D8F9B9719
S1130CC0870033776700B3F76700598DB58F48C243
S1130CD01CC6014582800545828009458280C28800
S1130CE03E88BA870147A9B981CB11476388E600DA
S1130CF0FD360547637CD70048418280186198E33C
S1130D00186598E71869484198EB8280033E05000E
S1130D100333850083380501033885010C71107590
S1130D201479187D484123B0C70123B4670023B860
S1130D30170123BC07018CF390F794FB98FF828082
S1130D4083B68134B9C2F375043003A741351B5609
S1130D50F5411B56B601299E1B1727001B5656400A
S1130D60160732970A07BA960967BA9698428547D2
S1130D70BB97A70093C7F7FFF98F81279CC293F70E
S1130D80850073A00730014582800545828003B742
S1130D90813429C37376043083A741359B56F541CA
S1130DA09BD6B601A99E9B9727009BD656409607D3
S1130DB0B6978A073E9789673E971C4385463B95BD
S1130DC0A6005D8D012508C39377860073A00730C4
S1130DD00145828005458280AA85814601460145F8
S1130DE06F20C0094111814522E006E42A84EF20E6
S1130DF0A01103B5012F3C6591C382972285EF8032
S1130E00300C011122E8A967296413048430938704
S1130E100731818F26E406EC93D4374081C8E1176B
S1130E203E941C60FD1461148297E5FCE260426408
S1130E30A26405618280011122E84AE029642969DB
S1130E409307942F1309992F3309F94006EC26E4EC
S1130E5013593940630B09001304942F81441C6017
S1130E60850421048297E31C99FE29642969930768
S1130E700430130989303309F94013593940630B9D
S1130E8009001304043081441C6085042104829702
S1130E90E31C99FEE2604264A264026905618280F7
S1130EA01D7122F032F806F436FCBAE0BEE4C2E862
S1130EB0C6EC2A842E8619C11C5999CB0C681418C7
S1130EC0228536ECEF006005A270027425618280F1
S1130ED02EE4EF3020532266D5B7597122F003B4C3
S1130EE00131B2E006F42EFCB6E4BAE8BEECC2F07E
S1130EF0C6F42A8619C01C5899CB0C68341822856C
S1130F0036ECEF008001A2700274656182802AE4ED
S1130F102285EF30204F2266CDB7130101D9233447
S1130F201126233C9124233821252334B121AE8476
S1130F30B28D36EC233081262334312523304125EC
S1130F40233C512323386123233471232330812309
S1130F50233C91212338A121A2BFA6BBCAB7CEB39B
S1130F60D2AF2A89EF30700D1C613E853EE5EF500B
S1130F70D013AAFC6306090083270903638307428D
S1130F80A967938707E66386F442A967938787E294
S1130F906384F442A967938707DF6394F4006F10B6
S1130FA0000883960401096693970603C193B3F579
S1130FB0C70095E183A5840AB3E7C6009B970701A0
S1130FC0F9769BD70741FD16ED8E2398F400C217DE
S1130FD023A4D40AC19393F68700E386061C946C79
S1130FE0E383061CE98BA946E38CD71C87B48126CE
S1130FF087B9812807B4012707B9812783B7012856
S1131000130A011582F43EED83C70D00D2E982F183
S113101082CD02F002F402E982F082F802E102E4F5
S11310205288638007186E84930650026388D766DB
S1131030834714000504FDFBBB09B441638309160F
S11310400E76EE462330B8014E96852623343801B9
S1131050B2F1B6CD1B8606009D464108E3CEC60E0E
S113106022673B87E9003AE4638D0712A9690343C9
S11310701400A307010A0504FD58814A814C130B8F
S1131080A005938989BC254D05049B0B0300130619
S1131090A0029B870BFE9B8607006367DB00821719
S11310A0F983CE979C438287638D0B0E2304710FC3
S11310B0A307010A85490146014D054B814802F801
S11310C002FC82EC930D810E93F22C0063830200E8
S11310D0892993FF4C088E7763960F00BB863A41AB
S11310E06344D0161DC2EE461306F10A2330C8002D
S11310F08526054685072334C800B6CD1B86060021
S1131100BEF19D46410863C0C61C63830202EE46DD
S113111010192330C8008526094689072334C800DE
S1131120B6CD1B860600BEF19D464108E3CFC6043A
S1131130930600086387DF6ABB88684163491073BC
S113114093F60C106393065E6E47DA972330B8016A
S11311509B061700368723346801BACDBEF11D47BC
S11311606340D722410813FE4C0063060E003B8BFC
S11311703A41E342600B568763D33A014E87A26635
S1131180359F3AE46393077682CD63060D00EA85C2
S11311904A85EF30A0345288A28D83C70D00E394B2
S11311A007E88E77638007769009A6854A85EF5015
S11311B0901389AF814A834604009B972A00BB8A17
S11311C057011B830BFD9B9A1A009B8706FD0504A0
S11311D0BB0A53019B8B0600E37FFDFC5DBD93F7C7
S11311E08C00E39A072AE2679C23A1073EECBEB475
S11311F0D3A7F72273271000D397F4A27310170014
S1131200E385072CD30700F22637D317F7A299C337
S11312106F10A0040346F10A9307700463C47701B6
S11312206F00F07B2967930D07B713FEFCF702F8F4
S113123002FC82EC9B0C0E008D49014D0D4B814844
S1131240E30406E8852949B5A96EC1456E46138CA9
S11312508ED3414F9D4363C6D500B1A0C1366354BC
S1131260DF040526C107233088012334E801BEF1D9
S1131270B2CD4108E3D4C3FE9009A6854A85B6E8F9
S1131280C6E4FEE016E8EF50100663170566C6666E
S1131290414F8E77C1366E46A668866FC262528809
S11312A09D43E340DFFCB6979B0516002334D8002A
S11312B023308801BEF1AECD9D46E3C2B65C034641
S11312C0F10A410805B59009A6854A85C6E4FEE001
S11312D016E8EF505001631105628E77A668866F99
S11312E0C26252881DB5EE48027705459B861800F8
S11312F02330B8018507B68513060801E353E50AD0
S11313000545AECD2334A800BEF19D45E3C7D54ABB
S11313106677AA658526BA970CE218E69B850600CF
S1131320B6CDBEF19D464106E3C5B64AD30700F2E9
S1131330263702779B8815005325F7A2C6861B0B18
S1131340F7FF13080601E31E050613871D00DA974D
S113135018E223346601BEF1C6CD1D47E3481733B6
S1131360130706029B88250042863A88CA669801BC
S113137018E2B69714E6BEF1C6CD1D47E35517DF54
S11313809009A6854A85EF500076631705568E7737
S11313905288D1BB13EE0C01034304009B0C0E00D6
S11313A0E5B14A85EF300006A967938707E6E39E17
S11313B0F4BC83348900F5B683340901DDB613EE39
S11313C00C019B0C0E00E26693F70C021387860057
S11313D0E38207049C62BE89E3CB0704FD5763885C
S11313E0F85813FEFCF71B0D0E00E392094E6384BC
S11313F008006F10E070EA8C3AEC8148014B930DC1
S1131400C1140346F10A9B89080063D468019B094F
S11314100B0002F802FC82EC014DE30706CA1DB57D
S1131420E267A307010A83BD0700138C8700E389E1
S11314300D30FD57E388F850468681456E8542ECB1
S113144046E8EF30303DC26862682A8D19E16F10BA
S113145040293B0BB5410346F10A9349FBFF93D95D
S1131460F94362EC02F802FC82ECB3F96901014D24
S11314708148E30B06C4F9B36267A307010A1C435E
S113148021073AEC2304F10E35B113EE0C019B0C49
S11314900E00E26693F70C02138786006383077AD3
S11314A083B9060013FEFCBF1B0D0E003AEC814706
S11314B0A307010A7D576389E81E137EFDF79B0C81
S11314C00E006392091E6395082285FB137B1D00A1
S11314D0930DC114E3070BF293070003A305F11462
S11314E0930DB11439BFE26693F70C029862A1061A
S11314F036EC639D077893F70C016399077893F7AB
S11315000C0499C36F10800413FE0C20A2676314AB
S11315100E006F10C05D2300F700A28DBDB913EE5D
S11315200C02034304009B0C0E00B9BE6267E17712
S113153093C707832318F10AA96D9307870013EE55
S11315402C003EEC93878DB83EF4833907001B0DC5
S11315500E008947930B8007A1BF03430400930740
S1131560C006E306F31C13EE0C019B0C0E0029BE0F
S11315700343040093078006E302F31A13EE0C04FA
S11315809B0C0E0011B613EE8C00034304009B0C5D
S11315900E00DDBC13EE0C011B0D0E00E26693770A
S11315A00D0213878600638D076A83B90600854799
S11315B03AECFDBD13EE0C08034304009B0C0E0033
S11315C0E1B4E2670343040083AA0700A1073EECE9
S11315D0E3DC0AAABB0A504185A84A8542F846E8DA
S11315E0EF30A0251C653E853EE1EF50002CAA8714
S11315F04A85BE8BBEF8EF3040241869C268427831
S1131600BAF003430400E3810BA8E30F07A6834762
S11316100700E38B07A613EE0C409B0C0E00ADB441
S113162013EE1C00034304009B0C0E00B1BC834763
S1131630F10A03430400E39907A493070002A307F4
S1131640F10A99B40343040013EE4C009B0C0E0002
S113165025BC9307B00203430400A307F10A2DB489
S1131660834B0400930714006394CB006F10205F36
S11316709B860BFD3E848148E36DDDA0834B040013
S11316809B972800BB8817019B981800BB88D8003B
S11316909B860BFD0504E373DDFEE5BABB09B4418B
S11316A0E386099C71BA668D05476384E72C094774
S11316B06389E704130BC114DA8D93F779009387D8
S11316C00703A38FFDFE93D93900EE86FD1DE39633
S11316D009FE13761D0031C6130600036383C70495
S11316E0F916A38FCDFE3B0BDB40EA8CB68D11BB04
S11316F005476394E7006F1080360947668DE39BC6
S1131700E7FA130BC114DA8D227793F7F900FD1D64
S1131710BA9783C7070093D949002380FD00E39556
S113172009FE3B0BBB41EA8CE9B993065006E3DCA6
S113173076BBD30700F22637D326F7A26388063494
S11317406E47A966938606BC05272330D800850713
S113175085462334D800BACD9B060700BEF11D4749
S11317604108E34BD7146A578276635CD7502A67E3
S1131770E67641082338E8FE6E47B697233CD8FE48
S113178005279B060700BACDBEF11D476347D776F0
S113179002779B0BF7FFE358709DA96EC1466E4715
S11317A0138C8ED4414B9D4D63C776016F0030215D
S11317B0C13BE3567B210527C1072330880123342D
S11317C06801BEF1BACD4108E3D4EDFE9009A685C7
S11317D04A85EF504031631105128E776E47528867
S11317E0C1BF3B8F3A41E359E095A96E4146EE46AD
S11317F0138C8ED4C14F9D426346E60189A0413FBC
S113180063DFEF038526C107233088012334F80101
S1131810BEF1B6CD4108E3D4D2FE9009A6854A852F
S1131820C6E07AE8EF50202C61E9426FC14F8E7711
S1131830413FEE46866852889D42E3C5EFFD1B8614
S11318401600FA97233088012334E801BEF1B2CDA3
S11318509D464108E3D2C68E9009A6854A8546E88E
S1131860EF50602851E98E77C2685288F1B0A96EB2
S11318704146EE46138C8ED4414F9D4F634616016C
S11318803DA8C138635D1F038526C1072330880145
S11318902334E801BEF1B6CD4108E3D4DFFE90095C
S11318A0A6854A8546E8EF50002439E5C268414FD1
S11318B08E77C138EE4652889D4FE3471FFD1B8645
S11318C01600C6972330880123341801BEF1B2CD27
S11318D09D464108E3D6C6869009A6854A85EF5001
S11318E0802019E98E775288A1B89009A6854A8587
S11318F0EF50601FE30A058863060D00EA854A85F8
S1131900EF20D03D83D7040193F7070499C36F10E8
S1131910E00B83308126033401262265833481253C
S11319200339012583398124033A0124833A81232D
S1131930033B0123833B8122033C0122833C81211D
S1131940033D0121833D81207E34DE343E399E39BE
S11319507E2A1301012782809009A6854A85EF50CB
S113196080184DF18347040052886FF06FEF668D45
S11319703AECA54763EB37679B890903A305311547
S1131980EA8C054B930DB114ADBC9009A6854A852C
S1131990C6E07EE8EF50201525F18E778668C26F89
S11319A052886FF0EFF8A6854A85EF10E03919C127
S11319B06F10C00183D70401A946E98B6398D7E26D
S11319C08397240163C407E203340126E26683306B
S11319D0812683398124033A0124833A8123033BFA
S11319E00123833B8122033C0122833C8121033D6B
S11319F001217E34DE343E399E397E2A6E86A685E8
S1131A00833D8120833481254A85033901251301CF
S1131A1001276F10202AA96EC1466E47138C8ED3FE
S1131A20C14C9D4B63C6660125A8413B63DA6C0338
S1131A300527C1072330880123349801BEF1BACDAC
S1131A404108E3D4EBFE9009A6854A85EF50A0092E
S1131A50E31405EA413B8E776E475288E3CA6CFD76
S1131A609B061700DA972330880123346801BEF1FE
S1131A70B6CD1D476351D7F09009A6854A85EF502E
S1131A808006E31B05E68E776FF0EFEE6A56635C23
S1131A90C058666782761B0B070063C6E63C63503A
S1131AA06003EE46DA972330B8011B861600233410
S1131AB06801BEF1B2CD9D464108E3CBC6249346EE
S1131AC0FBFF6667FD96337BDB003B0B6741634B93
S1131AD06049666793F60C40338BED006397067894
S1131AE0EA56027763C6E60013F61C00E30F0622EB
S1131AF02A66667741082338C8FE6E46BA97233CA7
S1131B00E8FE9B051600BEF1AECD1D46E345B63A90
S1131B1002773B06D7406E973B076741B286635313
S1131B20C700BA869B8B060063507003EE46DE97AF
S1131B30233068019B85160023347801BEF1AECDB5
S1131B409D464108E3CDB66293C6FBFFFD9633F78D
S1131B50DB003B0BE640635860E1A96EC1466E476B
S1131B60138C8ED4C14D9D4B63C766016F00B03397
S1131B70413BE3DA6D330527C10723308801233461
S1131B80B801BEF1BACD4108E3D4EBFE9009A685B5
S1131B904A85EF405075E31105D68E776E4752881B
S1131BA0C1BF13F31C00631D03F42334A800BEF16A
S1131BB0B6CD1D47634CD72C8928130808026FF053
S1131BC0EFFA635560FB4147634467016F10E00619
S1131BD0A96E138C8ED4C14D9D4B31A0413B63D96A
S1131BE06D299B861500C107233086012334B60175
S1131BF0BEF19B850600B6CD4106E3D1BBFE90093C
S1131C00A6854A85EF40306EE31805CE8E77EE4503
S1131C105286E9B793F70C016393072493F70C04F6
S1131C20638E075C83990600CE8763D907FA93070E
S1131C30D002A307F10AB30930413AEC668D854717
S1131C4095B893F70C016398072093F70C0483A9C4
S1131C500600638E075AC21993D909036FF09F8453
S1131C6093770D016393071E93770D0483A90600F0
S1131C70638C0756C21993D909033AEC85476FF070
S1131C803F8313F71C00630007CED5B4A267A28D6F
S1131C901CE36FF08FD0E26742F846E8BD07C19BB2
S1131CA088638C67C1073EECEF70303AD307A522F6
S1131CB0AAB4C268D3A7F722427873271000D39737
S1131CC0F4A273101700639F07D2A637D3A7F7A215
S1131CD0E380076693071006E38CFB569307100412
S1131CE0E386FB24FD5713FBFBFDE384F80A93070B
S1131CF07004E302FB60267793E70C108127E689E2
S1131D00E3450746530A07F2BE8C02E8014D9307E8
S1131D106004E304FB0E9307500442F853054A237E
S1131D20E308FB58BC0146867819341989454A856D
S1131D3046F0EF10804C9307700482784278AA8DA5
S1131D40E316FB7493F71900B3061501E390070E2D
S1131D502E6C6A57BB07BC413EF0BAEC9307700483
S1131D60E305FB0493076004E30BFB18E6679305A4
S1131D70100493F6FB0FFD373EDD01466316BB00EE
S1131D80BD2693F6F60F05462300D10C9306B00248
S1131D9063D70700666785479306D002999FA3001F
S1131DA0D10CA546E3D1F6569308F10CC685294516
S1131DB0930E3006BBE6A7022E863E8EFD159B864B
S1131DC00603A30FD6FEBBC7A702E3C5CEFF9B87BE
S1131DD007039306E6FFA38FF5FEE3F5166B93075F
S1131DE0210C83C5060085068507A38FB7FEE39AF9
S1131DF016FF9307110D918F1307210CBA979401C5
S1131E00959F3EE9027785463B0BF700DA87E3D9D5
S1131E10E65E66773B8BE7009347FBFF13FEF9BF53
S1131E2093D9F743012EB3793B01936C0E108129AA
S1131E3002F802FC82ECC267E39007020346F10A4F
S1131E408148630306A86FF0EFBF83B90600854796
S1131E503AEC6FF0EFE583B906006FF0AFE49C62F3
S1131E60BE896FF06FD71B8B0600E34C60C381B94A
S1131E709B88150013070601DA9723308601233463
S1131E806601BEF1C6CD9D4663D316679009A6854B
S1131E904A85EF405045E31105A6EE488E771308B6
S1131EA00116852852866FF06FCCA96D93878DB883
S1131EB0930680073EF4626693F70C0213078600CC
S1131EC0F5C78339060093F71C0089CF638C09009A
S1131ED013EE2C00930700032308F10AA308D10A88
S1131EE09B0C0E0013FEFCBF1B0D0E003AEC894741
S1131EF06FF00FDC668D6FF06FEA9009A6854A8556
S1131F00EF40703EE31A059E8E77528851B0A96D5A
S1131F1093870DBA930680053EF471BF13EE0C202F
S1131F20034314009B0C0E0005046FF0EF9513EEB1
S1131F300C02034314009B0C0E0005046FF0CF94B5
S1131F4099479B89080063E0175F296762EC014D9C
S1131F504E8B0146814802F802FC82EC930D87BB4C
S1131F606FF08F96A96E4146EE46138C8ED4C1480D
S1131F709D4B634666015DAC413B63D9682B852666
S1131F80C1072330880123341801BEF1B6CD4108BE
S1131F90E3D4DBFE9009A6854A85EF40D034E31DE7
S1131FA005948E77EE465288C148F9B793F70C0131
S1131FB0638A070E8339060039B79009A6854A85D6
S1131FC0EF407032E31A05928E77EE4652866FF038
S1131FD02FB49009A6854A85EF40F030E31E0590A2
S1131FE08E77EE4552866FF06FB493770D403EF0D6
S1131FF0130BC114F9EFDA8DA946A545B3F7D9023D
S11320000277FD1D4E8605273AF09B870703238040
S1132010FD00B3D9D902E3E3C5FE6FF08FF083343A
S113202089016FE01FF8EE46A965938505BC8526F6
S11320302330B800850785452334B800B6CD9B8589
S11320400600BEF19D46410863C9B64A63160612EE
S1132050027793F61C00D98E638706906E466677E6
S1132060AA66BA972330D8009B0616002334E800EA
S1132070BEF1B6CD1D466342D650410805A2900973
S1132080A6854A85C6E4FEE016E8EF40D025E315B0
S113209005860346F10A8E77A668866FC262528867
S11320A06FF04F8493F70C048329060063890716A5
S11320B0C21993D9090301BD9009A6854A85EF4049
S11320C09022E31B05828E7752886FF0CFE93AECB9
S11320D04DB002F05A86A946A54C130CF00F39A056
S11320E0B3D7D90263FF3CE3BE896E860277930DB2
S11320F0F6FF05273AF0B3F7D9029B870703A30F2E
S1132100F6FE867783C70700E31CF7FCE38A87FDA6
S113211063F93CE1C6778A6542F8B38DFD403E869B
S11321206E8546E8EF4070010677A946B3D7D90219
S113213003461700C26842783336C000329702F073
S1132140BAF05DB76E8542E8EF4020761B0B0500C0
S11321500346F10A9349FBFF93D9F94362EC02F871
S113216002FC82EC4268B3F96901014D814819E22D
S11321706FE09FF56FF00F8DEE456677AA66410814
S1132180BA972338D8FE9B861500233CE8FEBEF19F
S1132190B6CD9D4563C3D53EE34E060202771B864A
S11321A016002330B801BA972334E800BEF1B2CD4B
S11321B01D476344C7006FE0FFFA6FF06F9C9B06F6
S11321C01700DE972330880123347801BEF1B6CDA1
S11321D01D476344D7006FE0FFF86FF06F9A2967DB
S11321E0930D87B66FF06F8493770D20638B07365A
S11321F093F9F90F3AEC85476FF08FAB93F70C2006
S1132200638C073483890600CE876FF0EF9C93F7C5
S11322100C20638F073493F9F90F6FF0AFA893F78D
S11322200C206381073293F9F90F71B91B861600EC
S1132230DA972330880123346801BEF1B2CD9D467C
S11322404108E3D8C6889009A6854A85EF40B009BD
S1132250631405EA8E775288ADB89307D002A307BA
S1132260F10A1306D0026FE03FFB0277A96E1D430B
S11322706E97BAE06277414C938B8ED451CB427700
S113228059EB06777D17BAF062777D37BAE48A6630
S1132290467741082338D8FEEE46BA97233CE8FE39
S11322A01B861600BEF1B2CD6344C31E06770346F7
S11322B0070006671B0F0600BB056741BAE8FA86EC
S11322C063D3E501AE869B8F06006354F0036E462C
S11322D0FE97233068019B0616002334F801BEF1F3
S11322E0B6CD6342D31C06774108034607001B0F93
S11322F0060093C6FFFFFD96B3F6DF003B0FDF40F9
S1132300634BE0116277329B09CF26673AFC25FBC9
S113231042776303072842777D373AF86277BAE455
S1132320BDB729639D4EC14B130C83D4C27563881A
S113233005268A66467741082338D8FEEE46BA97C2
S1132340233CE8FE1B8616001B87F5FFBEF1B2CDC9
S11323503AF863C4CE1206770346070006671B0FDC
S11323600600BB056741FA8663D3E501AE869B8F01
S113237006006354F0036E46FE97233068019B0603
S113238016002334F801BEF1B6CD63C0DE1406771F
S11323904108034607001B0F060093C6FFFFFD9686
S11323A0B3F6DF003B0FDF406344E001329BBDBF67
S11323B0EE4663C6EB013DA8413F63DDEB03852692
S11323C0C1072330880123347801BEF1B6CD41081A
S11323D0E3D4DEFE9009A6854A857AE8EF40A07032
S11323E0631C05D0426F8E77EE46413F52889D4E66
S11323F0E3C7EBFD1B861600FA97233088012334CC
S1132400E801BEF1B2CD63C1CE2806774108034688
S11324100700329B21BFEE466346EC013DA8413FD5
S1132420635DEC038526C1072330780123348801DA
S1132430BEF1B6CD4108E354D3FE9009A6854A8582
S11324407AE8EF40406A631905CA426F8E77EE4618
S1132450413F52881D43E347ECFD1B861600FA9763
S1132460233078012334E801BEF1B2CD6340C320A8
S1132470067741080346070071B59009A6854A8589
S1132480EF406066631A05C68E7752889D4EE1B5AB
S11324909009A6854A85EF400065631F05C48E77C1
S11324A052881D4321B59009A6854A857EE8EF40F0
S11324B08063631305C48677C26F528803C607001E
S11324C01D438E771B0F06002DB59009A6854A85FE
S11324D07EE8EF404061631105C28677C26F52887F
S11324E003C607009D4E8E771B0F06007DB5852819
S11324F0130807013A866FE07FE79009A6854A85AD
S1132500EF40605E631A05BE6A568E7752883DBE00
S11325109009A6854A85EF40005D631F05BC8E7750
S113252052886FF0CFD999490DB43B06D7406E97C6
S11325303B0B674132876353CB005A879B0B0700E1
S11325406FF08FE0821993D90902B5BAA267A28D00
S11325502310F7006FE07FC483A90600CE876FE0E5
S1132560BFE7821993D909023AEC85476FE05FF41B
S1132570821993D909026FE0FFF29009A6854A8572
S1132580EF406056631A05B66A568E77EE46528857
S113259021B199486FF02FF602776E97BAE8466733
S11325A0637067D53A8B6FF0AFD3F5576344F70088
S11325B063D7E800F93B13FBFBFD6FF02FFB827739
S11325C0634FF73C93F719003A8B81C7E6773B8B4F
S11325D0E70093F9094063850900E667634EF05804
S11325E09349FBFF93D9F943B3793B018129930BB9
S11325F0700602F802FC6FF01F8453054A23BC01E5
S11326003419468678198D454A8542F846F0EF001C
S1132610D03E834605009307000382784278AA8D52
S11326206387F60AEA57C697B386FD00D30700F21C
S1132630368CD327FAA2639E07F02E6C637BDCF002
S11326401306000393071C00BEE52300CC002E6C88
S1132650E36ADCFE6FF0EFEF9307D002A307F10A01
S11326601306D002814885296FE01FA69009A6852C
S11326704A85EF404047631105A8867752881D4379
S113268003C607008E77BDB99009A6854A85EF4039
S11326908045631305A6867752889D4E03C60700BE
S11326A08E77329B61B19B0617003687DA97233009
S11326B088016FE05FAA9009A6854A85EF40A04291
S11326C0631C05A2EA568E7752886FF06FC4D30755
S11326D000F2D327FAA2B9F78546BB8716413EDD3F
S11326E099B70346F10A62EC02F802FC82ECC6894F
S11326F0468B814819E26FE03F9D6FE0BFB493F7CA
S11327001900B3E7F8006353E0506393074E3A8B24
S1132710930B600693F90940639209469349FBFFC2
S113272093D9F943B3793B018129E1B593070003B8
S11327302308F10A9307800593E92C00A308F10A02
S1132740930730068129014D930D810E63C3173918
S1132750A67713EE2C1002E8538A07F2D38707F208
S11327609B0C0E0013FBFBFD63C5072093071006AB
S1132770638EFB3C93071004639BFBD853054A23E9
S1132780281942F846F0EF309078D3773513530781
S113279000F282784278D3A7E7A299C385473EDD49
S11327A02966130606BA939E080293DE0E02850E6E
S11327B0D30600F2EE9E6E8C3B8F1D0121A0D3A7A1
S11327C0D7A285EBD3F787126285050CBB068F4130
S11327D0D39707C29B850700B30FB60083CF0F00C2
S11327E0538707D2A30FFCFFD3F7E70AE319DCFDF5
S11327F0FD56D317F9A263970726D3A727A381C74A
S11328008589639105269B87F6FF63C406D4330646
S113281080411D8A930E7600AD4F1B8F06009B8569
S1132820160063F3FE01AD4E636CDF456308064496
S1132830930E00032300DC01054F09059B87E6FF87
S11328406305E607A300DC01094F13052C009B87F1
S1132850D6FF630CE6052301DC010D4F13053C0094
S11328609B87C6FF6303E605A301DC01114F130533
S11328704C009B87B6FF630AE6032302DC01154F75
S113288013055C009B87A6FF6301E603A302DC013A
S11328901D4F13056C009B8796FF6318E601130513
S11328A07C002303DC019B8786FF919D9BDE350022
S11328B062968E0E1B8F0500B29E6A672106233C2A
S11328C0E6FEE31CD6FFE1998125139605020192E9
S11328D032958D9F6387E509130600032300C50025
S11328E063C10708A300C500635DF0062301C500AA
S11328F0854563D8F506A301C500894563D3F5066C
S11329002302C5008D4563DEF504A302C50091458D
S113291063D9F5042303C500954563D4F504A303E3
S1132920C500994563DFF5022304C5009D4563DABC
S1132930F502A304C50021466355F60213060003FD
S11329402305C500A54563DEF500A305C500A9451B
S113295063D9F5002306C500AD4563D4F500A3068D
S1132960C5008526369C6FF0CFBED30707F2014D14
S1132970BE8C9307D002539AF7223EE8C5BB900958
S1132980A6854A85EF40201619C16FE0FFF66A5606
S113299002778E7752883B06C7406FF0EF9A3E87E6
S11329A0E677930B70063B8BE7006667E344E0D65B
S11329B0BB07EB4085271B8B07009349FBFF93D98B
S11329C0F943B3F737019B89070025B1FD573EE46E
S11329D06FE03FF4A96EC1553B0BC040138C8ED4FD
S11329E0C1489D4B6346B60025A8413B63DA6803A2
S11329F08526C1072330880123341801BEF1B6CDE2
S1132A004108E3D4DBFE9009A6854A85EF40A00D7A
S1132A1019C16FE07FEE8E77EE465288C148F1B758
S1132A208526DA972330880123346801BEF1B6CDB8
S1132A301D466354D6E49009A6854A85EF40A00A52
S1132A4019C16FE07FEB8E77EE4652886FF00FF579
S1132A50930700032308F10A93078007F1B9668DF1
S1132A606FE09FF1AAE58346FCFF8345F600E28709
S1132A70639ED50013050003A38FA7FEAE6793865C
S1132A80F7FFB6E583C6F7FFE388D5FE9B851600FE
S1132A901305900393F5F50F6386A600A38FB7FE85
S1132AA06FF02FAB8345A600A38FB7FE6FF06FAA1C
S1132AB01B8C18003419BC017819628689454A8533
S1132AC046F0EF008073AA8D82784278B3868D0138
S1132AD0B1BE9B8518004A8542F046E8EF10B071FC
S1132AE0C2680278AA8D6307051A2A8D95B11CC3A2
S1132AF0A28D6FE08FEA639008A085486FF0AF9FC6
S1132B003AEC6FE07FE79306210C19E69306000385
S1132B102301D10C9306310C980B9B870703338652
S1132B20E6402380F6009B0716113EE96FF08FAD57
S1132B30A67763CF07100346F10A9307700463D4A2
S1132B4077112967930D07B86FE02FEE53054A23D9
S1132B50281942F846F0EF30903BD37735135307EA
S1132B6000F282784278D3A7E7A299C385473EDD75
S1132B702966130686B805B9930B70068677930603
S1132B80F00F02F883C7070002FC6387D70213061D
S1132B90F00F66679B86070063D0E7028675159F72
S1132BA0BAEC83C715008DCF627705273AFC1387EB
S1132BB01500BAF0E39FC7FC4277E277B99F4677E6
S1132BC0BB87E702BB8767011B8B07009349FBFFA9
S1132BD093D9F943B3F737019B8907006FF0AFA589
S1132BE0427783C7050005273AF8E394C7FAE9B7A3
S1132BF0E677930B60063B8BE7003B0B1B0119BE8A
S1132C0093F61900638A06A06FF0AFA091E7854997
S1132C10930B6006054BF1BAE677930B60068527A4
S1132C20BB8817011B8B08009349FBFF93D9F94319
S1132C30B3F838019B8908006DBAA96E4287138CDA
S1132C408ED46FF06FA32967930D87B76FE0EFDD24
S1132C509307D002A307F10A1306D002F9BD6267F5
S1132C601443930B87009B88060063D30600FD582A
S1132C70034314005EEC3E846FE00FC1628535B1FE
S1132C80628599B989473EE96FF0CF97468CB38640
S1132C908D0169BA83D7040193E707042398F400EC
S1132CA06FE05FC6AA8703B50131B2862E86BE8562
S1132CB06FE0AFA683D7050103AE850A03D32501D0
S1132CC083B8850303B88504130101B3F59B130787
S1132CD000402330814C2318F1002E841C198A856E
S1132CE0233C914A2338214B2334114C2A8972D531
S1132CF02319610046FCC2E43EE03EEC3AC63AD0F9
S1132D0002D4EFE08FA1AA8463590502835701011D
S1132D1093F7070499C78357040193E7070423181B
S1132D20F4008330814C0334014C0339014B268574
S1132D308334814B1301014D82808A854A85EF10CB
S1132D40E03669D5FD54D9B7011126E483B40131C5
S1132D5022E84AE006EC2A892E8499C09C58B9CB13
S1132D60A967938707E6630FF404A967938787E24B
S1132D706305F40CA967938707DF6306F40E031752
S1132D8004019317070393768700C193A9C6146CB3
S1132D90ADC213F6170049C21050232604000145A2
S1132DA03B06C04010D4C9C2E2604264A264026916
S1132DB0056182802685EF10E064A967938707E6A2
S1132DC0E315F4FA80640317040193170703937659
S1132DD08700C193CDFE93F60701C1CA918BA5E389
S1132DE0146C13678700931707032318E400C19337
S1132DF0CDF213F6072893050020E30CB6F8A2855C
S1132E004A85EF10502403170401146C9317070329
S1132E10C19313F6170049F213F62700814511E216
S1132E200C504CC40145C9F293F70708B5DF13678A
S1132E3007042318E4007D5585BF806889B72C708A
S1132E4081CD9307C4076387F5004A85EF100069B5
S1132E500317040123300406146C1377B7FD2324ED
S1132E60040014E0BDBF806C19BFA5472320F900FE
S1132E70136707042318E4007D553DB783B7013772
S1132E80B1C798477D48634FE80605C903B80711E1
S1132E90630A080693183700C29823B0C8000323B6
S1132EA0082005463B16E6003363C3002320682050
S1132EB023B0D81089466309D502930627008E06ED
S1132EC0052798C7B6978CE30145828093880163F0
S1132ED023B8113713070000938701635DD30337C9
S1132EE0000023B8E71071BF832648200145558EA2
S1132EF0930627002322C82005278E0698C7B69775
S1132F008CE382807D5582801D7156F4CAE003B93A
S1132F10013786ECA2E8A6E44EFC52F85AF05EECC7
S1132F2062E866E46AE063040908AA8B2E8A054B0A
S1132F307D5D83248900033C09111B84F4FF6348ED
S1132F400406630D0A0863040C068E04B3099C008E
S1132F50CA9431A07D34E119E114630AA40583B74E
S1132F60890FE319FAFE832C890098649B87FCFF80
S1132F70638F870423B4040071DF83270C20BB16FE
S1132F808B00F58F8127B1C383274C2083B589FF3C
S1132F90F58F8127A9C32E8502970327890083B75C
S1132FA0013763149701E307F9FA3E89D9F3E66020
S1132FB04664A6640669E279427AA27A027BE26BED
S1132FC0426CA26C026D256182800297F9B72324BA
S1132FD08900A28C55B75E850297C1B7630E0C06B3
S1132FE0939C3400B30999011B87F4FF83B78900CC
S1132FF0E29C630A870423B409008DCB03270C20C9
S1133000BB168B00758F012739C303274C2083B56A
S11330108CFF758F012715EF5E8582970327890042
S113302083B70137E31397F8E311F9F87D34E11915
S1133030E11CE30EA4F78324890083B789001B876E
S1133040F4FFE31A87FA23248900A2847DB78297C8
S1133050F1B72E858297D9B793993400CA991DA0E8
S113306023B409007D3491CB82970327890083B769
S11330700137E31C97F2E39A27F3E119E309A4F378
S1133080832489001B87F4FF83B78900E31A87FC34
S113309023248900A284F9B7397126F45C49C44910
S11330A006FC22F84AF04EEC52E856E45AE063C4B7
S11330B09714FD341393240013848501B309640029
S11330C0130A850103AB09005293832703001B07EE
S11330D01B00AA8A3BD9E7024A8B63E8E7084165EB
S11330E0A2885288814E01477D1583A60800032ECD
S11330F008001108B3F7A600BB8727031BD60601F7
S1133100B376AE001B5E0E0191083B062603BB8717
S1133110D7011BDF0701E98FBB07F740BD9E9BDE8C
S11331200641E98E3B06E6013377C5003B07EE40D6
S11331303B07D7019B170701DD8E232ED8FE9B5E2C
S113314006011B570741E3F219FB8327030091EFA4
S1133150711363666A0001A8FD3463766A008327ED
S113316003007113F5DB23AA9A005685EF20903EE5
S11331706347050641651B091B00D28581477D1500
S1133180104098419105B376A600959FB376A700A9
S1133190B59F1B5606019B560701919E1BD70741FD
S11331A0B99E1B870700698F9B9706015D8F1104E9
S11331B023AEE5FE9BD70641E3F489FC93972400F4
S11331C0D297984309EFF1176366FA0039A0FD34EA
S11331D06375FA009843F1177DDB23AA9A001B0557
S11331E00900E2704274A2740279E269426AA26A36
S11331F0026B216182800145EDB755714EF5D3090B
S113320005E203380504A2E126FD52F162E186E5F8
S11332104AF956ED5AE95EE5E6FCEAF8EEF432E4E2
S113322036EC4EF02A842E8ABA843E8C6304086AF3
S11332308335080085C1832788008546BB96F60040
S1133240821782168193D58F9CE5EF2020173C606E
S113325023B00700CE8D93DA0942814763D1090276
S11332607D59861A1359090293D71A003379390103
S1133270B367F9003EF0BE8D93DA1A0285479CC00D
S1133280B707F07FB3F7FA003707F07F638EE72EB6
S1133290D30700F253870DF2D327F7A295CF6267C5
S11332A085471CC363010C66A967938717BCA96A89
S11332B02330FC00938A0ABCAE600E64EA744A7937
S11332C0AA790A7A4A6BAA6B0A6CE67C467DA67DCB
S11332D05685EA6A6961828053850DF2B008EC086C
S11332E02285EF20105F9BD74A01AA849BD64A010E
S11332F0639F072A6647F646130600028129B99E92
S11333009B8526436355B666130600040D9E9B8772
S11333102641BB9ACA00BBD9F900B3E93A01812915
S1133320D38719D2370610FEFD36D38507E2854BC5
S113333093D705023D9EFD5781930216ED8FD18FE1
S1133340538707F287B7012907B68129D377F70A8C
S113335087B6012A538706D2C3F7C76A87B6812A7C
S1133360C377D77A530700F2D39707C25396E7A2DD
S11333701B88070063100658159FD9471B09F7FFE0
S113338063E70755A96693173800938686EFB697C7
S11333909C2353870DF2D317F7A2638C07227D3841
S11333A082E0014B634B0922635F082242E8A54790
S11333B03B0B0B413B0E00412860014863ED472362
S11333C09547854963D44701713A8149914763051B
S11333D0FA7C9547630FFA6E8947631BFA4C02F433
S11333E022666358C070B2E4B28C23240500FD4702
S11333F0E3D1C72E054791479B9717009386C701D2
S11334009B0507000527E379D6FE0CC5228542FCFF
S113341072F8EF10D06F427E6278AA8AE309052C15
S113342038609B860C00B94708E363EDD71E638BB5
S1133430091EC2676357F07E13F6F70029670E066C
S11334409BD74740130787EF329713F607011823DA
S113345063000674296787378700D3860DF2BD8B16
S11334608D45D3F7F61A91CF2967130787FE13F614
S1133470170009C6142385255377D712858721079A
S1133480FDF7D3F7E71A866799C707B7012BD397D8
S1133490E7A2E39E071487B6012C538705D2B7072A
S11334A0C0FC4377F76A530607E213570602B99F35
S11334B013970702FD578193F18FD98F63840C70A2
S11334C04266E685539707C29B8EF5FF296553072D
S11334D007D2A2781B0707038E0E130585EF137717
S11334E0F70F76952380EA001021D3F7E70A1385B6
S11334F01A00E38F080207B78127D38607F25377B0
S1133500C71A5377D70AD397E7A2E39107182A8DEE
S113351087B5012B054507B6812B3B05A54115A8A9
S11335203B07A501635FB70ED3F7C7125377C712E2
S1133530050D539707C2D30607D21B07070313775A
S1133540F70FD3F7D70AA30FEDFED39EE7A2E391BB
S11335500E12D3F6F50AD39EE6A2E3830EFC9B0774
S113356016003EE81306900331A0E384560D03C70A
S1133570F6FF368D9306FDFFE309C7FE0527137793
S1133580F70F2380E60039A6626789679387F7708F
S11335901CC3B20D639C0D06A96A938A8AD5E30DF8
S11335A00CD0A967938707D62330FC0031B39397D7
S11335B0CD003706F03FB193D18F13960702FD5724
S11335C08193B3F7B7016647D18F9B8616C0814BB1
S11335D085BB82E0014B6358090005433B0BE34084
S11335E00149E34508DC42E8A54728603B09280176
S11335F0014EE3F747DD85478549014A3EF4FD5C0A
S113360002E423240500E6E4814509B5A96A938A06
S11336108AD6E3030CCAA9679387B7D62330FC0084
S113362061B96EF0F64763C6070C426639476342D8
S1133630C70C296793173600130787EFBA979823A7
S1133640A26763D6070263449003639D0C5887B74F
S1133650812C814B81495377F7128237D387E7A2B4
S1133660638C074CA267568D13C9F7FFF9A902753D
S1133670854793851A00D30705F2D30605F2D3F7DD
S1133680E71A539607C2D30706D21B07060313771C
S1133690F70F2380EA00CBF7E76A01266384FC6214
S11336A09B87E6FF82178193890787B5812B530691
S11336B000F2338DFA0025A0D3F6E71A8505D396D8
S11336C006C2D38606D21B8706031377F70FA38F90
S11336D0E5FECBF7E67A1B8606006386A55FD3F783
S11336E0B71253A7C7A269DBC2672E8D85273EE8B0
S11336F055A22277630D072005476358474F9B87E0
S1133700FCFF6340FE48BB0BFE4063C00C62DA8DD5
S11337103B0999013B0B9B018545228542FC72F8CC
S1133720EF10707C427E6278AA89635DB001635BAE
S11337302001EE876345B9433B0BFB40BB8DFD4045
S11337403B09F94063000E04A2776383074C635777
S11337507003CE855E86228542FC72F8EF20002637
S11337602686AA85AA892285EF2080022A8DA6852D
S11337702285EF10B0446278427EEA843B067E41A3
S1133780631D06588545228542F8EF10D0754278AE
S1133790AA8B6345001F8547014D63DF4733854787
S11337A06319081EBB872701FD8B6388071A13075B
S11337B000021D9F914663D7E6707147BB07F7402F
S11337C03B8B6701BB8DB7013B89270163456015BE
S11337D063582001DE854A862285EF208032AA8B39
S11337E08667639107146351902DA277639B071C2E
S11337F0C26785273EE8054A56893B0A5A4109A80B
S1133800A685814629462285EF101041AA84050920
S1133810DE852685EFF05F889B0D05032300B90143
S1133820BB072A01E3CE97FD054A635890011B8A22
S1133830FCFF021A135A0A02050A569A0149A68580
S113384005462285EF20E02BDE85AA84EF208050F8
S11338506355A02A9306900319A063834A3B034748
S1133860FAFF528D7D1AE30AD7FE05272300EA00EA
S1133870DE852285EF109034638E09006308090009
S113388063063901CA852285EF105033CE8522851F
S1133890EF10D032A6852285EF105032E2674267DE
S11338A023000D0098C3E3090CA02330AC0129B414
S11338B08D4702F46311FA5EA2674267B99F9B8C3D
S11338C01700BEE46686E34290B3054639BE8547D9
S11338D0BEE0C1BC13050002EF10C01028E0630D68
S11338E0055E232405002338050023300500233C0E
S11338F005008DB2538707D25326F7A2E31E06A60E
S11339001B88F7FF95BCA96A938A0ABC75B2F28B2F
S1133910DA8D814919BDA6855A862285EF20601E5D
S1133920AA847DB5DE852685EF20C042E35D05EAE5
S1133930A685814629462285EF10102EC267AA84E7
S11339401B89F7FFA277BDE3A667BE8CE345F0EAC7
S113395009476342471D4AE8B1AAF1473B0BFB0004
S1133960BB8DFD003B09F900E35460E76DB7130616
S11339700002BB07B640BB99F9005DB2AA85428636
S11339802285EF20A00385474278AA8B63DB471D7D
S1133990014D83A74B01FD3791078A07DE978847BE
S11339A0EF10504793070002899FEDBBCE858146F7
S11339B029462285EF105026A66CAA89635E904B97
S11339C04AE86358B001CE856E862285EF206013E5
S11339D0AA894E8B631B0D309B87FCFF8217819352
S11339E08507D6973EF8827756E4858B3EF0DE85D0
S11339F02685EFF06FEAAA8CCE852685EF208035E8
S1133A00DE852A895A862285EF2040381C492A8D72
S1133A109B8D0C03AA85B5EF2685EF20A0332AF4ED
S1133A20EA852285EF109019A2760277B367DA004F
S1133A30D98F8127638A0740A267138D1700634ECD
S1133A400922827733692A0133E9270101296306B0
S1133A5009226343D036C277A30FBDFF638DA73716
S1133A60A685814629462285EF10101BAA84CE859F
S1133A7081462946228563836903EF10F019DA85AC
S1133A80AA89814629462285EF1010192A8B6AE4F7
S1133A90B9BF2285EF109012854679BFEF10D01779
S1133AA0AA892A8B6AE4A1B7894763C84707A27722
S1133AB0E39907F0DE852685EFF00FDEC2679B0DE4
S1133AC00503138A1A0085272380BA013EE80149B9
S1133AD0BDB385473EF4CDB302779317C700E39097
S1133AE007CC935707023707F07FF98FE38907CA9A
S1133AF061A08547854C3EE429B609E513F71D000E
S1133B00E31A07D4930600030347FAFF528D7D1A84
S1133B10E30CD7FEB1BBBE8C4AE8E3950CB4DE855A
S1133B20814615462285EF10300FAA8BAA8526857B
S1133B30EF204022E358A0B2C26713071003138D8D
S1133B401A002380EA001B891700DE852285EF1006
S1133B50F0069B0719003EE8E39A09D225BBCA8701
S1133B60E1BE8277B207E39507E282773707F07FF9
S1133B708193F98FE38E07E08547052B05293E8D58
S1133B8039B9BB8BC7413B880B013E8E814BB5BE17
S1133B90D3870DF28945C1B885473EF46FF05F8441
S1133BA087B6012C538705D2B707C0FC4377F76A61
S1133BB0530607E213570602B99F7D5701938217F4
S1133BC0718FD98F07B7812CD3F7E70A538707F290
S1133BD05317F7A2631707265317E722D397E7A2D1
S1133BE0E38107A4814B8149B5BC638C0B1A9B8785
S1133BF03743DA8D3B892701F28B3B8B670129BE62
S1133C00C267130710032380EA0085273EE88DB1BD
S1133C10A6857286228542F8EF10505A4278AA840B
S1133C2095B66381071CBB07F04013F6F7002967BC
S1133C300E06130787EF32971C2353870DF29BD789
S1133C404740D377F712638007245387F722296705
S1133C50130787FE0145894513F6170011C614237F
S1133C60852505455377D71285872107F5F7E30C9A
S1133C700580D307E7226FF01F81C26785273EE8DE
S1133C806353D002A68505462285EF109067DE8532
S1133C90AA84EF20200C6356A01C93069003638A29
S1133CA0DD009B8D1C03A2674E89DA892380B7014E
S1133CB0C1B6A267130790034E892380E7006A8A7E
S1133CC0DA8949BE2E8DD3F7F702C26785273EE80D
S1133CD0D316F7A2E3980688D3A6E7A2E38C06BA24
S1133CE093761600E390068875B683A5890022852D
S1133CF0EF10E0612A8B6307052003A64901938531
S1133D000901410509060A06EF10A039DA850546BE
S1133D102285EF10105F2A8BC1B1A685228542F857
S1133D20EF10D0494278AA84B1BCBB0D9B41EDB2DF
S1133D30538707F2854E5376E6126384D5158215B0
S1133D4087B6812B8191338DBA00D3F7D71205053D
S1133D50539707C2530707D21B0707031377F70FBD
S1133D60A30FE5FED3F7E70AE311A5FF07B7812701
S1133D70D376E602D395F6A2639305FE5377C70A7A
S1133D805397E7A2E30F0788930500030347FDFF5A
S1133D90EA867D1DE30CB7FE9B0716003EE8368DD0
S1133DA0D5BC664793076003DA8D999F3B89270149
S1133DB0F28B3B8B67018DB2C26793069003852714
S1133DC03EE8E388DDEEA2671B871D004E89238051
S1133DD0E700DA8971BC3E8AC2674E89DA89852791
S1133DE03EE8B1BCD3870DF289456FF0CFE9E38992
S1133DF00CDAA668E357108307B7812BC2678525C1
S1133E00D3F7E7121B86F7FF538705D287B6012C39
S1133E10B707C0FCC68543F7E76A530507E21357A3
S1133E200502B99F7D5701938217698FD98F6FF06F
S1133E306FE9C267130710032380E60085273EE875
S1133E4091BC814B8149CDB9A26793069003138D30
S1133E501700C26785273EE8E38DDDE4E34320E5F0
S1133E6099B5E31205E493F61D00E39806E225BD37
S1133E709B0716003EE839BC0947E35347B54AE8B7
S1133E8069B92A8DE5B589456FF0EFDF9B07160008
S1133E903EE82A8D01B4232405008145228542F49D
S1133EA072E4EF10C046226E2278AA8A29C13C60CF
S1133EB07D57BAE488E3854702E4FD5C3EF4FD5691
S1133EC06FF04FF6E304D7901307C003BB07F74026
S1133ED071B481456FF08FD3A9662965938606D79F
S1133EE001469305A00E130585D8EF30F07AA96634
S1133EF02965938686DD01469305A01A130585D8A6
S1133F00EF309079A9662965938686DD014693058D
S1133F10A02E130585D8EF30307883970501797189
S1133F2022F04EE406F426EC4AE893F687002E8449
S1133F30AA89D5EA0567130707809445D98F239882
S1133F40F5006350D010386859C7C217C19385660D
S1133F5083A40900FD8E23A009000C7CFDE6014624
S1133F6085464E850297FD572A866307F5108357C9
S1133F70040138680C7C918B99C714443C70158EED
S1133F8099C33C5C1D8E81464E850297FD57631094
S1133F90F50C03A70900831704016DCFF5466305EB
S1133FA0D700D946631ED70E146C7D771307F77FAD
S1133FB0F98F2318F4002324040014E02C7023A0A8
S1133FC0990091C99307C4076385F5004E85EF00F6
S1133FD0E050233004060145A2700274E264426991
S1133FE0A2694561828003B98501E30609FE846103
S1133FF01397070341930D8B23B02501BB84244100
S1134000814711E39C515CC463469000E9B72A9947
S1134010E35390FC3C640C7CA6864A864E858297CA
S1134020899CE346A0FE83570401A270E26493E7EF
S113403007042318F40002744269A2697D5545619E
S11340408280B85DE341E0F079B7506C2DB78357B7
S113405004017D771307F77FF98F146C9B97070191
S11340609BD7074105672318F4002324040014E0B8
S1134070F98FA9D748EC99B783A70900E38907EE1C
S113408075476385E7005947E39FE7F823A0990044
S1134090014599B77D771307F77F146CF98FD9B76A
S11340A093E707042318F4007D553DB79C6DB9CF01
S11340B0011122E806EC2A8419C11C599DCFA96775
S11340C0938707E66389F502A967938787E2638B81
S11340D0F502A967938707DF6388F50283970501D3
S11340E091C722854264E260056105BDE2604264D5
S11340F00145056182800C64D5B72EE4EF00803061
S1134100A26575BF0C68D9BF0C6CC9BF014582801C
S113411035C51C6D011122E806EC2A84A9C303B538
S1134120013119C11C59A9C3A967938707E6630420
S1134130F402A967938787E26308F404A967938765
S113414007DF6305F4048317040191CBA28542645D
S1134150E2600561D9B3006583170401E5FBE26001
S113416042640145056182802AE4EF00A029A96721
S1134170938707E62265E31EF4FAF1BF03B5012F26
S113418091659385C50A15A5006975BF006D65BF66
S1134190A1659385C5F911AD011126E41306000B41
S11341A09B84F5FFB384C4024AE02E8922E806EC1E
S11341B09385840CEF0030042A8401CD61052330FB
S11341C004002324240108E81386040B8145EF101E
S11341D08007E26022854264A264026905618280EC
S11341E0797126EC83B4012F4AE806F49C5822F036
S11341F04EE452E02A89D9C3938404089309000B3E
S1134200114A9C4480686357F006FD3782178193F6
S11342108507B3873703A29729A01304040B638B84
S113422087040317040175FBC17785071CC8232481
S1134230040A2330040023340400233C0400232014
S1134240040223240402214681451305040AEF00D5
S1134250907F2330040623240406233004082324F7
S11342600408A27022850274E2644269A269026AA7
S113427045618280806019C4A28461B72685EF00FD
S1134280C0039DBF9305802D4A85EF00C0762A8424
S113429019CD6105233004002324440108E81306E2
S11342A0002C8145EF00307A80E0A28499BF23B0CE
S11342B00400B1472320F9006DB7397103B7012F0A
S11342C0916722F806FC26F44AF04EEC52E856E4D4
S11342D05AE0938707193CE5233005082324050891
S11342E0233805082A846306E5102285EFF05FEF82
S11342F008E42285EFF0DFEE08E82285EFF05FEEB8
S1134300046408EC91479CC82146814523B004000D
S113431023B4040023A4040A23BC040023A004023D
S113432023A404021385040AEF00F071196B033906
S11343300401996A1D6A9D69130B0B7C938ACA7FD9
S1134340130A0A859389298AC16723B0640523B4B3
S1134350540523B8440523BC340584FCA50723284D
S1134360F900214681452324090A23300900233416
S11343700900233C09002320090223240902130510
S1134380090AEF00506C046CB7070200233069057A
S11343902334590523384905233C3905233C290393
S11343A0C9079CC823A4040A23B0040023B404004E
S11343B023BC040023A0040223A404021385040ADA
S11343C021468145EF003068854723B0640523B456
S11343D0540523B8440523BC340584FCE2701CD87E
S11343E04274A2740279E269426AA26A026B216190
S11343F0828085471CD9D5BD03B5012FA16593855E
S1134400C5F965A61C5991E34DBD828079714EE4CE
S1134410A96922F026EC4AE852E006F42E8A2A8999
S11344209389093CEF00D06C03B7090185671384B5
S1134430F7FD046733044441F198269431807D14D8
S11344403204634BF40081454A85EF20003483B77E
S11344500901A697630EF5004A85EF009069A270E2
S11344600274E2644269A269026A0145456182807C
S1134470B30580404A85EF204031FD57630BF502B8
S1134480AD6793878725984383B60901818C93E4AC
S113449014003B0487404A8584E680C3EF007065BE
S11344A0A2700274E2644269A269026A0545456128
S11344B0828081454A85EF20402D03B70901FD46DE
S11344C0B307E540E3DAF6F883B6813193E71700E2
S11344D01CE7158DAD6623ACA624BDBFEDC5011147
S11344E022E826E42E84AA8406ECEF0070600335EB
S11344F084FF130704FFA9659377E5FF3306F700EC
S11345009385053C146603B80501F19A6300C81449
S113451014E605893308D60041E1033304FF033868
S11345208800296533076740833807011305053D73
S11345309A97137818006388A80E0333870123BC65
S1134540680023381301630D081493E6170014E779
S11345501CE29306F01F63E2F6088D839B86170026
S11345609B9616008E0603B88500AE9688621BD60D
S113457027408547B397C700B3E70701138606FFB3
S113458010EF08EB9CE598E218ED4264E2602685A2
S1134590A26405616F00F0550335880005890DE5B7
S11345A02965B6971305053D146A93E81700330887
S11345B0F7006381A610106E90EE14EA23341701FD
S11345C02330F80079B7828093E61700233CD4FEA9
S11345D01CE29306F01FE3F2F6F893D69700114617
S11345E0636FD60893D667001B8596031B151500C9
S11345F01B8686030E052E95146141156305D50CA3
S11346009066719A63F5C700946AE31BD5FE886EC1
S113461008EF14EB426418E9E2602685A26498EE80
S113462005616F00104D631C080E0C6E106AB6977E
S113463042640CEE90E993E61700E26014E72685E5
S11346403E97A2641CE305616F00B04A0589B697E2
S113465009E9033504FF098F146F106BAA9714EE50
S113466090EA13E6170083B6013210E798E9E3EE07
S1134670D7F083B581382685EFF05FD939B7514635
S11346806372D60213064005636AD60493D6C70044
S11346901B85F6061B1515001B86E6060E05A1BF35
S11346A0B69719B71B85C6051B1515001B86B605DD
S11346B00E0591B798F598F108EF08EB233417012C
S11346C02330F800D9B503B885001B56264085472A
S11346D03396C7003366060190E51DBF13064015E7
S11346E0636CD60093D6F7001B8586071B1515004F
S11346F01B8676070E0501B713064055636CD6007A
S113470093D627011B85D6071B1515001B86C607E4
S11347100E05D5B51305007F1306E007E9BD93E642
S1134720170014E71CE295B55D714AF84EF452F097
S113473056EC5AE85EE486E4A2E026FC2E8A1309CD
S11347400508014B930A000B854BFD59832789000B
S113475003340901635BF0029B84F7FF82148190A8
S11347608504B3845403A2948357040163FBFB00C0
S113477083172401228563863701029A336B65010E
S1134780012B1304040BE39184FE03390900E31F96
S113479009FAA6600664E2744279A279027AE26AAE
S11347A0A26B5A85426B616182805D714AF84EF456
S11347B052F056EC5AE85EE462E086E4A2E026FC9D
S11347C02A8C2E8A13090508014B930A000B854B8A
S11347D0FD598327890003340901635CF0029B843B
S11347E0F7FF821481908504B3845403A294835701
S11347F0040163FCFB0083172401A28562856386A0
S11348003701029A336B6501012B1304040BE39007
S113481084FE03390900E31E09FAA6600664E27403
S11348204279A279027AE26AA26B026C5A85426BDF
S1134830616182801305051082801385011C8280CA
S11348401385011C828083D70501357122E906EDA9
S113485026E54AE1CEFCD2F813F727002E8419CFBF
S11348609387F5079CE19CED85479CD1EA604A64F7
S1134870AA640A69E679467A0D61828083952501E6
S1134880AA8463C905063000EF30B02463420506EC
S1134890B249BD670569B3F9F9008967B389F9407D
S11348A093B9190013090980130A004093050040C5
S11348B02685EF0040148317040121CD11671307E7
S11348C00719B8E493E707082318F40008E008EC94
S11348D02320440363940906B367F900EA602318AC
S11348E0F4004A64AA640A69E679467A0D61828012
S11348F08357040193F7070801499DCB93050004EE
S11349002685EF00400F83170401130A0004814930
S113491055F513F7072039FBF19B93E7270013079D
S1134920F4072318F400854718E018EC1CD03DBFA9
S1134930130A00408149930500409DBF831524015B
S11349402685EF30504F01E58317040171B7835773
S11349500401F19B93E717009B9707019BD707413D
S1134960A5BF757122E12E8483952501A6FCCAF8A2
S113497006E5B284368963CC05023000EF30701549
S113498063470502B2473D67AA60F98F0967998FAB
S11349900A6493B717002320F900930700409CE0B2
S11349A00565E6744679130505804961828083179D
S11349B004012320090093F7070899CBAA600A642D
S11349C0930700049CE04679E674014549618280BE
S11349D0AA600A64930700409CE04679E6740145A6
S11349E049618280AA8503B5013131A0AA8503B546
S11349F001316FF0BFAE1D71A6E4CAE086ECA2E8F7
S1134A004EFC52F856F45AF05EEC62E866E4938485
S1134A1075019307E0022A8963E79704930700026C
S1134A2063E2B71EEF00D00C930400029307000565
S1134A301146A9699389093CCE978067138707FFBC
S1134A406303E41E1C64146C1068F19BA2979867BE
S1134A5014EE90EA136717004A8598E7EF0070098F
S1134A601305040165A2B7070080C19893C7F7FF37
S1134A7063EA971863E8B418EF0090079307701F70
S1134A8063F1973A93D79400638D072611476361C6
S1134A90F73093D764001B8697039B1616001B857B
S1134AA087038E06A9699389093CCE968066C11650
S1134AB0638F8616FD4531A063560728006C638812
S1134AC086161C64F19B33879740E3D7E5FE03B455
S1134AD0090229681308083D2A866311041783B75D
S1134AE089001B5726408545B395E50063F8B71A3E
S1134AF003B40901033A8400937ACAFF63E79A0076
S1134B00B3879A407D476340F72203BA813803B7DD
S1134B108131FD57330C5401269A6302F73A8567B5
S1134B20FD073E9AFD77337AFA00D2854A85EF1065
S1134B30D045FD572A8B630BF53063678531AD6B28
S1134B40938B8B2503A70B00BB07470123A0FB0016
S1134B50BE866300AC4003B78131FD576307F7405D
S1134B60B3078B41B59F23A0FB00137CFB006306B6
S1134B700C360567330B8B4193070701410BB38751
S1134B808741B30C4B01338A97417D17337AEA008E
S1134B90D2854A85EF10703FFD57630DF54033050C
S1134BA065411B070A002A9A83A70B0023B86901F1
S1134BB0136A1A00B99F23A0FB0023344B01630935
S1134BC0343B7D466378563B146413878AFE419BCD
S1134BD0858AD98E14E4A545B306E4008CE68CEAF4
S1134BE06361E63E033A8B005A8483B6013863F46A
S1134BF0F60023B0F13883B6813763FDF62423BC75
S1134C00F13689ACB1472320F9000145E6604664DA
S1134C10A6640669E279427AA27A027BE26B426C6C
S1134C20A26C25618280806F0926E39D87E003B42E
S1134C30090229681308083DE30304EB1C64FD46DC
S1134C40F19B3387974063C7E61A23B4090323B063
S1134C500903635F070A1307F01F6368F70E8D8368
S1134C601B8717001B1717000E0703B589004E9703
S1134C700C639BD627408547B397D700C98F93060B
S1134C8007FF14EC0CE823B4F90000E380ED1B5794
S1134C9026408545B395E500E3ECB7E433F7F5002A
S1134CA001EF8605719A33F7F500112611E78605A1
S1134CB033F7F500112665DFFD481B0316001B13AF
S1134CC013000E0341134E931A851C6D328E63023A
S1134CD0F50E98673E849C6F719BB306974063C141
S1134CE0D80EE3C606FE2297146710684A8593E639
S1134CF0160014E71CEE90EBEF00A05F130504010F
S1134D0031B793060040130600041305F00359BBA2
S1134D10A29798674A851367170098E7EF00605DCC
S1134D2013050401E5B513E7140018E4A29423B8AD
S1134D30990093E717004A859CE4EF00805B130514
S1134D400401E9B5146C106811B313D797009146A8
S1134D5063F2E60ED14663E8E61A9B05C7059B9508
S1134D6015009B06B7058E05CE959861C115638B1A
S1134D70E5141467F19A63F5D700186BE39BE5FE1D
S1134D800C6F83B789000CEC18E880E900EF01B7D9
S1134D905147637FF70C130740056364F71893D7F3
S1134DA0C4001B86F7069B1616001B85E7068E06B5
S1134DB0D5B9052E93773E004105E1CB1C6D01BFAB
S1134DC0106893E514000CE41CEE90EBA29423B459
S1134DD0990223B0990293E7160023BC040123B877
S1134DE004019CE422974A8514E3EF0080501305E4
S1134DF0040129BD93E6140014E4A29423B4990297
S1134E0023B099029366170023BC040123B804015C
S1134E1094E4A2974A8598E3EF00A04D130504019A
S1134E20F5B313D634009B0716009B971700012691
S1134E308E0701B113D767009B0597039B95150057
S1134E409B0687038E050DB7630B340F03B409016A
S1134E50033A8400137ACAFFB3079A4063659A0041
S1134E607D47E342F7EC4A85EF00A048014579BB52
S1134E701B86C7059B1616001B85B7058E061DB13C
S1134E80833703017D3663946718937736004113A3
S1134E90E5FB03B7890093C7F5FFF98F23B4F90045
S1134EA08605E3E7B7C4E38505C433F7F50011E7E6
S1134EB0860533F7F500112E65DF7286FDBB130AF4
S1134EC00A02A5B103B589009BD626408547B3974E
S1134ED0D700C98F23B4F9007DB5330C4B01330CD3
S1134EE08041521C135C4C03E2854A85EF10F009A3
S1134EF0FD570147E30AF5CA330565411B070C005A
S1134F00330A850155B19306400563E9E60613D7D4
S1134F10C7009B05F7069B9515009B06E7068E05C3
S1134F20A1B5130740156369F70693D7F4001B86F0
S1134F3087079B1616001B8577078E06A5B6AD6BF3
S1134F40938B8B2583A70B00BB86470123A0DB0033
S1134F5019B113174C03E31007C003B40901569A9F
S1134F60136A1A002334440149B123BC6131F5BEEC
S1134F705A84A5B985472334FB00F5B5930640153B
S1134F8063EDE60413D7F7009B0587079B9515008F
S1134F909B0677078E05C9BB13074055636DF7045D
S1134FA093D724011B86D7079B1616001B85C707BA
S1134FB08E06CDBC411C338A8C01330A6A410147F9
S1134FC0E5B6930504014A85EFF04FD103B4090116
S1134FD083A70B00033A840009B99306405563E3A1
S1134FE0E60213D727019B05D7079B9515009B065F
S1134FF0C7078E0595BB9306007F1306F0071305BC
S1135000E0074DB49305007F9306E007B1BB83B777
S1135010890079B59377750093F6F50F95C39307D7
S1135020F6FF05C67D5601A805051377750011CB5B
S1135030FD17638CC70003470500E317D7FE828082
S1135040B2871D47636FF70099E301458280AA97F1
S113505021A00505E30BF5FE03470500E31BD7FE7E
S1135060828093F5F50F13978500D98D1397050169
S113507083B8012D4D8F03B8812D93150702D98D67
S11350801D4318612D8F330617011347F7FF718FE6
S1135090337707014DFFE1172105E364F3FEC5FBF8
S11350A06DB7B3C7A5009D8BB308C500E9E39D4761
S11350B063FFC70A93777500AA868DEF13F688FFFE
S11350C0930706FC63EBF60463F3C6022E87B687E8
S11350D003380700A107210723BC07FFE3EAC7FE43
S11350E09307F6FF958FE19BA107BE96BE9563E3F8
S11350F01609828003C70500850693F77600A38FFF
S1135100E6FE8505C5DF03C70500850693F776002F
S1135110A38FE6FE8505F9FF55B783B3850083BFEA
S1135120050103BF850183BE050203BE850203B3E7
S1135130050303B88503B86183B20500938686042A
S113514023B076FC23BC56FA23B4F6FD23B8E6FD5F
S113515023BCD6FD23B0C6FF23B466FE23B806FFE6
S113516023BCE6FE93858504E3E9F6FAB1BFAA867B
S1135170E37115F99387F8FF13861600958F93B79B
S1135180970033B7C8001347170093C71700F98F68
S113519093F7F70F3687C5C3B3E7B6009D8BC1EF0E
S11351A0054363E4C8003383D840137883FFAE8794
S11351B02E989063A1072107233CC7FEE39B07FFBA
S11351C0937783FFBE95E306F3F203C705008507D3
S11351D0BE96A38FE6FEE3FE16F103C71500938780
S11351E016002380E600E3F617F103C72500938732
S11351F02600A380E600E3FE17EF03C7350093877C
S113520036002381E600E3F617EF03C745009387D2
S11352104600A381E600E3FE17ED03C7550093871C
S113522056002382E600E3F617ED83C76500A382E8
S1135230F6008280050683C705008505A30FF6FEE8
S1135240E36A16FF82803D432A876371C302937722
S1135250F700C1E3BDE1937606FF3D8ABA960CE3FD
S11352600CE74107E36DD7FE11E28280B306C34029
S11352708A069702000096966780A6002307B70067
S1135280A306B7002306B700A305B7002305B7009C
S1135290A304B7002304B700A303B7002303B70094
S11352A0A302B7002302B700A301B7002301B7008C
S11352B0A300B7002300B700828093F5F50F9396FF
S11352C08500D58D93960501D58D93960502D58DD0
S11352D059B7939627009702000096968682E78036
S11352E026FA9680C1171D8F3E96E371C3F89DB7C9
S11352F082808280A96629654111938606D701467A
S11353009305A008130585E906E4EF20F0380111A0
S11353104AE00339050422E826E406ECAA842E8434
S113532063040902833789019DCF13173400BA97A8
S1135330886339C5186198E323380500E260426444
S1135340A26402690561828013050002EFF08FE90F
S1135350A8E02A8929C9232405002338050023301D
S11353600500233C050013061004A1452685EF2003
S11353703037BC60233CA9009C6FC5FB01457DBF51
S113538005493B1989001B0609001D060A068545C7
S11353902685EF20F0347DD1021402190190336484
S11353A0240100E551BFA9662965938606D7014605
S11353B093056006130585E9EF20102E3C6199CB17
S11353C089C998459C6F0E07BA97986398E18CE356
S11353D082808280011126E8AA84130500022EE44B
S11353E006ECEFF02FE0A8E0A2650DC5232405002C
S11353F02338050023300500233C050081C9984566
S11354001C6D0E07BA97986398E18CE3E260C2645E
S113541005618280EFF01FEE397126F4C4494163BF
S113542022F84AF04EEC06FC52E856E42E89AA898A
S113543036841388850181487D1383270800110869
S11354408528B3F66700BB86C6029BD70701BB87D6
S1135450C702A19E1BDE06013377D300BB86C701BA
S11354609B9706013D9F232EE8FE1BD40601E3C64D
S113547098FC09CC8327C90063D4F40293874400C1
S11354808A07CA9780C78524232A9900E270427448
S1135490A274E269426AA26A4A8502792161828021
S11354A0832589004E858525EFF07FE6AA8A25C5E8
S11354B00326490193050901410509060A06EFF08F
S11354C05FBE03BA090463080A02033A8A01832708
S11354D089008E073E9A83370A002330F9009387A8
S11354E0440023302A018A075689CA9780C7852435
S11354F0232A990061BF13050002EFF0AFCE23B059
S1135500A9040DC523240500233805002330050014
S1135510233C05006DBFA9662965938686DD014697
S11355209305500B130585E9EF201017EFF09FDC6E
S1135530397122F826F44AF04EEC52E8B6842E84EF
S1135540A126A54506FC56E45AE0A547BBC6B6020B
S11355502A89B2893A8A63D2970A854781459B97FB
S113556017008525E3CDD7FE4A85EFF05FDAAA85DB
S113557059C585475CC9232C4501A54763DC37071A
S113558093970902130B940081939B8A09003E941C
S11355905A8A83460A0029464A859B8606FDEFF00F
S11355A0BFE7050AAA85E3168AFE1B848AFF021454
S11355B001905A9463D59902FD34BB84344182141A
S11355C081908504A2948346040029464A859B86DB
S11355D006FDEFF07FE40504AA85E39684FEE270FD
S11355E04274A2740279E269426AA26A026B2E854D
S11355F0216182802904A54975BF8145B5B7A96693
S11356002965938686DD01469305E00C130585E93B
S1135610EF2090084177698FAA8729E39B1705013A
S1135620E1464145370700FF7D8F01E79B978700DF
S11356303685370700F07D8F01E79B9747001125DA
S1135640370700C07D8F01E79B972700092563C6B4
S11356500700F983858B052589C78280A14601450A
S1135660D1B71305000282801C412A8793F6770084
S11356703E8681CE93F617000145A9EA098A39CE00
S11356809BD717001CC30545828093960703C192DC
S11356909DCE2146014593F6F70F81E69BD78700FF
S11356A0328593F6F70081E611259BD7470093F6E0
S11356B0370081E609259BD7270093F6170089EE6A
S11356C09BD71700052589EB1305000282809BD721
S11356D0070161464145C1B71CC382809BD727009F
S11356E01CC309458280011126E4246122E84AE0B2
S11356F006EC2A842E8995C09C6C9DCF886735C1A1
S1135700186198E7E260426485478217232C2501DB
S11357101CE9A26402690561828013050002EFF0AE
S11357206FAC28E0AA8431C923240500233805007E
S113573023300500233C050013061004A1452285EF
S1135740EF20007A3C6088EC9C6FCDFBA96629654C
S1135750938686DD014693050014130585E9EF2041
S1135760A0731306400285452285EF20607779DD1A
S11357708547861785071CE571B7A9662965938651
S113578006D7014693056006130585E9EF20C0702E
S113579079714AE84EE40329460183A9450126ECC0
S11357A052E006F422F02E8AB28463C72901CA8724
S11357B0AE844E89328ABE89DC443B0439018C4470
S11357C063D387008525EFF09FB4630E051C130394
S11357D08501931824009A98637813093387A840A5
S11357E01D1793572300DD4613562700858B63FA54
S11357F0E61A9A8689C7232C05009306C5011D8ED7
S1135800050699078A0713571600AA970E073E97AD
S113581023B00700A107E39DE7FE1377E6FF931784
S11358202700B6976302C70423A007001387470025
S1135830637C170323A2070013878700637617038B
S113584023A407001387C7006370170323A6070068
S113585013870701637A170123A8070013874701F9
S11358606374170123AA070013088A01139E2900F1
S1135870938E840193152900429EF695637AC80F8E
S113588093879401114F63F7F51041667D1609A8BB
S11358909BD20201639C020611081103637AC80DAE
S11358A083220800B3F4C200E5D49A83F682014946
S11358B083A6020083AF03009103B3F7C600BB873E
S11358C097021BD70601B3F6CF009BDF0F019102AD
S11358D03B079702B59FBB8727019BD60701F18F32
S11358E03B07F701359F9B160701D58F23AEF3FEC7
S11358F01B590701E3EEB2FAB307E30123A0270122
S1135900832208009BD20201E38802F88326030065
S11359109A83F68FB684014783A70F009BD90401AD
S1135920F18EF18FBB87570283A443009103910F3B
S113593033F9C400BB873701B99F1B970701D98E80
S113594023AED3FE03D7EFFF9BD707013B075702D4
S11359503B072701B99F9B8607001BD70701E3ED8F
S1135960BFFAB307E30194C311081103E36AC8F350
S11359706345800039A07D3409C483A7C8FFF118AA
S1135980FDDBA27040C90274E2644269A269026A42
S113599045618280338F95401D1F137FCFFF110F08
S11359A0EDB59A8751B5A9662965938686DD0146CA
S11359B09305D015130585E9EF20004E797122F087
S11359C04AE84EE406F426EC52E09377360032843B
S11359D0AA892E89DDE3098439C803BA0904630A54
S11359E00A0A83340A01F1C49377140089EB05840D
S11359F01DCC886031C5AA8493771400EDDB26861C
S1135A00CA854E85EFF0DFD883B709042A8AA9C76F
S1135A1063020904032789009C6F05840E07BA9763
S1135A2098632330E90023B02701528979F0A270EA
S1135A300274E264A269026A4A854269456182800D
S1135A402686A6854E85EFF0BFD488E02330050076
S1135A50AA845DB7528961BF13050002EFE09FF885
S1135A6023B0A904AA8749C12324050023380500CB
S1135A7023300500233C050061BFFD372967130768
S1135A8087EE8A07BA9790438146EFF0FF982A89F8
S1135A9099B713050002EFE0FFF423B0A9042A8AA2
S1135AA031C5232405002338050023300500233C99
S1135AB0050085454E85EFF09F85AA8419C9930793
S1135AC010271CCD85475CC92338AA002330050064
S1135AD021BFA9662965938686DD014693050014D6
S1135AE0130585E9EF20403BEFF0DF80A9662965C7
S1135AF0938606D701469305E01A130585E9EF203E
S1135B00A0395D714AF803A94501DC455AE81B5BDD
S1135B1056403B096901A2E026FC4EF452F05EE4D3
S1135B2086E456EC1B0A19002E84B2848C45AA899B
S1135B30935B564063D747019B9717008525E3CDB8
S1135B4047FF4E85EFF0AFFCAA8A630A051E93084F
S1135B508501635F700993D728001B07FBFF9546F7
S1135B60858B63F9E61C6380071C1306C501232C8F
S1135B70050005453B07FB4099078A079B5617001C
S1135B80D6978E069B050700BE9623B00700A10793
S1135B90E39DD7FE9377E7FF9B86070013970602E2
S1135BA07983A99F32976381D504232007009B86BC
S1135BB0170063DB7603232207009B86270063D547
S1135BC07603232407009B86370063DF76012326B0
S1135BD007009B86470063D9760123280700952791
S1135BE063D47701232A0700021B135BEB01DA98C5
S1135BF04C489307840113F8F4018A05BE95631A8F
S1135C00080AB3868540130894019D1613B606034B
S1135C1033B505011307C4011346160013451500D7
S1135C203387E840698E3337E000718F25C733E747
S1135C3017011D8B25E3054563FA050F93551500E0
S1135C408E05BE864687C69590622107A106233C31
S1135C50C7FEE31BB7FE9376E5FF13972600BA97BA
S1135C604697630AD5089C4383B409041CC323AA3A
S1135C702A01D9E413050002EFE0DFD623B0A9041A
S1135C804DCD232405002338050023300500233C93
S1135C90050085A898439107910823AEE8FE63FCAC
S1135CA0B70498439107910823AEE8FEE3E4B7FEF6
S1135CB099A0130500023B0505414686014794431C
S1135CC011069107BB960601558F232EE6FE03A706
S1135CD0C7FF3B57A700E3E4B7FE9306940191473F
S1135CE063E7D500B38785409D17F19B9107C6975D
S1135CF098C311C3528983B4090423AA2A01BDD8C5
S1135D00846C1C44A66042798E07BE949C60A27980
S1135D10027A1CE080E00664E274426BA26B568552
S1135D20E26A6161828046860145A9B5898213854C
S1135D30160029B7468781478DBDEFF0AFDBA96612
S1135D402965938686DD01469305901D130585E933
S1135D50EF208014DC492A8848491D9D0DE58A07F7
S1135D606108E1053307F800AE9719A0637DE800E8
S1135D700326C7FF83A6C7FF7117F117E308D6FEF2
S1135D807D556373D6008280054582800111584A8F
S1135D904AE003A9450122E826E406EC3B09E94070
S1135DA0AE843284631D091293162700E10513079C
S1135DB08601B387D500369719A063F6F51203A6BA
S1135DC0C7FF8326C7FFF1177117E308D6FE636385
S1135DD0D6108C44EFF0AFD36305051283A84401B9
S1135DE083224401938F84011393280013088401B0
S1135DF08A0293038501416E232825017E93C29272
S1135E001E8FFE8E01477D1E83A60E00832508008B
S1135E10110FB3F7C601B99F33F7C501999F9BD5FD
S1135E2005011BD706010D9F9BD60741359F9B1685
S1135E300701B3F7C701D58F81271108232EFFFE71
S1135E40910E1B570741E36158FCB38582409D15B1
S1135E5065048981814663E48200939625009E96B9
S1135E60114863E58200850513982500C29FC293FB
S1135E7063F46F0441689E857E867D181442910503
S1135E801106B3F70601B99F1BD706019BD607413C
S1135E90359F9B160701B3F70701D58F812723AEE2
S1135EA0F5FE1B570741E36B66FC9306F3FFB38FC4
S1135EB0F64193F6CFFF9E9691E783A7C6FFFD3880
S1135EC0F116E5DFE2604264232A1501A264026947
S1135ED005618280A6870549A2843E84DDBDE34B2B
S1135EE009FE0149FDB58145EFF06FC215C5E260B9
S1135EF0426485475CC9232C0500A26402690561DC
S1135F008280A9662965938686DD0146930500246F
S1135F10130585E9EF105078A9662965938686DD17
S1135F20014693052023130585E9EF10F076D30786
S1135F3005E23707F07F81937D8FB707C0FCB99FD7
S1135F401B8707006356E0008217538507F282809F
S1135F50BB07F0401BD74741CD4663C7E600B707F0
S1135F600800BBD7E740CDB79B06C7FE79468147FB
S1135F7005476346D600370700803B57D700819317
S1135F80021701938217D98F538507F282805049F3
S1135F906105C1760A062A968328C6FF1303C6FF45
S1135FA0B3F6D800C1E29B9708016147C1463708A0
S1135FB000FF33F80701631508009B978700BA8632
S1135FC0370800F033F80701631508009B97470072
S1135FD09126370800C033F80701631508009B9722
S1135FE02700892663C60700F983858B8526C9C7E0
S1135FF013080002BB07D8409CC1A94763D2D70449
S11360001B8756FF63746502832586FF5DEFB70720
S1136010F03FB3E7F800821581918217CD8F538545
S113602007F28280C6872147814651B7814565D3EF
S1136030BB97E8003707F03FD98F82178145B5A891
S1136040AD45959D3707F03FBBD7B800D98F821770
S1136050014763766500032786FF3B57B700D526C3
S1136060BB98D800336717018193021701938217F5
S1136070D98F538507F2828023A005005547E37921
S113608065FA832586FFAD4661165547BB97E80040
S1136090BBD8D500B3E71701B708F03FB3E7170142
S11360A03B97E50082179B0507006378C5008325AD
S11360B0C6FFBBD5D500D98D8125819382158191E9
S11360C08217CD8F538507F282806116BB06E840A4
S11360D075BF79714AE80339050422F026EC4EE4D1
S11360E052E006F4530405E2AA842E8AB289630CB2
S11360F0091E83378901638707208867630B05229C
S1136100186198E7935704421BD8470123380500C8
S1136110B2171378F87FB1936306080037071000AD
S1136120D98F81271B0704002DC3937677006384DE
S11361300614937617006394061A937627006382F5
S113614006249B95F7011B56170085464D8E10CDEE
S1136150BBD7D7003337F00005075CCD58C9630CB3
S113616008041B08D8BCA27002743B08D80093072B
S1136170500323200A01BB86D74023A0D900E26440
S11361804269A269026A4561828013F777003E86FC
S113619051CF13F717009306000201EB098A630D30
S11361A0061C9BD71700930610021CCD85475CC9BB
S11361B00547E31808FA9B86E6BC931727002320BB
S11361C0DA00AA97DC4BC1761B175700FD8EA1EEAF
S11361D09B970701E145C146370600FF7D8E01E626
S11361E09B978700AE86370600F07D8E01E69B976D
S11361F047009126370600C07D8E01E69B97270055
S1136200892663C70700F983858B85266383071670
S1136210A2700274159F23A0E900E2644269A26996
S1136220026A45618280A14581467DB713970703C1
S1136230419345E31BD707013A86E146C14501E690
S11362401B578700B6859376F70081E691251B5787
S113625047009376370081E689251B5727009376FC
S11362601700638E060EBA871CCD85479B860502F0
S11362705CC905473DBF93160703C192B1C63A8670
S1136280A14881469375F60F81E51B568600C686A4
S11362909375F60081E591261B56460093753600EA
S11362A0CDE51B562600892693751600B68891E520
S11362B085261B561600B68879CA93050002BB854D
S11362C01541BB95B70059B51B560701E148C146B6
S11362D055BF13F6F70F3E87A14681458DB73A8621
S11362E010CD814685BD13050002EFE0AFEFA8E0B5
S11362F02A895DC1232405002338050023300500C5
S1136300233C050013061004A1452685EF10503DDB
S1136310BC60233CA9009C6FE39107DEA966296554
S1136320938686DD01469305A030130585E9EF10B9
S1136330B0361306400285452685EF10703A79DDA4
S11363408547861785071CE575BB93751600ADD187
S1136350C1DA93050002959DBB95B700C5BB1B57D9
S1136360170093060004E30207E49B861502BA872C
S11363702DBD9306000269BD9BD72700930620021A
S11363802DB59B95E7011B5627008946C1B3BE85F1
S11363903A86930600025DBBA9662965938606D7F3
S11363A0014693056006130585E9EF10F02E797117
S11363B022F02E846C0026EC06F4AA84EFF03FBD94
S11363C0032844016104530605E2931E2800A29E9B
S11363D003AECEFF417732853377EE00138FCEFFC5
S11363E05DE79B170E01E1454147B70600FFFD8EAF
S11363F081E69B9787002E87B70600F0FD8E81E625
S11364009B9747001127B70600C0FD8E81E69B9736
S11364102700092763C60700F983858B0527EDC389
S113642093070002A946BB8FE74063DFE6081B031E
S113643057FF6372E40783A58EFF6317030EB70645
S1136440F03FB366DE00821581918216CD8EDC4862
S1136450B2453687BB8707419B975700BB85F541FB
S1136460BD9D635EB00201929B974501B19F1316D7
S11364700502821701925D8EA2700274D30706F2A0
S1136480530707F2E26453F5E71A45618280F28705
S1136490A145014799BF8145E30303FAB5A093D70A
S11364A006021B9745013B87E7408216021781923B
S11364B0558FA2700274D30706F2530707F2E26401
S11364C053F5E71A45618280AD47999FBB56FE009C
S11364D0B705F03FCD8E821681486376E40183A828
S11364E08EFFBBD8F80055273B1EEE00B3E8C80169
S11364F08192821893D808028216B3E6160181BFEE
S11365006360E4075543814FBB166E003703F03FC9
S1136510B3E66600821681488192821893D80802F5
S11365208216B3E6160125B7E11E3B876740BB160A
S11365306E003BDEE500B3E6C601370EF03FB3E67E
S1136540C601BB95650082169B880500E376D4FDE1
S113655083A8CEFFBBD8E800B3E8B80081286DBF9C
S113656083A58EFF2D47E11E5543814FC9B7DD47F3
S113657063DBA70007B5012B87B7812B7D355375E6
S1136580F5126DFD8280A967938787EE0E053E950F
S113659008298280544A1B87F5FF1B57574005275B
S11365A0930586018A060A07AE962A9763F9D506EB
S11365B01308C601B3E7A5009D8B330805413338A2
S11365C0000193B717003386C640B3F707011D16C1
S11365D0E5C39337060393C7170093F7F70FE9CB87
S11365E0098213031600935813008E08AE86AA87F7
S11365F0AA9803B80600A107A10623BC07FFE39AE3
S113660017FF1378E3FF93172800B306F500BE9530
S1136610630403019C419CC205060A063295637813
S1136620E5089306F7FF898E93572500DD4513D6B9
S11366302600858B63FDD502AA8589C7930545008D
S1136640232005001D8E05068A07935616003E95E5
S113665093973600AA97233005002105E31DF5FE24
S11366609377E6FF139527002E956302F604232003
S113667005009307450063FCE70223220500930706
S1136680850063F6E702232405009307C50063F041
S1136690E702232605009307050163FAE700232890
S11366A005009307450163F4E700232A050082806F
S11366B0AA8703A805009105910723AE07FFE3EA23
S11366C0D5FE098291BF584913D6554093068501DA
S11366D0635DC70093172700B69763F8F60203A714
S11366E0C7FFF1177DDB0545828093172600B69717
S11366F0E355E6FEFD89F5D1904305453B57B600C9
S1136700BB15B700E38BC5FC828001458280D307AB
S113671005E2370600801346F6FF93D5074233F7A8
S1136720C500232005003708F07FAE86635C0705AB
S11367303368F7000128630708043708F07FB3F5CE
S11367400501014889ED87B7012E1308A0FCD37712
S1136750F512D38707E293D6074233F7C60037060C
S113676010807D16F18E3706E03FD18E1B574741CE
S11367707D561B0727C001923B0707018216F18F44
S113678018C1D58F538507F28280011122E826E4CF
S11367902A842E8506EC23AC0138EF207078FD574F
S11367A06307F500E2604264A2640561828083A706
S11367B08139EDDBE2601CC04264A2640561828021
S11367C0411122E02E848395250106E4EF20C015B3
S11367D0634905005C6CA260AA975CEC0264410109
S11367E08280835704017D777D17F98FA260231877
S11367F0F40002644101828001458280839705018F
S1136800797122F026EC4AE84EE406F413F70710F7
S11368102E84AA84839525013289B6890DE37D7778
S11368207D17F98F2318F4000274A270CE864A866D
S1136830A26942692685E26445616F102062894637
S11368400146EF10906C8317040183152401C1BF26
S1136850411122E02E848395250106E4EF10F06AAD
S1136860FD576301F502835704010567A260D98FC0
S11368709B9707019BD7074148EC2318F400026457
S113688041018280835704017D777D17F98F9B979F
S113689007019BD70741A2602318F4000264410159
S11368A08280839525016F10006C937775002A8789
S11368B0A9EB83B6812EFD5510632107B377D6006B
S11368C0B697D18FD58FE389B7FE834687FFB30789
S11368D0A740A9C6834697FF9DCE8346A7FFA9C6B6
S11368E08346B7FF9DCE8346C7FF0346D7FF0345C4
S11368F0E7FF95CE21C23335A0003E9579158280FD
S1136900CDDA83470700050793767700F5FB098FF7
S11369101305F7FF8280138597FF8280138587FF15
S113692082801385B7FF82801385A7FF8280138539
S1136930C7FF82801385D7FF8280B3E7A50013F7D2
S11369407700AA8731E71D476374C70403B3012D99
S113695083B8812D1D4E94613387660013C8F6FFFA
S1136960337707013377170105E794E36116A1072D
S1136970A105E362CEFE85051388170011CE03C777
S1136980F5FF9306F6FFA30FE8FE01CBC287368618
S113699085051388170065F682809308E6FF6383F4
S11369A00614330700411D8B930577002D4363F3D1
S11369B06500AD4563E3B80A6304071223000800C9
S11369C0854589079308D6FF6305B706A300080029
S11369D08945930728009308C6FF630CB704230175
S11369E008008D45930738009308B6FF6303B70486
S11369F0A30108009145930748009308A6FF630A82
S1136A00B70223020800954593075800930896FFA0
S1136A106301B702A30208009D4593076800930829
S1136A2086FF6318B70093077800230308009308D0
S1136A3076FF998E938586FF8D8185054297014661
S1136A402330070005062107E36CB6FE8E05338864
S1136A50B700B388B8406384B60823000800638095
S1136A600808A30008008547638BF8062301080083
S1136A7089476386F806A30108008D476381F806F9
S1136A80230208009147638CF804A3020800954789
S1136A906387F8042303080099476382F804A30377
S1136AA008009D47638DF80223040800A14763880A
S1136AB0F802A3040800A5476383F802230508002D
S1136AC0A947638EF800A3050800AD476389F80061
S1136AD023060800B1476384F800A30608008280F7
S1136AE0C28781BF8280186A5D7156EC86E4A2E099
S1136AF026FC4AF84EF452F05AE85EE4B28A49C7DA
S1136B0083A7850A89662E89F58FADC3033B0600EA
S1136B10AA897D5A83378B0003340B0089839B8BAE
S1136B200700635A70059B84F7FF8214F98093076A
S1136B304400BE9419A0638E84020C404A864E859C
S1136B40EF10006F01251104E31745FF7D5523B8AD
S1136B500A0023A40A00A6600664E2744279A279BA
S1136B60027AE26A426BA26B61618280EF10007A62
S1136B70F9BF03B70A018A0B3307774123B8EA0048
S1136B80410B49FB0145E1B7232406000145E1B768
S1136B900171A2FBA6F7D2EB86FFCAF3CEEFD6E7CC
S1136BA0DAE35EFF62FB66F76AF36EEF36F8AA84F7
S1136BB02E84328A01C51C59638E0714A9679387F2
S1136BC007E66300F416A967938787E2630DF4145C
S1136BD0A967938707DF6314F4006F10A0050317F8
S1136BE00401896693170703C19333F6D70015E2AE
S1136BF00326840AB367D7009B97070179779BD74D
S1136C0007417D17718F2318F400C2172324E40A67
S1136C10C19313F78700E30C074C186CE309074C86
S1136C20E98B2947E381E74EA96793870701BEEC07
S1136C30A967938707183EE8A967930C0111938706
S1136C40071966E902F102CD668982E082F482FCCA
S1136C5082F802F43EE083470A0063800736D28B51
S1136C60130750026387E76483C71B00850BFDFB92
S1136C70BB894B4163830934EA460A7723304901CF
S1136C801B8616004E97233439013AF132CD9D46C6
S1136C90410963D7C60AE30407528327840A896635
S1136CA0F58FC1C7CA6A7D5A83B78A0003BC0A003C
S1136CB089831B8B0700E35D604F1B89F7FF021973
S1136CC01359E90193074C003E9921A0110CE300EC
S1136CD0894F83250C0022862685EF1060550125F7
S1136CE0E31645FF8357040193F7070499C36F1014
S1136CF0A007FE705E742275BE741E79FE695E6A1A
S1136D00BE6A1E6BFA7B5A7CBA7C1A7DFA6D13013B
S1136D1001208280EFD00FEFA967938707E6E31481
S1136D20F4EA80646DBD80685DBD1009A285268586
S1136D30EF10C05D02F102CD55F583C70B006689E3
S1136D4022773B0737013AF46389072683C71B0080
S1136D50138A1B00A3030108FD5902E4814B930A23
S1136D60A005254B050A1B8607009306A0029B0776
S1136D7006FE1B87070063E8EA0066678217F9834B
S1136D80BA9798430287630A062285472304C10AF7
S1136D90A30301083EEC3EF0130B810A814993F7EB
S1136DA02B00BEE881C7E26789273EEC6A4593F76A
S1136DB04B08BE86BEE41B0615000A77B28799E627
S1136DC0A266E2653B8CB640E342800F83477108BC
S1136DD0930509016381073C930771080507233074
S1136DE0F90085472334F9003AF132CD9D4763D049
S1136DF0C73A630307428327840A8966F58F63844D
S1136E0007404A6C7D5983368C0083370C00898295
S1136E109B8D0600E35CB03B9B8AF6FF821A93DAF3
S1136E20EA01138747003E8DBA9A21A0110DE38E23
S1136E30AA3983250D0022862685EF10603F01259F
S1136E40E31625FF45B502E4A26503470A00050AD7
S1136E509B9725003B8DB7001B1D1D009B0706FD5E
S1136E60BB87A7019B0507FD3EE41B060700E37DE6
S1136E70BBFCF5BD93EB0B0183470A00812BDDB509
S1136E8093EB0B01812BC27693F70B0213878600D9
S1136E90E38407389C62BE8AE3CD0738FD576387D5
S1136EA0F97E93FBFBF71B8C0B00E3960A4C3AF834
S1136EB06393097EE28B814902F0130BC1100277C0
S1136EC0CE8763D3E900BA87034771089B8607001E
S1136ED036ECE30607EC85273EECD1B54277A303F5
S1136EE00108130B810A1C4321073AF82304F10A11
S1136EF085473EEC3EF05DB5C277A303010803BBB2
S1136F000700938A8700E3040B58FD57E381F95087
S1136F104E8681455A85EFE0EF8FE30B0562BB0790
S1136F2065413EF056F8814959BF93EB0B01812B23
S1136F30C27693F70B0213878600E380072C83BA8B
S1136F40060093FBFBBF1B8C0B003AF88147A3039D
S1136F5001087D576385E936937BFCF7812B639F9A
S1136F600A34639F0948A1FB93771C003EF0130B7E
S1136F70C110B1D793070003A305F110130BB1108F
S1136F803DBFC27693F70B029862A10636F885E3FB
S1136F9093F70B0189EF93F70B04E391075893FBE5
S1136FA00B20A277E3890B5E2300F7006DB1A27773
S1136FB01CE383470A00E39407CA0A77E30407D271
S1136FC08327840A8966F58FE380075CCA6A7D5A41
S1136FD083B78A0003B90A0089831B8B0700E35C2B
S1136FE060599B89F7FF821993D9E90193074900F6
S1136FF0BE9921A01109E30F395783250900228680
S11370002685EF10E0229B070500E39547FFD9B9D9
S113701093EB0B011B8C0B00C27693770C02138746
S11370208600E383072283BA060085473AF805B74A
S113703083470A001307C006E389E74093EB0B017B
S1137040812B0DB383470A0013078006E387E73ECD
S113705093EB0B04812B39B393EB0B0283470A00A8
S1137060812B09B34277E17793C707832314F1088F
S1137070930787003EF8A967938787B893EB2B00A3
S1137080BEE0833A07001B8C0B008947C9B593EB1C
S11370900B0883470A00812BF1B103460A0013074A
S11370A01A00E30DD64E9B0506FD3A8A8149E3603A
S11370B0BBCC03460A001B972900BB0937019B99E7
S11370C01900BB89B9009B0506FD050AE373BBFEE5
S11370D079B983470A0093EB4B00812B61B1130705
S11370E0B00283470A00A303E108ADB9C27683471F
S11370F00A009842A10636F83AE4E35507C63B076E
S1137100E0403AE4C9BF2685EFD02FF31C653E85E5
S1137110BEF8EFF08FF9AA8726853E8CBEFCEFD02F
S1137120CFF1186983470A00BAF4E30D0CC2E30BEC
S113713007C203470700E30707C293EB0B40812B09
S113714015B193EB1B0083470A00812B21B9034738
S1137150710883470A00E31707C013070002A3035B
S1137160E10809B11009A2852685EF10201A02F161
S113717002CDE31905B683477108E38E0700930730
S113718071083EEA85473EEE0C12054605473285F6
S11371902E890526C105C667D9CF3C0109072330CE
S11371A0F90089472334F9003AF132CD9D4763DD74
S11371B0C77EE30E07028327840A8966F58F638AF4
S11371C007704A6C7D5983368C0083370C008982A2
S11371D09B8D0600E356B0019B8AF6FF821A93DA70
S11371E0EA01138747003E8DBA9A21A0110D6388E6
S11371F0AA7F83250D0022862685EF1060030125D2
S1137200E31625FFC5B41009A2852685EF100010EA
S113721002F102CDE31805ACC667638E07703C012A
S11372203EEA89473EEE13090112054509471B064C
S1137230150093050901A66693070008638EF61EE0
S11372408277BB89F940634D3031827723306901FD
S113725032CD3E972334F9003AF19D4763D8C70CE9
S1137260630F07168327840A8966F58F63800716E0
S1137270CA6A7D5983B78A0003BC0A0089831B8BC1
S11372800700635D603F9B89F7FF821993D9E90189
S113729093074C00BE9921A0110C6380893F83257C
S11372A00C0022862685EF00B0780125E31625FF21
S11372B015BCBB894B41E38B09A87DBA5E8C05479D
S11372C06388E73C09476384E714930BC1105E8B22
S11372D093F77A0093870703A30FFBFE93DA3A0030
S11372E05A877D1BE3960AFE93761C00638106147D
S11372F093060003638DD7127917BB87EB40A30F66
S1137300DBFE3EF0E28B3A8B5DBE1009A28526853A
S1137310EF00D07F02F102CDE316059C027785478A
S11373205AEA3AEE3AF13ECD0C12054693FB4B0075
S113733063880B00A267E266BB8AD7406347504765
S1137340A2666266B68763D3C600B287A276B59F8B
S11373503EF435CB8327840A8966F58F6382073030
S1137360CA6AFD5983B78A0083BB0A0089831B8BD1
S11373700700635160431B89F7FF02191359E901A0
S113738093874B003E9921A0910B6304794183A517
S11373900B0022862685EF00B0690125E31635FF30
S11373A091B21009A2852685EF00507602F102CD34
S11373B0E31A05922267E266BA876353D700B68759
S11373C02277B99F3EF402CD668971B01009A28577
S11373D02685EF00B07302F102CDE315059093FB0F
S11373E04B00E3890BFCA2676267BB8AE740634BEF
S11373F0503BE266E3C5D7FC2277B99F3EF4E1B780
S11374000547E387E71609475E8CE390E7EC930BA7
S1137410C1105E8B066793F7FA007D1BBA9783C78A
S1137420070093DA4A002300FB00E3950AFEBB87BA
S11374306B413EF0E28B61B4A267E2663B8CD740BD
S1137440E35080E1C147E3DD8711C14DFD5A01A836
S11374509B07250041093685413C63DB8D09826623
S11374609B07150041072330D9003ECD9B860700BA
S11374702334B9013AF19D47E3DCD7FC630E071CC2
S11374808327840A8966F58F8127A1C7CA673EFCD2
S1137490E27794679C6389821B860600B2E4635496
S11374A0C01A1B89F6FF02191359E9011387470013
S11374B03E8D3A9921A0110D6306A91983250D006B
S11374C022862685EF00D0560125E31655FF6FF07E
S11374D07F811009A2852685EF00506302F102CD59
S11374E0E3120580413C854701476689E3C98DF76E
S11374F09306090102666297233489012330C90087
S11375003AF13ECD1D466352F664E301070083273A
S1137510840A8966F58F638C07744A6CFD5A833636
S11375208C0083370C0089829B8D06006359B07DE3
S11375301B89F6FF02191359E901138747003E8D91
S11375403A9921A0110D630BA97B83250D00228696
S11375502685EF00F04D0125E31655FF6FF08FF8F7
S1137560C14763DB3779414CFD5A01A81B0625004E
S113757041093685C139635A3C0982669B07150067
S113758041072330D9003ECD9B860700233489016F
S11375903AF19D47E3DCD7FC55C38327840A896607
S11375A0F58F8127A1C7CA6D83B68D0083B70D00FF
S11375B089821B86060032FC635CC0061B89F6FFC9
S11375C002191359E901138747003E8D3A9921A006
S11375D0110D630EA90583250D0022862685EF0073
S11375E030450125E31655FF6FF0CFEF1009A28552
S11375F02685EF00B05102F102CD631505EEC139C5
S1137600054601476689E34A3CF793060901826708
S11376104E97233439012330F9003AF132CD9D4796
S113762063C1C732052693850601368939B90A77BD
S1137630E277C10D8A071D8F3AF13DF705460145F2
S113764066890DBF0A77A6678A071D8FE2773AF12C
S1137650C1073EFCE31E07E2854701456689EDBB91
S11376601009A2852685EF00704A02F102CD631B42
S113767005E602CD66896FF00FDE0A770A0B330741
S113768067413AF1C10AE31707BE91BB5E8C3AF831
S1137690A54763E757439B8A0A038547A30551110E
S11376A0E28B3EF0130BB1106FF07F81C14663D4BF
S11376B0860BC14DFD5A11A89B072500410936854B
S11376C0413C63DA8D099B071500C26641073ECD34
S11376D02330D9002334B9019B8607003AF19D4732
S11376E0E3DCD7FC5DC38327840A8966F58F812791
S11376F0A1C7CA673EFCE27794679C6389821B86B4
S11377000600B2F0635BC0061B89F6FF0219135929
S1137710E901138747003E8D3A9921A0110D630DAD
S1137720A90583250D0022862685EF0070300125EA
S1137730E31655FF6FF00FDB1009A2852685EF00D5
S1137740F03C02F102CD631F05D8413C8547014757
S11377506689E3CA8DF7C2666297233489012330B0
S1137760D9003AF13ECD9D4663C1F63041091B86EE
S113777017003E856FF08FE50A7786778A071D8F9D
S1137780E2773AF1C1073EFC3DF70145854766893A
S113779005BF0A770A0B330767413AF1C10AE313BD
S11377A007BC15B101460147E685C14763D7575B5E
S11377B0414B214CFD5901A89B072600C105368683
S11377C0C13A63585B09C2669B071600410794E1FE
S11377D023B465013AF19B8607003ECDE39E86FD06
S11377E06DC78327840A8966F58F8127B9C3CA6B5D
S11377F083B68B0083B70B0089821B8D0600635F01
S1137800A00B1B89F6FF02191359E90113874700DE
S1137810BE8D3A9921A0910D6301B90B83A50D008A
S113782022862685EF00D0200125E31635FF6FF070
S11378306FCB1009A2852685EF00502D02F102CDF1
S11378402A86631105CAC13A85470147E685E34C98
S11378505BF7C266569723B4550194E13AF13ECDE5
S1137860A146E39FD7ACE30707B48327840A89665C
S1137870F58FE38807B2CA6A7D5983B78A0083BB50
S11378800A0089831B8B0700635160439B89F7FFC0
S1137890821993D9E90193874B00BE9921A0910BDA
S11378A06384794183A50B0022862685EF00501856
S11378B00125E31625FF6FF0EFC20A77931D2D0013
S11378C03307B7413AF1C10B05F785470146E68511
S11378D0C5BD1009A2852685EF00502302F102CD13
S11378E0631205C00C12054601476689A9B2A28538
S11378F02685EFB06FC563190546835704012947F0
S1137900E98B6393E7B28317240163CF07B0A285A1
S11379105E74C276FE701E79FE69BE6A1E6BFA7BC7
S11379205A7CBA7C1A7DFA6D528626855E6ABE74CC
S11379301301012051A901450C120546014766892E
S1137940DDB8E30D079C8327840A8966F58FE38EEF
S1137950079ACA6A7D5983B78A0083BD0A0089835E
S11379601B8C0700635A801D9B89F7FF821993D9EA
S1137970E90193874D00BE9921A0910D638DB91B38
S113798083A50D0022862685EF00900A0125E316C3
S113799025FF6FF02FB5C667D9DF3C013EEA894762
S11379A03EEE0C12054609472E89328549B00A7706
S11379B00A0B330767413AF1C10A631707AE83C75D
S11379C00B0002CD66896FF0AFB70A778A0D3307D3
S11379D0B7413AF1410C631807C26FF0FF830A778D
S11379E08A0D3307B7413AF1410C631E07FC0C12B0
S11379F00546014566896FF01F8493F70B01639870
S1137A00071693F70B0483AA06006389072AC21A90
S1137A1093DA0A036FF0EFD293F70B01639507141F
S1137A2093F70B046383072A839A0600D68763D7E8
S1137A3007C69307D002A303F108B30A50413AF8EA
S1137A405E8C85476FF0EFD093770C016397071036
S1137A5093770C0483AA060063870728C21A93DA73
S1137A600A033AF885476FF08FCE630607F0832741
S1137A70840A8966F58F638707EE4A6CFD5A83365C
S1137A808C0083370C0089829B8D06006358B01DDF
S1137A901B89F6FF02191359E901138747003E8D2C
S1137AA03A9921A0110D630AA91B83250D00228692
S1137AB02685EF00E0770125E31655FF6FF08FA2CE
S1137AC093770C40930BC110638207120147DE8643
S1137AD0A94D25489308F00F39A0B3D7BA03E3782A
S1137AE05895BE8ADA860527138BF6FFB3F7BA03D7
S1137AF09B870703A38FF6FEA67783C70700E39E41
S1137B00E7FCE38C17FDE3745893E677C675330BF3
S1137B10FB403E865A85EFE05FE22676B3D7BA0390
S1137B2001478346160025489308F00FB336D0006A
S1137B30B296B6F47DB70A770A0C330787413AF157
S1137B40C10AE31A07E06FF06FFD1B8617009385E7
S1137B5006013E8536896FF0AFEE83BA060085478D
S1137B603AF86FF0CFBE9C62BE8A6FF0EFB283BA70
S1137B7006006FF00FBD3AF821BE4276A9679387DD
S1137B8087B8BEE093F70B029306800713078600BD
S1137B90A1CB833A060093F71B0081CF638B0A00C5
S1137BA093EB2B00930700032304F108A304D108EB
S1137BB0812B93FBFBBF1B8C0B003AF889476FF0BA
S1137BC00FB95E8C6FF04FC54276A967938707BAE9
S1137BD0BEE093F70B029306800513078600D5FBDE
S1137BE093F70B019DCF833A060075B75E8B294747
S1137BF02546B3F7EA027D1BD6869B87070323003D
S1137C00FB00B3DAEA02E366D6FE6FF05F825A85C0
S1137C10EFE0BFC99B0705003EF056F881496FF0BD
S1137C200FAA93F70B04832A0600C5CBC21A93DA72
S1137C300A0395B7806C6FE09FFA93EB0B208347A0
S1137C401A00812B050A6FF0EF9193EB0B02834727
S1137C501A00812B050A6FF0EF900A778A0D33071B
S1137C60B7413AF1410CE31C07E06FF0CFD01009A3
S1137C70A2852685EF00806902F102CD19C16FF05B
S1137C806F860C120546014766896FF06FDB194752
S1137C909B87090063623709296B3EF03EEC56F876
S1137CA0130B8BBB6FF08F8F0A770A0B3307674177
S1137CB03AF1C10AE31307BC6FF0CFEF93F70B203F
S1137CC0A5CF93FAFA0F6FF0CFA793F70B20A5C3B4
S1137CD0838A0600D6876FF02F9C93F70B20A1C7E9
S1137CE093FAFA0F4DBD93770C20A1CF93FAFA0FB4
S1137CF03AF885476FF0AFA5AE8611BA0A778A0DB8
S1137D003307B7413AF1410CE31B07800C120546D7
S1137D10014566896FF0CFD29947BDBFA277231082
S1137D20F7006FE05FF3821A93DA0A02ADB583AA13
S1137D300600D6876FF04F96821A93DA0A026FF024
S1137D404FA0821A93DA0A023AF885476FF02FA0FF
S1137D504EF056F881496FF08F969B071600D5BCFC
S1137D60AE86B2876FF00FF9FD573EF46FE07FF8EF
S1137D705E8C15B20A770A0B330767413AF1C10AE0
S1137D80631807A46FE01FF61009A2852685EF008B
S1137D90E0576FE03FF51CC36FE0FFEBC2769C42F7
S1137DA0A1069B89070063D30700FD5983471A0086
S1137DB036F83A8A6FE01FFBAA8703B50131B28611
S1137DC02E86BE856FE0DFDC83D7050103AE850A0E
S1137DD003D3250183B8850303B88504130101B3D4
S1137DE0F59B130700402330814C2318F1002E84A7
S1137DF01C198A85233C914A2338214B2334114C86
S1137E002A8972D52319610046FCC2E43EE03EECA7
S1137E103AC63AD002D4EFE0BFD7AA846359050228
S1137E208357010193F7070499C78357040193E724
S1137E3007042318F4008330814C0334014C0339C4
S1137E40014B26858334814B1301014D82808A8541
S1137E504A85EFC0AFA569D5FD54D9B701112E8766
S1137E6022E826E4B2852A8436863A8506EC23ACD9
S1137E700138EF101010FD576307F500E26042640B
S1137E80A2640561828083A78139EDDBE2601CC0B6
S1137E904264A2640561828003B701314111B6874F
S1137EA0328806E483388701AA862E873E86630DCE
S1137EB00800A9679387071AA9659385051B46855A
S1137EC0EF004029EF1000472968930708B313080F
S1137ED008B3DDB74111B286014606E4EFF0DFFBDB
S1137EE0B385C502411122E006E4EFC0DFB02A8465
S1137EF005C5033685FF13078004719A611663690B
S1137F00C70493067002AA8763EDC60023B0070076
S1137F1023B4070023B80700A2602285026441014C
S1137F20828023300500233405009307700363F92E
S1137F30C70223380500233C050093070502E31715
S1137F40E6FC2330050293070503233405027DBFB5
S1137F508145EFD04FAFA260228502644101828047
S1137F609307050165B7011122E826E42A842E85CA
S1137F7006EC23AC0138EF10B005FD576307F5009C
S1137F80E2604264A2640561828083A78139EDDBEB
S1137F90E2601CC04264A26405618280011106ECA7
S1137FA022E826E44AE0C1C52E84AA8419C11C59DA
S1137FB0C9CBA967938707E66303F408A967938786
S1137FC087E26303F408A967938707DF630BF40868
S1137FD083170401A9CFA2852685EFB01FF43C6C5A
S1137FE02A8991C70C7C26858297634105068357AD
S1137FF0040193F70708ADE32C7091C99307C407F4
S11380006385F5002685EFC06FCD233004064C60F0
S113801091C52685EFC08FCC23300408E260231875
S113802004004264A2644A85026905618280E260B8
S113803042640149A2644A850269056182808064C0
S113804041BFEFC02FBCB5B7806859B7835704014F
S11380507D5993F70708CDD30C6C2685EFC00FC864
S113806061BF806CB5B7011106EC22E826E44AE052
S113807049C583B401312A8499C09C58C9CBA967E6
S1138080938707E66303F408A967938787E2630489
S1138090F408A967938707DF630CF40883170401C6
S11380A0A9CFA2852685EFB05FE73C6C2A8991C7EA
S11380B00C7C26858297634205068357040193F757
S11380C00708B5E32C7091C99307C4076385F500CD
S11380D02685EFC0AFC0233004064C6091C52685C9
S11380E0EFC0CFBF23300408E260231804004264C9
S11380F0A2644A85026905618280E26042640149A2
S1138100A2644A85026905618280806441BF268534
S1138110EFC04FAFADB7806851B7835704017D59A5
S113812093F70708C5D30C6C2685EFC02FBB59BF46
S1138130806CADB75D711303810236F49A8606EC48
S11381403AF83EFCC2E0C6E41AE4EFE07FA4E26041
S1138150616182802A8E5D7103B5013113030102CE
S113816032F036F42E869A86F28506EC3AF83EFC16
S1138170C2E0C6E41AE4EFE0BFA1E260616182807C
S1138180797122F026EC4AE806F42A89AE84328416
S1138190EF0080528547631BF5009B87F4FF1307AC
S11381A0E00F6365F7002304910021A89306040AF5
S11381B026862C004A85EF10E00BFD57630DF5046D
S11381C00DC55C44834581001B87F7FF58C4635881
S11381D007001C546343F702A9476380F5021C603F
S11381E01387170018E02380B700A2700274426955
S11381F01B850400E2644561828022864A85EF0083
S1138200F063FD57E313F5FEA2700274E264426961
S11382107D554561828083570401A270E26493E72F
S113822007042318F400027442697D554561828075
S11382308317060113972703634C07000327860A55
S11382408966D58F8966558F2318F6002324E60A9C
S113825005BF011122E803B4013106EC2E86AA857C
S113826019C01C58A9C7A967938707E6630DF604CC
S1138270A967938787E2630AF604A967938707DFF0
S11382806307F6048317060113972703634C07005B
S11382900327860A8966D58F8966558F2318F600C9
S11382A02324E60A22854264E2600561D1BD2AE006
S11382B0228532E4EFC00F952266A967938707E60B
S11382C08265E317F6FA106475BF106865BF106C19
S11382D055BF01112E8722E826E42A84B2853A8507
S11382E006EC23AC0138EF10A04EFD576307F500F0
S11382F0E2604264A2640561828083A78139EDDB78
S1138300E2601CC04264A264056182801C6A638CC2
S1138310071A83D705011D71A2E852F856F486ECBA
S1138320A6E4CAE04EFC5AF05EEC62E866E46AE059
S113833013F78700328AAA8A2E8425C3986D31CF19
S113834013F7270003390A0035C73C640C7C370B4C
S1138350008081498144134B0BC04E86568585C8E5
S1138360A68663739B00DA86812682976355A014E0
S113837083370A01AA99898C3385A7402338AA0038
S1138380630705103C640C7C4E865685F1F88339EE
S11383900900833489004109C9B7A2855685EFA035
S11383A0BF9A631805288357040103390A0013F799
S11383B0270041FF13F7170035EB44440860370BDF
S11383C00080934BEBFF014C8149134BFBFFA68CC0
S11383D06388090413F70720630A0712268D63F7DD
S11383E09918CE8C4E8D6A86E285EF00203A584467
S11383F01C60CE84BB0C9741EA97232694011CE0B1
S1138400814903360A01269CB304964023389A0016
S1138410BDCC4444086083570401A68CE39C09FA4C
S1138420033C090083398900410955B78149014555
S1138430814C014C630B0C0845C1CE8B63733C012A
S1138440E28B08601C6C1450DE8463F7A7005C4464
S11384503B8BD700634D7B0963C4DB183C640C7C05
S1138460668656858297AA846357A0049B070500F5
S1138470BB89F9400545638B090283370A01A69C31
S1138480330C9C40B384974023389A00C5F40145CB
S1138490E6604664A6640669E279427AA27A027BBF
S11384A0E26B426CA26C026D25618280A2855685C6
S11384B0EFB0DFBF79D18317040193E707042318D2
S11384C0F4007D55F1B701458280033C8900833C6B
S11384D009004109E30B0CFE6286A9456685EFC0DD
S11384E07FB3630F05120505BB099541B9B7E6854E
S11384F05A86EF00A0291C60A2855685DA971CE0F5
S1138500EFB0DFBA4DF9DA87DA849DB71C6C63E803
S1138510A7021C5063E5F902CE8663F33B01DA86B9
S1138520BBC6F60238640C7C62865685BB86F602AE
S11385300297AA84E351A0F8B3899940D9B563F3AB
S11385409900CE842686E285EF0040245C441860BE
S1138550BB869740269754C418E0F9FEA285568539
S1138560EFB0DFB429F9B389994061BD13F7074827
S1138570E30B07E604500C6C138719009B96140058
S1138580A59E0D8D9BD4F6011B0D0500B59C9BD4B7
S113859014406A9763F5E4009B841900A99C93F73F
S11385A00740A9CFA6855685EFC0EFC4AA8C25CD78
S11385B00C6C6A86EFC0FFAE8357040193F7F7B7DC
S11385C093E707082318F4003385AC01BB87A44163
S11385D0233C940108E004D0CE8C5CC44E8D21B5BC
S11385E05E86E685EF00801A544418609B870B0072
S11385F0BB8676415E9754C418E09DBD2686568599
S1138600EF004036AA8C69F10C6C5685EFB01FED73
S113861083170401314723A0EA0093F7F7F771BDEC
S11386209B091C0019BD31478317040123A0EA00EC
S113863069B57D55B1BD011122E826E42A842E8551
S113864006EC23AC0138EF108019FD576307F500E1
S1138650E2604264A2640561828083A78139EDDB14
S1138660E2601CC04264A26405618280011106ECD0
S113867022E826E40DC2A9659385851E32853284DD
S1138680EF00300DA96411E91385041EE260426411
S1138690A26405618280A964C5BF9385041E2285F6
S11386A0EF00300B75D1A965938505B32285EF00E2
S11386B0500A79D90145D9BF03C50122828001112D
S11386C006EC22E826E48DC12E84A9659385851ED7
S11386D02285EF001008A96411E91385041EE260E5
S11386E04264A26405618280A964C5BF9385041EA7
S11386F02285EF00100675D1A965938505B32285FF
S1138700EF00300579D90145D9BF01112E8722E840
S113871026E4B2852A8436863A8506EC23AC0138F1
S1138720EF10000BFD576307F500E2604264A2649A
S11387300561828083A78139EDDBE2601CC042645D
S1138740A2640561828083B7811A828799C91DC694
S113875095CA834706009CC1034506003335A00033
S1138760828041116C0009CE85C2834706009CC1FA
S1138770034506003335A000410182800145828013
S11387800145DDBF795582807955FDB763F3A502B4
S1138790B387C500637FF5003307C500630E061673
S11387A083C6F7FFFD177D172300D700E39AF5FE74
S11387B08280FD4763E7C70CAA879308F6FF63022C
S11387C006169386150033E7B7003386D7401D8B12
S11387D0133676001346160013371700718F6303A0
S11387E0071213B7A800134717001377F70F630B8B
S11387F00710138898FF13583800138E18000508C3
S11388002E86BE860147033306000507210623B0E2
S11388106600A106E36907FF0E08C297C295B388F4
S11388200841630B0E0F03C705002380E70063852F
S1138830080E83C615000547A380D700638EE80C95
S113884083C6250009472381D7006387E80C83C6C4
S113885035000D47A381D7006380E80C83C645002B
S113886011472382D7006389E80A83C65500154758
S1138870A382D7006382E80A03C765002383E70065
S11388808280B3E7A5009D8BC9EB930806FE93F89D
S113889008FE93880802330815012E87AA871463FB
S11388A0130707029387070223B0D7FE833687FE98
S11388B023B4D7FE833607FF23B8D7FE833687FF5A
S11388C023BCD7FEE31DF8FC13778601C695937687
S11388D0F60129CB83B80500138786FF1D4823B012
S11388E01701637BE80083B88500C11623B4170120
S11388F06374D800946994EB619B21071D8ABA972D
S1138900BA9565BD8508BE9803C7F6FF8507850639
S1138910A38FE7FEE39A17FF82809308F6FFAA87E6
S11389204DB58280368651BD01112E8722E826E49A
S1138930B2852A8436863A8506EC23AC0138EF00EA
S11389405058FD576307F500E2604264A264056174
S1138950828083A78139EDDBE2601CC04264A2649B
S1138960056182805D714AF886E4A2E026FC4EF43B
S113897052F056EC5AE85EE462E03289638C0514E6
S11389802E84AA8AEFC0DF96033784FF930479010B
S11389909307E002130B04FF137AC7FF63FD970AE2
S11389A0B7070080C19893C7F7FF63EA970A63E8A3
S11389B0240BB3094B01635E9A0CA967938B073CA4
S11389C083B60B0183B789006387361593F6E7FFF7
S11389D0CE969466858AEDE6F19BB306FA0063D1E0
S11389E0960A058B0DE3033C04FF330C8B410337DC
S11389F08C00719BBA97B38B470163D49B26B30B4E
S1138A00EA0063D09B20CA855685EFB0DFFE2A8931
S1138A101DCD833784FF130705FFF99BDA97638B1A
S1138A20E71C13068AFF9307800463E8C722130731
S1138A30700214606360C718AA87228794E31467DE
S1138A4094E7186B98EBA2855685EFB03FA956853D
S1138A50EFC03F8A09A893040002E3FC24F5B14760
S1138A6023A0FA000149A6600664E274A279027A9E
S1138A70E26A426BA26B026C4A8542796161828030
S1138A8083B7890103B70901368AB309DB001CEFF8
S1138A9098EB83378B0033079A40FD46858B63E957
S1138AA0E604B367FA002334FB0083B7890093E735
S1138AB0170023B4F9005685EFC0BF83228965B738
S1138AC0058B31F3033C04FF330C8B4103378C00DB
S1138AD0719B35B70664A660E2744279A279027A82
S1138AE0E26A426BA26B026CB28561616FB0BFF047
S1138AF0C58F2334FB00B3059B001367170098E56B
S1138B0083B78900C105568593E7170023B4F9009C
S1138B10EFB0DF9C4DB7F19BB306FA001386040255
S1138B2063D7C60A058BE31007EE033C04FF330C3E
S1138B308B4103378C00719BBA97B3894701E3C01B
S1138B40C9EC83378C0103370C0113068AFF9306A3
S1138B5080041CEF98EB13090C0163EAC61C93050F
S1138B6070021860CA8763FFC5002338EC001864DC
S1138B7093077003233CEC0063E0C71C1868930759
S1138B800C02410498E3186498E7186898EB3307DB
S1138B909C00B389994023B8EB0093E719001CE7C4
S1138BA083378C005685858BDD8C23349C00EFC085
S1138BB04FF455BD14E114641307700314E5636F97
S1138BC0C7101468130704019307050185BD269B8C
S1138BD0858E23B86B0193E716002334FB0083379B
S1138BE084FF56852289858BDD8C233C94FEEFC05F
S1138BF04FF095BD833785FFF19B3E9AB3094B0136
S1138C0049BD83378C0103370C0113068AFF930691
S1138C1080041CEF98EB13090C01B3097C0163E792
S1138C20C60A930570021860CA8763FFC50023381B
S1138C30EC00186493077003233CEC0063ECC70A50
S1138C40186893070C02410498E318645E8A628BE7
S1138C5098E718684A8498EB2DBDA285EFF01FB3FE
S1138C60DDB383B7890103B7090113068AFF9306AD
S1138C7080041CEF98EB03370C0183378C01130934
S1138C800C01B3097C011CEF98EB63E1C604930665
S1138C9070021860CA87E3F9C6FA2338EC00186436
S1138CA093077003233CEC001868E3FCC7F82330F7
S1138CB0EC02186C930780042334EC0218706304EC
S1138CC0F60493070C0313040402BDBFA2854A856E
S1138CD0EFF0DFAB4A845E8A628B65BB186818E9E3
S1138CE0186C18ED1470630BF60213070402930753
S1138CF00502A9B31C682330FC021C6C2334FC025B
S1138D001870E310D6FC2338EC02187493070C0493
S1138D1013040403233CEC0218603DB714F11474EB
S1138D20130704039307050314F5147801BBA28504
S1138D304A85EFF0BFA5A1BD1C682330FC021C6C62
S1138D402334FC0218706307D60093070C03130442
S1138D5004020DBD2338EC02187493070C041304A9
S1138D600403233CEC02186031BD79714AE803B96D
S1138D70050022F026EC06F44EE452E02E84AA8488
S1138D80630B0902833909006383090203BA0900EA
S1138D90630B0A0083350A0099C1EFF01FFDD285E9
S1138DA02685EFB0AFF3CE852685EFB02FF3CA85C5
S1138DB02685EFB0AFF2A2850274A2704269A2695F
S1138DC0026A2685E26445616FB04FF183B70131D1
S1138DD0638CA7163C615D7126FC86E4A2E04AF828
S1138DE04EF452F056EC5AE85EE462E0AA84638DD5
S1138DF007128C6F9DC5014993090020B387250193
S1138E00806309C8A28500602685EFB02FED7DF848
S1138E10BC608C6F2109E31339FF2685EFB00FEC9A
S1138E20BC608C63638305122685EFB02FEB8C74D2
S1138E3081C52685EFB08FEABC6089C7BE852685CB
S1138E40EFB0CFE9AC7081C52685EFB02FE9AC74E3
S1138E5081C52685EFB08FE8AC7881C52685EFB053
S1138E60EFE7CC7481C52685EFB04FE7CC7081C5A0
S1138E702685EFB0AFE6AC6C81C52685EFB00FE672
S1138E809C58DDC7BC6426858297C06055C00339F1
S1138E900400630C0906833909006384090603BAD4
S1138EA00900630C0A04833A0A0063840A0403BBBE
S1138EB00A00630C0B02833B0B0063840B0203BCAC
S1138EC00B00630C0C0083350C0081C52685EFF084
S1138ED0DFE9E2852685EFB06FE0DE852685EFB019
S1138EE0EFDFDA852685EFB06FDFD6852685EFB014
S1138EF0EFDED2852685EFB06FDECE852685EFB016
S1138F00EFDDCA852685EFB06FDDA2850664A66015
S1138F104279A279027AE26A426BA26B026C2685DC
S1138F20E27461616FB08FDB0C75E39405F019BFD7
S1138F30A6600664E2744279A279027AE26A426B1C
S1138F40A26B026C6161828082808C74E39305EE73
S1138F50F5B53367B500FD531D8B4DEB9727000026
S1138F6083B7C7E910619461B372F6003363F60006
S1138F70BE92B3E262006399720A631ED602106560
S1138F809465B372F6003363F600BE92B3E26200F6
S1138F90639A72086311D60210699469B372F60079
S1138FA03363F600BE92B3E2620063937208610514
S1138FB0E105E309D6FA131706039397060363182A
S1138FC0F70213170602939706026312F7021317A8
S1138FD0060193970601631CF7001357060393D702
S1138FE006033305F7409375F50F91E982804193A9
S1138FF0C1933305F7409375F50F91E182801377A0
S1139000F70F93F7F70F3305F74082800346050007
S113901083C60500050585056313D60065FA330587
S1139020D64082802105A105E312D6FE0145828047
S11390304105C105E31CD6FC01458280797122F00B
S113904026EC4AE806F44EE42A89AE84328419C137
S11390501C59C9CFA967938707E66300F40AA96777
S1139060938787E26303F40CA967938707DF6300A0
S1139070F40E0317040114549377870054C4931611
S11390800703C192D9C71C6CC9C7096693F9F40FC9
S1139090F18ECE8499EA8326840A518F79767D16DF
S11390A0F18E2318E4002324D40A18601450BB075B
S11390B0F74063D6D708852754441306170010E0F9
S11390C0FD3654C42300370118506303F706835751
S11390D00401858B81C7A947638CF404A2700274D0
S11390E04269A2692685E26445618280EFB08FB14E
S11390F0A967938707E6E314F4F60334890003179A
S1139100040114549377870054C493160703C1923F
S1139110BDFBA2854A85EF903FC305E10317040117
S11391201C6C93160703C1928DB70334090191B7E0
S1139130A2854A85EFA09FF755D1FD5445B7A28576
S11391404A85EFA0BFF675F918608547B5B70334B3
S1139150890105B779714AE803B9013122F026EC97
S113916006F44EE4AA842E846305090083270903C8
S1139170C9CFA967938707E66301F40AA9679387B0
S113918087E26304F40CA967938707DF6301F40E95
S11391900317040114549377870054C493160703E8
S11391A0C192C1CB1C6CD1C7096693F9F40FF18E3F
S11391B0CE8499EA8326840A518F79767D16F18EBE
S11391C02318E4002324D40A18601450BB07F74082
S11391D063D7D708852754441306170010E0FD36DB
S11391E054C42300370118506304F706835704015D
S11391F0858B81C7A947638DF404A2700274426908
S1139200A2692685E264456182804A85EFB08F9F1A
S1139210A967938707E6E313F4F603348900031779
S1139220040114549377870054C493160703C1921E
S1139230B5FBA2854A85EF903FB105E10317040110
S11392401C6C93160703C19285B70334090189B7CF
S1139250A2854A85EFA09FE54DD1FD5479BFA28533
S11392604A85EFA0BFE475F918608547ADB70334AC
S1139270890139BF797122F026EC06F483B7011A0B
S11392802A84B68491C98297FD57630DF500A270B4
S11392900274E2644561828001468A858297FD57A3
S11392A0E317F5FE23A004009307A008A2701CC0D6
S11392B00274E26445618280797122F026EC06F43E
S11392C083B4013183B7011A328411CD2E86A2866C
S11392D0AA8526858297FD57630FF500A270027454
S11392E0E26445618280B2868A850146268582973A
S11392F0FD57E315F5FE23200400A27002749307C2
S1139300A0089CC0E2644561828083B7011A828709
S11393109B07060091CD1307F00F6366F7002380C7
S1139320C500054582809307A0081CC17D55828035
S1139330014582804111194506E4EF00001A0545F4
S1139340EF0000383C7D99C30145828041119305AB
S1139350001022E006E42A84EFB0EFE928FC09CDEE
S113936093070510233005002105E31DF5FE014593
S1139370A2600264410182807D55DDBF797126ECD3
S113938006F422F0FD47AA8463EEB700387D2E84EC
S113939015C30E043A94086010E0A2700274E264EB
S11393A045618280A2700274D9471CC1E2647D5574
S11393B0456182809305001032E4EFB0CFE3A8FC4E
S11393C02A8719C92266AA879306051023B00700C5
S11393D0A107E39DD7FE75BF7D55C1B7011126E4F2
S11393E006EC22E8FD47AA8463E3B7063C7D2E849D
S11393F095C713973500BA9798630DC385466302E2
S1139400D704FD566307D7022E8523B007000297C1
S11394100145E2604264A264056182802685EF0012
S1139420A02922864264E260AA852685A264056199
S1139430B9A4E2604264D9471CC1A2640545056130
S11394408280E2604264A264014505618280D9475A
S11394501CC17D557DBFFD4763EFB706387D011103
S113946022E826E406EC2E84AA8405CF13153400E2
S11394702A971C638DC3FD56638BD704854663828C
S1139480D70422852330070082970145E2604264B5
S1139490A26405618280E2604264A26405450561BC
S11394A0828093050010EFB00FD5A8FC2A8715C160
S11394B0AA879306051023B00700A107E39DD7FEF2
S11394C075B7E2604264A2640D4505618280094576
S11394D075BF7D5565BF7D558280011126E406EC7C
S11394E022E8FD4783B4013163E2A706BC7C2A84E9
S11394F08DC713173500BA97986305C38546630172
S1139500D704FD566306D70223B00700029701452E
S1139510E2604264A264056182802685EF00C0197E
S113952022864264E260AA852685A264056181AA36
S1139530E2604264D9479CC00545A264056182800B
S1139540E2604264A264014505618280D9479CC0FF
S11395507D557DBF01114AE006EC22E826E4FD4773
S113956003B9013163E1A7022A8403358907AE8474
S11395700DC50E042A94086004E0E2604264A2640B
S1139580026905618280E2604264D9472320F900C0
S1139590A26402697D5505618280930500104A85A5
S11395A0EFB06FC5233CA90611C9AA87130705109C
S11395B023B00700A107E39DE7FE65BF7D5575BF96
S11395C0411122E003B4013106E43C7C91C701451A
S11395D0A260026441018280930500102285EFB0ED
S11395E08FC128FC09C99307051023300500210504
S11395F0E31DF5FEE9BF7D55E1BF011126E406EC4C
S113960022E8FD4783B4013163E9A706B87C2A84C4
S113961005CF131534002A971C638DC3FD56638C44
S1139620D70485466383D7042285233007008297B5
S11396300145E2604264A26405618280E2604264A2
S1139640A264054505618280930500102685EFB06C
S11396508FBAA8FC2A8715C1AA879306051023B0E0
S11396600700A107E39DD7FE6DB7E2604264A264E0
S11396700D450561828009456DBF7D555DBF0111B2
S11396802E8722E826E42A84B2853A8506EC23ACA8
S11396900138EF00E013FD576307F500E260426410
S11396A0A2640561828083A78139EDDBE2601CC07E
S11396B04264A264056182801DA2000000000000D3
S11396C0029029CE797122F026EC4AE84EE452E069
S11396D006F4B2842E890144A949354A29A0630DB0
S11396E0450163848402EF00E014B30789002380FA
S11396F0A7000504E31535FFA27022850274E26415
S11397004269A269026A45618280A2700274426958
S1139710A269026A2685E2644561828001458280ED
S113972083B6013BAA8799CE03B7813A15C703B51F
S1139730013A05CDAA9763F5E70023B0F13A828098
S11397407D558280AD661386062823B8C13A03B7D7
S1139750813A9386062861FF03B7013FF9752E9776
S113976023B4E13A03B5013A71F523B0D13A368511
S1139770D1B779714EE406F422F026EC4AE8B289B6
S113978011CE2E843389C500A94403450400630F18
S113979095000504EF00A005E31924FFA2700274EC
S11397A0E26442694E85A269456182803545EF00D5
S11397B0000405042945EF008003E31824FDA2708A
S11397C00274E26442694E85A269456182800000A8
S11397D093078005138581391CC17D558280054519
S11397E0828000000000000000000000000003B7B9
S11397F0813505C783A7813B85456384B7028946C4
S11398006388D7001C47812763CB070023ACD13A78
S11398105C43918BF5DF012508C30145828023ACAD
S1139820B13A5C4393F70720FDD75C4393F70720D5
S1139830EDFBD5B703B78135014519C75C43858B6B
S1139840F5DF08431375F50F8280F32820002166A5
S113985013D70503130EF6FFFD573377C70193D6CD
S11398600701ED8E1303170079161358D5038E06DE
S11398703376C300B366D8008128FD9113183500F0
S11398804DCA71761306064032971306E07F635D76
S1139890E602638A08100D476386E82409471548E1
S11398A0638BE8248D476386F8248947638DF82009
S11398B01307F07F52179397F5037D17D98F732001
S11398C01800538507F282806359E00E1E05135871
S11398D0C8033335A000336505019206137675007D
S11398E0C98E8147014805CA09466387C8140D46D5
S11398F0638CC8166383081605465E16758E054884
S113990089C793E727001B88070011C6050793073B
S1139910F07F6306F71093979600B1831377F77F70
S11399205217D98FFE15CD8FE31B08F8538507F224
S1139930828033E8060121E39397F503E30308F8F3
S11399400546854689470947638BE8180D476384B4
S1139950E8166387080EE19393C71700858B0147C8
S113996059F6054805465E16758EC5D393771800DB
S1139970C9DFC28779B7630F080001486316C701BE
S1139980C99213B816001208854781451307F07F62
S1139990CE1779B71307F07F9397F5035217D98F32
S11399A0538507F282801307F07F9397F5035217CC
S11399B0D98F15487320180029B79307C0FC634951
S11399C0F70A9307D0030546998F4E161305F00343
S11399D0D18E0127635BF50A7556199E13050004A1
S11399E033D6C6006388A7001B073704B396E60086
S11399F03368D800B3360001D18E638E0610939776
S1139A00160013F7770013F6760015FFE19393C75A
S1139A101700858B01480147E31806ECA1B71368CA
S1139A205800E39108E81307F07F9397F503521762
S1139A30D98F7320180071B5E38005ECA1066DBDC4
S1139A4013F7F70011456303A7009107E19393C748
S1139A501700858B0147E30106EA13F6F60011456A
S1139A60E30CA6E8910649BDE39D05EEA106D5BD2C
S1139A7089476383F8068D47638CF8026389080479
S1139A800147014685468547ADBD1B063700930750
S1139A90D0033B87E740B317C800B337F00033580F
S1139AA0E8003368F800B396C600B3E60601B1B720
S1139AB005468546894791E1A107E19393C71700BD
S1139AC0858B054889BFE38505DE8545A9BF8546A5
S1139AD08547014791060DB5054685468947F1DD61
S1139AE0A107E1BF91CD1307E07F8147FD561548DB
S1139AF095BD95D975BB81EDFD561307E07F39B54A
S1139B009307F07FD2171548732018005DBBD21756
S10F9B10732018007DB39397F50365B330
S1079B1C0000000041
S1139B204E4F454C2D56202836342D6269747329C6
S1139B3000000000000000000A25733A2048656C0C
S1139B406C6F20576F726C640A0000000000000004
S1139B504620636865636B3A202D203078253031C8
S1139B60366C780A0A000000494E460000000000E6
S1139B70696E6600000000004E414E0000000000C7
S1139B806E616E00000000003031323334353637F8
S1139B9038396162636465660000000000000000FB
S1139BA0303132333435363738394142434445460F
S1139BB00000000000000000286E756C6C29000095
S1139BC030000000000000002E160000A810000065
S1139BD0A810000020160000A8100000A810000023
S1139BE0A8100000DA150000A8100000A81000005A
S1139BF0C215000052160000A81000004416000010
S1139C0060160000A8100000B4150000B411000094
S1139C10B4110000B4110000B4110000B41100002C
S1139C20B4110000B4110000B4110000B41100001C
S1139C30A8100000A8100000A8100000A810000040
S1139C40A8100000A8100000A8100000DE110000F9
S1139C50A810000078140000BE130000DE110000FC
S1139C60DE110000DE110000A8100000A8100000A2
S1139C70A8100000A810000086150000A81000001D
S1139C80A81000008A140000A8100000A81000000A
S1139C90A810000020140000A81000009415000073
S1139CA0A8100000A81000000E1F0000A81000005B
S1139CB0A8100000A8100000A8100000A8100000C0
S1139CC0A8100000A8100000A8100000DE11000079
S1139CD0A810000078140000C6130000DE11000074
S1139CE0DE110000DE11000070150000C613000034
S1139CF094130000A81000005A150000A8100000DA
S1139D00E6140000921400002C1500001E1500003B
S1139D10A81000002014000094130000F41E00009A
S1139D20A8100000A8100000AA1E0000A81000003F
S1139D309413000000000000202020202020202078
S1139D40202020202020202030303030303030308F
S1139D503030303030303030496E66696E69747935
S1139D6000000000000000004E614E0000000000F2
S1139D705245454E54206D616C6C6F63207375635E
S1139D8063656564656400002F686F6D652F6D61A0
S1139D907263682F576F726B2F636F6D70696C6598
S1139DA0722D73706172726F772F6E63632D73708F
S1139DB06172726F772F6E65776C69622F6E65774B
S1139DC06C69622F6C6962632F7374646C69622FAF
S1139DD064746F612E63000042616C6C6F63207366
S1139DE0756363656564656400000000000000003D
S1139DF0000000000000000000000000000000005F
S1139E00000000000000000000000000000000004E
S1139E10000000000000000000000000000000003E
S1139E20000000000000000000000000000000002E
S1139E30000000000000000000000000000000001E
S1139E40000000000000000000000000000000000E
S1139E5000000000000000000000000000000000FE
S1139E6000000000000000000000000000000000EE
S1139E7000000000000000000000000000000000DE
S1139E8000000000000000000000000000000000CE
S1139E9000000000000000002F686F6D652F6D61E9
S1139EA07263682F576F726B2F636F6D70696C6587
S1139EB0722D73706172726F772F6E63632D73707E
S1139EC06172726F772F6E65776C69622F6E65773A
S1139ED06C69622F6C6962632F7374646C69622F9E
S1139EE06D707265632E63000500000019000000A8
S1139EF07D00000000000000000000000000F03FB2
S1139F000000000000002440000000000000594050
S1139F100000000000408F40000000000088C340A3
S1139F2000000000006AF8400000000080842E4118
S1139F3000000000D01263410000000084D7974164
S1139F400000000065CDCD41000000205FA002426A
S1139F50000000E876483742000000A2941A6D42DF
S1139F60000040E59C30A2420000901EC4BCD642D2
S1139F7000003426F56B0C430080E03779C341437D
S1139F8000A0D8855734764300C84E676DC1AB43F3
S1139F90003D9160E458E143408CB5781DAF154411
S1139FA050EFE2D6E41A4B4492D54D06CFF08044EC
S1139FB0F64AE1C7022DB544B49DD9794378EA4401
S1139FC0BC89D897B2D29C3C33A7A8D523F649398B
S1139FD03DA7F444FD0FA5329D978CCF08BA5B25AD
S1139FE0436FAC642806C80A0080E03779C3414354
S1139FF0176E05B5B5B89346F5F93FE9034F384DEB
S113A000321D30F94877825A3CBF737FDD4F157596
S113A0104E710000866D0000866D000042710000E4
S113A020866D0000866D0000866D000006710000DC
S113A030866D0000866D0000EC700000DE7000008C
S113A040866D0000D27000009A700000866D0000DA
S113A0508E700000466E0000466E0000466E0000E2
S113A060466E0000466E0000466E0000466E00001C
S113A070466E0000466E0000866D0000866D00008E
S113A080866D0000866D0000866D0000866D000000
S113A090866D0000866D0000866D0000DC6E000099
S113A0A0806E0000866D0000866D0000866D0000E5
S113A0B0866D0000866D0000866D0000866D0000D0
S113A0C0866D0000866D0000866D00002A6F00001A
S113A0D0866D0000866D0000866D0000F86E00003D
S113A0E0866D000010700000866D0000866D000013
S113A0F0C87B0000866D0000866D0000866D000040
S113A100866D0000866D0000866D0000866D00007F
S113A110866D0000866D0000866D0000DC6E000018
S113A120866E0000866D0000866D0000866D00005E
S113A13044700000866E0000746E0000866D00009E
S113A14030700000866D0000826F0000306F0000E8
S113A1506470000058700000866D0000F86E000006
S113A160746E0000C27B0000866D0000866D0000E6
S113A1707A7B0000866D0000746E00000000000011
S113A18020202020202020202020202020202020CB
S113A19030303030303030303030303030303030BB
S113A1A02C2066756E6374696F6E3A20000000009F
S113A1B0617373657274696F6E2022257322206641
S113A1C061696C65643A2066696C65202225732296
S113A1D02C206C696E65202564257325730A0000A4
S113A1E04300000000000000504F53495800000095
S113A1F02E0000000000000000202020202020204D
S113A2002020282828282820202020202020202022
S113A2102020202020202020208810101010101032
S113A220101010101010101010040404040404047E
S113A2300404041010101010101041414141414118
S113A24001010101010101010101010101010101FA
S113A250010101011010101010104242424242420A
S113A26002020202020202020202020202020202CA
S113A2700202020210101010200000000000000072
S113A28000000000000000000000000000000000CA
S113A29000000000000000000000000000000000BA
S113A2A000000000000000000000000000000000AA
S113A2B0000000000000000000000000000000009A
S113A2C0000000000000000000000000000000008A
S113A2D0000000000000000000000000000000007A
S113A2E0000000000000000000000000000000006A
S10CA2F000000000000000000061
S10AA2F9000000000000005A
S10BA3006C04000000000000E1
S10BA3083C0400000000000009
S113A3100000000000000000609E0000000000003B
S113A320289E000000000000F09D000000000000D6
S113A3300000000000000000000000000000000019
S113A3400000000000000000000000000000000009
S113A35000000000000000000000000000000000F9
S113A36000000000000000000000000000000000E9
S113A37000000000000000000000000000000000D9
S113A38000000000000000000000000000000000C9
S113A39000000000000000000000000000000000B9
S113A3A000000000000000000000000000000000A9
S113A3B00000000000000000000000000000000099
S113A3C00000000000000000000000000000000089
S113A3D0C0A3000000000000C0A3000000000000B3
S113A3E0D0A3000000000000D0A300000000000083
S113A3F0E0A3000000000000E0A300000000000053
S113A400F0A3000000000000F0A300000000000022
S113A41000A400000000000000A4000000000000F0
S113A42010A400000000000010A4000000000000C0
S113A43020A400000000000020A400000000000090
S113A44030A400000000000030A400000000000060
S113A45040A400000000000040A400000000000030
S113A46050A400000000000050A400000000000000
S113A47060A400000000000060A4000000000000D0
S113A48070A400000000000070A4000000000000A0
S113A49080A400000000000080A400000000000070
S113A4A090A400000000000090A400000000000040
S113A4B0A0A4000000000000A0A400000000000010
S113A4C0B0A4000000000000B0A4000000000000E0
S113A4D0C0A4000000000000C0A4000000000000B0
S113A4E0D0A4000000000000D0A400000000000080
S113A4F0E0A4000000000000E0A400000000000050
S113A500F0A4000000000000F0A40000000000001F
S113A51000A500000000000000A5000000000000ED
S113A52010A500000000000010A5000000000000BD
S113A53020A500000000000020A50000000000008D
S113A54030A500000000000030A50000000000005D
S113A55040A500000000000040A50000000000002D
S113A56050A500000000000050A5000000000000FD
S113A57060A500000000000060A5000000000000CD
S113A58070A500000000000070A50000000000009D
S113A59080A500000000000080A50000000000006D
S113A5A090A500000000000090A50000000000003D
S113A5B0A0A5000000000000A0A50000000000000D
S113A5C0B0A5000000000000B0A5000000000000DD
S113A5D0C0A5000000000000C0A5000000000000AD
S113A5E0D0A5000000000000D0A50000000000007D
S113A5F0E0A5000000000000E0A50000000000004D
S113A600F0A5000000000000F0A50000000000001C
S113A61000A600000000000000A6000000000000EA
S113A62010A600000000000010A6000000000000BA
S113A63020A600000000000020A60000000000008A
S113A64030A600000000000030A60000000000005A
S113A65040A600000000000040A60000000000002A
S113A66050A600000000000050A6000000000000FA
S113A67060A600000000000060A6000000000000CA
S113A68070A600000000000070A60000000000009A
S113A69080A600000000000080A60000000000006A
S113A6A090A600000000000090A60000000000003A
S113A6B0A0A6000000000000A0A60000000000000A
S113A6C0B0A6000000000000B0A6000000000000DA
S113A6D0C0A6000000000000C0A6000000000000AA
S113A6E0D0A6000000000000D0A60000000000007A
S113A6F0E0A6000000000000E0A60000000000004A
S113A700F0A6000000000000F0A600000000000019
S113A71000A700000000000000A7000000000000E7
S113A72010A700000000000010A7000000000000B7
S113A73020A700000000000020A700000000000087
S113A74030A700000000000030A700000000000057
S113A75040A700000000000040A700000000000027
S113A76050A700000000000050A7000000000000F7
S113A77060A700000000000060A7000000000000C7
S113A78070A700000000000070A700000000000097
S113A79080A700000000000080A700000000000067
S113A7A090A700000000000090A700000000000037
S113A7B0A0A7000000000000A0A700000000000007
S113A7C0B0A7000000000000B0A7000000000000D7
S113A7D0C0A7000000000000C0A7000000000000A7
S113A7E0D0A7000000000000D0A700000000000077
S113A7F0E0A7000000000000E0A700000000000047
S113A800F0A7000000000000F0A700000000000016
S113A81000A800000000000000A8000000000000E4
S113A82010A800000000000010A8000000000000B4
S113A83020A800000000000020A800000000000084
S113A84030A800000000000030A800000000000054
S113A85040A800000000000040A800000000000024
S113A86050A800000000000050A8000000000000F4
S113A87060A800000000000060A8000000000000C4
S113A88070A800000000000070A800000000000094
S113A89080A800000000000080A800000000000064
S113A8A090A800000000000090A800000000000034
S113A8B0A0A8000000000000A0A800000000000004
S113A8C0B0A8000000000000B0A8000000000000D4
S113A8D0C0A8000000000000C0A8000000000000A4
S113A8E0D0A8000000000000D0A800000000000074
S113A8F0E0A8000000000000E0A800000000000044
S113A900F0A8000000000000F0A800000000000013
S113A91000A900000000000000A9000000000000E1
S113A92010A900000000000010A9000000000000B1
S113A93020A900000000000020A900000000000081
S113A94030A900000000000030A900000000000051
S113A95040A900000000000040A900000000000021
S113A96050A900000000000050A9000000000000F1
S113A97060A900000000000060A9000000000000C1
S113A98070A900000000000070A900000000000091
S113A99080A900000000000080A900000000000061
S113A9A090A900000000000090A900000000000031
S113A9B0A0A9000000000000A0A900000000000001
S113A9C0B0A9000000000000B0A9000000000000D1
S113A9D0C0A9000000000000C0A9000000000000A1
S113A9E0D0A9000000000000D0A900000000000071
S113A9F0E0A9000000000000E0A900000000000041
S113AA00F0A9000000000000F0A900000000000010
S113AA1000AA00000000000000AA000000000000DE
S113AA2010AA00000000000010AA000000000000AE
S113AA3020AA00000000000020AA0000000000007E
S113AA4030AA00000000000030AA0000000000004E
S113AA5040AA00000000000040AA0000000000001E
S113AA6050AA00000000000050AA000000000000EE
S113AA7060AA00000000000060AA000000000000BE
S113AA8070AA00000000000070AA0000000000008E
S113AA9080AA00000000000080AA0000000000005E
S113AAA090AA00000000000090AA0000000000002E
S113AAB0A0AA000000000000A0AA000000000000FE
S113AAC0B0AA000000000000B0AA000000000000CE
S113AAD0C0AA000000000000C0AA0000000000009E
S113AAE0D0AA000000000000D0AA0000000000006E
S113AAF0E0AA000000000000E0AA0000000000003E
S113AB00F0AA000000000000F0AA0000000000000D
S113AB1000AB00000000000000AB000000000000DB
S113AB2010AB00000000000010AB000000000000AB
S113AB3020AB00000000000020AB0000000000007B
S113AB4030AB00000000000030AB0000000000004B
S113AB5040AB00000000000040AB0000000000001B
S113AB6050AB00000000000050AB000000000000EB
S113AB7060AB00000000000060AB000000000000BB
S113AB8070AB00000000000070AB0000000000008B
S113AB9080AB00000000000080AB0000000000005B
S113ABA090AB00000000000090AB0000000000002B
S113ABB0A0AB000000000000A0AB000000000000FB
S113ABC0B0AB000000000000B0AB000000000000CB
S113ABD0430000000000000000000000000000002E
S113ABE00000000000000000000000000000000061
S113ABF0430000000000000000000000000000000E
S113AC000000000000000000000000000000000040
S113AC1043000000000000000000000000000000ED
S113AC200000000000000000000000000000000020
S113AC3043000000000000000000000000000000CD
S113AC400000000000000000000000000000000000
S113AC5043000000000000000000000000000000AD
S113AC6000000000000000000000000000000000E0
S113AC70430000000000000000000000000000008D
S113AC8000000000000000000000000000000000C0
S113AC90430000000000000000000000000000006D
S113ACA000000000000000000000000000000000A0
S113ACB010930000000000004C870000000000001A
S113ACC00000000000000000F8A1000000000000E7
S113ACD0F0A1000000000000309B00000000000014
S113ACE0309B000000000000309B000000000000CA
S113ACF0309B000000000000309B000000000000BA
S113AD00309B000000000000309B000000000000A9
S113AD10309B000000000000309B00000000000099
S113AD20FFFFFFFFFFFFFFFFFFFFFFFFFFFF00002D
S113AD3001004153434949000000000000000000A5
S113AD4000000000000000000000000000000000FF
S113AD500000415343494900000000000000000086
S113AD6000000000000000000000000000000000DF
S10BAD700000000000000000D7
S113AD78FFFFFFFFFFFFEF7F0000000000003040EF
S113AD88000000000000E03F303030303030303018
S113AD98000000000000C03F000000000000F83F71
S113ADA861436F63A787D23FB3C8608B288AC63FC5
S113ADB8FB799F501344D33F000000000000F03F8C
S113ADC800000000000024400000000000001C40B7
S113ADD80000000000001440FFFEFEFEFEFEFEFE22
S113ADE880808080808080800000000000005043C4
S113ADF87F7F7F7F7F7F7F7F10A30000000000009C
S113AE08000000000000000040AE00000000000048
S113AE180000F0FF0000000010A300000000000084
S113AE28FFFFFFFFFFFFFFFF00000200000000001C
S107AE380000000012
S9030000FC
