S02B00002E2E2F2E2E2F737265632F6E6F656C7633322F68656C6C6F5F776F726C642E6E6F656C7633322E6743
S113000097B1000093810195996273A00230731037
S11300103000970200009382E214739052307324EC
S113002040F109EC970200009382C214739052309D
S11300308129970200009382E233829213132400F1
S1130040970200009382020C9A9203A302000F000D
S1130050F00FE31C03FE138E41FD93133400B30E23
S11300607E00138F4E0083AF0E0003210F00970212
S113007000009382221073905230732540F1829FC6
S11300801300000013000000130000001300000020
S11300901300000013000000130000001300000010
S11300A01300000013000000130000001300000000
S11300B013000000130000001300000013000000F0
S11300C013000000130000001300000013000000E0
S11300D013000000130000001300000013000000D0
S11300E013000000130000001300000013000000C0
S11300F013000000130000001300000013000000B0
S113010073001000730010007300100073001000DF
S113011073001000730010007300100073001000CF
S113012073001000730010007300100073001000BF
S113013073001000730010007300100073001000AF
S113014013132500970300009383C3FBB3027300CA
S11301500F00500F2FA00208130500008280010039
S113016002900100130000001300000013000000BF
S113017073202034657106C00EC412C616C81ACA8C
S11301801ECC22CE26D02AD22ED432D636D83ADA73
S11301903EDC42DEC6C0CAC2CEC4D2C6D6C8DACAA3
S11301A0DECCE2CEE6D0EAD2EED4F2D6F6D8FADA53
S11301B0FEDC73250030F325103473262034AADEC8
S11301C02EC132C3F322300016C502A906AD0AB10E
S11301D00EB512B916BD9AA19EA5A2A9A6ADAAB143
S11301E0AEB5B2B9B6BD3AA23EA642AA46AE4AB22E
S11301F04EB652BA56BEDAA2DEA6E2AAE6AEEAB21B
S1130200EEB6F2BAF6BE7AA37EA763540600D12CEA
S113021019A08A86E9248240A2413242C242524352
S1130220E243724482541255A2553256C256525772
S1130230E257725886481649A649364AC64A564B6A
S1130240E64B764C865C165DA65D365EC65E4A203D
S1130250EA200A31AA314A32EA320E23AE234E246E
S1130260EE240E35AE354E36EE361227B22752281E
S1130270F2281239B239523AF23A162BB62B562CCE
S1130280F62C163DB63D563EF63E1A2FBA2F2A4F8F
S113029073103F00765F8A4F73100F3073901F34D2
S11302A0565FE65F596173002030000000000000D3
S11302B0000000000000000000000000000000003A
S11302C0000000000000000000000000000000002A
S11302D0000000000000000000000000000000001A
S11302E0000000000000000000000000000000000A
S11302F000000000000000000000000000000000FA
S113030000000000000000000000000000000000E9
S113031000000000000000000000000000000000D9
S113032000000000000000000000000000000000C9
S113033000000000000000000000000000000000B9
S113034000000000A965296541119385858F130577
S1130350C59006C6EF0050222965FD551305059288
S1130360EF009021B240014541018280000000006D
S1130370012A0A8493020000639B0200138501EAA8
S113038013868118B306A64093D53600F5289382C8
S113039001FB23A082003122E5209D2C6524452AFF
S11303A01715000013052590EF00100DEF00B01293
S11303B05D28938241EA03A50200938281E483A528
S11303C0020013060000BD3FEF00D00B02900000B6
S11303D00000000000000000938741DD138741DD29
S11303E06308F7009307000081C7138541DD828706
S11303F08280938741DD938541DD9D8D93D7254090
S1130400FD81BE95858599C59307000081C7138535
S113041041DD82878280411122C483C781FB06C6E5
S113042091EF5D3F9307000099C71385C1E59700DD
S11304300000E70000008547238CF1FAB240224413
S1130440410182809307000091CF41119385C1FB44
S11304501385C1E506C697000000E7000000B2401E
S1130460410141BF79B7B71700FC0D4798C7828097
S113047003A501EB828000000000000000000000E2
S113048082800000000000009387F5FF91C97D572A
S11304900146814610C154C1FD172105E39AE7FEC8
S11304A08280A967296713860715930507156307D3
S11304B0B602A9669386061563F2D502FD168D8EE3
S11304C0F19A9106369613070715938707159443F7
S11304D091071107232ED7FEE39BC7FE828002906B
S11304E082809317160085832D476384E70002906A
S11304F0828001114AC803A9C1EAB707200026CAAD
S11305003E99832449004EC606CE22CC93894105E8
S11305108DC093972400CE97804319C41C4448444B
S1130520A685829700407DF8232299008324490000
S1130530EDF0F2406244D2444249B24905618280FE
S113054083A701EB0145850723A8F1EA82805D7149
S1130550A2C483A701EB86C6A6C2C9CB83A7C1EAFE
S113056085E303A5C1E48567130881009387E7B990
S1130570114789461306200C8545292D23A6A1EA97
S113058083A781EA85E303A5C1E485671308810095
S11305909387E7B9114789461306300C8545DD2B4F
S11305A023A4A1EA03A741EB83A6C1EA85470A076E
S11305B013070720320736972320070085451306C3
S11305C000021397270036970CC38507E39BC7FEE9
S11305D085679387078073A04730A14773A00730CE
S11305E0B6402644964401456161828003A5C1E476
S11305F0930700540148114785461306D00B8545DF
S1130600512B83A701EBB9FB854723A8F1EAB9B7BE
S1130610411122C483A781EB06C6014585E303A5E6
S1130620C1E4856701489387E7B91147914631468C
S113063085458D2323ACA1EA13351500B24022442D
S113064041018280011122CC83A701EC06CE014531
S113065089C7F24062440561828003A5C1E48567CD
S11306609387E7B90A8811479146454685451D2376
S1130670AA8723A0A1EC0545E9DF03471100F24056
S1130680624423AEE1EA0145056182806386051474
S1130690630F061A98414CDA9357570093F60706EE
S11306A07D8BFD8B558F2300F600A300E6009C494B
S11306B0E5C393960701FD8EB708F0FF13F8F70022
S11306C00D47B3F616016307E81613D74700520720
S11306D0B337E000B307F0401347F7FF7D8F2306DD
S11306E00601DC4954C218C6CDCF93960701FD8E8E
S11306F0B708F0FF13F8F7000D47B3F61601630EC1
S1130700E81013D747005207B337E000B307F040AF
S11307101347F7FF7D8F9C4D14CA58CA230C06015A
S1130720D1CB93960701FD8EB708F0FF13F8F700BD
S11307300D47B3F616016305E80C13D747005207BB
S1130740B337E000B307F0401347F7FF7D8FDC4D6C
S113075054CE18D223020603BDC7139707017D8F19
S11307603708F0FF93F6F7008D4533770701638769
S1130770B6069183D207B335F000B305B04093C7F2
S1130780F7FFED8F18D65CD62308D6020145828088
S1130790014823060601DC490147814654C218C6B4
S11307A0A9F79C4D01478146014814CA58CA230C35
S11307B00601A5FBDC4D01478146014854CE18D201
S11307C023020603D9FB81470147814618D65CD62C
S11307D02308D602014582800545828093C7F7FF2E
S11307E0B7051000938505F09207ED8F3183498F8B
S11307F093E7F70F18D65CD62308D602014582800A
S113080013C7F7FFB70710001207938707F0B182E9
S11308107D8FC98E1367F70F1DBF13C7F7FFB70787
S113082010001207938707F0B1827D8FC98E13677A
S1130830F70FD5B513C7F7FFB70710001207938753
S113084007F0B1827D8FC98E1367F70F49BD094543
S11308508280357152C556C35AC1DEDEE2DCE6DA67
S113086036CA06CF22CD26CB4AC94EC7EAD8EED621
S1130870858A46C6AA8CAE8B328CBA8A3E8B428A53
S1130880C9CE37F40F00498C630908086381052237
S1130890630406268564138904802299FD1429A023
S11308A013040402630B89061C4013D7C700658F29
S11308B0E183B3E6E700EDD6E39477FFE312ECFEC1
S11308C0A28530106685D933B2475687854662863D
S11308D0DE852810029A69D545A085699387098029
S11308E0330DF400FD191C40A285301013D9C70044
S11308F093D4870133793901B3E72401668513045E
S1130900040291CB6133B247568785464A86A68551
S11309102810029A35E1E318A4FD5247B7071000E6
S113092093840780137D2700856D118BB3E49C00AD
S11309303AC4938D0D800567FD17A69D9309F7FFB3
S11309403ECE03A304001359C3001354830133732D
S1130950390163090D00B367640091CB638D0B0209
S1130960638B8B0263F56A018547630CF4049384FB
S11309700402E398B4FD0145FA406A44DA444A4962
S1130980BA492A4A9A4A0A4BF65B665CD65C465DCB
S1130990B65D0D61828063040C00E3156CFCE30317
S11309A00AFC3010A68566851AC8CD314243B24789
S11309B056871A868946A2852810029A42435DD139
S11309C065BF930700026305F30C8567ED17337960
S11309D0F9009307B004630DF90AA247C9DB9947EC
S11309E0E317F3F89C4837F40F0013871A001393A6
S11309F007013373F300B707F0FF3373F300336475
S1130A0083001309040831A06381BB022104E300BD
S1130A1089F61C4013D6C70093D587013376360177
S1130A20B3E6C500E5D6E3910BFE63040C00E31FB7
S1130A30CCFCE30D0AFC93D6570013F50606FD8B98
S1130A40C98FFD8AA304F1022304D1025440B247A2
S1130A503ACC1395460093D8C600B7061000B3F8F5
S1130A60A8002A88138506F0F246B3F8A800337864
S1130A70A800B3E868003348D800281091461AC883
S1130A8022DA46D642D8029A4243624741D1EDB5B2
S1130A90884421D5B248D2465288DA8713871A008F
S1130AA06286DE851AC87533424305D9F1B5E3067B
S1130AB006E2056993090980A2997D1929A0130406
S1130AC00402E38C89E41C4013D7C70093D4870144
S1130AD0B377270133E7F4007DD3E312FCFEA2854C
S1130AE0301066856536B247568785466286A68588
S1130AF02810029A69D549B5056993090980A29914
S1130B007D1929A013040402E38989E01C4093D4CD
S1130B10C700B3F42401E18333E7970065D7E39377
S1130B20FBFEA285301066859536B247568785460A
S1130B302686DE852810029A71D53DBDA1C929CA31
S1130B4003A8050037071000130307F09356580055
S1130B5093F806061378F801FD8A33E808012300A8
S1130B60D600A3000601DC419306F7FF4CC613D759
S1130B70C700939547006D8F33776700B3F765001F
S1130B80598DB58F48C21CC60145828005458280B7
S1130B9009458280C2883E88BA8701475DB981CB06
S1130BA011476388E600FD160547637ED700484178
S1130BB082800C415041144558458CC3D0C34841F0
S1130BC094C7D8C782802A8793080503032807009F
S1130BD04C431047544723A00701CCC390C7D4C744
S1130BE04107C107E31417FF1443584394C3D8C300
S1130BF04841828083A7C1EA95CFF375043083A668
S1130C0041EB1356F5417D8A2A9615869E06B296C7
S1130C108A06B6970967BA97944305473317A7001E
S1130C201347F7FF758F98C393F7850073A00730B8
S1130C30014582800545828083A7C1EA85CF73760A
S1130C40043003A741EB9356F541FD8AAA96958695
S1130C501E0736970A07BA970967BA979443054758
S1130C603315A700558D88C39377860073A007308A
S1130C700145828005458280AA8581460146014559
S1130C806F10706D4111814522C406C62A84EF108D
S1130C90F07403A501E41C5591C382972285EF707B
S1130CA0307C411122C4A96729641304C4149387B6
S1130CB00715818F26C206C693D4274081C8F11731
S1130CC03E941C40FD1471148297E5FCB24022440A
S1130CD0924441018280411122C44AC02964296995
S1130CE093078414130989143309F94006C626C2EC
S1130CF013592940630B09001304841481441C40D4
S1130D00850411048297E31C99FE296429699307D9
S1130D1084141309C9143309F94013592940630B86
S1130D2009001304841481441C408504110482972F
S1130D30E31C99FEB240224492440249410182805C
S1130D405D7122D432DC06D636DEBAC0BEC2C2C45D
S1130D50C6C62A842E8619C11C4D91CB0C44341866
S1130D60228536CE8928B2502254616182802EC6F3
S1130D70EF30E0263246DDB75D7122D403A401E5ED
S1130D8032DC06D62EDA36DEBAC0BEC2C2C4C6C64D
S1130D902A8619C01C4C91CB0C445418228536CE9B
S1130DA01928B2502254616182802AC62285EF300C
S1130DB000233246D5B761712326111A2320211B43
S1130DC0232C4119232671192320A1192E89328D30
S1130DD0B68B2324811A2322911A232E3119232A14
S1130DE05119232861192324811923229119232EAF
S1130DF0B117A2B6A6B2CAAECEAAD2A62A8AEF303C
S1130E00C05C1C413E85BECCEF50801BAAC8630663
S1130E100A0083278A01638B0744A967938707BD68
S1130E20630EF944A967938707BB630CF944A96768
S1130E30938707B96314F9006F1040078316C9003C
S1130E40096693970601C183B3F5C70085E183253D
S1130E500906B3E7C600C207F976C187FD16ED8E11
S1130E602316F900C2072320D906C18393F687000D
S1130E70E38A061A83260901E386061AE98BA94642
S1130E80E38ED71A87B481DD87B901DF07B401DEA9
S1130E9007B981DEA967938787973ECE83470D0004
S1130EA0930AC10982C082C256C902CD02CB02D2C2
S1130EB002D082CE82C482C682CA02C65688638E9B
S1130EC007146A84930650026381D766834714002B
S1130ED00504FDFBB304A4416301A4156A46DA4684
S1130EE02320A801269685062322980032CD36CBEE
S1130EF01D462108E341D610324726973AC6638E31
S1130F00071003431400A30901060504FD58814991
S1130F108144130BA005254C930DA00205049A8C63
S1130F2093870CFE6367FB0072478A07BA979C435A
S1130F30828763840C0E230E910DA3090106054BD1
S1130F40014602CC054C814802D402D602DE130DC0
S1130F50C10D93F2240063830200090B93FD44083E
S1130F60EA4763960D00338E69416346C0150DC28E
S1130F70DA46130631072320C8008507054685068F
S1130F802322C8003ECD36CB1D4621086343D61A22
S1130F9063810202DA46D0182320C8008907094673
S1130FA085062322C8003ECD36CB1D462108E34FDB
S1130FB0D604930600086387DD6CB38888416348D0
S1130FC0107593F60410639706605A47E29723203E
S1130FD0A8010507232288013ECD3ACB9D4663C272
S1130FE0E6202108918889C4B3846941634590202F
S1130FF063D36901DA8932474E973AC66397077813
S1131000E24702CB89C7BE855285EF30800A5688F5
S1131010228D83470D00E39607EAEA476384077845
S11310201009CA855285EF508010ADAF814993876E
S11310300CFD834C040093962900B6998609BE9949
S113104093870CFD0504E376FCFED9BD93F7840079
S1131050E39D07289D0B93FB8BFF87B70B00A10B28
S1131060BEA0D3A7F72273271000D397F4A273105E
S11310701700E38C072AD30700D20627D317F7A259
S113108099C36F106024034631079307700463C447
S113109097016F00D07A2967130D879302CC02D48D
S11310A002D602DE93F4F4F70D4B0D4C8148E302B3
S11310B006EA050B79BDA96E4146DA46938E4EAE1B
S11310C0414F9D436346C601B1A0411E6354CF0501
S11310D0C10785062320D8012322E8013ECD36CB63
S11310E02108E3D4D3FE1009CA85528576DC46DA9A
S11310F072D816C8EF50A0036310056A425E414FD0
S1131100EA47411EDA46E25ED258C24256889D43FF
S1131110E340CFFDF29785062320D8012322C8019E
S11311203ECD36CB1D46E342D65603463107210851
S11311303DBD1009CA85528546D816C8EF40307F98
S1131140631C0564EA47C258C242568891B5DA4521
S1131150125705452320A801850793861500130619
S11311608800E35DE50285452322B8003ECD36CBF9
S11311709D45E3C0D5484647E6458506BA970CC267
S113118058C23ECD36CB9D452106E3C0D548D30792
S113119000D206271257938516005323F7A22E85F3
S11311A0930CF7FF13088600E319030013071D00CF
S11311B0E69718C2232296013ECD2ECB1D47E34469
S11311C0B730130706019385260042863A88F6460F
S11311D0180118C2B69754C23ECD2ECB1D47E35317
S11311E0B7E01009CA855285EF4070746316055A3A
S11311F0EA475688C5BBA96EC1465A47938E4EAE80
S1131200414C9D4C63C6960035A8C114635C9C0296
S1131210C10705072320D801232288013ECD3ACBFC
S11312202108E3D4ECFE1009CA85528576C8EF4044
S1131230107063130556C114EA475A47C24E5688C4
S1131240E3489CFCA69705072320D8012322980095
S11312503ECD3ACB9D46E3DDE6D81009CA855285DA
S1131260EF40F06C631A0552EA4759B35285EF20F8
S11312701057A967938707BDE316F9BA03294A00F3
S113128075BE03298A005DBE528542CC46C8EF3044
S1131290C0135C413E85BECAEF409052AA87528576
S11312A0BE8CBEC6EF3060121C45C2486248BEC444
S11312B0E3980C000343040095B10343040093E452
S11312C00402A9B993E4040193F70402638A07743E
S11312D09D0B93FB8BFF83A74B0083AD0B00A10BEE
S11312E03E8C63CF0774FD57268B6380F808B3E701
S11312F08D0113FBF4F7B5EB639E0806DA8481488D
S1131300014C130D0114BDA803AD0B00A309010684
S1131310910BE30F0D24FD57E38BF84E4686814570
S11313206A8542D446C8EF3070002ACCC24822589D
S113133019E16F10A018330CA54103463107134B74
S1131340FCFF135BFB4102CC02D402D602DE337BEA
S11313506C018148E30F06BEA9BB83A70B00A30958
S11313600106910B230EF10CD9BEE3150C2CA547F5
S1131370E3E2B72D938D0D03A30FB113DA84054C6B
S1131380130DF11303463107468B63D38801628B37
S113139002CC02D402D602DEE30D06BA19BB93E4F2
S11313A0040193F70402638007669D0B93FB8BFF94
S11313B083AD0B0003AC4B00A10B13FBF4BF8147BF
S11313C0A30901067D576388E81633E78D019374FA
S11313D0FBF763110716639B081A95F3137C1B0034
S11313E0130D0114E3000CFA93070003A30FF11289
S11313F0130DF11341BF93F7040203A70B00910BE4
S1131400639D076C93F70401E39D073A93F7040483
S1131410E39D077093F40420E385043AB247228DD8
S11314202300F700FDB6E17793C70783231AF1067B
S1131430A9679387479483AD0B003ED0014C13EB0F
S11314402400910B8947930C80079DBF034304003C
S113145093E40408E1B4834C0400930614006394F9
S1131460BC016F10004E93870CFD36848148E369FC
S1131470FCAA834C040093962800B6988608BE986C
S113148093870CFD0504E376FCFE59BC034304007A
S113149093E4440061B49307B00203430400A30936
S11314A0F106ADBC83A90B0003430400910BE3D701
S11314B009A6B309304193E444008DB40343040006
S11314C093E41400A1BC8347310703430400E3976A
S11314D007A493070002A309F10689B40343040097
S11314E093E4840025BC13EB040193770B02638817
S11314F007569D0B93FB8BFF83AD0B0003AC4B0096
S11315008547A10B75BD034304009307C006E3029E
S1131510F30293E4040119B403430400930780061F
S1131520E301F30493E40404D5BAB304A441E30A45
S1131530A49D6DB2268B0547E389E7E209476380E2
S1131540E706130D01149316DC0193F77D0093DD78
S11315503D0093870703B3EDB601135C3C00A30F72
S1131560FDFEB3E68D016A867D1DF1FE93761B00B8
S1131570A9CE93060003638AD70479169C02A30FAD
S1131580DDFE338CC740DA84328DEDBB05476394AE
S1131590E7006F10A01F0947268BE394E7FA130DA9
S11315A00114025793F7FD0093DD4D00BA9783C6EB
S11315B007009317CC01B3EDB701135C4C00A30FE4
S11315C0DDFEB3E78D017D1DE9FF9C02338CA7414D
S11315D0DA844DBB93065006E3DB96B7D30700D2FB
S11315E00627D326F7A26385062A5A47A966938657
S11315F046972320D8008507854605072322D8006F
S11316003ECD3ACB9D462108E3CFE60E665792566F
S11316106355D7466647C6462108232CE8FE5A4739
S1131620B697232ED8FE05073ECD3ACB9D4663C020
S1131630E6721257130CF7FFE356809B296EC146DE
S11316405A47930D4EAF414D9D4C63C786016F00C1
S1131650F00C411CE3548D0DC10705072320B8018C
S11316602322A8013ECD3ACB2108E3D4ECFE100995
S1131670CA855285EF40B02B63100512EA475A47DA
S11316805688C1BFB38E6941E359D093296E414650
S1131690DA46930D4EAF414F9D4F6346D60189A064
S11316A0C11E635FDF03C10785062320B80123221F
S11316B0E8013ECD36CB2108E3D4DFFE1009CA850C
S11316C0528576D846C8EF40902679E5C25E414FF0
S11316D0EA47C11EDA46C24856889D4FE345DFFDFE
S11316E0F69785062320B8012322D8013ECD36CBB8
S11316F01D462108E353D68C1009CA85528546C875
S1131700EF40F02251E9EA47C24856887DB0296E7D
S11317104146DA46930D4EAFC14E1D4F6346160146
S11317203DA8C11863DD1E03C10785062320B80147
S11317302322D8013ECD36CB2108E354DFFE100925
S1131740CA85528546C8EF40901E39E5C248C14E4D
S1131750EA47C118DA4656881D4FE3C71EFDC697EF
S113176085062320B801232218013ECD36CB1D4621
S11317702108E358D6841009CA855285EF40301BEE
S113178001EDEA4756886FF0DF831009CA85528558
S1131790EF40F019E3060586E24789C7BE85528506
S11317A0EF2030118357C90093F7070499C36F00E2
S11317B090778320C11A0324811A32458324411A65
S11317C00329011A8329C119032A8119832A41197A
S11317D0032B0119832BC118032C8118832C411866
S11317E0032D0118832DC117363496347629D62952
S11317F0362A5D6182801009CA855285EF40301314
S113180055F18347040056886FF00FEF1009CA851D
S1131810528546C8EF40B01141F1EA47C2485688A4
S11318206FF02FF9CA855285EF10A01FE31D056ED6
S11318308357C900A946E98B6396D7E48317E90067
S113184063C207E40324811A8320C11A8324411A42
S11318508329C119832A4119032B0119032C8118E7
S1131860832C4118832DC117363496347629D62912
S1131870362ADE866A86832BC118032D0118CA8591
S113188052850329011A032A81195D616F10201002
S1131890E6556351B062725792563A8C63C3E64080
S11318A0635F8001DA46E2972320A801850623229C
S11318B088013ECD36CB1D462108E340D62493460D
S11318C0FCFF7257FD86337CDC00330C8741634197
S11318D0804D725793F60440330CED00639C0678F8
S11318E0E656125763C6E60013F61400E304062214
S11318F0664646479D452320C8005A46BA97232288
S1131900E80005063ECD32CB2108E3C3C5381256A4
S11319103307CD00B306D64033068741B68C6353F4
S1131920D600B28C635F90015A46E6972320880163
S11319300506232298013ECD32CB9D452108E3C202
S1131940C53C13CCFCFF135CFC4133F78C01338C96
S1131950E640635980E9296EC1465A47930D4EAF5C
S1131960414D9D4C63C6860155AB411C63588D5B4C
S1131970C10705072320B8012322A8013ECD3ACB95
S11319802108E3D4ECFE1009CA855285EF40207A81
S1131990E31405E0EA475A475688C1BF93F8140098
S11319A0639308FC2322A8003ECD36CB1D47634C2D
S11319B0D730890541086FF09F81E35A90814147F0
S11319C0E35C9773296E930D4EAF414C1D4D31A0CE
S11319D0C11C635C9C2D13851600C1072320B6012E
S11319E0232286013ECD2ACBAA862106E352ADFEF0
S11319F01009CA855285EF408073E31F05D8EA4772
S1131A00DA465686F1B793F7040113874B00C5E70E
S1131A1093F70404C9CF83DD0B00014CBA8B71BA70
S1131A2093F7040113874B00B5E393F70404B9CB90
S1131A30839D0B00BA8B13DCFD41E287E3D5078A53
S1131A40B337B001330C8041330CFC409307D00210
S1131A50A309F106B30DB041268B8547A5B2937750
S1131A600B0113874B0095EF93770B049DC783DD20
S1131A700B00014CBA8B8547A1B213F71400630322
S1131A8007D649BE93F70420E39E070A83AD0B00F3
S1131A90BA8B13DCFD41E287A9B093770B20E39C5A
S1131AA0070883AD0B00014CBA8B854711BA93F735
S1131AB00420E396070A83AD0B00014CBA8BF5B8FA
S1131AC0A64703430400638B07C483C707006387E7
S1131AD007C493E404406FF06FC4B246228D93D7D9
S1131AE0F64114C35CC36FF0CFD283A70B008810F8
S1131AF042D4904346CC910BB2D0D443B6D294474F
S1131B00B6D4DC47BED6EF705020D307A5222AA84E
S1131B10AAA0D3A7F722E248225873271000D3972C
S1131B20F4A273101700639807D48627D3A7F7A2EB
S1131B30E380075A93071006E383FC4493071004D9
S1131B40E380FC1EFD5713FCFCFDE38CF8029307B5
S1131B507004E304FC4A164793E70410268BE34B16
S1131B600732062ABE8402C802CC93076004E30C41
S1131B70FC069307500442D453054A23E309FC3A74
S1131B803C014686F818B4188945528546D2EF10B0
S1131B90803293077004925822582A8DE31EFC5A0F
S1131BA093761B00B3071501E39706062A47B3078C
S1131BB0A74166573ED2930770043ADE630FFC7C5C
S1131BC093076004E309FC10F2579305100493F69D
S1131BD0FC0FFD17BEDC01466316BC00BD0693F680
S1131BE0F60F05462300D1089306B00263D7070019
S1131BF0725785479306D002998FA300D108A54652
S1131C00E3D8F642930EF1087686A9459308300688
S1131C10B3E6B702328E3E857D1693860603A30F84
S1131C20DEFEB3C7B702E3C5A8FE93860703A30F7E
S1131C30D6FE9307EEFFE3FFD7539306210803C6AE
S1131C40070085078506A38FC6FEE39AD7FF93078F
S1131C501109B387C741130721081401BA97958F57
S1131C60BECEBE8612578547330CD700E3D0E74873
S1131C70C6473E9C9347FCFF9374FBBF13DBF741BD
S1131C8093E40410337B6C0102D402D602DEC24713
S1131C906399077A034631078148630C06AA6FF0FB
S1131CA04FC1368CE34080C119B9938516001307E0
S1131CB08600E6972320B601232296013ECD2ECB43
S1131CC09D4663DBB6601009CA855285EF40204605
S1131CD0E31405ACDA45EA471308410A850556863C
S1131CE06FF0EFCEA96793874794930680073ED0A1
S1131CF093F70402F5C39D0B93FB8BFF83AD0B009D
S1131D0003AC4B00A10B93F7140081CFB3E78D0113
S1131D1089CB93070003230AF106A30AD10693E4AF
S1131D20240013FBF4BF89476FF08FE9268B6FF013
S1131D30CFFB0343140093E4040205046FF00F9EE9
S1131D40A96793878795930680053ED055B71009F8
S1131D50CA855285EF40A03DE31005A4EA475688A2
S1131D60C9B80343140093E4042005046FF00F9BE7
S1131D709947468B63EE1759296702CC5A8C014662
S1131D80814802D402D602DE130DC7966FF06F9C11
S1131D90296E4146DA46930D4EAFC1489D4C6346C9
S1131DA086015DA4411C63D1882BC10785062320CD
S1131DB0B801232218013ECD36CB2108E3D4DCFE42
S1131DC01009CA855285EF408036E317059CEA471F
S1131DD0DA465688C148F9B793F7040113874B00D4
S1131DE0A9E793F7040495CF83DD0B00014CBA8B6C
S1131DF019BF1009CA855285EF406033E31E059868
S1131E00EA47DA4656866FF00FB71009CA8552853D
S1131E10EF40E031E3120598EA47DA4656866FF060
S1131E200FB793F704206397075283AD0B00014C5F
S1131E30BA8BD1BD93770B406398070E130D011431
S1131E40A544294681466E85E28542CC46C8EF709A
S1131E50603393070503E2856E8529468146A30F07
S1131E60FDFEEF6050787D1D9C02B387A741E2869A
S1131E703ED26E86C2486248AA8D2E8CF9F2E3E205
S1131E80C4FC3E8CDA846FF0EFCF1009CA8552850A
S1131E9046D816C8EF40A029E31005900346310741
S1131EA0EA47C258C24256886FF06F8C0329CA00B1
S1131EB06FE0DFF8DA462966130646972320C80048
S1131EC08507054685062322C8003ECD36CB1D4630
S1131ED021086349D640639B050E125793F61400FC
S1131EE0D98E63810690E64646471D462320D800D6
S1131EF0DA46BA972322E80085063ECD36CB634600
S1131F00D6462108EDA01009CA855285EF4020224B
S1131F10E3140588EA4756886FF04FEFE297050708
S1131F202320B8016FF00F8B02D2130D0114930418
S1131F30F00F39A8294681466E85E28542CC46C811
S1131F40EF60706AC248624863010C78AA8D2E8CD7
S1131F50294681466E85E28542CC46C8EF708022D0
S1131F60A647125713050503A30FADFE83C7070049
S1131F7005073AD2C24862487D1DE31DF7FAE30B18
S1131F8097FA63150C00A54763F1B7E5B647D64544
S1131F9042CC330DFD403E866A8546C8EF4060085A
S1131FA0264729468146834717006E85E285B33765
S1131FB0F000BA97BEC4EF601063C248624802D210
S1131FC071B7B247228D1CC36FF0AF84E646464713
S1131FD01D462320D800DA46BA972322E800850656
S1131FE03ECD36CB21086342D63863C8056E1257FE
S1131FF085062320A801BA972322E8003ECD36CBDC
S11320001D476344D7006FE0DFFD6FF08F9D6A8545
S113201042C8EF30F07A03463107134BF5FF135BE8
S1132020FB4102CC02D402D602DE42482A8C337B26
S11320306501814819E26FE0DFF16FF08F8729674E
S1132040130D47936FF08F85E29785062320B8011F
S1132050232288013ECD36CB1D462108E35BD6867C
S11320601009CA855285EF40800C631705F2EA47D0
S1132070568885B01257296E1D436A973AD832574D
S1132080C14D930C4EAF49C3225751E326477D17E8
S1132090BAC432577D173ADAD64636472108232C7C
S11320A0D8FEDA46BA97232EE8FE85063ECD36CB17
S11320B06346D31A2647034607004257B286B30540
S11320C087413ADC63D3C500AE866351D0025A46D9
S11320D0B6972320880105062322D8003ECD32CBB3
S11320E06344C31C264721080346070093C5F6FF33
S11320F0FD85ED8EB306D6406341D0103257329C35
S113210009CF52573AD649F32257630F072622576D
S11321107D173AD432573ADA41B729631D4EC14C80
S1132120930D43AF225663040626D646364721084C
S1132130232CD8FEDA46BA97232EE8FE8506130729
S1132140F6FF3ECD36CB3AD46345DE12264703462E
S113215007004257B286B305874163D3C500AE86F4
S11321606351D0025A46B6972320880105062322DC
S1132170D8003ECD32CB6349CE1026472108034612
S1132180070093C5F6FFFD85ED8EB306D640634484
S1132190D000329C41BF5A4663C6DC003DA8C1163C
S11321A063DDDC02C10705062320B8012322980160
S11321B03ECD32CB2108E354CEFE1009CA855285A8
S11321C036C8EF30D076631905DCC246EA475A4672
S11321D0C11656881D4EE3C7DCFCB69705062320BE
S11321E0B8012322D8003ECD32CB6346CE26264703
S11321F0210803460700329C35B75A4663C6DD0002
S11322003DA8C11663DDDD02C10705062320980140
S11322102322B8013ECD32CB2108E354C3FE10097A
S1132220CA85528536C8EF309070631705D6C2460A
S1132230EA475A46C11656881D43E3C7DDFCB697E4
S11322400506232098012322D8003ECD32CB6343D8
S1132250C32226472108034607004DB51009CA8545
S11322605285EF30D06C631905D2EA4756881D4376
S113227091B51009CA855285EF30706B631E05D085
S1132280EA4756881D4ED9B51009CA85528536C805
S1132290EF30F069631205D0A647C246568803C6DC
S11322A007001D4EEA47F1BD1009CA85528536C89C
S11322B0EF30F067631205CEA647C246568803C6C0
S11322C007001D43EA471DB59307D002A309F10691
S11322D01306D0026FE07FDB8505130887003A867A
S11322E06FE0FFEE1009CA855285EF305064631524
S11322F005CAE655EA475688F9BE1009CA855285CB
S1132300EF30F062631A05C8EA4756886FF02FDB96
S1132310194B9DB43A866A97B306D640B30C8741ED
S113232063D196E3B68C6FF0CFE1B247228D2310D0
S1132330F7006FE01FCE83CD0B00014CBA8B8547AD
S11323406FF00F88838D0B00BA8B13DCFD41E2879D
S11323506FE03FF983CD0B00014CBA8B6DB283CD96
S11323600B00014CBA8B6FF04F851009CA8552855A
S1132370EF30F05B631205C2E655EA47DA46568849
S1132380ADB199486FF02FFD12576A973ADC625746
S1132390637887D53A8C6FF0AFD4F5576344F70070
S11323A063D7E800F91C13FCFCFD6FF0FF81925722
S11323B0634BF72E93771B003A8C81C7C647330CC7
S11323C0F700137B0B4063050B00F257634FF04893
S11323D0134BFCFF135BFB41337B6C01930C7006C6
S11323E002D402D66DB053054A233C01B418468684
S11323F0F8188D45528542D446D2EF00D02B83463F
S1132400050093070003925822582A8D638EF6081C
S1132410E657C697EA97D30700D23E87D326FAA297
S1132420639706F82A476374F7F8130600039306C4
S1132430170036C52300C7002A47E36AF7FE6FF08A
S11324400FF79307D002A309F1061306D0028148BF
S1132450050B6FE01FB01009CA855285EF30304D6F
S1132460631C05B2A64756881D4E03C60700EA47FB
S1132470329C4DB91009CA855285EF30504B631D0B
S113248005B0A64756881D4303C60700EA47BDB1F9
S11324901009CA855285EF309049631F05AEE65690
S11324A0EA4756886FF0AFC6D30700D2D327FAA203
S11324B0A5F38547B3871741BEDCA1BF03463107A7
S11324C002D402D602DE468B468C814819E26FE0C4
S11324D05FA86FE01FBE93771B00B3E71701635338
S11324E0E042639D07363A8C930C6006137B0B40E5
S11324F0631F0B36134BFCFF135BFB41337B6C01F7
S1132500C5B51009CA855285EF307042631605A817
S1132510E6561257EA475688B306D7406FF06FC2A3
S113252093070003230AF10693078005A30AF10623
S113253002CC9307300613EB2400130DC10D63CABC
S11325401725964702C8062A93E4241013FCFCFDC1
S113255063C40714930710066386FC2A93071004C8
S11325606395FCE053054A23A81842D446D2EF30C1
S1132570500CD3773513530700D292582258D3A75F
S1132580E7A299C38547BEDCA96593858595D306E3
S113259000D29387F8FF6A87FD5E29A0D3A6D7A24D
S11325A0FD1785E6D3F787123A8E05073E855396C5
S11325B007C2B386C50083C60600530706D2A30F1D
S11325C0D7FED3F7E70AE39BD7FDD317F9A26390AD
S11325D0071ED3A727A381C7058A631A061C1306FF
S11325E0F5FF634605DCB306E04095479305150007
S11325F08D8A63D7A736BA879DCA930E000323003A
S1132600D701054F93072E001306E5FF6381E60308
S1132610A300D7010D4E930727001306D5FF639837
S1132620C601930737002301D7011306C5FF33857D
S1132630D540937EC5FFBA96373E3030B69E130E12
S11326400E0323A0C6019106E39DD6FF9376C5FF32
S1132650B697158E638DA602930600032380D700D8
S113266063470602A380D7006353C0022381D700C7
S11326700545635EC500A381D70009456359C500BC
S11326802382D7000D456354C500A382D7002E973B
S11326906FF0EFD102CCBE8486279307D0023EC8E8
S11326A0539AF72245BD4647930C7006338CE700D6
S11326B0F257E34DF0E2330CFC40050C134BFCFFE6
S11326C0135BFB41337B6C0121BBA547E3E0B78976
S11326D09C02B387A7416FF0CFFA296E4156330CA1
S11326E0B040930D4EAFC1489D4C63C6C5008DA04C
S11326F0411C63DF8805C10785062320B801232216
S113270018013ECD36CB2108E3D4DCFE1009CA857E
S11327105285EF30D02119C16FF00F88EA47DA46AD
S11327205688C148F1B7FD573EC66FF08F88938D28
S113273018003C01F818B4186E868945528546D2B3
S1132740EF0060772A8D92582258B307BD01E1B19A
S1132750E29785062320B801232288013ECD36CB9B
S11327601D466350D6FA1009CA855285EF30301CD5
S113277019C16FF06F82EA47DA4656888DB893071D
S11327800003230AF106930780074DB3268B6FE0FD
S11327907FBE93851800528542CC46C8EF10105E68
S11327A0C24862482A8D630F051A2ACC59BB72C5E8
S11327B08346F7FF03C6F500BA87639EC600130578
S11327C00003A38FA7FEAA479386F7FF36C583C6E7
S11327D0F7FFE308D6FE138616001305900313765D
S11327E0F60F6386A600A38FC7FE6FF04FBC03C627
S11327F0A500A38FC7FE6FF08FBB639E08B4854806
S11328006FF06FB553054A23A81842D446D2EF306F
S11328104062D3773513530700D292582258D3A776
S1132820E7A299C38547BEDCA9659385459485B322
S11328309306210819E6930600032301D1089306A1
S113284031089802938707033386E6402380F60015
S11328509307160CBECEBE866FF0CFC0C647930C4E
S11328606006330CF700469C51B1930C7006A647E2
S11328709306F00F02D483C7070002D66383D702FE
S1132880725763D0E702B307F74026473EDE83471B
S113289017009DC732560507BAC4050632D6E39120
S11328A0D7FE2257B257BA973647B387E7023E9C02
S11328B0134BFCFF135BFB41337B6C016FF02FBDAB
S11328C083470700225705073AD4E39BD7FAD1BFC1
S11328D0964763C10706034631079307700463D61E
S11328E097052967130D07946FE04FFB93771B003F
S11328F0638207B86FF0CFB7296E4287930D4EAF4E
S11329006FF02FBB91E7054B930C6006054CC9BCD7
S1132910C647930C6006138C1700469C134BFCFFB0
S1132920135BFB41337B6C0165BC2967130DC793B3
S11329306FE0CFF69307D002A309F1061306D00285
S113294069BF83A80B00910B63D30800FD580343B0
S1132950140036846FE08FDCC68DB307BD0165BCFF
S1132960BA87DDB98357C90093E707042316F90032
S11329706FE05FE38947BECEBE866FF0AFAEAA8735
S113298003A501E5B2862E86BE856FE0CFC283D74C
S1132990C50003AE050603D3E50083A8050203A81A
S11329A08502130101B8F59B13070040232C8146CF
S11329B0231CF1002E849C186C00232A91462328A2
S11329C02147232E11462A89F2D6231D610046D6BB
S11329D042DA3EC63ECE3ACA3AD002D2EFE0AFBDAA
S11329E0AA84635905028357810193F7070499C7A1
S11329F08357C40093E707042316F4008320C147D8
S1132A000324814703290147268583244147130171
S1132A10014882806C004A85EF10C02669D5FD54B8
S1132A20D9B7411126C283A401E522C44AC006C60F
S1132A302A892E8499C09C4CB9CBA967938707BD7A
S1132A40630FF404A967938707BB6305F40CA967B4
S1132A50938707B96306F40E0317C400931707019D
S1132A6093768700C183A9C61448ADC213F6170034
S1132A7049C250482324040001453306C04010CC09
S1132A80C9C2B2402244924402494101828026854F
S1132A90EF10E054A967938707BDE315F4FAC0402B
S1132AA00317C4009317070193768700C183CDFEF3
S1132AB093F60701C1CA918BA5E3144813678700F5
S1132AC0931707012316E400C183CDF213F60728F8
S1132AD093050020E30CB6F8A2854A85EF10B00FE9
S1132AE00317C400144893170701C18313F6170092
S1132AF049F213F62700814511E24C480CC4014504
S1132B00C9F293F70708B5DF136707042316E40037
S1132B107D5585BF804489B74C5881CD93074404C3
S1132B206387F5004A85EF10C0580317C400232AB1
S1132B30040214481377B7FD2322040014C0BDBF58
S1132B40C04419BFA5472320F900136707042316BF
S1132B50E4007D553DB783A741ECB1C7D8437D4818
S1132B60634CE806931827000DC903A8870863057A
S1132B70080693182700330E18012320CE000323E0
S1132B80081005463316E6003363C300232068109B
S1132B902320DE0889466306D5020507D8C3C697F5
S1132BA08CC7014582809388410D23A211ED130740
S1132BB000009387410D5DD30327000023A4E70899
S1132BC071BF8326481005070145558E2322C8107E
S1132BD0D8C3C6978CC782807D55828039715AD0FC
S1132BE04AD803A941EC06DE22DC26DA4ED652D4BA
S1132BF056D25ECE62CC66CA6AC86EC66302090843
S1132C002A8CAE8A854BFD5C83244900032D8908F8
S1132C101384F4FF63460406638C0A0863020D06FA
S1132C208A04B3099D00CA9431A07D14F119F114EA
S1132C306308940583A7C907E399FAFE032A4900A8
S1132C40DC401307FAFF630EE40423A20400F1DF5F
S1132C5003270D10B3968B00758F31C303274D10D6
S1132C6083A5C9FFF98EB1C22E8582970327490037
S1132C7083A741EC6314EA00E309F9FA3E89C9F732
S1132C80F2506254D2544259B259225A925A025BB7
S1132C90F24B624CD24C424DB24D216182808297FC
S1132CA0F1B723228900228A5DB7628582977DBFAE
S1132CB0630E0D06939D2400B309B9011387F4FF35
S1132CC083A74900EA9D268A6309E40423A2090034
S1132CD09DC703270D10B3968B00758F39C3032747
S1132CE04D1083A5CDFFF98E9DEE628582978324D6
S1132CF0490083A741ECE3139AF8E311F9F87D1432
S1132D00F119F11DE30E94F78324490083A74900C8
S1132D101387F4FF268AE31BE4FA23228900228A1C
S1132D2045BF8297E9B72E858297D1B7939924003E
S1132D30CA991DA023A209007D1491CB82978324F4
S1132D40490083A741ECE31B9AF2E39927F3F119B5
S1132D50E30894F3832449001387F4FF83A749000D
S1132D60268AE31987FC23228900228AF1B70111FC
S1132D7026CA1C49844906CE22CC4AC84EC652C42F
S1132D8056C263C89712FD14139E24001384450190
S1132D90B309C401130A450183A70900529E0327FE
S1132DA00E008507AA8A3359F7026365F70841685C
S1132DB02283D288814E81477D180326030003A70E
S1132DC0080091083375060193560601337F070105
S1132DD04183110333052503B38626037695935E59
S1132DE0050133760501918F3386E70113550641BA
S1132DF033760601F696B3F70601B307F740AA97B0
S1132E0013970701598E23AEC8FE93DE0601C187CE
S1132E10E3F569FA83270E0091EF711E6366CA0118
S1132E2001A8FD146376CA0183270E00711EF5DB29
S1132E3023A89A005685EF20A07E634205064165CB
S1132E400509D28581477D15104098419105B376D7
S1132E50A600958FB376A700BE96418293570701CB
S1132E60918F13D70641BA9713970701E98ED98E2C
S1132E70110423AED5FEC187E3F889FC939724009F
S1132E80D297984309EFF1176366FA0039A0FD144D
S1132E906375FA009843F1177DDB23A89A004A85ED
S1132EA0F2406244D2444249B249224A924A0561FC
S1132EB082800145F5B775712AA44AC1224926C307
S1132EC003284502B24422C5CEDED6DAE6D206C7CE
S1132ED0D2DCDAD8DED6E2D4EAD0EECE32D036CAAC
S1132EE03EC84AD82A84AE8ABA89A68C6303086687
S1132EF08325080089CD032748008547B397E70059
S1132F009CC5D8C1EF1030785C5023A00700268AF6
S1132F10814663D70400860493DC1400668A8546E0
S1132F203707F07F23A0D900B376EA006380E62E4A
S1132F304AC466C62227D30700D23AAC5327F7A265
S1132F4015CF524785471CC3424763030762A967ED
S1132F5093875797296A1CC3130A4A97BA402A448D
S1132F609A440A49F659D65A465BB65B265C965C87
S1132F70065DF64D5285665A496182805305E72203
S1132F80B000EC002285EF20701F93574A01AA84F9
S1132F906396072AA6453647930700022E979306A1
S1132FA0274363D4D76293070004958F9306274180
S1132FB0B317FA003359D90033E92701D30719D2DB
S1132FC09307F7FF370710FE3EA42248B248854B0B
S1132FD04286B306170132C436C607B781DFA2277B
S1132FE007B601E053F7E70A87B681E0D38707D233
S1132FF04377C76A87B601E1C3F7D772530700D294
S11330005397E7A2539807C209CB530708D2532713
S1133010F7A2133717003308E840B387F540594740
S1133020138BF7FF63650751A9661317380093865E
S113303006C536971C2362275317F7A2630D072092
S11330407D1802DC014D634C0B206350082242C4FE
S1133050A547330D0D41330E00414850014863ED3F
S113306057219547854963D45701F11A81499147FE
S11330706382FA7695476383FA6A8947639CFA4ABE
S113308002D202566357C06A32DE32892322050017
S1133090DD47E3DFC720054791478607938647014D
S11330A0BA850507E37BD6FE4CC1228542DA72D489
S11330B0EF107053225E52582A8AE300051E5850BE
S11330C0B94708C363E4272163820920A2476352F6
S11330D0F07813F7F700A966938606C50E07918763
S11330E0369793F6070118236383066E296787379B
S11330F007D6E226BD8B0D46D3F7F61A91CF296782
S1133100130707D493F6170089C6142305065377CB
S1133110D71285872107FDF7D3F7E71AE25799C736
S113312007B781E1D397E7A2E396070C530706D2CA
S113313087B681E23706C0FC4377F76A3AB4225770
S1133140B257BA8E3E966308096AA2454A855397D8
S113315007C29307F5FFA966938606C58E07B6973F
S1133160530707D294231307070392571377F70FD4
S113317076D432D62300EA00D3F7E70A93061A007E
S11331806380077E07B781DE5377D71AA236537759
S1133190D70AD397E7A2E395070287B581E107B67B
S11331A001E281470DA8850763D2A712D3F7C7129E
S11331B05377C7128506539707C2D30607D213075E
S11331C007031377F70FD3F7D70AA38FE6FE5396B7
S11331D0E7A26317067ED3F6F50A5396E6A261D6F4
S11331E0938715003EC4368C1306900331A0E38305
S11331F0460503C7F6FF368C9306FCFFE309C7FEBA
S113320005071377F70F2380E60019A6D246931714
S1133210CA000967B1831307F77098C233E927011D
S113322063070906C247296A130A0AB1E38807D269
S1133230A967938737B142471CC30DB3724737055B
S1133240F03F624632073183A645B366A7009387F1
S113325017C0814B49B302DC014D63580B00054391
S1133260330DF340014BE34408DE42C4A547485004
S1133270429B014EE3F757DF85478549814A3ED299
S11332807D5902D0232205004ADE814539BDC2475B
S1133290296A130A4AB0E38307CCA9679387C7B0A6
S11332A059BF232205008145228542D272D0EF10F6
S11332B09033025E12582A8A6301057E5C507D5762
S11332C002D088C385473ADE7D593ED2B64763C9EA
S11332D0070AA24639476345D70A296793973600F8
S11332E0130707C5BA979823825763D60702634426
S11332F020036313095287B701E3814B8149537754
S1133300F712E227D387E7A2638807468257528CD5
S113331093CDF7FF9DA9E227E2260546D3F7E71AE6
S1133320130C1A00D39607C2D38706D21387060359
S11333301377F70F2300EA00CBF7E76A6308C95A4B
S113334087B501E2530600D21DA0D3F6E71A050C97
S11333500506D39606C2D38606D2138706031377CF
S1133360F70FA30FECFECBF7E67A63012659D3F7E8
S1133370B71253A7C7A271DBA24785073EC449AA67
S11333801257630B071E0547635B5749930BF9FFFD
S1133390635C7E43338ECB4172985E8E814BB30D5A
S11333A02D4163450900EA8D4A9B4A9D8545228546
S11333B042D472CCEF10905B624E2258AA89635DAE
S11333C0B001635B6001EE87634BBB3D330DFD4091
S11333D0B38DFD40330BFB4063000E0492576381B1
S11333E0074663577003CE855E86228542D472CC2D
S11333F0EF10D07B2686AA85AA892285EF109061DA
S11334002A8CA6852285EF1010282258624EE28469
S113341033067E4163157E538545228542CCEF10E9
S1133420F0546248AA8B6346001B8547014C63DA5B
S1133430572F8547631A081ADA97FD8B638007189C
S1133440130700021D8F914663D2E6687147B307E4
S1133450F7403E9DBE9D3E9B6344A01363586001AC
S1133460DE855A862285EF20E007AA8BE257639017
S113347007126350202992576390071AA2478507C1
S11334803EC4854A09A8A685814629462285EF10AF
S11334901025AA84850ADE852685EFF05F8D930DBD
S11334A00503B3075A01A38FB7FFE3CE2AFD854A6C
S11334B063532001CA8AD29A0149A685054622850A
S11334C0EF204002DE85AA84EF2080156357A026F2
S11334D09306900319A0630D5A3503C7FAFF568C5F
S11334E0FD1AE30AD7FE05072380EA00DE8522855C
S11334F0EF107019638E090063080900630639012F
S1133500CA852285EF103018CE852285EF10B017BA
S1133510A6852285EF103017D247224723000C00DE
S113352098C3C247E38C07A223A0870105BC0547C3
S11335303ADC09BE8D4702D2E395FAD68257224778
S1133540BA97138917003EDE4A86E34120B5054643
S113355035BE4145EF10600148D0630E0554232267
S1133560050023240500232005002326050045B279
S1133570296A130A4A97DDB2F28BEA8D814981B533
S1133580A6856A862285EF10F075AA84C1BDDE8502
S11335902685EF20E008E35E05ECA68581462946F2
S11335A02285EF10D013A247AA841389F7FF9257FC
S11335B0A1EBF2576353F04C3E89E1B5F1473E9DD0
S11335C0BE9D3E9BE35CA0E965BF958F3319F9006E
S11335D0F5B2AA8542862285EF10505D8547624880
S11335E0AA8B63D0571D014C83A70B018D078A0753
S11335F0DE97C843EF10902B93070002898F2DBDEF
S1133600CE85814629462285EF10700DF257AA898E
S1133610635AF0464AC43E896358B001CE856E862B
S11336202285EF10306CAA894E8B63120C2E9307FF
S1133630FAFFCA973ED2C257528D858B3ED0DE85A3
S11336402685EFF0CFF2AA8CCE852685EF10507D2B
S1133650DE852A895A862285EF2080005C452A8CE3
S1133660938D0C03AA85BDEB2685EF10707B2ACCC5
S1133670E2852285EF10300162478256B3E7EA0003
S1133680D58F6384073C130C1D00634E09208257B9
S113369033E92A0133E92701630709206347E0324C
S11336A092572300BD016380A735A685814629462C
S11336B02285EF10D002AA84CE8581462946228530
S11336C063836903EF10B001DA85AA89814629462C
S11336D02285EF10D0002A8B628D95B72285EF10DA
S11336E0807A05474DB7EF10807FAA892A8B628DB7
S11336F0B9B7894763C357079257E39F07F0DE853D
S11337002685EFF0CFE6A247930D0503930A1A002E
S113371085072300BA013EC4014945B385473ED21B
S113372031BDC257E39707D09397CC00E39307D0FA
S113373041A0854705493ED0B1B609E593F61D0081
S1133740E39806D89306000303C7FAFF568CFD1AC4
S1133750E30CD7FE61BB4AC47259E31909BADE858A
S1133760814615462285EF108077AA8BAA85268587
S1133770EF10106BE35CA0B8A24713071003130CFF
S11337801A002300EA00938D1700DE852285EF10CE
S1133790806F93871D003EC4E39809D695BBDA87F2
S11337A035B1C257E39107E49397CC00E39D07E258
S11337B0B707F07FB3FCFC00014CE38C0CC68547D3
S11337C0050D050B3E8CB5B1B30B7E41C9BEE22796
S11337D009462DB285473ED26FF0BF8A530706D201
S11337E087B681E23706C0FC4377F76A3AB42257BA
S11337F0B257BA8E3E9607B701E376D432D6D3F7E2
S1133800E70A2237D317F7A2639E07225317E7224A
S1133810D397E7A2E38C07AA814B8149C5BC63888F
S11338200B1293873743EA8D3E9BF28B3E9DBDBEC0
S1133830A247130710032300EA0085073EC47DB1A5
S1133840A6857286228542CCEF1050366248AA843F
S1133850E1B6638D071CB307F04013F7F700A966C0
S11338600E07938606C536971C2362279187D37764
S1133870F712638107225387F7222967130707D4B6
S11338808145094693F6170091C61423050685451C
S11338905377D71285872107F5F7E3810588D30786
S11338A0E7226FF0BF87A24785073EC46353E00257
S11338B0A68505462285EF10F042DE85AA84EF1026
S11338C030566355A01A130790036389ED00938D56
S11338D01C034E892300BD01DA8909B9130790033B
S11338E04E892300ED00E28ADA89DDB6D3F7F702C8
S11338F0A24785073EC45316F7A2E317068E53A6C4
S1133900E7A2E30706C0858AE390068E11B183A57A
S113391049002285EF10204D2A8B6300051C03A665
S113392009019385C900310509060A06EF104029EB
S1133930DA8505462285EF10F03A2A8BCDB9A685A3
S1133940228542CCEF1090266248AA84F1B426471F
S113395093076003EA8D998F3E9BF28B3E9DB9B429
S113396022370546330CAA0053F6E6126302C51249
S113397087B601E2D3F7D7128506539707C25307D8
S113398007D2130707031377F70FA38FE6FED3F7C6
S1133990E70AE39186FF07B781DED376E602D39682
S11339A0F6A2E1E25377C70A5397E7A2E30007922E
S11339B0130600030347FCFFE2867D1CE30CC7FEED
S11339C0938715003EC4368CA1B6A2471307900313
S11339D085073EC4E384EDF093861D004E892300E1
S11339E0DD00DA8921B6A2474E89E28A85073EC402
S11339F0DA89E1B4E30409DE7255E359A08C07B710
S1133A0001E2A2470506D3F7E7129385F7FFD30631
S1133A1006D207B781E23706C0FC43F7D7723AB43F
S1133A202257B257BA8E3E966FF06FF2E2270946DC
S1133A306FF0CFEEA247130710032380E60085073B
S1133A403EC4F9B4814B814905BBA24713079003D7
S1133A50130C1D0085073EC4E382EDE8E34920E72B
S1133A608DBD938715003EC46FF00FF8E31305E690
S1133A7013F71D00E31907E4A9BD8947E3CD57CD2A
S1133A804AC4B5B98947E3C857CD4AC4725969B61F
S1133A90368C11B709466FF06FE8A96629659386DD
S1133AA0C6B701469305A01A1305C5B2EF30D01E60
S1133AB081456FF08FDFA9662965938646B101467B
S1133AC09305A00E1305C5B2EF30101DE306D79879
S1133AD01307C003B307F740DDB4A96629659386CD
S1133AE0C6B701469305A02E1305C5B2EF30D01A10
S1133AF08397C500011122CC4EC606CE26CA4AC8F9
S1133B0093F687002E84AA89D5EA056713070780F0
S1133B10D441D98F2396F5006350D010585459C717
S1133B20C207C183856683A40900FD8E23A0090012
S1133B300C50FDE6854601464E850297FD57630805
S1133B40F5108357C40058540C50918B99C75440B6
S1133B505C58158D99C33C401D8D2A8681464E853F
S1133B600297FD576310F50C03A709008317C400DF
S1133B7063000710F5466305D700D9466313D708D9
S1133B8014487D771307F77FF98F2316F400232257
S1133B90040014C04C5823A0990089C99307440415
S1133BA06384F5004E853123232A04020145F24043
S1133BB06244D2444249B2490561828003A90501A5
S1133BC0E30609FE84411397070141830D8B23A06B
S1133BD02501B3842441814711E3DC491CC46346B5
S1133BE09000E9B72A99E35390FC1C540C50A68624
S1133BF04A864E858297898CE346A0FE8357C4008B
S1133C007D5593E70704F2402316F4006244D2443E
S1133C104249B24905618280B841E341E0F079B795
S1133C20684825B78357C4007D771307F77FF98F5A
S1133C301448C207C18713D7C7002316F4002322F0
S1133C40040014C093771700B1D768C8A1B783A73D
S1133C500900E38807EE75476382E7025947638FDB
S1133C60E7008357C40093E707042316F40081B7E1
S1133C707D771307F77F1448F98F75BF23A0990048
S1133C80014535B79C49B1CF011122CC06CE2A8417
S1133C9019C11C4D9DCFA967938707BD6389F502A0
S1133CA0A967938707BB638AF502A967938707B956
S1133CB06387F5028397C50091C722856244F24069
S1133CC005613DB5F24062440145056182804C4086
S1133CD0D5B72EC62926B2457DBF0C44E1BF4C445E
S1133CE0D1BF014582802DC51C49011122CC06CECD
S1133CF02A84A9C303A501E519C11C4DA9C3A96759
S1133D00938707BD6304F402A967938707BB63071E
S1133D10F404A967938707B96304F4048317C40000
S1133D2091CBA2856244F2400561D9B34041831727
S1133D30C400E5FBF24062440145056182802AC665
S1133D40792CA967938707BD3245E31FF4FAF9BFBD
S1133D5003A501E49165938545C8DDAB00457DBFAE
S1133D6040456DBF9D6593854559DDA3411126C22C
S1133D70130640069384F5FFB384C4024AC02E8917
S1133D8022C406C693850407EF00407F2A8401CD30
S1133D903105232004002322240108C41386440689
S1133DA08145EF00F077B2402285224492440249D3
S1133DB04101828001114AC803A901E44EC606CE1E
S1133DC08327890122CC26CA52C4AA89D1C31309E4
S1133DD08904FD54114A8327490003248900FD17EF
S1133DE063D707008DA013044406638E970403175A
S1133DF0C400FD176DFBC17785072320040623202B
S1133E00040023220400232404005CC423280400A7
S1133E10232A0400232C040021468145130584052C
S1133E20EF001070232A0402232C04022324040428
S1133E3023260404F24022856244D2444249B24912
S1133E40224A056182800324090011C4228961B7D2
S1133E504A853528ADBF9305C0194E85EF00007221
S1133E602A8405C13105232004002322440108C407
S1133E70130600198145EF00B06A232089002289C6
S1133E8099BF23200900B14723A0F90065B70111A8
S1133E9003A701E4916722CC06CE26CA4AC84EC6BF
S1133EA052C456C25AC0938747D61CD5232405044E
S1133EB023260504232805042A846309E5102285A2
S1133EC0D53D48C02285FD3508C42285E5354440EA
S1133ED048C49147DCC42146814523A0040623A09D
S1133EE0040023A2040023A4040023A8040023AA9A
S1133EF0040023AC040013858405EF007062196B81
S1133F0003298400996A196A9969130BEBED938A62
S1133F10AAF1130AEAF6938989FBC16723A2640311
S1133F2023A4540323A6440323A8340384D0A5075D
S1133F302326F90021468145232009062320090070
S1133F40232209002324090023280900232A090025
S1133F50232C090013058905EF00905C4444B7073E
S1133F600200232269032324590323264903232817
S1133F70390323202903C907DCC423A0040623A092
S1133F80040023A2040023A4040023A8040023AAF9
S1133F90040023AC04001385840521468145EF0009
S1133FA03058854723A2640323A4540323A644035F
S1133FB023A8340384D0F2401CCC6244D244424946
S1133FC0B249224A924A024B0561828085471CCD40
S1133FD0FDB503A501E49D659385455995AE1C4D3A
S1133FE091E375B5828001114EC6A96922CC26CA17
S1133FF04AC852C406CE2E8A2A899389091BEF0027
S1134000B05C03A7890085671384F7FE4443330437
S11340104441F198269431807D143204634BF400BA
S113402081454A85EF10506883A78900A697630EDF
S1134030F5004A85EF007059F2406244D244424987
S1134040B249224A014505618280B30580404A8510
S1134050EF109065FD57630AF502938701169843A4
S113406083A68900818C93E41400330487404A8535
S1134070C4C280C3EF007055F2406244D244424946
S1134080B249224A05450561828081454A85EF107F
S1134090B06103A78900BD46B307E540E3DBF6F84A
S11340A083A641E593E717005CC3158D23A0A116F1
S11340B049B7E5C1411122C426C22E84AA8406C68A
S11340C0EF0090500328C4FF130784FFA96593777A
S11340D0E8FF3306F7009385051B54428845F19A9F
S11340E0630EC51254C2137818003305D600631C3E
S11340F00806032384FF0328450029653307674026
S1134100832887001305851B9A9713781800638406
S1134110A80E0323C70023A6680023241301630801
S1134120081493E6170054C31CC29306F01F63ECF3
S1134130F60693F687FFA106C841AE96904213D8BF
S113414057008547B3970701C98F138586FF48C772
S113415010C7DCC198C258C62244B2402685924496
S113416041016F009046484105890DE52965B697E0
S11341701305851B144693E817003308F700638082
S1134180A6105046D0C614C6232217012320F800D7
S113419069BF828093E61700232ED4FE1CC29306C7
S11341A0F01FE3F8F6F893D6970011466362D60A37
S11341B093D6670013889603138686030E082E98F9
S11341C08326080061186305D80CD042719A63F500
S11341D0C7009446E31BD8FE03A8C60023260701A4
S11341E014C72244B2402324E80026859244D8C64A
S11341F041016F00903D6312080E4C461046B6977D
S113420022444CC690C593E61700B24054C3268599
S11342103E9792441CC341016F00303B1378180051
S1134220B697631A0800032584FF098F5447104783
S1134230AA9754C690C613E6170083A681E550C317
S113424098C5E3EBD7F083A501ED2685693B29B733
S113425051466370D602130640056363D60493D6B1
S1134260C7001388F6061386E6060E0889BFB697BC
S113427011B71388C6051386B6050E0889B7D8C9C1
S113428098C948C708C7232217012320F800E9B5B5
S1134290C841098685473396C700498ED0C13DBFC2
S11342A013064015636AD60093D6F7001388860771
S11342B0138676070E0821B713064055636AD600A5
S11342C093D627011388D6071386C6070E08C5BDE3
S11342D01308803F1306E007DDB593E6170054C3C7
S11342E01CC29DBD01114AC84EC652C456C25AC012
S11342F006CE22CC26CA2E8B930A8504014A854910
S11343007D5983A44A0003A48A00FD1463C30402F4
S11343108357C400FD1463FAF9008317E40022856F
S113432063852701029B336AAA0013044406E391C0
S113433024FF83AA0A00E3960AFCF2406244D244B2
S11343404249B249924A024B5285224A056182800F
S113435079714AD04ECE52CC56CA5AC85EC606D6D9
S113436022D426D2AA8AAE8B130B8504014A85492E
S11343707D5983244B0003248B00FD1463C4040281
S11343808357C400FD1463FBF9008317E400A2857E
S1134390568563852701829B336AAA001304440669
S11343A0E39024FF032B0B00E3150BFCB2502254C3
S11343B092540259F249D24A424BB24B5285624A54
S11343C0456182801305050F8280138581D5828023
S11343D0138581D5828083D7C5001971A2DC86DE5E
S11343E0A6DACAD8CED6D2D413F727002E8419CF92
S11343F0938775049CC19CC98547DCC9F6506654F3
S1134400D6544659B659265A096182808395E500E7
S1134410AA8463C705063000EF30204A63400506CE
S1134420B247BD690569B3F9F900F977BE9993B943
S1134430190013090980130A0040930500402685DA
S1134440352A8317C40039C91167130747D698D48E
S113445093E707082316F40008C008C8232A440178
S113446063930906B367F900F6502316F400665403
S1134470D6544659B659265A096182808357C400D6
S113448093F70708014995CB930500042685FD2081
S11344908317C400130A000481495DF513F707204C
S11344A031FFF19B93E72700130774042316F400EC
S11344B0854718C018C85CC891B7130A00408149E1
S11344C093050040ADBF8315E4002685EF30C0742A
S11344D001E58317C40079B78357C400F19B93E7C0
S11344E01700C207C187BDBF5971A2D42E8483951A
S11344F0E500A6D2CAD086D6B284368963CC05023A
S11345003000EF30803B634705023247BD67B65049
S1134510F98F7977BA97265493B717002320F900B7
S1134520930700409CC00565965406591305058001
S1134530656182808317C4002320090093F707086C
S113454099CBB6502654930700049CC00659965440
S1134550014565618280B6502654930700409CC093
S113456006599654014565618280AA8503A501E533
S113457031A0AA8503A501E56FF0BFB379714ECED2
S113458006D622D426D24AD052CC56CA5AC85EC6BF
S113459062C466C29387B5005947AA896364F70465
S11345A0C14763E3B716EF003002C144E14709464F
S11345B029691309091BCA97C043138787FF630D31
S11345C0E4165C4054441044F19BA297D84354C66B
S11345D090C6136717004E85D8C3EF00007F1305FC
S11345E084003DA293F487FF63C0071263EEB41006
S11345F0EF00807D9307701F63FB973293D794007D
S11346006385071211476364F72C93D764001386FC
S11346109703138587039316360029691309091B29
S1134620CA96C042E11663808602BD4531A0635C30
S113463007244044638986005C40F19B338797409C
S1134640E3D7E5FE2A860324090193088900630F52
S1134650140F4840BD467199B307954063C9F62EBF
S1134660232A19012328190163D8072C9307F01F63
S113467063EEA720937785FFA10783254900CA9796
S11346809443158105473317A7004D8F938587FF02
S11346904CC414C42322E90080C3C0C693572640E7
S11346A08545B395F500636CB70AB3F7E50081EF70
S11346B08605719AB3F7E500110691E78605B3F70D
S11346C0E5001106E5DF3D48131336004A931A85C9
S11346D05C45328E630DF520D8433E84DC47719BE4
S11346E0B3069740634CD820E3C606FE2297544392
S11346F010444E8593E6160054C35CC690C7EF0081
S1134700C06C1305840029A0B14723A0F90001451A
S1134710B250225492540259F249624AD24A424B4C
S1134720B24B224C924C45618280930600201306C2
S113473000041305F003D5B5C0470906E39387E8E1
S11347400324090193088900E31514F103274900A0
S1134750935726408545B395F500E378B7F40324D1
S11347608900832A440013FBCAFF63679B00B307D5
S11347709B403D47634BF70E83AA01ED03A741E538
S1134780FD57330A6401A69A630AF7268567BD07B5
S1134790BE9AFD77B3FAFA00D6854E85EF10C07045
S11347A0FD57AA8B6305F51E6361451F138C011623
S11347B083250C00D6952320BC00AE87630DAA2A5E
S11347C083A641E57D576384E62C338A4B41D29717
S11347D02320FC0093FC7B00638E0C228567B38B43
S11347E09B4193858700A10BB3859541DE9AFD1704
S11347F0B385554133FAF500D2854E85EF10C06A72
S1134800FD576308F52C33057541B30A450183252B
S11348100C002324790193EA1A00D2952320BC00CA
S113482023A25B0163082427BD4663F7662758402B
S113483093074BFFE19B058B5D8F58C015463307EB
S1134840F40050C310C763ECF62883AA4B005E84BF
S113485003A7C1EC6374B70023A6B1EC03A781ECF2
S1134860637BB71223A4B1EC3DA213E7140058C034
S1134870A2942324990093E717004E85DCC0B1234A
S11348801305840071B55444104481B393579500C3
S113489011476374F70E5147636EF7189386C70583
S11348A09385B7058E06CA969C42E116638AF61470
S11348B0D843719B6375E5009C47E39BF6FED447A0
S11348C00327490054C41CC480C6C0C7C1BB514798
S11348D06370F70E13074005636AF71693D7C40095
S11348E01386F7061385E706931636003DB3050EC7
S11348F093773E002105E9CB5C45E9BB104493E581
S113490014004CC05CC690C7A294232A99002328A3
S1134910990093E7160023A6140123A41401DCC014
S113492022974E8514C3552113058400D5B313D69D
S1134930340093878400ADB93307A4005C434E85EB
S113494093E717005CC3512113058400D1B313E727
S1134950140058C0A294232A99002328990013E72D
S1134960170023A6140123A41401D8C022951CC146
S11349704E85A1291305840061BB93576500938676
S11349809703938587038E0639BF630E240D032492
S11349908900832A440093FACAFFB3879A4063E5E7
S11349A09A003D47E343F7EC4E85052101458DB35D
S11349B01386C7051385B70593163600B9B983273F
S11349C083007D1663916716937736006113E5FBC8
S11349D00327490093C7F5FFF98F2322F9008605C1
S11349E0E3EFB7D6E38D05D633F7F50011E7860577
S11349F033F7F500110E65DF7286F9B1C10A69BBA0
S1134A0003254900898505473317B700498F2322B9
S1134A10E9004DBDB3855B01B305B040D20513DA9F
S1134A204501D2854E85EF102048FD57E31DF5DC86
S1134A30014AF1BB130740056364F7069357C500A9
S1134A409386F7069385E7068E06B1BD13074015D6
S1134A506364F70693D7F4001386870713857707F3
S1134A60931636005DBE138C011683270C00D6976F
S1134A702320FC00B1B313174A01E31307D4032422
S1134A808900DA9A93EA1A0023225401D1B323AAA3
S1134A9071E589B35E846DBB854723A2FB0029B70A
S1134AA0130740156369F7049357F5009386870746
S1134AB0938577078E06C5BB130740556369F704D2
S1134AC093D724011386D7071385C7079316360097
S1134AD0A9B6E11CE69AB38A7A41014A0DBB930553
S1134AE084004E85EFF0EFDC0324890083250C005D
S1134AF0832A4400B1BB130740556361F7029357FF
S1134B0025019386D7079385C7078E0669BB93064D
S1134B10803F1306F0071305E00701B69306803FB4
S1134B209305E00749B38327490055BD93773500C2
S1134B3093F6F50F95C39307F6FF05C67D5601A8B6
S1134B4005051377350011CBFD17638CC7000347A8
S1134B500500E317D7FE8280B2870D47636FF70025
S1134B6099E301458280AA9721A00505E30BF5FE90
S1134B7003470500E31BD7FE828093F5F50F939856
S1134B808500B3E5B80093980501B3E8B800370889
S1134B90FFFEB78580801308F8EF938505080D4361
S1134BA0184133C7E800330607011347F7FF718F35
S1134BB06D8F55FBF1171105E364F3FECDF755B77F
S1134BC0B3C7A5008D8BB308C500E9E38D4763FF28
S1134BD0C70A93773500AA868DEF13F6C8FF9307AB
S1134BE006FE63EBF60463F3C6022E87B68703283A
S1134BF007009107110723AE07FFE3EAC7FE9307F7
S1134C00F6FF958FF19B9107BE96BE9563E3160957
S1134C10828003C70500850693F73600A38FE6FE5E
S1134C208505C5DF03C70500850693F73600A38F06
S1134C30E6FE8505F9FF55B783A3450083AF8500DC
S1134C4003AFC50083AE050103AE450103A385018F
S1134C5003A8C501985183A205009386460223A0A8
S1134C6076FE23AE56FC23A2F6FF23A4E6FF23A67A
S1134C70D6FF23A8C6FF23AA66FE23AC06FF23AEF5
S1134C80E6FE93854502E3E9F6FAB1BFAA86E3712D
S1134C9015F99387F8FF13861600958F93B787004D
S1134CA033B7C8001347170093C71700F98F368727
S1134CB0A5C3B3E7B6008D8BA1EF054363E4C80039
S1134CC03383D8401378C3FFAE872E98904391075F
S1134CD01107232EC7FEE39B07FF9377C3FFBE95FF
S1134CE0E308F3F203C705008507BE96A38FE6FE2B
S1134CF0E3F016F303C71500938716002380E6003C
S1134D00E3F817F183C72500A380F6008280050627
S1134D1083C705008505A30FF6FEE36A16FF8280AC
S1134D203D432A876373C3029377F700BDEFADE574
S1134D30937606FF3D8ABA960CC34CC30CC74CC786
S1134D404107E36BD7FE11E28280B306C3408A06B3
S1134D509702000096966780A6002307B700A30673
S1134D60B7002306B700A305B7002305B700A304C3
S1134D70B7002304B700A303B7002303B700A302BB
S1134D80B7002302B700A301B7002301B700A300B3
S1134D90B7002300B700828093F5F50F9396850042
S1134DA0D58D93960501D58D61B79396270097020B
S1134DB0000096968682E78086FA9680C1171D8F3A
S1134DC03E96E374C3F8A5B782808280A9662965FC
S1134DD04111938646B101469305A008130505BF0A
S1134DE006C6EF20606B411126C2445122C44AC05A
S1134DF006C62A842E8985C4DC44A1C3131729005E
S1134E00BA97884339C5184198C323280500232637
S1134E100500B24022449244024941018280414546
S1134E20EFF0AFF448D0AA8421C52322050023243F
S1134E3005002320050023260500130610029145D2
S1134E402285EF20A0695C50C8C4DC47C5FB01453E
S1134E50C9B78544B3942401138654000A068545D2
S1134E602285EF20A06765D52322250104C571BFE3
S1134E70A9662965938646B1014693056006130524
S1134E8005BFEF2060615C5199CB89C9D841DC47EB
S1134E900A07BA97984398C18CC382808280011113
S1134EA026CCAA8441452EC606CEEFF00FECC8D01E
S1134EB0B2450DC523220500232405002320050047
S1134EC02326050081C9D8415C450A07BA9798434F
S1134ED098C18CC3F240E24405618280C53D011152
S1134EE026CA8449416322CC4AC84EC606CE52C45F
S1134EF056C22E89AA8936841388450181487D13B8
S1134F008327080011088508B3F66700B386C60234
S1134F10C183B387C702A29613DE060133F7660086
S1134F20B386C701939706013E97232EE8FE13D458
S1134F300601E3C798FC09CC8327890063D4F402F3
S1134F40938744008A07CA97C0C38504232899001D
S1134F50F2406244D244B249224A924A4A854249C2
S1134F6005618280832549004E858505AD3DAA8A69
S1134F703DC1032609019305C900310509060A0646
S1134F80EFF01FC403AA490263080A02032ACA00F5
S1134F90832749008A073E9A83270A002320F900C1
S1134FA09387440023202A018A075689CA97C0C3DD
S1134FB085042328990069BF4145EFF00FDB23A244
S1134FC0A9020DC523220500232405002320050082
S1134FD02326050075BFA96629659386C6B70146D1
S1134FE09305500B130505BFEF20004BC53301118A
S1134FF022CC26CA4AC84EC652C4B689A547A106C1
S113500006CE56C2B3C6F6022A892E84328ABA84E0
S113501063D137098547814586078505E3CED7FEE9
S11350204A85D133AA8525C985471CC944C9A547E2
S113503063DE4705930A9400D684529483C6040021
S113504029464A85938606FD593D8504AA85E317BA
S113505094FE13048AFF569463503A03B38949417A
S1135060A2998346040029464A85938606FD853D18
S11350700504AA85E39789FEF2406244D24442497A
S1135080B249224A924A2E85056182802904254A22
S1135090E1B7814571B7A96629659386C6B701460C
S11350A09305E00C130505BFEF20003F4177698F9E
S11350B0AA871DEF93170501E1464145370700FF15
S11350C07D8F19E3A2073685370700F07D8F19E33A
S11350D011059207370700C07D8F19E309058A0778
S11350E063C7070037070040F98F050589C7828029
S11350F0A1460145E1B71305000282801C412A87BD
S113510093F6770081CE93F617000145A9E693F64E
S11351102700A9CA85831CC305458280939607018D
S1135120C1829DCA2146014593F6F70F99E2A183F6
S1135130328593F6F70099E21105918393F63700CF
S113514099E20905898393F6170099EA8583050591
S113515081EB130500028280C18361464145E9B7B2
S11351601CC3828089831CC309458280411126C2E5
S1135170445122C44AC006C62A842E899DC0DC44F8
S11351809DCFC84335C11841D8C3B2402244854796
S1135190232A2501232605001CC992440249410102
S11351A082804145EFF06FBC48D0AA8429C92322EC
S11351B005002324050023200500232605001306EB
S11351C0100291452285EF2060315C50C8C4DC4751
S11351D0CDFBA96629659386C6B7014693050014DD
S11351E0130505BFEF20402B714685452285EF202E
S11351F0E02E65D185475CC189471CC579B7A9668E
S11352002965938646B1014693056006130505BFDB
S1135210EF20802801114AC84EC603A9050183293D
S1135220060126CA52C406CE22CC2E8AB284634713
S113523039014E87AE84CA89328A3A899C44CC406B
S113524033842901B3A78700BE95713E6305051415
S113525013034501931824009A989A8763771301DE
S113526023A007009107E3ED17FF13084A01131E5B
S11352702900938E440193952900429EF695637309
S1135280C80F93875401114F63F0F51041667D16E2
S113529009A893DF0F01639A0F06110811036373C2
S11352A0C80D832F0800B3F4CF00E5D49A83F682A7
S11352B0014903A7020083AF03009103B376C7003B
S11352C0B38696029357070133F7CF0093DF0F019C
S11352D09102B3879702BA96CA9613D70601F18E44
S11352E0FE97BA9713970701D98E23AED3FE13D92D
S11352F00701E3E0B2FCB307E30123A02701832FF6
S1135300080093DF0F01E38A0FF8032703009A8252
S1135310F686BA8481439C4293D90401718FF18F3C
S1135320B387F70383A442009102910633F9C400C2
S1135330CE979E979393070133E7E30023AEE2FEF3
S113534003D7E6FFC1833307F7034A973E97935386
S11353500701E3E2B6FCB307E30198C311081103A4
S1135360E361C8F56345800039A07D1409C483A7AF
S1135370C8FFF118FDDBF24000C96244D24442493F
S1135380B249224A05618280338F95402D1F137FD5
S1135390CFFF110FE5BDA96629659386C6B70146FF
S11353A09305D015130505BFEF20000F011122CC82
S11353B04AC84EC606CE26CA52C4937736003284F3
S11353C0AA892E89C5E3098431C803AA4902630660
S11353D00A0A83248A00E9C09377140089EB0584C0
S11353E015CC884029C5AA8493771400EDDB268662
S11353F0CA854E85053583A749022A8AA1C7630158
S1135400090403274900DC4705840A07BA9798432F
S11354102320E90023A02701528961F4F240624469
S1135420D244B249224A4A8542490561828026868D
S1135430A6854E85C53388C023200500AA846DB790
S1135440528971BF4145EFF04F9223A2A902AA8766
S113545035CD23220500232405002320050023261F
S1135460050071BFFD172967130707C48A07BA9798
S113547090438146AD342A89B9B74145EFF0EF8EA8
S113548023A2A9022A8A21C5232205002324050078
S1135490232005002326050085454E85A932AA84CC
S11354A019C9930710275CC985471CC92324AA007E
S11354B02320050015B7A96629659386C6B701465A
S11354C093050014130505BFEF10107D0132A96682
S11354D02965938646B101469305E01A130505BF75
S11354E0EF10907B011152C403AA05019C454EC6DE
S11354F0935956404E9A22CC26CA4AC856C206CE62
S11355005AC013091A00AE843284CC41AA8A63D6E5
S1135510270186078505E3CE27FF5685EFF0BF8C6C
S11355202A8B65C513084501635E300195098A0914
S113553033073501C287910723AE07FEE31DF7FE4B
S1135540B1194E989048938744011373F4010A06E5
S11355503E96630C030693050002B3856540C2883A
S1135560814698439108910733176700558F23AEFE
S1135570E8FE03A7C7FFB356B700E3E4C7FE1387EB
S1135580540191476367E600B3079640AD17F19B5A
S113559091073E982320D80091C24A8A03A44A0264
S11355A023284B0131C04044DC40F24042498A0781
S11355B03E941C40B249224A9CC004C06244D24476
S11355C0924A5A85024B05618280984391071108DB
S11355D0232EE8FEE3F4C7FC984391071108232E19
S11355E0E8FEE3E4C7FE5DBF4145EFE01FF823A2F8
S11355F0AA0211C923220500232405002320050043
S11356002326050055B7EFF06FFCA966296593863C
S1135610C6B701469305901D130505BFEF10D0676B
S113562018499C492A883305F740631AF7028A0708
S11356305108D1053307F800AE9719A06371E80249
S11356408326C7FF03A6C7FF7117F117E388C6FEB9
S1135650B3B6C6003305D04013651500828082803E
S11356609C49184A411122C426C24AC006C6AE84C7
S113567032843389E7406398E71293162700D105F3
S113568013074601B387D500369719A063F1F512C5
S113569003A6C7FF8326C7FFF1177117E308D6FED9
S11356A0636ED60ECC40EFF00FF46300051203AE28
S11356B0040183220401938F4401931E2E001308D6
S11356C044018A0293034501C16823262501FE9EF5
S11356D0C2921E8F7E838147FD1803270300832512
S11356E00800110FB3761701BE96B3F715019D8E0E
S11356F0C181935707018D8F13D70641BA9713972A
S11357000701B3F61601D98E1108232EDFFE11030B
S1135710C187E36458FCB3858240AD155504898183
S1135720014763E48200139725001E97114863E53F
S11357308200850513982500C29FC29363F2DF059A
S1135740C1681E88FE85FD189841110891053376BD
S113575017013E969356064193570701B6979396C1
S1135760070133761601D18E232ED8FEC187E3EDCF
S1135770D5FD1387FEFFB30FF74113F7CFFF1E9735
S113578091E68327C7FF7D1E7117E5DFB2402244EF
S11357902328C5019244024941018280A687054914
S11357A0A2843E8401B7E34B09FE0149E5BD81456E
S11357B0EFF06FE315C5B240224485471CC9232A84
S11357C005009244024941018280A96629659386B5
S11357D0C6B7014693050024130505BFEF10D04B4F
S11357E0A96629659386C6B7014693052023130548
S11357F005BFEF10704A41112AA43247B707F07F62
S1135800F98F3707C0FCBA976358F00001473AC4D0
S11358103EC6222541018280B307F040D1874D471F
S11358206347F70037070800B357F740C5B79386B7
S1135830C7FE794681470547E34BD6FC370700800E
S11358403357D7003AC43EC6222541018280144909
S1135850510541778A06AA9683A8C6FF411113838E
S1135860C6FF33F7E80025EF139708016146C147E7
S1135870370800FF33780701631408002207B28752
S1135880370800F033780701631408009107120702
S1135890370800C0337807016314080089070A0732
S11358A06347070037060040718F850751C313060D
S11358B000023307F64098C129476354F704D5170B
S11358C06373650203A786FFD5E73706F03F33E627
S11358D0C800BA873EC432C6222541018280468769
S11358E02146814771B70147EDD3B397F8003707D5
S11358F0F03F33E6E70081473EC432C6222541012A
S11359008280AD459D8D33D7B8003706F03F598E60
S113591001476376650003A786FF3357B700D507B1
S1135920B397F800D98F3EC432C622254101828044
S113593023A00500D547E37A65FA03A786FFAD45A2
S1135940E116D5473396F8003358B700336606019D
S11359503708F03F33660601B317F700E37CD5F64A
S113596003A7C6FF32C6B355B700CD8F3EC4222568
S113597041018280E116B305F640E9B779712AA4A2
S11359802247B2474AD00329450222D426D24ECE1A
S113599052CC56CA06D6AA84BA8A3E842E8AB289C2
S11359A06302091C8327C900638C071CC843630076
S11359B005201841D8C33707100013564401930734
S11359C0F7FF23280500232605001376F67FE18FD1
S11359D011C2D98F63810A0613F77A006302071292
S11359E013F71A00631C071613F72A006301072034
S11359F013D71A009395F70185464D8F58C9B3D72D
S1135A00D7003337F00005071CCD18C929CA13067F
S1135A10D6BC3696930750032320CA00B386D740DA
S1135A2023A0D900B250225492540259F249624A36
S1135A30D24A4561828013F7770051C313F71700E8
S1135A409306000201EB13F72700630E0718858302
S1135A50930610025CC985471CC905474DFA931784
S1135A602700AA979C4B9386E6BC2320DA00C176D4
S1135A70FD8E1607B1E2C207E145C146370600FFB5
S1135A807D8E19E2A207AE86370600F07D8E19E2FC
S1135A9091069207370600C07D8E19E289068A07AF
S1135AA063C8070037060040F18F8506638A071232
S1135AB0158F23A0E900BDB7A1458146C1B713974F
S1135AC00701418351E713D70701BA866148C145ED
S1135AD099E22183C2859376F70099E291051183B7
S1135AE09376370099E28905098393761700E5C216
S1135AF0BA875CC98547938605021CC90547B9BFA7
S1135B0041677D17337757011DCF5687214881465A
S1135B109375F70F99E12183C2869375F70099E194
S1135B209106118393753700D1ED0983937517009E
S1135B30890681E50583850669C393050002958D71
S1135B40B395B7005DBD13D70A016148C146C9B713
S1135B5093F6F70F3E87214881459DBF568758C964
S1135B60814645B54145EFE05FA0C8D02A8959C9AF
S1135B7023220500232405002320050023260500F5
S1135B801306100291452685EF105015DC5023268C
S1135B90A900DC47E39C07E0A96629659386C6B79C
S1135BA001469305A030130505BFEF10F00E7146B2
S1135BB085452685EF10901265D185475CC18947DC
S1135BC01CC5D5BB93751700B5D5D1DABDB7058310
S1135BD093060004E30007E893861502BA879DBD87
S1135BE093060002F1B5898393062002A5B513D765
S1135BF02A009395E701894609B5BE855687930621
S1135C000002E5BBA9662965938646B10146930562
S1135C106006130505BFEF103008797122D42E8475
S1135C206C0826D206D6AA841D31032304019305E9
S1135C3044012AA0131823002E98832EC8FF02477C
S1135C40C177B3F7FE00BA88130FC8FFD1EB1397DF
S1135C500E016146C146B70700FFF98F99E3220799
S1135C60B286370500F0798D19E1910612073705E0
S1135C7000C0798D19E189060A0763470700B70751
S1135C8000407D8F850655C713050002A947330ED2
S1135C90D54063DCD706D51663F8E505032788FFEE
S1135CA0C5E6B706F03F33E6DE009C48B28672468E
S1135CB0B387674096073306C6413AC436C6B297DF
S1135CC022256356F0021247D20746C0BA973EC255
S1135CD08227B2502254925453F5A71A4561828008
S1135CE076872146814685BF0147C5DEB9A0D20724
S1135CF0B387F6403AC43EC622258227B2502254C6
S1135D00925453F5A71A45618280AD47958F33D6D7
S1135D10FE003707F03F598E014563F6E50103277E
S1135D2088FF3355F700138756013397EE00498FE8
S1135D30ADBF63EFE503D546014EB396DE003706EB
S1135D40F03F558E014795B76118158DB357A700DD
S1135D503396DE005D8EB707F03F5D8E3317D700B4
S1135D60E3F505F58327C8FF33D5A700498F35BF71
S1135D70032788FF2D456118D546014EC1BFDD4775
S1135D8063DBA70007B581E187B701E27D15537591
S1135D90F5126DFD8280A967938707C40E053E95B1
S1135DA008298280144AFD159585850593074601C7
S1135DB08A068A05BE96AA9563F1D7022A8703A8A4
S1135DC0070091071107232E07FFE3EAD7FEB387E5
S1135DD0C640AD17F19B91073E956377B500110559
S1135DE0232E05FEE36DB5FE8280184913D6554077
S1135DF093064501635DC70093172700B69763F8C0
S1135E00F60203A7C7FFF1177DDB054582809317D0
S1135E102600B697E355E6FEFD89F5D19043054586
S1135E203357B600B315B700E30BB6FC82800145C7
S1135E30828041112AA4B243370600801346F6FF3C
S1135E40B3767600232005003708F07F224363D819
S1135E500605B3E866006384080433F803019E85ED
S1135E608148631E080087B781E39308A0FCD377B9
S1135E70F5123EA4B24322439E85B3767600B7075B
S1135E801080FD17FD8DB707E03FDD8D1AC4D18664
S1135E902EC6938626C02243B243C69614C11AC4A2
S1135EA01EC6222541018280411122C426C22A84B1
S1135EB02E8506C623AC01ECEF207060FD57630706
S1135EC0F500B240224492444101828083A781EDCF
S1135ED0EDDBB2401CC02244924441018280411156
S1135EE022C42E848395E50006C6EF10707D6349B5
S1135EF005007C48B240AA977CC8224441018280B4
S1135F008357C4007D777D17F98FB2402316F400C0
S1135F10224441018280014582808397C50001119A
S1135F2022CC26CA4AC84EC606CE13F707102E84C2
S1135F30AA848395E5003289B6890DE37D777D17C0
S1135F40F98F2316F4006244F240CE864A86B249A1
S1135F5042492685D24405616F1040508946014666
S1135F60EF10D0588317C4008315E400C1BF41115A
S1135F7022C42E848395E50006C6EF103057FD57E2
S1135F80630FF5008357C4000567B240D98FC20779
S1135F90C18768C82316F4002244410182808357D4
S1135FA0C4007D777D17F98FC207C187B2402316DD
S1135FB0F4002244410182808395E5006F10205A49
S1135FC0937735002A8795EFB7867F7F9386F6F718
S1135FD0FD5510431107B377D600B697D18FD58FEF
S1135FE0E389B7FE8346C7FF0346D7FF8347E7FF2E
S1135FF0098F8DC60DC23335F0003A95791582802C
S1136000E1D683470700050793763700F5FB098F30
S11360101305F7FF82801305D7FF82801305C7FF9E
S11360208280B3E7A5008D8BAA86B1EB8D4763F818
S1136030C7043703FFFEB78880801303F3EF938808
S113604008080D4E9841B30767001348F7FFB3F7EC
S11360500701B3F7170185E798C2711691069105F8
S1136060E362CEFE85059387160011CE03C7F5FFC4
S11360701308F6FFA38FE7FE01CBBE864286850593
S11360809387160065F682809305E6FF6300080A8D
S11360903307F04095480D8B63F0B806BE880DCBEE
S11360A0238007000543938826009305D6FF6301E8
S11360B06702A38007000D43938836009305C6FF4B
S11360C06318670093884600238107009305B6FF91
S11360D03308E8409306C8FF8982BA9785060147CA
S11360E023A0070005079107E36CD7FE8A06B38750
S11360F0D800958D630BD802238007009DC5A3802B
S1136100070005476383E502238107000947638E7F
S1136110E500A38107000D476389E500238207009A
S113612011476384E500A3820700828082801C46B5
S113613079715AC806D622D426D24AD04ECE52CC31
S113614056CA5EC662C4328BBDCFB45109672E896C
S1136150758F39CB832B0600AA89FD5A03AC4B00FB
S113616003A40B00135A2C0063050A04814421A0E4
S11361701104630E9A020C404A864E85EF10406A61
S11361808504E31755FF7D5523240B0023220B00C0
S1136190B250225492540259F249624AD24A424BB2
S11361A0B24B224C45618280EF10C074F1BF83274B
S11361B08B00137CCCFFB38787412324FB00A10B06
S11361C0D1FF0145D1B7232206000145D1B729717A
S11361D0232C8112232A911223244113232E1112DA
S11361E0232821132326311323225113232061133F
S11361F0232E7111232C8111232A91112328A111FB
S11362002326B11136D0AA842E84328A01C51C4DAE
S1136210638C0714A967938707BD630EF414A967F9
S1136220938707BB630BF414A967938707B96314B7
S1136230F4006F00B07D0317C4008966931707014B
S1136240C18333F6D70011EE3050B367D700C207CD
S11362507977C1877D17718F2316F400C20738D070
S1136260C18313F78700E30E073C1848E30B073C90
S1136270E98B2947E383E73EA967938787D63ED610
S1136280A967938747ED296D930CC1053EC6930713
S11362904DEEE6C882CC82CA668702D202DA02DEFA
S11362A002DC02CC3EC083470A0063840770D28BB1
S11362B0930650026381D75A83C71B00850BFDFBED
S11362C033894B4163874B6FE6465646232047018B
S11362D0CA96050623222701B6CCB2CA9D452107DA
S11362E063DAC50AE38C064238508967F98FC1CB5B
S11362F0C64A7D5A03AB4A0003AC0A0093592B00EB
S1136300E3860940814D29A0850D110CE38FB93F27
S113631083250C0022862685EF108050E31645FF66
S11363208357C40093F7070499C36F10A004832014
S1136330C1130324811362458324411303290113E8
S11363408329C112032A8112832A4112032B0112C9
S1136350832BC111032C8111832C4111032D0111B5
S1136360832DC11031618280EFD07FC7A9679387E5
S113637007BDE316F4EAC0407DBD80446DBD9008BE
S1136380A2852685EF10005782CC82CA51F983C7B3
S11363900B006687E246CA9636CC638C076083C6D8
S11363A01B00138A1B00A30501047D5902C4814B01
S11363B09309A005A54A130BA002050A938706FEBC
S11363C063E7F90032568A07B2979C438287638257
S11363D0065E8547230ED108A30501043EC23ECACA
S11363E0930AC109014993F72B003ED481C7924710
S11363F089073EC2564593F74B083E863ECE930628
S11364001500E647B68519E622461248330C0641C4
S1136410E34480038346B10413088700638306348E
S11364209306B10414C38507854654C3BECCAECAD3
S11364301D476354B732638E073834500967758F2C
S113644063000738464C7D5B03274C00BA863AC884
S113645093D9260003270C00E389092C3A8D814D3A
S113646029A0850D110DE381B92D83250D00228608
S11364702685EF10E03AE31665FF5DB502C4938705
S113648006FDA24583460A00050A139625002E96AA
S11364900606B2973EC4938706FDE3F4FAFE39BFBD
S11364A026853AC2EFD07FF25C413E853EDCEFF0B8
S11364B03FB1AA8726853E8C3EDEEFD01FF11C45F6
S11364C012473EDAE3140C4483460A00FDB58346C2
S11364D00A0093EB0B02D5B593EB0B0193F70B0278
S11364E0E38D072882579D07E19BD44303AC070043
S11364F0A1073ED0B68DE3C5062AFD575E8B63091E
S1136500F906B367BC0113FBFBF7BDE36317090688
S1136510DA8B02CAD2470149930A011085A8825630
S1136520A3050104930AC1099C42910636D0230EA7
S1136530F10885473EC23ECA75B58257A3050104DA
S113654083AA070093894700E38D0A4EFD573AC298
S1136550E30CF9484A8681455685EFE02FDD124762
S1136560E304055EB30755413ECA4ED0014939A83C
S1136570E39D0D2AA547E3EA872B130C0C038547FB
S1136580A30F810FDA8B3ECA930AF10F4AC26353F9
S1136590F9003EC28347B1049246B337F000B69780
S11365A03EC291B593EB0B0193F70B02E38A0720EC
S11365B082579D07E19B03AC070083AD4700A10709
S11365C03ED013FBFBBF8147A3050104FD56630ABC
S11365D0D928B366BC01937BFBF763930628631D3C
S11365E0092C85FB93771B003ECA930A0110D9DF5F
S11365F093070003A30FF10E930AF10FD24779B763
S1136600025693F70B021442110632D0E39C073072
S113661093F70B01E393074693F70B04E397074EB5
S113662093FB0B20E38B0B44E2472380F600A5B9D0
S11366308256E17793C707832316F10493874600B4
S11366403ED0A967938747943ED203AC0600814DA0
S113665013EB2B0089478DBF83460A009307C006BE
S1136660E380F63C93EB0B0189BB83460A00930756
S11366708006E380F63A93EB0B0481B313EB0B0132
S113668093770B02E389070C82579D07E19B03ACC8
S1136690070083AD4700A1073ED0854735B7834641
S11366A00A0093EB0B0811BB025683460A001C42F6
S11366B0110632D03EC4E3D207D0B307F0403EC443
S11366C093EB4B00DDB983460A0093EB1B00F5B155
S11366D08347B10483460A00E39107CE930700027F
S11366E0A305F104D9B983460A0093EB4B00F1B139
S11366F09307B00283460A00A305F1047DB98346DB
S11367000A0013061A00E38C6649938706FD328A51
S11367100149E3E5FACA83460A00131629003299AF
S113672006093E99938706FD050AE3F6FAFE79B158
S11367309008A2852685EF10E01B82CC82CAE31163
S113674005BE8347B1046386077A9307B104BECEBE
S11367508547BED01308410685452E8542878505A9
S11367602108A256C1C6F40014C38907894654C33C
S1136770BECCAECA1D476357B7786388077C3450D4
S11367800967758F6300076A464C7D5B03274C00DD
S1136790BA863AC893D9260003270C006380097A85
S11367A03A8D814D29A0850D110D6388B979832512
S11367B00D0022862685EF10A006E31665FF8DB630
S11367C09008A2852685EF10E01282CC82CAE319D4
S11367D005B4A2576387076CFC00BECE8947BED0C0
S11367E0D8100545930515001308870072469306D3
S11367F00008630AD622D2463309D94063442033C1
S1136800D24623205701AECA3386F60054C3B2CC15
S11368101D476358B7106308061E38508967F98FFF
S1136820638A071CC64AFD5903AD4A0003AC0A003B
S113683013592D006309093E014B29A0050B110CC6
S11368406302693F83250C0022862685EF00507D74
S1136850E31635FFF1B433894B41E3824BB5ADB454
S11368605E8B8546E386D7D08946638ED704930A28
S113687001109396DD0193777C00135C3C009387B1
S1136880070333EC860193DD3D00A38FFAFEB36664
S1136890BC015686FD1AF1FE93761B00B9CA930615
S11368A000036388D70479161C02918FA38FDAFE44
S11368B03ECADA8BB28AD9B98546E38AD72A894691
S11368C05E8BE396D7FA930A011092569377FC00F5
S11368D0135C4C00B69783C607009397CD0133EC45
S11368E0870193DD4D00A38FDAFEB367BC01FD1A67
S11368F0E9FF1C02B38757413ECADA8B41B99008BD
S1136900A2852685EF00107F82CC82CAE31A05A0F7
S113691052468547D6CEB2D0B2CCBECA1308410681
S1136920854593FB4B0063880B00A2471247B38A4B
S1136930E7406346503F224792476353F7003E8740
S1136940E247BA973ECC25C238508967F98F638FE6
S1136950072AC64AFD5903AB4A0083AB0A00135900
S11369602B006302093A014C29A0050C910B630B1F
S1136970893983A50B0022862685EF00706AE31609
S113698035FF79BA9008A2852685EF00B07682CCCF
S113699082CAE3170598A247124763D3E700BA8770
S11369A06247BA973ECC82CA668783470A00E3905F
S11369B00790E647E386079634500967758FE30A24
S11369C0071C464BFD5A832B4B0003290B0013DA9B
S11369D02B00E3060A1A814929A085091109E30F4E
S11369E03A198325090022862685EF007063E31691
S11369F055FF3DB29008A2852685EF00B06F82CC8A
S1136A0082CAE31F059093FB4B00E3860BF8A24771
S1136A101247B38AE74063415031E3C2E7F8624763
S1136A20BA973ECC49B7A2461246338CC640E354CB
S1136A3080DDC146E3D986137D5B09A813062500D2
S1136A4021073685411CC14663DE86070246C1071D
S1136A509306150010C3414650C3BECCB6CA1D46AA
S1136A60E35ED6FC6380071A38508966758F1DCBA8
S1136A7046473AC842475443184336CE93D9260072
S1136A80638909163A8D814D29A0850D110D638105
S1136A90B91783250D0022862685EF007058E3166A
S1136AA065FFBDB89008A2852685EF00B06482CC4E
S1136AB082CAE3170586411CC1460546814766879D
S1136AC0E3C686F9930687008245E297232287016D
S1136AD00CC3BECCB2CA1D47635DC75EE38C07001E
S1136AE034500967758F630A0776464C7D5B03272C
S1136AF04C00BA863AC893D9260003270C00638455
S1136B00097E3A8D814D29A0850D110D638CB97DC7
S1136B1083250D0022862685EF009050E31665FF3D
S1136B206FF01F80C14663DE267D414C7D5B01A86A
S1136B3093052500210736854119635D2C0702461C
S1136B40C1079306150010C323228701BECCB6CA21
S1136B501D46E35FD6FCC9CB38508966758F05CFD7
S1136B6046473AC842475443184336CE93D9260081
S1136B7063840906BA8D014D29A0050D910D638C1E
S1136B80A90583A50D0022862685EF007049E3162A
S1136B9065FF6FF0EFF89008A2852685EF00905509
S1136BA082CC82CA631E05F64119854581476687F2
S1136BB0E3472CF9930687000246CA97232227014C
S1136BC010C3BECCAECA1D476343B72E85051388D8
S1136BD08600368735B1E6477247719B998F4247E5
S1136BE0BECC21073AC8BDFF854501456687A9B7D4
S1136BF0E6477247719B998F4247BECC21073AC83A
S1136C00E39A07E60546014566872DBD9008A285EF
S1136C102685EF00304E82CC82CA631305F082CA07
S1136C20668761B36646137BCDFF33066641B2CCFB
S1136C30A10AE31B06BEC1BB4146635D86717D5B51
S1136C4019A81306250021073685411CC14663DEB9
S1136C508607930615003246C107BECC10C34146D1
S1136C6050C3B6CA1D46E35ED6FCC9CB385089660C
S1136C70758F05CF46473AC842475443184336D820
S1136C8093D92600638409063A8D814D29A0850D88
S1136C90110D638CB90583250D0022862685EF002E
S1136CA03038E31665FF6FF0AFE79008A2852685BC
S1136CB0EF00504482CC82CA631405E6411CC146ED
S1136CC0054681476687E3C686F9B246E2972322E2
S1136CD0870114C3BECCB2CA9D4663C4C630210723
S1136CE09305160032856FF0EFF2E6474257719B29
S1136CF0998F4247BECC21073AC8BDFF01450546DE
S1136D006687A1B76646137BCBFF33066641B2CCD8
S1136D10A10AE31206C441B9814501466688C14708
S1136D2063DC5763414B214DFD5901A8938625002F
S1136D302108BA85C11A635F5B07B247410613870E
S1136D4015002320F80023226801B2CCBACAE31F3D
S1136D50A7FD69C6385089677D8F0DCFC64D83A7BF
S1136D604D003E873EC81359270083A70D006300DA
S1136D70090ABE8B014C29A0050C910B63088909F3
S1136D8083A50B0022862685EF009029E31635FFA4
S1136D906FF00FD9A28590082685EF00B03582CC1C
S1136DA082CAAA85631E05D6C11A8546014666882D
S1136DB0E3455BF9B2475696232258012320F80095
S1136DC0B2CCB6CAA147E398F6B6E30606BC38507F
S1136DD08967F98FE38807BAC64AFD5903AB4A00AD
S1136DE083AB0A0013592B00630E0948014C29A0F8
S1136DF0050C910B6307894983A50B002286268520
S1136E00EF001022E31635FF6FF08FD16646C247BC
S1136E10A10D13F7C7FF198EB2CC31F28546814517
S1136E20668809BF9008A2852685EF00B02C82CC25
S1136E3082CA631705CE13084106854581476687D4
S1136E4075B2A2852685EFB0DFBD63150552835761
S1136E50C4002947E98B6391E7C28317E40063CD3B
S1136E6007C0A2850324811382568320C1130329FA
S1136E7001138329C112832A4112032B0112832B8C
S1136E80C111032C8111832C4111032D0111832D78
S1136E90C11052862685032A81128324411331614D
S1136EA025A30145130841068545668781B2E38120
S1136EB007A634500967758FE30307A4C64DFD592F
S1136EC003AD4D0003A70D0013592D006309091EDE
S1136ED03A8B014C29A0050C110B6301891F8325F2
S1136EE00B0022862685EF00B013E31635FF6FF002
S1136EF02FC3A257DDD7FC00BECE8947BED01308EE
S1136F004106854542872E85F1B8E646137BCBFFC3
S1136F10B3866641B6CCA10A639E06BC83C70B0048
S1136F2082CA66876FF00FC7E6474247210C719B00
S1136F30998FBECC639A07D069B8E6474247210CC3
S1136F40719B998FBECCE393078413084106854552
S1136F500145668761B8025693770B019306460094
S1136F606391071893770B04638B0734035C060063
S1136F70814D36D085476FF02FE5025693F70B010C
S1136F8093064600639C071693F70B046386073049
S1136F90031C060036D0935DFC41EE8663DF06D405
S1136FA0B3378001B30DB041B38DFD409307D002D8
S1136FB0A305F104330C80415E8B85476FF00FE12C
S1136FC0025693F70B01930646006393071293F757
S1136FD00B0463800730035C0600814D36D06FF0EC
S1136FE04FDE638007F634500967758F630207F438
S1136FF0464C7D5B03274C00BA863AC893D92600D9
S113700003270C00638609223A8D814D29A0850D42
S1137010110D638EB92183250D0022862685EF008C
S11370203000E31665FF6FF0AFAF93770B40638AD0
S113703007148149930A0110254D930BF00F29A8D9
S1137040294681466285EE853AC2EF10D05912472F
S113705063870D302A8CAE8D294681466285EE8584
S11370603AC2EF20201293070503A38FFAFED257EA
S11370708509124783C70700FD1AE39337FDE381AF
S113708079FD63940D00E3768D87F257E2553AC299
S1137090B38AFA403E865685EFE0BFF85257294638
S11370A08146834717006285EE85B337F000BA97AF
S11370B03EDAEF1050531247814969BFE647137C0B
S11370C0CDFFB3878741BECCA10DE39B07DE6FF0F4
S11370D03F849305160013888600328536876FF047
S11370E08FF1032C0600814D36D085476FF0CFCD4C
S11370F0032C0600814D36D06FF0AFCC032C060074
S113710036D0935DFC41EE866FF0EFBE83460A00F5
S1137110638507AA83C70700638107AA93EB0B4023
S11371206FF0AFA962469357F64190C2DCC26FF08C
S11371308F97A967938747943ED293F70B02130660
S11371408007C1CB82579D07E19B03AC070083AD49
S11371504700A1073ED093F71B0081CFB367BC0162
S113716089CB930700032306F104A306C10493EB20
S11371702B0013FBFBBF89476FF00FC55E8B6FF0CD
S11371802FD0930A0110A549294681466285EE85D0
S11371903AC2EF10307F93070503A38FFAFE62858E
S11371A0EE8581462946EF101044EE87E2861247A9
S11371B0FD1AAE8D2A8CE9FBE3E8D9FC6FF06FF37E
S11371C0A967938787953ED293F70B021306800530
S11371D0B5FB825593F70B019386450085C303AC39
S11371E00500814D36D085BF5685EFE07FDD12471F
S11371F02ACA4ED00149AA876FF04FB993F70B04FE
S1137200DDC703DC0500814D36D0B1B7C0446FF053
S11372108F8283461A0093EB0B20050A6FF0EF99D7
S113722083461A0093EB0B02050A6FF00F99E647A9
S11372304247210C719B998FBECCE39D07DA6FF016
S11372404FD04ACA994763E0270DD247A96A4ED066
S11372503EC2938ACA966FF0EF989008A28526855D
S1137260EF00406982CC82CA631C058A1308410678
S11372708545814766876FF00FD8E2479CC26FF05F
S11372808F826646137BCBFF33066641B2CCA10ADC
S1137290E31606B46FF02FF093F70B20D1CF030C55
S11372A0060036D0935DFC41EE866FF0CFA493F7D1
S11372B00B20B5CF03CC0500814D36D069BD937743
S11372C00B20B9CF034C0600814D36D085476FF0B3
S11372D0AFAF93F70B209DCF034C0600814D36D002
S11372E06FF02FAEE6474247210C719B998FBECCBD
S11372F0639F07FE130841068545014566876FF0C5
S11373008FCFC28655B83ECA89B7E2472390F600AC
S11373106FE07FF9032C0600814D36D06FF06FAA21
S1137320032C0600814D36D085476FF0EFA903ACDE
S11373300500814D36D005B5032C060036D0935D8B
S1137340FC41EE866FF02F9B4ACAD2474ED00149CA
S11373506FF0CFA3368695BA93861500A1BCE36B74
S11373608DCF6FF00FD9C2862E866FF0EFF55E8B4E
S11373706FF0AFA0FD573ECC6FE07FFBE64793FB79
S1137380CBFFB3877741BECC210B639E07E26FE04E
S11373903FF99008A2852685B12B6FE07FF88257CC
S11373A003A907009107635309007D5983461A0016
S11373B03ED0328A6FF06F80AA8703A501E5B286BA
S11373C02E86BE856FE0BFE083D7C50003AE0506F9
S11373D003D3E50083A8050203A88502130101B8BD
S11373E0F59B13070040232C8146231CF1002E84B7
S11373F09C186C00232A914623282147232E1146EA
S11374002A89F2D6231D610046D642DA3EC63ECE14
S11374103ACA3AD002D2EFE09FDBAA84635905024C
S11374208357810193F7070499C78357C40093E7EF
S113743007042316F4008320C1470324814703294A
S113744001472685832441471301014882806C004B
S11374504A85EFC03F8369D5FD54D9B741112E87C2
S113746022C426C2B2852A8436863A8506C623AC4F
S113747001ECEF10D009FD576307F500B240224438
S113748092444101828083A781EDEDDBB2401CC0B0
S1137490224492444101828003A701E54111B68749
S11374A0328806C68328C700AA862E873E86630CC8
S11374B00800A967938747EFA965938545F046853A
S11374C07124EF1040412968930708F0130808F06D
S11374D0E5B74111B286014606C67D3FB385C502B4
S11374E0411122C406C6EFD06F892A841DC1032628
S11374F0C5FF13074002719A71166367C704CD462E
S1137500AA8763EDC60023A0070023A2070023A4D3
S11375100700B240228522444101828023200500D5
S113752023220500ED4763F9C7022324050023261F
S1137530050093070501E318E6FC232805009307DB
S11375408501232A0500C1B78145EFD06FFDB24004
S11375502285224441018280930785006DB7411141
S113756022C426C22A842E8506C623AC01ECEF1061
S11375703000FD576307F500B240224492444101B4
S1137580828083A781EDEDDBB2401CC0224492448B
S113759041018280411106C622C426C24AC0C1C527
S11375A02E84AA8419C11C4DC9CBA967938707BD32
S11375B06303F408A967938707BB6303F408A96707
S11375C0938707B9630BF4088317C400A9CFA28576
S11375D02685EFC0EFD11C582A8991C70C50268507
S11375E08297634105068357C40093F70708ADE308
S11375F04C5891C9930744046385F5002685EFC070
S11376005FAB232A04022C4491C52685EFC07FAAD0
S113761023240404B24023160400224492444A85DD
S1137620024941018280B2402244014992444A8580
S1137630024941018280C04041BFEFC05F9AB5B7A3
S1137640804459B78357C4007D5993F70708CDD3B5
S11376500C482685EFC0FFA561BFC044B5B74111F2
S113766006C622C426C24AC049C583A401E52A84A9
S113767099C09C4CC9CBA967938707BD6303F408E1
S1137680A967938707BB6304F408A967938707B9BD
S1137690630CF4088317C400A9CFA2852685EFC024
S11376A02FC51C582A8991C70C502685829763429E
S11376B005068357C40093F70708B5E34C5891C9EE
S11376C0930744046385F5002685EFC09F9E232A13
S11376D004022C4491C52685EFC0BF9D23240404D5
S11376E0B24023160400224492444A8502494101CF
S11376F08280B2402244014992444A8502494101B0
S11377008280C04041BF2685EFC07F8DADB78044E5
S113771051B78357C4007D5993F70708C5D30C4864
S11377202685EFC01F9959BFC044ADB73971130303
S1137730C10236D69A8606CE3AD83EDA42DC46DE16
S11377401AC6EFE0DFA8F240216182802A8E3971E7
S113775003A501E51303810232D436D62E869A8618
S1137760F28506CE3AD83EDA42DC46DE1AC6EFE0AF
S11377701FA6F24021618280011122CC26CA4AC888
S113778006CE2A89AE843284092B8547631BF50013
S11377909387F4FF1307E00F6365F7002306910056
S11377A021A89306840526866C004A85EF10E0061E
S11377B0FD57630BF50405C51C448345C100FD1743
S11377C01CC463D80700184C63C2E702A947638F3F
S11377D0F5001C401387170018C02380B700F2403F
S11377E0624442492685D2440561828022864A85C4
S11377F0EF00705FFD57E314F5FEF2406244D2449B
S113780042497D55056182808357C400F240D244C9
S113781093E707042316F400624442490561828019
S11378208317C60013972701634A070038528966F5
S1137830D58F8966558F2316F60038D235BF0111CE
S113784022CC03A401E506CE2E86AA8519C01C4CC1
S1137850B9C3A967938707BD630BF604A967938728
S113786007BB6308F604A967938707B96305F604A1
S11378708317C60013972701634A070038528966A5
S1137880D58F8966558F2316F60038D22285624437
S1137890F2400561D5B52AC4228532C6EFC02FF463
S11378A03246A967938707BDA245E319F6FA50400B
S11378B0C1B7104475BF504465BF41112E8722C41F
S11378C026C22A84B2853A8506C623AC01ECEF10A1
S11378D0204AFD576307F500B24022449244410117
S11378E0828083A781EDEDDBB2401CC02244924428
S11378F0410182801C466386072283D7C5007971C3
S113790022D452CC56CA06D626D24AD04ECE5AC813
S11379105EC662C466C26AC013F78700328AAA8A46
S11379202E8435C3984925C313F7270083240A00FE
S113793025CB1C540C50370B008081490149134B53
S11379400BC04E865685630A0902CA8663732B01EF
S1137950DA868297635FA01A83278A00AA9933097B
S1137960A9403385A7402324AA00630005181C54AA
S11379700C504E865685E31A09FC83A9040003A91A
S11379804400A1047DBFA2855685EFB08F8963139F
S113799005288357C40083240A0013F7270051FBEA
S11379A013F717007DE3832C84000840370B008015
S11379B0934BEBFF014C0149134BFBFF6301090C93
S11379C013F70720630E0718668D636B991F13F76F
S11379D007482DCB832944010C48130719009396BB
S11379E01900CE9693D9F601330DB540B69993D9C3
S11379F019406A974E8663F4E900BA893A8693F788
S1137A000740638E071CB2855685EFC03FB7AA8C2A
S1137A10630C051E0C486A86EFD08F9A8357C40006
S1137A2093F7F7B793E707082316F4003385AC01FF
S1137A30B387A9412328940108C0232A3401CA8C9E
S1137A401CC44A8D6A86E2851D2618441C40CA89D6
S1137A50B30C9741EA97232494011CC001490326DF
S1137A608A004E9CB309364123243A01638F0906E8
S1137A70832C840008408357C400E31309F403AC47
S1137A80040003A94400A10415BF014B0145014CA6
S1137A908149638A090859CDDA87CE8B63F33701AC
S1137AA0BE8B08401C48544863F7A7000329840090
S1137AB03699634B790963C8DB101C540C506286F9
S1137AC0568582972A896356A004330B2B410545BA
S1137AD0630C0B0203268A004A9CB38929413309AB
S1137AE0264123242A01E31609FA0145B2502254FF
S1137AF092540259F249624AD24A424BB24B224C46
S1137B00924C024D45618280A2855685EFC08F97C5
S1137B1071D18317C40093E707042316F4007D553D
S1137B20F1B70145828083A9440003AC0400A10499
S1137B30E38B09FE4E86A9456285EFC03FFF69C10C
S1137B400505330B854189BFE2854A860D241C4017
S1137B50A2855685CA971CC0EFC0CF923DD555BFAC
S1137B601C4863E8A7025C486365F902CA8663F3AC
S1137B702B01DA86B3C6F60218540C506286568579
S1137B80B386F6020297AA89E355A0F8330939416E
S1137B90F9B5E68963739901CA894E86E285C12ADB
S1137BA01C441840B38737414E971CC418C0F9FFD2
S1137BB0A2855685EFC00F8D29FD3309394145B59E
S1137BC0CA8C4A8D41B55E86E285552218441C4014
S1137BD05E8933077741DE9718C41CC0FDB556850E
S1137BE0312EAA8CE31405E40C485685EFC06FCC03
S1137BF08317C400314723A0EA0093F7F7F721BFA6
S1137C00938719003E8B51BD31478317C40023A0CD
S1137C10EA0011B77D55D9BD411122C426C22A8478
S1137C202E8506C623AC01ECEF106015FD576307E3
S1137C30F500B240224492444101828083A781ED41
S1137C40EDDBB2401CC022449244410182804111C8
S1137C5006C622C426C20DC2A965938585F3328562
S1137C603284EF007006A96411E9138544F3B2402D
S1137C702244924441018280A964C5BF938544F3A0
S1137C802285EF00700475D1A965938505F02285DE
S1137C90EF00900379D90145D9BF03C501D982808A
S1137CA0411106C622C426C28DC12E84A9659385BE
S1137CB085F32285EF005001A96411E9138544F38B
S1137CC0B2402244924441018280A964C5BF938595
S1137CD044F32285EF00407F75D1A965938505F0B3
S1137CE02285EF00607E79D90145D9BF41112E87E5
S1137CF022C426C2B2852A8436863A8506C623ACB7
S1137D0001ECEF10E006FD576307F500B240224492
S1137D1092444101828083A781EDEDDBB2401CC017
S1137D20224492444101828083A7C1D4828799C9A5
S1137D301DC695CA834706009CC10345060033351A
S1137D40A000828041116C0009CE85C283470600E1
S1137D509CC1034506003335A000410182800145E2
S1137D6082800145DDBF795582807955FDB763F383
S1137D70A502B387C500637FF5003307C500630917
S1137D80061283C6F7FFFD177D172300D700E39A79
S1137D90F5FE8280BD4763E5C708AA871303F6FF93
S1137DA0630D06109386150033E7B7003386D7407A
S1137DB00D8B133636001337170013461600718FD8
S1137DC071CF1337930079EB1308D3FF13582800AE
S1137DD0130E130005082E86BE860147832806006D
S1137DE00507110623A016019106E36907FF0A0897
S1137DF0C297C29533030341630C0E0B03C70500FE
S1137E002380E7006306030A83C615000547A380A1
S1137E10D700630FE30803C725002381E7008280AE
S1137E20B3E7A5008D8BD1E7930806FF93F808FF0D
S1137E30C108330815012E87AA8714434107C107D7
S1137E4023A8D7FE832647FF23AAD7FE832687FFCE
S1137E5023ACD7FE8326C7FF23AED7FEE31FF8FC6F
S1137E601377C600C6959376F60029CB83A8050040
S1137E701387C6FF0D4823A01701637BE80083A87E
S1137E804500E11623A217016374D800944594C7F2
S1137E90719B11070D8ABA97BA9509B705033E93EA
S1137EA003C7F6FF85078506A38FE7FEE39A67FEFF
S1137EB082801303F6FFAA87F5B582803686F9BD62
S1137EC041112E8722C426C2B2852A8436863A8579
S1137ED006C623AC01ECEF00D058FD576307F5004C
S1137EE0B240224492444101828083A781EDEDDBBC
S1137EF0B2401CC0224492444101828079714AD02C
S1137F0006D622D426D24ECE52CC56CA5AC85EC603
S1137F1062C43289638705142E84AA89EFC0DFEA1C
S1137F209304B900D94763FF970AE198268763CF82
S1137F30040A63ED240B8327C4FF930A84FF13FA16
S1137F40C7FF338B4A01635DEA0CA966938B061B5A
S1137F5003A68B0083264B006306661513F6E6FF23
S1137F605A965042058A65E6F19A3306DA00635060
S1137F70E60A858B8DE3032C84FF338C8A418327A7
S1137F804C00F19BBE96B38B460163DFEB24B30B2D
S1137F90FA0063DDEB1ECA854E85EFC02FDE2A8909
S1137FA015CD8327C4FF130785FFF99BD6976388F4
S1137FB0E71C1306CAFF9307400263E3C7224D4739
S1137FC01440636EC716AA87228794C35443D4C34C
S1137FD0184798C7A2854E85EFC0AF8D4E85EFC078
S1137FE0DFDE09A8C1444147E3F724F5B14723A0E4
S1137FF0F9000149B25022549254F249624AD24AD9
S1138000424BB24B224C4A850259456182808327F8
S1138010CB0003278B00328A338BCA005CC798C716
S113802083A74A0033079A40BD46858B63E9E6047B
S1138030B367FA0023A2FA0083274B0093E71700E3
S11380402322FB004E85EFC05FD8228965B7858B5C
S1138050B9F3032C84FF338C8A4183274C00F19BB2
S11380603DB72254B25092540259F249624AD24A5C
S1138070424BB24B224CB28545616FC02FD0C58FA5
S113808023A2FA00B3859A0013671700D8C1832787
S11380904B00A1054E8593E717002322FB00EFC098
S11380A04F814DB7F19A3306DA0093850401635486
S11380B0B60A858BE39107EE032C84FF338C8A4147
S11380C083274C00F19BBE96338B4601E341BBEC06
S11380D08327CC0003278C001306CAFF93064002B3
S11380E05CC798C713098C0063E2C61CCD451840D1
S11380F0CA8763FEC5002324EC005840ED472326BD
S1138100EC0063EAC71A184493070C01210498C3CE
S11381105840D8C3184498C733079C00B3079B4002
S113812023A4EB0093E717005CC383274C004E8520
S1138130858BDD8C23229C00EFC03FC965BD14C133
S113814054406D4754C1636BC71014441307840033
S1138150930785009DBDA69AB307964023A45B01AF
S113816093E7170023A2FA008327C4FF4E852289D0
S1138170858BDD8C232E94FEEFC03FC5A5BD8327E0
S1138180C5FFF19B3E9A338B4A0159BD8327CC002E
S113819003278C001306CAFF930640025CC798C7E6
S11381A013098C00330B7C0163E2C60ACD451840E9
S11381B0CA8763FEC5002324EC005840ED472326FC
S11381C0EC0063E9C70A184493070C01210498C31F
S11381D058405E8AE28AD8C318444A8498C789B54D
S11381E0A285EFF0DFB8FDB38327CB0003278B0014
S11381F01306CAFF930640025CC798C703278C0086
S11382008327CC0013098C00330B7C015CC798C70F
S113821063EEC602CD461840CA87E3FAC6FA2324A1
S1138220EC005840ED472326EC001844E3FEC7F861
S11382302328EC00584493074002232AEC001848F2
S11382406303F60493078C01410451B7A2854A8560
S1138250EFF0FFB14A845E8AE28AD9B3184418C5A4
S1138260584458C51448630AF602130704019307D7
S11382700501A1BB1C442328FC005C44232AFC0008
S11382801848E311D6FC232CEC00584893070C0241
S11382906104232EEC0018401DBF14C95448130771
S11382A084019307850154C9144C05B3A2854A85FA
S11382B0EFF0FFAB95B51C442328FC005C44232A53
S11382C0FC0018486306D60093078C01410481B56D
S11382D0232CEC00584893070C026104232EEC0075
S11382E0184035B501114AC803A9050022CC26CA95
S11382F006CE4EC652C42E84AA84630A0902832978
S113830009006382090203AA0900630A0A0083259B
S11383100A0091C1C13FD2852685EFB09FD9CE8591
S11383202685EFB01FD9CA852685EFB09FD8A285D0
S11383306244F2404249B249224A2685D244056148
S11383406FB03FD783A701E5638BA7165C517971A2
S113835026D206D622D44AD04ECE52CC56CA5AC8B9
S11383605EC662C4AA84638C0712CC479DC50149CA
S113837093090008B3872501804309C8A2850040FA
S11383802685EFB01FD37DF8DC50CC471109E313E9
S113839039FF2685EFB0FFD1DC508C436382051290
S11383A02685EFB01FD1CC4881C52685EFB07FD09C
S11383B0DC5089C7BE852685EFB0BFCF8C5C81C5F4
S11383C02685EFB01FCFCC5C81C52685EFB07FCE6C
S11383D0AC4081C52685EFB0DFCDEC4C81C5268548
S11383E0EFB03FCDAC4C81C52685EFB09FCCCC58C7
S11383F081C52685EFB0FFCB9C4CD5C79C54268500
S11384008297A0444DC003290400630B0906832905
S113841009006383090603AA0900630B0A04832A7B
S11384200A0063830A0403AB0A00630B0B02832B69
S11384300B0063830B0203AC0B00630B0C0083255E
S11384400C0099C12685793DE2852685EFB07FC66B
S1138450DE852685EFB0FFC5DA852685EFB07FC5BA
S1138460D6852685EFB0FFC4D2852685EFB07FC4BC
S1138470CE852685EFB0FFC3CA852685EFB07FC3BE
S1138480A2852254B2500259F249624AD24A424B5E
S1138490B24B224C2685925445616FB09FC14C4922
S11384A0E39505F021BFB250225492540259F24987
S11384B0624AD24A424BB24B224C4561828082804E
S11384C0CC48E39405EEFDB53367B500FD530D8B41
S11384D079E7B7877F7F9387F7F710419441B372A9
S11384E0F6003363F600BE92B3E262006397720C47
S11384F06318D6065041D441B372F6003363F600D4
S1138500BE92B3E262006398720A631BD6041045FC
S11385109445B372F6003363F600BE92B3E2620090
S11385206391720A631ED6025045D445B372F600B5
S11385303363F600BE92B3E26200639A7208631179
S1138540D60210499449B372F6003363F600BE9222
S1138550B3E26200639372085105D105E30FD6F6C6
S11385601317060193970601631CF70013570601BE
S113857093D706013305F7409375F50F91E982808F
S11385804183C1833305F7409375F50F91E18280F0
S11385901377F70F93F7F70F3305F74082800346FD
S11385A0050083C60500050585056313D60065FA35
S11385B03305D640828011059105E312D6FE0145AC
S11385C082802105A105E31CD6FC0145828031058A
S11385D0B105E316D6FC014582804105C105E310CF
S11385E0D6FC01458280011122CC26CA4AC806CE97
S11385F04EC62A89AE84328419C11C4DC1CFA967E5
S1138600938707BD630FF408A967938707BB6302C9
S1138610F40CA967938707B9630FF40C0317C4001C
S1138620144C9377870014C493160701C182D1C7F1
S11386301C48C1C70966F18E93F9F40F93F4F40F43
S113864089EA3450518F79767D16F18E2316E40031
S113865034D018405448B307F74063D6D708850789
S113866014441306170010C0FD1614C42300370168
S113867058486303F7068357C400858B81C7A9470D
S1138680638CF404F24062444249B2492685D244E0
S113869005618280EFB0BF94A967938707BDE31596
S11386A0F4F6032449000317C400144C937787009D
S11386B014C493160701C182A5FFA2854A85EFA0C1
S11386C04FB605E10317C4001C4893160701C18285
S11386D095B70324890099B7A2854A85EFB08FDA4C
S11386E055D1FD5445B7A2854A85EFB0AFD975F988
S11386F018408547B5B70324C9000DB701114AC80E
S113870003A901E522CC26CA06CE4EC6AA842E842D
S11387106305090083278901C1CFA967938707BD32
S11387206300F40AA967938707BB6303F40CA96782
S1138730938707B96300F40E0317C400144C9377AE
S1138740870014C493160701C182D9C71C48C9C73E
S11387500966F18E93F9F40F93F4F40F89EA345017
S1138760518F79767D16F18E2316E40034D01840AB
S11387705448B307F74063D7D70885071444130652
S1138780170010C0FD1614C42300370158486304B1
S1138790F7068357C400858B81C7A947638DF4040A
S11387A0F24062444249B2492685D244056182803E
S11387B04A85EFB0DF82A967938707BDE314F4F617
S11387C0032449000317C400144C9377870014C48E
S11387D093160701C182BDFBA2854A85EFA06FA451
S11387E005E10317C4001C4893160701C1828DB725
S11387F00324890091B7A2854A85EFB0AFC84DD153
S1138800FD5479BFA2854A85EFB0CFC775F91840EA
S11388108547ADB70324C90005B7011122CC26CA88
S113882006CE83A781D42A84B68491C98297FD5742
S1138830630DF500F2406244D24405618280014632
S11388404C008297FD57E317F5FE23A0040093071D
S1138850A008F2401CC06244D24405618280011128
S113886022CC26CA06CE83A401E583A781D4328410
S113887011CD2E86A286AA8526858297FD57630F81
S1138880F500F2406244D24405618280B2864C0015
S1138890014626858297FD57E315F5FE2320040043
S11388A0F24062449307A0089CC0D24405618280D0
S11388B083A781D4828791CD9307F00F63E6C70025
S11388C02380C500054582809307A0081CC17D55FF
S11388D08280014582804111194506C6692A0545F1
S11388E041267C4199C301458280411193050008CA
S11388F022C406C62A84EFB07FC868C009CD930796
S11389000508232005001105E31DF5FE0145B240CD
S11389102244410182807D55DDBF011126CA06CE65
S113892022CCFD47AA8463EEB70078412E8415C398
S11389300A043A94084010C0F2406244D2440561EB
S11389408280F2406244D9471CC1D2447D550561FE
S113895082809305000832C6EFB05FC2E8C02A8760
S113896019C93246AA879306050823A00700910770
S1138970E39DF6FE75BF7D55C1B7411126C206C6FB
S113898022C4FD47AA8463E2B7067C412E8495C7BE
S113899013972500BA9798430DC385466301D704FE
S11389A0FD566306D7022E8523A0070002970145D2
S11389B0B24022449244410182802685512C228671
S11389C02244B240AA85268592444101B1A4B24012
S11389D02244D9471CC19244054541018280B240DA
S11389E022449244014541018280D9471CC17D55EE
S11389F0C1B7FD4763EFB7067841411122C426C2CF
S1138A0006C62E84AA8405CF131524002A971C4376
S1138A108DC3FD56638BD70485466382D7042285B4
S1138A202320070082970145B24022449244410129
S1138A308280B240224492440545410182809305DC
S1138A400008EFB0BFB3E8C02A8715C1AA87930610
S1138A50050823A007009107E39DD7FE75B7B24030
S1138A60224492440D4541018280094575BF7D55DC
S1138A7065BF7D558280411126C206C622C4FD47CA
S1138A8083A401E563E1A706FC402A848DC713177C
S1138A902500BA97984305C385466300D704FD565D
S1138AA06305D70223A0070002970145B240224480
S1138AB09244410182802685612A22862244B24062
S1138AC0AA8526859244410181AAB2402244D9470D
S1138AD09CC00545924441018280B24022449244A4
S1138AE0014541018280D9479CC07D55C1B74111E0
S1138AF04AC006C622C426C2FD4703A901E563E1B4
S1138B00A7022A8403254904AE840DC50A042A94C5
S1138B10084004C0B2402244924402494101828088
S1138B20B2402244D9472320F900924402497D559A
S1138B3041018280930500084A85EFB03FA42322B7
S1138B40A90411C9AA871307050823A007009107E0
S1138B50E31DF7FE65BF7D5575BF411122C403A413
S1138B6001E506C67C4091C70145B240224441015B
S1138B708280930500082285EFB05FA068C009C910
S1138B8093070508232005001105E31DF5FEE9BF41
S1138B907D55E1BF411126C206C622C4FD4783A408
S1138BA001E563E9A706F8402A8405CF13152400DC
S1138BB02A971C438DC3FD56638CD7048546638373
S1138BC0D70422852320070082970145B24022441E
S1138BD0924441018280B2402244924405454101BD
S1138BE08280930500082685EFB05F99E8C02A8744
S1138BF015C1AA879306050823A007009107E39DE2
S1138C00D7FE6DB7B240224492440D4541018280A3
S1138C1009456DBF7D555DBF41112E8722C426C213
S1138C202A84B2853A8506C623AC01EC9122FD570D
S1138C306307F500B240224492444101828083A735
S1138C4081EDEDDBB2401CC022449244410182809C
S1138C503DA2000000000000000000000000000031
S1138C60029021CE011122CC26CA4AC84EC652C453
S1138C7006CEB2842E890144A949354A29A0630C41
S1138C80450163838402A922B30789002380A700D6
S1138C900504E31635FFF24022856244D24442497A
S1138CA0B249224A05618280F24062444249B24993
S1138CB0224A2685D244056182800145828083A6AA
S1138CC041EEAA8799CE03A701EE0DC703A5C1ED16
S1138CD01DC9AA9763F5E70023AEF1EC82807D55A8
S1138CE082801386811823A2C1EE03A701EE938626
S1138CF0811869FF03A701FBF9752E9723A0E1EE04
S1138D0003A5C1ED79F523AED1EC3685D9B70111B0
S1138D104EC606CE22CC26CA4AC8B28909CE2E84B3
S1138D203389C500A94403450400630E9500050476
S1138D30B928E31A24FFF2406244D24442494E85E2
S1138D40B249056182803545992005042945812071
S1138D50E31B24FDF2406244D24442494E85B249A9
S1138D600561828000000000000000000000000097
S1138D7093078005138581ED1CC17D5582800545CF
S1138D80828000000000000000000000000083A7B3
S1138D9081EB95C303A781EE85456302B70289463B
S1138DA06307D7009847634A070023A4D1EED8434A
S1138DB0118B75DF88C30145828023A4B1EED843AB
S1138DC01377072065DBD843137707206DFBDDB7E6
S1138DD003A781EB014519C75C43858BF5DF084385
S1138DE01375F50F8280368EB2882A832E88DDEAC9
S1138DF063FEC50EC1676367F61AB7070001636EA9
S1138E00F63413578601614EA96793878704BA978E
S1138E1083C70700130700023E9EB307C741630CD4
S1138E20C7013398F500335EC501B318F600336803
S1138E300E013313F50093D508013355B802939608
S1138E400801C182935703013377B8023386A6021F
S1138E5042073368F700637AC80046989307F5FF22
S1138E6063641801636AC8303E853308C8403356CA
S1138E70B8024203135303013378B802B386C6021F
S1138E80420833686800637BD80046989307F6FF6E
S1138E906365180179166363D8003E864205518DD7
S1138EA08145828063F5D500814501458280C16793
S1138EB063E3F610B707000163E6F62813D88601CA
S1138EC06147A96793878704C29703CE0700930776
S1138ED000023A9EB38EC741639DC71763E3B62869
S1138EE03336C500134516008145828001E6854767
S1138EF0B3D8C702C16763EEF808B707000163EA95
S1138F00F82413D78801614EA96793878704BA9719
S1138F1083C6070093070002369EB382C741639459
S1138F20C70B139F08013387154193DF0801135FB3
S1138F300F018545935703013355F7033377F7033F
S1138F40B306E5034207D98F63FAD700C697130720
S1138F50F5FF63E4170163E4D7223A85958F33D68E
S1138F60F703420313530301B3F7F703330FE60385
S1138F70C207B3E7670063FBE701C6971307F6FF71
S1138F8063E51701791663E3E7013A864205518DDB
S1138F9082809307F00F4687E3F817F713D788000A
S1138FA0214E9DB79307F00F3287E3FFC7E41357B1
S1138FB08600214E91BD9307F00F63F9D71813D89B
S1138FC086002147FDBDB398580033D6C50193DF11
S1138FD00801B35EF603139F0801135F0F01339773
S1138FE05500335EC5013367EE0093550701331313
S1138FF05500B376F603B307DF03C206CD8E63FBD9
S1139000F600C6961386FEFF63E6161763F4F6169B
S1139010F91EC6969D8EB3D7F603131E0701135E81
S11390200E01B3F6F6033306FF0213970601336706
S1139030C701637BC70046979386F7FF63681713DE
S11390406376C712F917469793950E01118FDD8D3C
S1139050D5B5B357C601B396D601DD8E33D3C5015A
S113906013DF0601B358E3031397060141833398D2
S1139070D501335EC50133680E01935708013316D9
S1139080D6013373E303B30517034203B367F30055
S113909063FBB700B6971383F8FF63EBD70C63F950
S11390A0B70CF918B6978D8F33D3E70342081358DA
S11390B00801B3F7E703B3056702C20733E8070102
S11390C0637BB80036989307F3FF636FD808637D1A
S11390D0B80879133698C208416FB3E8680093075B
S11390E0FFFF33F7F80013D30801F18F4182330EE9
S11390F0F7023308B8403307C70293560E01B3078B
S1139100F3023E9736973306C3026373F7007A96E9
S1139110135307011A966363C8026305C8004685A2
S113912081458280C166FD16758F93170701337ED2
S1139130DE003315D501F297E373F5FE1385F8FFCE
S11391408145828013D806014147A5BB3688014773
S11391508DBB13D70801414E45BB13570601414E41
S113916065B18145054582803E83B5B7B687E9BDC3
S11391709A8815BFB28E79BD79154698FDB17915D7
S1139180C697E9BBB6873288AA882E872E8EC5E299
S113919063F7C50E4167636CE618B707000163699E
S11391A0F63493568601E1472967130787043697F7
S11391B00347070093060002BA973383F640638C93
S11391C0F600B3956500B357F5003318660033EE27
S11391D0B700B318650013560801B357CE02131530
S11391E00801418193D60801337ECE02B307F5020C
S11391F0420E3367DE006378F70042976365070128
S11392006373F70042971D8FB356C7029397080103
S1139210C1833377C7023305D5024207D98F63E38D
S1139220A70E3385A74033556500814582802A887F
S1139230E3EED5FEC16763E5F610B707000163E509
S1139240F62A13D38601E148A967938787049A977E
S113925003CE070093070002469E3383C7416395FC
S1139260C71763E4B6006369C5003308C540958D2C
S1139270333705013387E5404285BA85828001E6AC
S113928005473358C7024167636AE808B707000116
S11392906368F82493568801E14729671307870414
S11392A036970347070093060002BA973383F640C4
S11392B06390F60A131E0801B3850541135608018D
S11392C0135E0E0113D70801B3D6C502B3F5C50268
S11392D0B386C603C2054D8F6377D7004297636494
S11392E007016362D722158F3355C702C20893D88A
S11392F008013377C7023305C5034207B367170173
S113930063F8A700C29763E5070163F3A700C29758
S11393103385A74033556500814582801307F00FDC
S1139320C286E37C07F793568800A147BDB71307AD
S1139330F00FB286E37AC7E693568600A147ADB52F
S11393409307F00F63FAD71A13D38600A148EDBD33
S11393503318680033D7F50013560801B356C70213
S1139360131E0801B357F500135E0E01B395650093
S1139370DD8D93DE0501B31865003377C702B307AB
S1139380DE0293160701B3E6D60163F8F600C2962F
S113939063E5060163F3F600C2969D8E33D7C602D9
S11393A093970501C183B3F6C6023307EE02939582
S11393B00601DD8D63F8E500C29563E5050163F3FD
S11393C0E500C295998DFDBDB357C601B3966600FD
S11393D0DD8EB3D8C50113D70601B3DEE802139FAF
S11393E00601B357C501135F0F01B3956500DD8D09
S11393F013D805013316660033156500B3F8E80287
S1139400B307DF03C20833E80801637BF80036982A
S11394109388FEFF6367D80E6375F80EF91E3698BD
S11394203308F840B357E802C205C1813378E80233
S1139430330FFF02131708014D8F637BE701369743
S11394409385F7FF636DD70A637BE70BF9173697AC
S1139450C20EC162B3EEFE001388F2FFB3F80E0130
S11394609355060193DE0E0133780601B38F08038A
S11394703307E74133880E0393D70F01B388B8024B
S1139480C298C697B38EBE0263F30701969E4168E5
S11394907D1893D50701B3F70701C207B3FF0F0186
S11394A0F695FE976366B7026302B702B307F54009
S11394B03335F500B305B740898D339EC50133D5E7
S11394C067003365AE00B3D565008280E370F5FEB6
S11394D03386C740B3B7C700B6979D8DB287F9B737
S11394E093560801C14755BB13D30601C148A9BB14
S11394F093560601C1474DB936838148B1B3AE874F
S113950081BFC68E31BF4297F9BB797122D403283B
S113951005004C411845404506D626D24AD0F324CE
S113952020002166935704019308F6FF13D3D50155
S113953093163700135ED80113150401B3FE170107
S11395408E05B3E5C50141813363D3001319380097
S1139550138E1E00791675830E051ACC2ECA4AC8BE
S11395603376CE007D80498F29C2F17793870740F7
S1139570F6979306E07F63D5F6086385041A8D4752
S11395806381F42A89471546638BF4328D476389D6
S1139590F42C89476386F4241366560037070020A9
S11395A07D17FD569307E07F31A8B3E66500D98E99
S11395B0B3E62601639B0E02639A061201478146B5
S11395C0014681473207318393F7F77FD207D98F5A
S11395D07E04C18F36C43EC62225631D0614B250D4
S11395E0225492540259456182806388061C638127
S11395F01E2501449307F07F370708008146F9B719
S11396006342F0149306C0FC63C2D70EB706080089
S1139610558F9306D003B387F64093D657403ACE7E
S11396200546FD8B6383C61C0D463369B900639EF2
S1139630C61A33696900638B0728930600023386D0
S1139640F640F246B396C6003369D9000545014693
S1139650931626001010B2963357F70023A8E6FE9F
S113966011461C08098E0A053E950A068145EFB08D
S11396702FEBC2475243B3362001DD8EB3E76600B9
S113968095DF9395160013D7F6019317130013F57E
S11396907500BA9713F7760039ED014693D5870123
S11396A093C515008589814779E399C51377160019
S11396B001C7B28513E62500B7058000B375B30072
S11396C0638B052085071307F07F6389E70C370751
S11396D080FF7D173377E30093D536009316D701C7
S11396E0260793F7F77FCD8E3183CDB50547014328
S11396F08546894581470946638AC40C0D466389BA
S1139700C414638C041293D5870193C5150085890D
S11397108147054659DB0D466387C408A5C4054641
S1139720D1F959BF15467E04B707F07F5D8C02C49A
S113973022C6222573201600B25022549254025994
S1139740456182809396450013164300B3E62601D3
S1139750F181D18DB336D000CD8E1353C3011207DE
S113976013F676003363E3008145630D061609475B
S1139770E393E4FA4DD413878600B336D7003693C7
S1139780BA8671BF13F7F6001146E30AC7F81387C8
S11397904600B336D7003693BA8651B7E39804DE51
S11397A01366560049B7228609F013878600B3363C
S11397B0D70036930546BA86CDBD9317F401370713
S11397C0F07FD98F02C43EC6222511BD0546E307AA
S11397D004EC13B685FF13461600B29722867DBDAE
S11397E013665600E30C04DA3DBF0D46158EB5EF43
S11397F0939726001810BA9783A707FF3EC819CA83
S1139800938716008A07BA9703A707FF89473ACABE
S11398106315F60013051600A1B5054613051600D9
S113982081B509D07D539307E07FFD56154669B590
S11398304983E31007DC41466DBB13F6F50011457F
S1139840E303A6EC13B6C5FF13461600B29765BD35
S1139850E31B04EA13B685FF13461600B29765B5F9
S1139860E31C04D2136656007DBD081093952600B0
S1139870AA9503A805FF930500029D8D3315B80032
S11398803369A900E30406DC13851600930801027A
S11398900A054695032505FF3358F8000943B31814
S11398A0B50033E8080142C8631866003355F50073
S11398B0B315B700C98D2ECA1145158D51BBE314DC
S11398C004E67D53FD569307E07FEDBB01463AC89D
S11398D01305160071B31317D3018D82D98E135754
S11398E03300CDB11317D3018D82D98E014613579E
S10798F03300C9B9BB
S10798F4000000006C
S11398F84E4F454C2D56202833322D6269747329F6
S1139908000000000A25733A2048656C6C6F2057E4
S11399186F726C640A0000004620636865636B3AE2
S1139928202D203078253038780A0A00494E460020
S1139938696E66004E414E006E616E0030313233FE
S1139948343536373839616263646566000000006F
S11399583031323334353637383941424344454659
S113996800000000286E756C6C29000030000000AF
S1139978C6140000320F0000320F0000BC140000AF
S1139988320F0000320F0000320F0000881200006E
S1139998320F0000320F0000A414000096140000D7
S11399A8320F00008C14000056140000320F00001F
S11399B84C1400002C1000002C1000002C10000087
S11399C82C1000002C1000002C1000002C1000009B
S11399D82C1000002C100000320F0000320F000081
S11399E8320F0000320F0000320F0000320F000067
S11399F8320F00004C100000320F00005A13000010
S1139A08C41200004C1000004C1000004C10000060
S1139A18320F0000320F0000320F0000320F000036
S1139A28DC140000320F0000320F00009E13000007
S1139A38320F0000320F0000320F0000081300003C
S1139A48320F0000E6140000320F0000320F00004D
S1139A58401D0000320F0000320F0000320F0000DA
S1139A68320F0000320F0000320F0000320F0000E6
S1139A78320F00004C100000320F00005A1300008F
S1139A88C81200004C1000004C1000004C100000DC
S1139A9818150000C8120000BA120000320F0000A6
S1139AA806150000320F0000F6130000A213000090
S1139AB826140000BA120000320F00000813000038
S1139AC8B41200002C1D0000320F0000320F0000F9
S1139AD8E41C0000320F0000B412000020202020F3
S1139AE8202020202020202020202020303030302A
S1139AF8303030303030303030303030496E666994
S1139B086E697479000000004E614E005245454E5E
S1139B1854206D616C6C6F63207375636365656451
S1139B28656400002F686F6D652F6D617263682F1F
S1139B38576F726B2F636F6D70696C65722D7370DC
S1139B486172726F772F6E63632D73706172726FB7
S1139B58772F6E65776C69622F6E65776C69622FF3
S1139B686C6962632F7374646C69622F64746F61C7
S1139B782E63000042616C6C6F63207375636365C8
S1139B886564656400000000000000000000000037
S1139B9800000000000000000000000000000000B9
S1139BA800000000000000000000000000000000A9
S1139BB80000000000000000000000000000000099
S1139BC80000000000000000000000000000000089
S1139BD80000000000000000000000000000000079
S1139BE800000000000000002F686F6D652F6D6194
S1139BF87263682F576F726B2F636F6D70696C6532
S1139C08722D73706172726F772F6E63632D737028
S1139C186172726F772F6E65776C69622F6E6577E4
S1139C286C69622F6C6962632F7374646C69622F48
S1139C386D707265632E6300050000001900000052
S1139C487D00000000000000000000000000F03F5C
S1139C5800000000000024400000000000005940FB
S1139C680000000000408F40000000000088C3404E
S1139C7800000000006AF8400000000080842E41C3
S1139C8800000000D01263410000000084D797410F
S1139C980000000065CDCD41000000205FA0024215
S1139CA8000000E876483742000000A2941A6D428A
S1139CB8000040E59C30A2420000901EC4BCD6427D
S1139CC800003426F56B0C430080E03779C3414328
S1139CD800A0D8855734764300C84E676DC1AB439E
S1139CE8003D9160E458E143408CB5781DAF1544BC
S1139CF850EFE2D6E41A4B4492D54D06CFF0804497
S1139D08F64AE1C7022DB544B49DD9794378EA44AB
S1139D18BC89D897B2D29C3C33A7A8D523F6493935
S1139D283DA7F444FD0FA5329D978CCF08BA5B2557
S1139D38436FAC642806C80A0080E03779C34143FE
S1139D48176E05B5B5B89346F5F93FE9034F384D95
S1139D58321D30F94877825A3CBF737FDD4F157541
S1139D68D0660000CE630000CE630000C666000023
S1139D78CE630000CE630000CE630000A064000040
S1139D88CE630000CE630000A8660000F066000001
S1139D98CE630000E6660000FE660000CE630000A5
S1139DA89E6600007C6400007C6400007C64000003
S1139DB87C6400007C6400007C6400007C64000017
S1139DC87C6400007C640000CE630000CE63000065
S1139DD8CE630000CE630000CE630000CE630000B3
S1139DE8CE630000CE630000CE6300001E65000051
S1139DF8D8640000CE630000CE630000CE63000088
S1139E08CE630000CE630000CE630000CE63000082
S1139E18CE630000CE630000CE630000A46500009A
S1139E28CE630000CE630000CE6300003A650000F4
S1139E38CE6300007C660000CE630000CE630000A1
S1139E48C0710000CE630000CE630000CE63000042
S1139E58CE630000CE630000CE630000CE63000032
S1139E68CE630000CE630000CE6300001E650000D0
S1139E78DC640000CE630000CE630000CE63000003
S1139E886A660000DC640000CE640000CE63000053
S1139E9858660000CE63000000660000A865000054
S1139EA830660000CE640000CE6300003A6500000E
S1139EB8C86400007C710000CE630000CE6300001B
S1139EC832710000CE630000C86400002020202006
S1139ED82020202020202020202020203030303036
S1139EE83030303030303030303030302C206675FF
S1139EF86E6374696F6E3A200000000061737365C5
S1139F087274696F6E2022257322206661696C65FC
S1139F18643A2066696C6520222573222C206C69BA
S1139F286E65202564257325730A0000430000002C
S1139F38504F5349580000002E00000000202020F4
S1139F4820202020202028282828282020202020DD
S1139F5820202020202020202020202020881010AD
S1139F681010101010101010101010101004040409
S1139F7804040404040404101010101010104141C7
S1139F8841414141010101010101010101010101B5
S1139F9801010101010101011010101010104242C9
S1139FA84242424202020202020202020202020285
S1139FB80202020202020202101010102000000025
S1139FC80000000000000000000000000000000085
S1139FD80000000000000000000000000000000075
S1139FE80000000000000000000000000000000065
S1139FF80000000000000000000000000000000055
S113A0080000000000000000000000000000000044
S113A0180000000000000000000000000000000034
S113A0280000000000000000000000000000000024
S113A0380000000000000000000000000000000014
S113A04800010202030303030404040404040404D3
S113A05805050505050505050505050505050505A4
S113A0680606060606060606060606060606060684
S113A0780606060606060606060606060606060674
S113A0880707070707070707070707070707070754
S113A0980707070707070707070707070707070744
S113A0A80707070707070707070707070707070734
S113A0B80707070707070707070707070707070724
S113A0C80808080808080808080808080808080804
S113A0D808080808080808080808080808080808F4
S113A0E808080808080808080808080808080808E4
S113A0F808080808080808080808080808080808D4
S113A10808080808080808080808080808080808C3
S113A11808080808080808080808080808080808B3
S113A12808080808080808080808080808080808A3
S113A1380808080808080808080808080808080893
S107A14844040000C7
S107A14C16040000F1
S113A15000000000D09B0000B09B0000909B00001A
S113A16000000000000000000000000000000000EB
S113A17000000000000000000000000000000000DB
S113A18000000000000000000000000000000000CB
S113A19000000000000000000000000000000000BB
S113A1A000000000000000000000000000000000AB
S113A1B00000000000000000B0A10000B0A10000F9
S113A1C0B8A10000B8A10000C0A10000C0A1000017
S113A1D0C8A10000C8A10000D0A10000D0A10000C7
S113A1E0D8A10000D8A10000E0A10000E0A1000077
S113A1F0E8A10000E8A10000F0A10000F0A1000027
S113A200F8A10000F8A1000000A2000000A20000D4
S113A21008A2000008A2000010A2000010A2000082
S113A22018A2000018A2000020A2000020A2000032
S113A23028A2000028A2000030A2000030A20000E2
S113A24038A2000038A2000040A2000040A2000092
S113A25048A2000048A2000050A2000050A2000042
S113A26058A2000058A2000060A2000060A20000F2
S113A27068A2000068A2000070A2000070A20000A2
S113A28078A2000078A2000080A2000080A2000052
S113A29088A2000088A2000090A2000090A2000002
S113A2A098A2000098A20000A0A20000A0A20000B2
S113A2B0A8A20000A8A20000B0A20000B0A2000062
S113A2C0B8A20000B8A20000C0A20000C0A2000012
S113A2D0C8A20000C8A20000D0A20000D0A20000C2
S113A2E0D8A20000D8A20000E0A20000E0A2000072
S113A2F0E8A20000E8A20000F0A20000F0A2000022
S113A300F8A20000F8A2000000A3000000A30000CF
S113A31008A3000008A3000010A3000010A300007D
S113A32018A3000018A3000020A3000020A300002D
S113A33028A3000028A3000030A3000030A30000DD
S113A34038A3000038A3000040A3000040A300008D
S113A35048A3000048A3000050A3000050A300003D
S113A36058A3000058A3000060A3000060A30000ED
S113A37068A3000068A3000070A3000070A300009D
S113A38078A3000078A3000080A3000080A300004D
S113A39088A3000088A3000090A3000090A30000FD
S113A3A098A3000098A30000A0A30000A0A30000AD
S113A3B0A8A30000A8A30000B0A30000B0A300005D
S113A3C0B8A30000B8A30000C0A30000C0A300000D
S113A3D0C8A30000C8A30000D0A30000D0A30000BD
S113A3E0D8A30000D8A30000E0A30000E0A300006D
S113A3F0E8A30000E8A30000F0A30000F0A300001D
S113A400F8A30000F8A3000000A4000000A40000CA
S113A41008A4000008A4000010A4000010A4000078
S113A42018A4000018A4000020A4000020A4000028
S113A43028A4000028A4000030A4000030A40000D8
S113A44038A4000038A4000040A4000040A4000088
S113A45048A4000048A4000050A4000050A4000038
S113A46058A4000058A4000060A4000060A40000E8
S113A47068A4000068A4000070A4000070A4000098
S113A48078A4000078A4000080A4000080A4000048
S113A49088A4000088A4000090A4000090A40000F8
S113A4A098A4000098A40000A0A40000A0A40000A8
S113A4B0A8A40000A8A40000B0A40000B0A4000058
S113A4C0B8A40000B8A40000C0A40000C0A4000008
S113A4D0C8A40000C8A40000D0A40000D0A40000B8
S113A4E0D8A40000D8A40000E0A40000E0A4000068
S113A4F0E8A40000E8A40000F0A40000F0A4000018
S113A500F8A40000F8A4000000A5000000A50000C5
S113A51008A5000008A5000010A5000010A5000073
S113A52018A5000018A5000020A5000020A5000023
S113A53028A5000028A5000030A5000030A50000D3
S113A54038A5000038A5000040A5000040A5000083
S113A55048A5000048A5000050A5000050A5000033
S113A56058A5000058A5000060A5000060A50000E3
S113A57068A5000068A5000070A5000070A5000093
S113A58078A5000078A5000080A5000080A5000043
S113A59088A5000088A5000090A5000090A50000F3
S113A5A098A5000098A50000A0A50000A0A50000A3
S113A5B0A8A50000A8A500004300000000000000BA
S113A5C00000000000000000000000000000000087
S113A5D00000000000000000430000000000000034
S113A5E00000000000000000000000000000000067
S113A5F00000000000000000430000000000000014
S113A6000000000000000000000000000000000046
S113A61000000000000000004300000000000000F3
S113A6200000000000000000000000000000000026
S113A63000000000000000004300000000000000D3
S113A6400000000000000000000000000000000006
S113A65000000000000000004300000000000000B3
S113A66000000000000000000000000000000000E6
S113A6700000000000000000430000000000000093
S113A68000000000000000000000000000000000C6
S113A6900000000000000000B68800002E7D0000CD
S113A6A000000000449F0000409F0000009F000045
S113A6B0009F0000009F0000009F0000009F00001A
S113A6C0009F0000009F0000009F0000009F00000A
S113A6D0FFFFFFFFFFFFFFFFFFFFFFFFFFFF000084
S113A6E001004153434949000000000000000000FC
S113A6F00000000000000000000000000000000056
S113A70000004153434949000000000000000000DC
S113A7100000000000000000000000000000000035
S107A7200000000031
S107A724000000002D
S113A728FFFFFFFFFFFFEF7F000000000000304045
S113A738000000000000E03F000000000000C03FEF
S113A748000000000000F83F61436F63A787D23F11
S113A758B3C8608B288AC63FFB799F501344D33F04
S113A768000000000000F03F00000000000024404A
S113A7780000000000001C4000000000000014401D
S113A788000000000000504350A100000000000039
S113A798F0A700000000F0FF50A10000FFFFFFFF3A
S107A7A800000200A7
S113A7AC1000000000000000037A5200017C01013B
S113A7BC1B0D020010000000180000001EE6FFFF35
S113A7CC9E03000000000000100000002C0000009C
S113A7DCA8E9FFFF86030000000000000000000051
S9030000FC
